CREATE TABLE `JARIACEPLAT`.`SYS_API_RESOURCE`(
  `ID` VARCHAR(200) NOT NULL COMMENT '主键',
  `NAME` VARCHAR(500) COMMENT 'api描述',
  `APP_ID` VARCHAR(200) COMMENT '集团应用ID',
  `DATA_VERSION` INT(10) COMMENT '数据版本',
  `API_URL` VARCHAR(500) COMMENT '请求路径',
  `API_METHOD` VARCHAR(50) COMMENT '请求方式',
PRIMARY KEY (`ID`)
)
COMMENT='api资源';

CREATE TABLE `JARIACEPLAT`.`SYS_PASSWORD_POLICY`
(
`ID` VARCHAR(50) NOT NULL COMMENT '主键',
`LEN` INT(10) DEFAULT 0 COMMENT '密码长度',
`FAILURE_TIMES` INT(10) DEFAULT 0 COMMENT '登录失败次数',
`START_USE_TIME` DATETIME(6) COMMENT '密码开始使用时间',
`CHANGE_NUM` INT(10) DEFAULT 0 COMMENT '密码更改次数',
`CREATE_USER` VARCHAR(50) COMMENT '创建人id',
`CREATE_TIME` DATETIME(6) COMMENT '创建时间',
`UPDATE_TIME` DATETIME(6) COMMENT '最后修改时间',
`SECRET_LEVEL` INT(10) DEFAULT 0 COMMENT '密级',
`USE_MAX_TIME` INT(10) DEFAULT 0 COMMENT '密码使用最长期限',
`USE_MIN_TIME` INT(10) DEFAULT 0 COMMENT '密码使用最短期限',
`LOCK_MINUTES` INT(10) DEFAULT 0 COMMENT '锁定时长(分钟)',
`RESET_FAILURE_TIMES_TIME` INT(10) COMMENT '重置失败次数的时长（分钟）',
`REMARK` VARCHAR(2000) COMMENT '备注',
`DATA_VERSION` INT(10) DEFAULT 0 COMMENT '数据版本',
PRIMARY KEY (`ID`)
)
COMMENT='密码安全策略表';

CREATE TABLE `JARIACEPLAT`.`ORG_GROUP`
(
`ID` VARCHAR(50) NOT NULL COMMENT '主键',
`IS_DELETE` INT(1) DEFAULT 0 COMMENT '逻辑删除 0 否 1是',
`PARENT_ID` VARCHAR(50) COMMENT '上级集团主键',
`CODE` VARCHAR(50) NOT NULL COMMENT '编码',
`NAME` VARCHAR(100) NOT NULL COMMENT '名称',
`CREATE_USER` VARCHAR(50) COMMENT '创建人id',
`CREATE_TIME` DATETIME(6) COMMENT '创建时间',
`UPDATE_TIME` DATETIME(6) COMMENT '更新时间',
`SORT_INDEX` INT(10) COMMENT '排序号',
`SORT_PATH` VARCHAR(4000) COMMENT '排序',
`IS3_ADMIN` INT(1) DEFAULT 1 COMMENT '是否启用三员0不启用1启用',
`REMARK` VARCHAR(50) COMMENT '备注',
`SECRET_LEVEL` INT(10) DEFAULT 5 COMMENT '密级5非密4内部3秘密2机密1绝密',
`DATA_VERSION` INT(10) DEFAULT 0 COMMENT '数据版本',
PRIMARY KEY(`ID`),
CONSTRAINT `UK_ORG_GROUP_CODE` UNIQUE(`CODE`),
CONSTRAINT `UK_ORG_GROUP_NAME` UNIQUE(`NAME`),
CONSTRAINT `UK_ORG_GROUP_SORT_INDEX` UNIQUE(`PARENT_ID`, `SORT_INDEX`)
)
COMMENT='组织-集团';

CREATE TABLE `JARIACEPLAT`.`ORG_ORGANIZATION_V`
(
`ID` VARCHAR(50) NOT NULL COMMENT '主键',
`PARENT_ID` VARCHAR(50) COMMENT '上级组织主键',
`GROUP_ID` VARCHAR(50) NOT NULL COMMENT '所属集团主键',
`CORPORATION_ID` VARCHAR(50) COMMENT '所属公司主键',
`ORGANIZATION_ID` VARCHAR(50) NOT NULL COMMENT '所属公司主键',
`REMARK` VARCHAR(2000) COMMENT '备注',
`NAME` VARCHAR(200) NOT NULL COMMENT '名称',
`SHORT_NAME` VARCHAR(50) COMMENT '简称',
`ADDRESS` VARCHAR(100) COMMENT '地址',
`COUNTRY_ZONE` VARCHAR(20) COMMENT '国家地区',
`ORGANIZATION_CODE` VARCHAR(50) COMMENT '组织机构码',
`VERSION_NO` VARCHAR(50) COMMENT '版本编号',
`VERSION_NAME` VARCHAR(50) COMMENT '版本名称',
`VERSION_BEGIN_DATE` DATE COMMENT '版本生效日期',
`VERSION_END_DATE` DATE COMMENT '版本失效日期',
`IS_BUSINESS_UNIT` INT(1) COMMENT '是否业务单元',
`CODE` VARCHAR(50) COMMENT '编码',
`IS_LAST_VERSION` INT(1) COMMENT '是否最新版本',
`VERSION_BEGIN_USER_ID` VARCHAR(50) COMMENT '版本启用人主键',
`VERSION_END_USER_ID` VARCHAR(50) COMMENT '版本停用人主键',
`DATA_VERSION` INT(10) DEFAULT 0 COMMENT '数据版本',
`SORT_INDEX` INT(10) COMMENT '排序号',
PRIMARY KEY(`ID`),
CONSTRAINT `FK_ORG_ORGANIZATION_V_GID` FOREIGN KEY(`GROUP_ID`) REFERENCES `JARIACEPLAT`.`ORG_GROUP`(`ID`) ON DELETE CASCADE
)
COMMENT='组织-组织版本';

CREATE TABLE `JARIACEPLAT`.`ORG_ORGANIZATION`
(
`ID` VARCHAR(50) NOT NULL COMMENT '主键',
`IS_DELETE` INT(1) DEFAULT 0 COMMENT '逻辑删除 0 否 1是',
`PARENT_ID` VARCHAR(50) COMMENT '上级组织主键',
`GROUP_ID` VARCHAR(50) NOT NULL COMMENT '所属集团主键',
`CORPORATION_ID` VARCHAR(50) COMMENT '所属公司主键',
`VERSION_ID` VARCHAR(50) NOT NULL COMMENT '版本主键',
`CREATE_USER` VARCHAR(50) COMMENT '创建人id',
`CREATE_TIME` DATETIME(6) COMMENT '创建时间',
`UPDATE_TIME` DATETIME(6) COMMENT '最后修改时间',
`REMARK` VARCHAR(2000) COMMENT '备注',
`NAME` VARCHAR(200) NOT NULL COMMENT '名称',
`SHORT_NAME` VARCHAR(50) COMMENT '简称',
`ADDRESS` VARCHAR(100) COMMENT '地址',
`COUNTRY_ZONE` VARCHAR(20) COMMENT '国家地区',
`ORGANIZATION_CODE` VARCHAR(50) COMMENT '组织机构码',
`IS_BUSINESS_UNIT` INT(1) DEFAULT 1 COMMENT '是否业务单元',
`CODE` VARCHAR(50) COMMENT '编码',
`DATA_VERSION` INT(10) DEFAULT 0 COMMENT '数据版本',
`SORT_INDEX` INT(10) NOT NULL COMMENT '排序号',
`SORT_PATH` VARCHAR(100) NOT NULL COMMENT '排序路径',
PRIMARY KEY(`ID`),
CONSTRAINT `FK_ORG_ORGANIZATION_VER_ID` FOREIGN KEY(`VERSION_ID`) REFERENCES `JARIACEPLAT`.`ORG_ORGANIZATION_V`(`ID`) ON DELETE CASCADE ,
CONSTRAINT `FK_ORG_ORGANIZATION_GROUP_ID` FOREIGN KEY(`GROUP_ID`) REFERENCES `JARIACEPLAT`.`ORG_GROUP`(`ID`) ON DELETE CASCADE ,
CONSTRAINT `UK_ORG_ORGANIZATION_CODE` UNIQUE(`CODE`),
CONSTRAINT `UK_ORG_ORG_PID_SORT_INDEX` UNIQUE(`PARENT_ID`, `SORT_INDEX`)
)
COMMENT='组织-组织';

CREATE TABLE `JARIACEPLAT`.`ORG_CORPORATION_V`
(
`ID` VARCHAR(50) NOT NULL COMMENT '主键',
`GROUP_ID` VARCHAR(50) NOT NULL COMMENT '所属集团主键',
`ORGANIZATION_ID` VARCHAR(50) NOT NULL COMMENT '所属组织主键',
`PARENT_ID` VARCHAR(50) COMMENT '上级公司主键',
`POST_ADDRESS` VARCHAR(200) COMMENT '通讯地址',
`PHONE1` VARCHAR(30) COMMENT '联系电话1',
`PHONE2` VARCHAR(30) COMMENT '联系电话2',
`PHONE3` VARCHAR(30) COMMENT '联系电话3',
`FAX1` VARCHAR(30) COMMENT '传真1',
`FAX2` VARCHAR(30) COMMENT '传真2',
`FAX3` VARCHAR(30) COMMENT '传真3',
`LINKMAN1` VARCHAR(30) COMMENT '联系人1',
`LINKMAN2` VARCHAR(30) COMMENT '联系人2',
`LINKMAN3` VARCHAR(30) COMMENT '联系人3',
`EMAIL1` VARCHAR(50) COMMENT '电子邮件1',
`EMAIL2` VARCHAR(50) COMMENT '电子邮件2',
`EMAIL3` VARCHAR(50) COMMENT '电子邮件3',
`NAME` VARCHAR(50) NOT NULL COMMENT '名称',
`SHORT_NAME` VARCHAR(50) COMMENT '简称',
`SORT_INDEX` INT(10) COMMENT '排序号',
`CREATE_USER` VARCHAR(50) COMMENT '创建人id',
`CREATE_TIME` DATETIME(6) COMMENT '创建时间',
`UPDATE_TIME` DATETIME(6) COMMENT '更新时间',
`CORPORATION_ID` VARCHAR(50) COMMENT '公司主键',
`VERSION_NO` VARCHAR(50) COMMENT '版本编号',
`VERSION_NAME` VARCHAR(50) COMMENT '版本名称',
`VERSION_BEGIN_DATE` DATE COMMENT '版本生效日期',
`VERSION_END_DATE` DATE COMMENT '版本失效日期',
`CODE` VARCHAR(50) NOT NULL COMMENT '编码',
`IS_LAST_VERSION` INT(1) COMMENT '是否最新版本',
`VERSION_BEGIN_USER_ID` VARCHAR(50) COMMENT '版本启用人主键',
`VERSION_END_USER_ID` VARCHAR(50) COMMENT '版本停用人主键',
`REMARK` VARCHAR(2000) COMMENT '备注',
PRIMARY KEY(`ID`),
CONSTRAINT `FK_ORG_CORPORATION_V_GROUP_ID` FOREIGN KEY(`GROUP_ID`) REFERENCES `JARIACEPLAT`.`ORG_GROUP`(`ID`) ON DELETE CASCADE
)
COMMENT='组织-公司组织版本';

CREATE TABLE `JARIACEPLAT`.`ORG_CORPORATION`
(
`ID` VARCHAR(50) NOT NULL COMMENT '主键',
`GROUP_ID` VARCHAR(50) NOT NULL COMMENT '所属集团主键',
`ORGANIZATION_ID` VARCHAR(50) NOT NULL COMMENT '所属组织主键',
`PARENT_ID` VARCHAR(50) COMMENT '上级公司主键',
`POST_ADDRESS` VARCHAR(200) COMMENT '通讯地址',
`PHONE1` VARCHAR(30) COMMENT '联系电话1',
`PHONE2` VARCHAR(30) COMMENT '联系电话2',
`PHONE3` VARCHAR(30) COMMENT '联系电话3',
`FAX1` VARCHAR(30) COMMENT '传真1',
`FAX2` VARCHAR(30) COMMENT '传真2',
`FAX3` VARCHAR(30) COMMENT '传真3',
`LINKMAN1` VARCHAR(30) COMMENT '联系人1',
`LINKMAN2` VARCHAR(30) COMMENT '联系人2',
`LINKMAN3` VARCHAR(30) COMMENT '联系人3',
`EMAIL1` VARCHAR(50) COMMENT '电子邮件1',
`EMAIL2` VARCHAR(50) COMMENT '电子邮件2',
`EMAIL3` VARCHAR(50) COMMENT '电子邮件3',
`NAME` VARCHAR(50) NOT NULL COMMENT '名称',
`SHORT_NAME` VARCHAR(50) COMMENT '简称',
`SORT_INDEX` INT(10) COMMENT '排序号',
`CREATE_USER` VARCHAR(50) COMMENT '创建人id',
`CREATE_TIME` DATETIME(6) COMMENT '创建时间',
`UPDATE_TIME` DATETIME(6) COMMENT '更新时间',
`VERSION_ID` VARCHAR(50) COMMENT '版本主键',
`CODE` VARCHAR(50) NOT NULL COMMENT '编码',
`REMARK` VARCHAR(2000) COMMENT '备注',
`DATA_VERSION` INT(10) DEFAULT 0 COMMENT '数据版本',
`SORT_PATH` VARCHAR(100) COMMENT '排序路径',
PRIMARY KEY(`ID`),
CONSTRAINT `FK_ORG_CORPORATION_GROUP_ID` FOREIGN KEY(`GROUP_ID`) REFERENCES `JARIACEPLAT`.`ORG_GROUP`(`ID`) ON DELETE CASCADE ,
CONSTRAINT `FK_ORG_CORPORATION_ORG_ID` FOREIGN KEY(`ORGANIZATION_ID`) REFERENCES `JARIACEPLAT`.`ORG_ORGANIZATION`(`ID`) ON DELETE CASCADE ,
CONSTRAINT `FK_ORG_CORPORATION_VER_ID` FOREIGN KEY(`VERSION_ID`) REFERENCES `JARIACEPLAT`.`ORG_CORPORATION_V`(`ID`),
CONSTRAINT `UK_ORG_CORPORATION_CODE` UNIQUE(`CODE`),
CONSTRAINT `UK_ORG_COR_SORT_INDEX_PID` UNIQUE(`PARENT_ID`, `SORT_INDEX`)
)
COMMENT='组织-公司组织';

ALTER TABLE `JARIACEPLAT`.`ORG_ORGANIZATION`
  ADD CONSTRAINT `FK_ORG_ORGANIZATION_CO_ID` FOREIGN KEY (`CORPORATION_ID`) REFERENCES `JARIACEPLAT`.`ORG_CORPORATION`(`ID`) ON DELETE SET NULL;


CREATE TABLE `JARIACEPLAT`.`BD_PERSON_ID_TYPE`
(
`ID` VARCHAR(50) NOT NULL COMMENT '主键',
`CODE` VARCHAR(50) NOT NULL COMMENT '编码',
`NAME` VARCHAR(100) NOT NULL COMMENT '名称',
`GROUP_ID` VARCHAR(50) NOT NULL COMMENT '所属集团主键',
`ORGANIZATION_ID` VARCHAR(50) NOT NULL COMMENT '所属组织主键',
`REGEX` VARCHAR(200) COMMENT '校验规则',
`COUNTRY` VARCHAR(50) COMMENT '国家',
`DESCRIPTION` VARCHAR(200) COMMENT '描述',
`NUMBER_LENGTH` INT(10) COMMENT '证件号长度',
`CREATE_USER` VARCHAR(50) COMMENT '创建人id',
`CREATE_TIME` DATETIME(6) COMMENT '创建时间',
`UPDATE_TIME` DATETIME(6) COMMENT '更新时间',
`ENABLE_STATE` INT(10) COMMENT '启用状态',
`REMARK` VARCHAR(200) COMMENT '备注',
`DATA_VERSION` INT(10) DEFAULT 0 COMMENT '数据版本',
PRIMARY KEY(`ID`),
CONSTRAINT `FK_BD_PERSON_ID_TYPE_GROUP_ID` FOREIGN KEY(`GROUP_ID`) REFERENCES `JARIACEPLAT`.`ORG_GROUP`(`ID`) ON DELETE CASCADE ,
CONSTRAINT `UK_BD_PERSON_ID_TYPE_CODE` UNIQUE(`CODE`),
CONSTRAINT `UK_BD_PERSON_ID_TYPE_NAME` UNIQUE(`NAME`),
CONSTRAINT `FK_BD_PERSON_ID_TYPE_ORG_ID` FOREIGN KEY(`ORGANIZATION_ID`) REFERENCES `JARIACEPLAT`.`ORG_ORGANIZATION`(`ID`) ON DELETE CASCADE
)
COMMENT='基础数据-人员证件类型';

CREATE TABLE `JARIACEPLAT`.`BD_PERSON_DOC`
(
`ID` VARCHAR(50) NOT NULL COMMENT '主键',
`IS_DELETE` INT(1) DEFAULT 0 COMMENT '逻辑删除 0 否 1是',
`GROUP_ID` VARCHAR(50) NOT NULL COMMENT '所属集团主键',
`ORGANIZATION_ID` VARCHAR(50) NOT NULL COMMENT '所属组织主键',
`NAME` VARCHAR(30) NOT NULL COMMENT '姓名',
`USED_NAME` VARCHAR(200) COMMENT '曾用名',
`HOME_ADDRESS` VARCHAR(50) COMMENT '家庭地址',
`BIRTH_DATE` DATE COMMENT '出生日期',
`CODE` VARCHAR(50) NOT NULL COMMENT '编码',
`ID_NUMBER` VARCHAR(50) COMMENT '证件号码',
`PERSON_ID_TYPE_ID` VARCHAR(50) COMMENT '证件类型主键',
`JOIN_WORK_DATE` DATE COMMENT '参加工作日期',
`CELL_PHONE` VARCHAR(50) COMMENT '手机号码',
`NICK_NAME` VARCHAR(50) COMMENT '昵称',
`OFFICE_PHONE` VARCHAR(50) COMMENT '工作电话',
`HOME_PHONE` VARCHAR(50) COMMENT '家庭电话',
`GENDER` INT(10) DEFAULT 0 COMMENT '性别',
`PIN_YIN` VARCHAR(50) COMMENT '姓名拼音',
`CREATE_USER` VARCHAR(50) COMMENT '创建人id',
`CREATE_TIME` DATETIME(6) COMMENT '创建时间',
`UPDATE_TIME` DATETIME(6) COMMENT '更新时间',
`REMARK` VARCHAR(200) COMMENT '备注',
`DATA_VERSION` INT(10) DEFAULT 0 COMMENT '数据版本',
PRIMARY KEY(`ID`),
CONSTRAINT `FK_BD_PERSON_DOC_GROUP_ID` FOREIGN KEY(`GROUP_ID`) REFERENCES `JARIACEPLAT`.`ORG_GROUP`(`ID`) ON DELETE CASCADE ,
CONSTRAINT `UK_BD_PERSON_DOC_NAME` UNIQUE(`NAME`),
CONSTRAINT `UK_BD_PERSON_DOC_CODE` UNIQUE(`CODE`),
CONSTRAINT `FK_BD_PERSON_DOC_ORG_ID` FOREIGN KEY(`ORGANIZATION_ID`) REFERENCES `JARIACEPLAT`.`ORG_ORGANIZATION`(`ID`) ON DELETE CASCADE
)
COMMENT='基础数据-人员档案';

CREATE TABLE `JARIACEPLAT`.`SYS_USER`
(
`ID` VARCHAR(50) NOT NULL COMMENT '主键',
`STAFF_NO` VARCHAR(50) COMMENT '工号',
`USER_NAME` VARCHAR(50) NOT NULL COMMENT '登录名',
`REAL_NAME` VARCHAR(50) COMMENT '用户名称',
`EMAIL` VARCHAR(50) COMMENT '电子邮箱',
`PHONE_NUMBER` VARCHAR(50) COMMENT '联系电话',
`USER_TYPE` INT(10) DEFAULT 3 COMMENT '用户类型（0租户管理员,1集团管理员,2应用管理员,3普通用户）',
`REMARK` VARCHAR(50) COMMENT '备注',
`START_FLAG` VARCHAR(50) DEFAULT 1 COMMENT '启用标志 0 禁用 1 启用',
`SECRET_LEVEL` INT(10) COMMENT '用户密级',
`SORT_INDEX` INT(10) DEFAULT 9999 COMMENT '用户排序',
`USER_POST` VARCHAR(50) COMMENT '邮编',
`CREATE_TIME` DATETIME(6) COMMENT '创建时间',
`UPDATE_TIME` DATETIME(6) COMMENT '上次修改时间',
`PASSWORD` VARCHAR(50) COMMENT '用户密码',
`PASSWORD_UPDATE_TIME` DATETIME(6) COMMENT '密码最近一次修改时间',
`PERSON_DOC_ID` VARCHAR(50) COMMENT '人员档案主键',
`BASE_DOC_TYPE` VARCHAR(50) COMMENT '身份类型（员工/外部系统/开发者/客户/供应商/审计）',
`PINYIN` VARCHAR(20) COMMENT '用户名称拼音',
`PSW_POLICY_ID` VARCHAR(50) COMMENT '密码策略id',
`FAIL_LOGIN_TIMES` INT(10) COMMENT '用户失败登录次数',
`CREATE_USER` VARCHAR(50) COMMENT '创建人主键',
`UNLOCK_TIME` DATETIME(6) COMMENT '账户解锁时间',
`IS_FIRST_LOGIN` INT(1) DEFAULT 1 COMMENT '是否第一次登录 0 否 1是',
`IS_DELETE` INT(1) DEFAULT 0 COMMENT '逻辑删除 0 否 1是',
`DATA_VERSION` INT(10) DEFAULT 0 COMMENT '数据版本',
`ORGANIZATION_ID` VARCHAR(50) COMMENT '所属业务单元ID',
`GROUP_ID` VARCHAR(50) COMMENT '所属集团ID',
PRIMARY KEY(`ID`),
CONSTRAINT `FK_SYS_USER_PWD_POLICY_ID` FOREIGN KEY(`PSW_POLICY_ID`) REFERENCES `JARIACEPLAT`.`SYS_PASSWORD_POLICY`(`ID`) ON DELETE SET NULL ,
CONSTRAINT `UK_SYS_USER_USER_NAME` UNIQUE(`USER_NAME`),
CONSTRAINT `FK_SYS_USER_ID_GROUP_ID` FOREIGN KEY(`GROUP_ID`) REFERENCES `JARIACEPLAT`.`ORG_GROUP`(`ID`),
CONSTRAINT `FK_SYS_USER_ID_ORG_ID` FOREIGN KEY(`ORGANIZATION_ID`) REFERENCES `JARIACEPLAT`.`ORG_ORGANIZATION`(`ID`),
CONSTRAINT `UK_SYS_USER_STAFF_NO` UNIQUE(`STAFF_NO`),
CONSTRAINT `FK_SYS_USER_PSN_DOC_ID` FOREIGN KEY(`PERSON_DOC_ID`) REFERENCES `JARIACEPLAT`.`BD_PERSON_DOC`(`ID`) ON DELETE SET NULL
)
COMMENT='用户表';


CREATE TABLE `JARIACEPLAT`.`SYS_API_MIX`
(
`ID` VARCHAR(50) NOT NULL COMMENT '主键',
`USER_ID` VARCHAR(50) COMMENT '用户id',
`API_ID` VARCHAR(200) COMMENT '权限id',
`SIGN` VARCHAR(1000) COMMENT '签名',
`API_URL` VARCHAR(500) COMMENT '请求路径',
`API_METHOD` VARCHAR(50) COMMENT '请求方式',
`DATA_VERSION` INT(10) COMMENT '数据版本',
PRIMARY KEY(`ID`),
CONSTRAINT `FK_SYS_API_MIX_USER_ID` FOREIGN KEY(`USER_ID`) REFERENCES `JARIACEPLAT`.`SYS_USER`(`ID`) ON DELETE CASCADE  ON UPDATE CASCADE
)
COMMENT='有效API权限';

CREATE TABLE `JARIACEPLAT`.`SYS_AUDIT_LOG`
(
`ID` VARCHAR(50) NOT NULL COMMENT '主键',
`OP_NAME` VARCHAR(50) COMMENT '操作员姓名',
`OP_USERNAME` VARCHAR(50) COMMENT '操作员用户名',
`OP_TIME` DATETIME(6) COMMENT '操作时间',
`IP_ADDRESS` VARCHAR(50) COMMENT 'ip地址',
`OP_CONTENT` VARCHAR(2000) COMMENT '操作内容',
`DATA_VERSION` INT(10) DEFAULT 0 COMMENT '数据版本',
`SIGN` VARCHAR(1000) COMMENT '签名',
PRIMARY KEY(`ID`)
)
COMMENT='系统审计日志表';

CREATE TABLE `JARIACEPLAT`.`SYS_AUDIT_LOG_BACKUP`
(
`ID` VARCHAR(50) NOT NULL COMMENT '主键',
`LID` VARCHAR(200) COMMENT '日志id',
`OP_CONTENT` VARCHAR(2000) COMMENT '日志内容',
`OP_NAME` VARCHAR(200) COMMENT '操作员姓名',
`OP_USERNAME` VARCHAR(200) COMMENT '操作员用户名',
`OP_TIME` VARCHAR(500) COMMENT '操作时间',
`IP_ADDRESS` VARCHAR(100) COMMENT 'ip地址',
`DATA_VERSION` INT(10) DEFAULT 0 COMMENT '数据版本',
`SIGN` VARCHAR(1000) COMMENT '签名',
PRIMARY KEY(`ID`)
)
COMMENT='系统审计日志表备份';

CREATE TABLE `JARIACEPLAT`.`SYS_GROUP_DATASOURCE`
(
`ID` VARCHAR(50) NOT NULL COMMENT '主键',
`GROUP_ID` VARCHAR(50) COMMENT '集团主键',
`TYPE` VARCHAR(50) COMMENT '数据库类型',
`USERNAME` VARCHAR(50) COMMENT '用户名',
`PASSWORD` VARCHAR(50) COMMENT '密码',
`URL` VARCHAR(200) COMMENT '路径',
`IS_MAJOR` INT(10) DEFAULT 1 COMMENT '是否为主数据源 1是0不是',
`DATA_VERSION` INT(10) DEFAULT 0 COMMENT '数据版本',
`DRIVER_NAME` VARCHAR(50) COMMENT '驱动名称',
PRIMARY KEY(`ID`),
CONSTRAINT `FK_SYS_GROUP_DATASOURCE_GID` FOREIGN KEY(`GROUP_ID`) REFERENCES `JARIACEPLAT`.`ORG_GROUP`(`ID`) ON DELETE CASCADE  ON UPDATE CASCADE
)
COMMENT='应用绑定数据源';

CREATE TABLE `JARIACEPLAT`.`BD_APP_LIB`
(
`ID` VARCHAR(50) NOT NULL COMMENT '应用标识',
`NAME` VARCHAR(50) COMMENT '应用名称',
`VERSION` VARCHAR(50) COMMENT '版本号',
`SORT_INDEX` INT(10) DEFAULT 9999 COMMENT '排序号',
`ICON` VARCHAR(200) COMMENT '应用图标',
`DATA_VERSION` INT(10) DEFAULT 0 COMMENT '数据版本',
`HAS_UI` INT(1) DEFAULT 0 COMMENT '前后端分离 0不是1是',
`UI_NAME` VARCHAR(50) COMMENT '前端服务名称',
PRIMARY KEY(`ID`)
)
COMMENT='基础应用产品库';

CREATE TABLE `JARIACEPLAT`.`BD_APP_AUTH`
(
`ID` VARCHAR(50) NOT NULL COMMENT '权限标识',
`APP_LIB_ID` VARCHAR(50) COMMENT '应用库标识',
`NAME` VARCHAR(200) COMMENT '权限名称',
`REMARK` VARCHAR(50) COMMENT '备注',
`SORT_INDEX` INT(10) DEFAULT 9999 COMMENT '当前路径下排序',
`IS_LEAF` INT(1) DEFAULT 0 COMMENT '叶子节点0不是1是',
`PARENT_ID` VARCHAR(50) COMMENT '父节点id',
`SORT_PATH` VARCHAR(4000) COMMENT '全局排序',
`DATA_VERSION` INT(10) DEFAULT 0 COMMENT '数据版本',
PRIMARY KEY(`ID`),
CONSTRAINT `FK_BD_APP_AUTH_APP_LIB_ID` FOREIGN KEY(`APP_LIB_ID`) REFERENCES `JARIACEPLAT`.`BD_APP_LIB`(`ID`) ON DELETE CASCADE  ON UPDATE CASCADE,
CONSTRAINT `UK_BD_APP_AUTH_SORT_INDEX` UNIQUE(`SORT_INDEX`, `PARENT_ID`)
)
COMMENT='基础应用权限';

CREATE TABLE `JARIACEPLAT`.`SYS_GROUP_APP`
(
`ID` VARCHAR(50) NOT NULL COMMENT '应用标识',
`NAME` VARCHAR(200) COMMENT '应用名称',
`HAS_UI` INT(1) DEFAULT 0 COMMENT '前后端分离 0不是1是',
`UI_NAME` VARCHAR(50) COMMENT '前端服务名称',
`VERSION` VARCHAR(50) COMMENT '版本',
`ICON` VARCHAR(200) COMMENT '应用图标',
`SORT_INDEX` INT(10) COMMENT '排序',
`REMARK` VARCHAR(2000) COMMENT '备注',
`CREATE_USER` VARCHAR(50) COMMENT '创建人',
`CREATE_TIME` DATETIME(6) COMMENT '创建时间',
`UPDATE_TIME` DATETIME(6) COMMENT '最新更新时间',
`SECRET_LEVEL` INT(10) COMMENT '密级5非密4内部3秘密2机密1绝密',
`GROUP_ID` VARCHAR(50) COMMENT '集团id(为空时为平台应用)',
`DATASOURCE_ID` VARCHAR(50) COMMENT '数据源id',
`IS_3_ADMIN` INT(10) DEFAULT 1 COMMENT '是否启用三员0不启用1启用',
`DATA_VERSION` INT(10) DEFAULT 0 COMMENT '数据版本',
`IS_MAIN_APP` INT(10) DEFAULT 0 COMMENT '是否为集团默认app 1是 0不是',
PRIMARY KEY(`ID`),
CONSTRAINT `FK_SYS_GROUP_APP_GROUP_ID` FOREIGN KEY(`GROUP_ID`) REFERENCES `JARIACEPLAT`.`ORG_GROUP`(`ID`) ON DELETE CASCADE  ON UPDATE CASCADE,
CONSTRAINT `FK_SYS_GROUP_APP_DS_ID` FOREIGN KEY(`DATASOURCE_ID`) REFERENCES `JARIACEPLAT`.`SYS_GROUP_DATASOURCE`(`ID`)
)
COMMENT='集团应用库';

CREATE TABLE `JARIACEPLAT`.`SYS_AUTH`
(
`ID` VARCHAR(50) NOT NULL COMMENT '主键',
`NAME` VARCHAR(50) COMMENT '权限名称',
`APP_ID` VARCHAR(50) COMMENT '集团应用标识',
`REMARK` VARCHAR(200) COMMENT '备注',
`SORT_INDEX` INT(10) DEFAULT 9999 COMMENT '排序',
`PARENT_ID` VARCHAR(50) COMMENT '父节点id',
`CREATE_USER` VARCHAR(50) COMMENT '创建人id',
`CREATE_TIME` DATETIME(6) COMMENT '创建时间',
`UPDATE_TIME` DATETIME(6) COMMENT '最后一次修改时间',
`SORT_PATH` VARCHAR(2000) COMMENT '排序路径',
`IS_ORG_ADMIN` INT(1) DEFAULT 0 COMMENT '是否按组织管控0不是1是',
`IS_USER_GROUP_ADMIN` INT(1) DEFAULT 0 COMMENT '是否按用户组管控0不是1是',
`CODE` VARCHAR(200) COMMENT '权限标识',
`DATA_VERSION` INT(10) DEFAULT 0 COMMENT '数据版本',
PRIMARY KEY(`ID`),
CONSTRAINT `FK_SYS_AUTH_APP_ID` FOREIGN KEY(`APP_ID`) REFERENCES `JARIACEPLAT`.`SYS_GROUP_APP`(`ID`) ON DELETE CASCADE  ON UPDATE CASCADE
)
COMMENT='系统管理-集团应用权限';


CREATE TABLE `JARIACEPLAT`.`SYS_AUTH_API`
(
`ID` VARCHAR(50) NOT NULL COMMENT '主键',
`AUTH_ID` VARCHAR(50) COMMENT '权限id',
`API_ID` VARCHAR(200) COMMENT 'api资源id',
`SIGN` VARCHAR(1000) COMMENT '签名',
`DATA_VERSION` INT(10) COMMENT '数据版本',
PRIMARY KEY(`ID`),
CONSTRAINT `FK_SYS_AUTH_API_AUTH_ID` FOREIGN KEY(`AUTH_ID`) REFERENCES `JARIACEPLAT`.`SYS_AUTH`(`ID`) ON DELETE CASCADE  ON UPDATE CASCADE
)
COMMENT='权限api关系表';

CREATE TABLE `JARIACEPLAT`.`SYS_AUTH_MIX`
(
`ID` VARCHAR(50) NOT NULL COMMENT '主键',
`AUTH_ID` VARCHAR(50) COMMENT '权限id',
`USER_ID` VARCHAR(50) COMMENT '用户id',
`SIGN` VARCHAR(1000) COMMENT '签名',
`DATA_VERSION` INT(10) COMMENT '数据版本',
PRIMARY KEY(`ID`),
CONSTRAINT `FK_SYS_AUTH_MIX_AUTH_ID` FOREIGN KEY(`AUTH_ID`) REFERENCES `JARIACEPLAT`.`SYS_AUTH`(`ID`) ON DELETE CASCADE  ON UPDATE CASCADE,
CONSTRAINT `FK_SYS_AUTH_MIX_USER_ID` FOREIGN KEY(`USER_ID`) REFERENCES `JARIACEPLAT`.`SYS_USER`(`ID`) ON DELETE CASCADE  ON UPDATE CASCADE
)
COMMENT='系统管理-用户有效权限';

CREATE TABLE `JARIACEPLAT`.`SYS_ROLE`
(
`ID` VARCHAR(50) NOT NULL COMMENT '角色表',
`NAME` VARCHAR(50) COMMENT '角色名',
`EXPLAIN` VARCHAR(50) COMMENT '角色说明',
`ROLE_TYPE` INT(10) DEFAULT 0 COMMENT '角色类型(1租户系统管理员,2租户安全保密员,3租户安全审计员)(11集团系统管理员,22集团安全保密员,33集团安全审计员)(111应用系统管理员,222应用安全保密员,333应用安全审计员)',
`CREATE_TIME` DATETIME(6) COMMENT '创建时间',
`CREATE_USER` VARCHAR(50) COMMENT '创建人',
`UPDATE_TIME` DATETIME(6) COMMENT '最后修改时间',
`REMARK` VARCHAR(2000) COMMENT '备注',
`APP_ID` VARCHAR(50) COMMENT '集团应用标识',
`DATA_VERSION` INT(10) DEFAULT 0 COMMENT '数据版本',
PRIMARY KEY(`ID`),
CONSTRAINT `FK_SYS_ROLE_APP_ID` FOREIGN KEY(`APP_ID`) REFERENCES `JARIACEPLAT`.`SYS_GROUP_APP`(`ID`) ON DELETE CASCADE  ON UPDATE CASCADE
)
COMMENT='角色表';

CREATE TABLE `JARIACEPLAT`.`SYS_ROLE_MUTEX`
(
`ID` VARCHAR(50) NOT NULL COMMENT '主键',
`ROLE_ID` VARCHAR(50) COMMENT '角色id',
`ROLE_MUTEX_ID` VARCHAR(50) COMMENT '互斥角色id',
`CREATE_USER` VARCHAR(50) COMMENT '创建人',
`CREATE_TIME` DATETIME(6) COMMENT '创建时间',
`UPDATE_TIME` DATETIME(6) COMMENT '最新一次修改时间',
`REMARK` VARCHAR(2000) COMMENT '备注',
`DATA_VERSION` INT(10) COMMENT '数据版本',
PRIMARY KEY(`ID`),
CONSTRAINT `FK_SYS_ROLE_MUTEX_ROLE_ID` FOREIGN KEY(`ROLE_MUTEX_ID`) REFERENCES `JARIACEPLAT`.`SYS_ROLE`(`ID`) ON DELETE CASCADE  ON UPDATE CASCADE,
CONSTRAINT `FK_SYS_ROLE_ROLE_ID` FOREIGN KEY(`ROLE_ID`) REFERENCES `JARIACEPLAT`.`SYS_ROLE`(`ID`) ON DELETE CASCADE  ON UPDATE CASCADE
)
COMMENT='角色互斥关系表';

CREATE TABLE `JARIACEPLAT`.`SYS_ROLE_RELATION`
(
`ID` VARCHAR(50) NOT NULL COMMENT '主键',
`PID` VARCHAR(50) COMMENT '上级角色',
`CID` VARCHAR(50) COMMENT '下级角色',
`CREATE_USER` VARCHAR(50) COMMENT '创建人id',
`CREATE_TIME` DATETIME(6) COMMENT '创建时间',
`UPDATE_TIME` DATETIME(6) COMMENT '最后更新时间',
`REMARK` VARCHAR(50) COMMENT '备注',
`DATA_VERSION` INT(10) DEFAULT 0 COMMENT '数据版本',
PRIMARY KEY(`ID`),
CONSTRAINT `FK_SYS_ROLE_RELATION_PID` FOREIGN KEY(`PID`) REFERENCES `JARIACEPLAT`.`SYS_ROLE`(`ID`) ON DELETE CASCADE  ON UPDATE CASCADE,
CONSTRAINT `FK_SYS_ROLE_RELATION_CID` FOREIGN KEY(`CID`) REFERENCES `JARIACEPLAT`.`SYS_ROLE`(`ID`) ON DELETE CASCADE  ON UPDATE CASCADE
)
COMMENT='角色关系表';

CREATE TABLE `JARIACEPLAT`.`SYS_AUTH_ROLE`
(
`ID` VARCHAR(50) NOT NULL COMMENT '主键',
`AUTH_ID` VARCHAR(50) COMMENT '权限主键',
`ROLE_ID` VARCHAR(50) COMMENT '角色主键',
`SIGN` VARCHAR(1000) COMMENT '签名',
`IS_REVOKE` INT(10) DEFAULT 0 COMMENT '是否禁用0不1禁用',
`CREATE_USER` VARCHAR(50) COMMENT '创建人id',
`CREATE_TIME` DATETIME(6) COMMENT '创建时间',
`UPDATE_TIME` DATETIME(6) COMMENT '更新时间',
`REMARK` VARCHAR(2000) COMMENT '备注',
PRIMARY KEY(`ID`),
CONSTRAINT `FK_SYS_AUTH_ROLE_AUTH_ID` FOREIGN KEY(`AUTH_ID`) REFERENCES `JARIACEPLAT`.`SYS_AUTH`(`ID`) ON DELETE CASCADE  ON UPDATE CASCADE,
CONSTRAINT `FK_SYS_AUTH_ROLE_ROLE_ID` FOREIGN KEY(`ROLE_ID`) REFERENCES `JARIACEPLAT`.`SYS_ROLE`(`ID`) ON DELETE CASCADE  ON UPDATE CASCADE
)
COMMENT='系统管理-角色授权';

CREATE TABLE `JARIACEPLAT`.`SYS_AUTH_ROLE_LV`
(
`ID` VARCHAR(50) NOT NULL COMMENT '主键',
`VERSION_NO` INT(10) DEFAULT 0 COMMENT '版本编号',
`IS_LAST_VERSION` INT(1) DEFAULT 0 COMMENT '是否最新版本0不是1是',
`VERSION_BEGIN_TIME` DATETIME(6) COMMENT '版本启用时间',
`VERSION_END_TIME` DATETIME(6) COMMENT '版本停用时间',
`VERSION_BEGIN_USER_ID` VARCHAR(50) COMMENT '版本启用人主键',
`VERSION_END_USER_ID` VARCHAR(50) COMMENT '版本停用人主键',
`ROLE_ID` VARCHAR(50) COMMENT '角色id',
PRIMARY KEY(`ID`)
)
COMMENT='系统管理-角色授权版本控制';

CREATE TABLE `JARIACEPLAT`.`SYS_AUTH_ROLE_V`
(
`ID` VARCHAR(50) NOT NULL COMMENT '主键',
`AUTH_ID` VARCHAR(50) COMMENT '权限主键',
`ROLE_ID` VARCHAR(50) COMMENT '角色主键',
`SIGN` VARCHAR(1000) COMMENT '签名',
`IS_REVOKE` INT(1) COMMENT '是否禁用',
`CREATE_USER` VARCHAR(50) COMMENT '创建人id',
`CREATE_TIME` DATETIME(6) COMMENT '创建时间',
`UPDATE_TIME` DATETIME(6) COMMENT '更新时间',
`REMARK` VARCHAR(50) COMMENT '备注',
`LV_ID` VARCHAR(50) COMMENT '角色授权版本控制主键',
PRIMARY KEY(`ID`),
CONSTRAINT `FK_SYS_AUTH_ROLE_LV_ID` FOREIGN KEY(`LV_ID`) REFERENCES `JARIACEPLAT`.`SYS_AUTH_ROLE_LV`(`ID`)
)
COMMENT='系统管理-角色授权版本历史数据';

CREATE TABLE `JARIACEPLAT`.`SYS_AUTH_SCOPE_APP`
(
`ID` VARCHAR(50) NOT NULL COMMENT '主键',
`AUTH_ID` VARCHAR(50) COMMENT '权限主键',
`USER_ID` VARCHAR(50) COMMENT '用户主键',
`APP_ID` VARCHAR(50) COMMENT '集团应用主键',
PRIMARY KEY(`ID`),
CONSTRAINT `FK_SYS_AUTH_SCOPE_APP_AUTH` FOREIGN KEY(`AUTH_ID`) REFERENCES `JARIACEPLAT`.`SYS_AUTH`(`ID`) ON DELETE CASCADE ,
CONSTRAINT `FK_SYS_AUTH_SCOPE_APP_APP` FOREIGN KEY(`APP_ID`) REFERENCES `JARIACEPLAT`.`SYS_GROUP_APP`(`ID`) ON DELETE CASCADE ,
CONSTRAINT `FK_SYS_AUTH_SCOPE_APP_USER` FOREIGN KEY(`USER_ID`) REFERENCES `JARIACEPLAT`.`SYS_USER`(`ID`) ON DELETE CASCADE
)
COMMENT='系统管理-有效权限-授权应用';

CREATE TABLE `JARIACEPLAT`.`SYS_RULE`
(
`ID` VARCHAR(50) NOT NULL COMMENT '主键',
`CODE` VARCHAR(50) NOT NULL COMMENT '编码',
`NAME` VARCHAR(100) NOT NULL COMMENT '名称',
`CLASS_NAME` VARCHAR(100) COMMENT '规则实现类',
`RULE_TYPE` VARCHAR(50) COMMENT '规则类型(0授权组织规则,1授权用户组规则)',
`CREATE_USER` VARCHAR(50) COMMENT '创建人id',
`CREATE_TIME` DATETIME(6) COMMENT '创建时间',
`UPDATE_TIME` DATETIME(6) COMMENT '更新时间',
`REMARK` VARCHAR(200) COMMENT '备注',
`DATA_VERSION` INT(10) DEFAULT 0 COMMENT '数据版本',
PRIMARY KEY(`ID`),
CONSTRAINT `UK_SM_AUTH_RULE_CODE` UNIQUE(`CODE`)
)
COMMENT='系统管理-规则';

CREATE TABLE `JARIACEPLAT`.`SYS_AUTH_SCOPE_ORG`
(
`ID` VARCHAR(50) NOT NULL COMMENT '主键',
`AUTH_ID` VARCHAR(50) COMMENT '权限主键',
`USER_ID` VARCHAR(50) COMMENT '用户主键',
`ORGANIZATION_ID` VARCHAR(50) COMMENT '授权组织主键(按规则授权时为空)',
`RULE_ID` VARCHAR(50) COMMENT '授权组织规则主键',
`IS_RULE` INT(1) DEFAULT 0 COMMENT '是否按规则授权组织',
`RULE_PARAMS` VARCHAR(50) COMMENT '规则参数',
PRIMARY KEY(`ID`),
CONSTRAINT `FK_SYS_AUTH_SCOPE_ORG_AUTH_ID` FOREIGN KEY(`AUTH_ID`) REFERENCES `JARIACEPLAT`.`SYS_AUTH`(`ID`) ON DELETE CASCADE ,
CONSTRAINT `FK_SYS_AUTH_SCOPE_ORG_RULE_ID` FOREIGN KEY(`RULE_ID`) REFERENCES `JARIACEPLAT`.`SYS_RULE`(`ID`) ON DELETE CASCADE ,
CONSTRAINT `FK_SYS_AUTH_SCOPE_ORG_USR_ID` FOREIGN KEY(`USER_ID`) REFERENCES `JARIACEPLAT`.`SYS_USER`(`ID`) ON DELETE CASCADE
)
COMMENT='系统管理-用户有效权限-授权组织';

CREATE TABLE `JARIACEPLAT`.`SYS_AUTH_SCOPE_USER_GROUP`
(
`ID` VARCHAR(50) NOT NULL COMMENT '主键',
`AUTH_ID` VARCHAR(50) COMMENT '权限主键',
`USER_ID` VARCHAR(50) COMMENT '用户主键',
`USER_GROUP_ID` VARCHAR(50) COMMENT '授权用户组主键(按规则授权时为空)',
`RULE_ID` VARCHAR(50) COMMENT '权限规则主键',
`IS_RULE` INT(1) DEFAULT 0 COMMENT '是否规则授权用户组',
`RULE_PARAMS` VARCHAR(50) COMMENT '规则参数',
CONSTRAINT `FK_SYS_AUTH_SCOPE_UG_AUTH_ID` FOREIGN KEY(`AUTH_ID`) REFERENCES `JARIACEPLAT`.`SYS_AUTH`(`ID`) ON DELETE CASCADE ,
PRIMARY KEY(`ID`),
CONSTRAINT `FK_SYS_AUTH_SCOPE_UG_USER_ID` FOREIGN KEY(`USER_ID`) REFERENCES `JARIACEPLAT`.`SYS_USER`(`ID`) ON DELETE CASCADE ,
CONSTRAINT `FK_SYS_AUTH_SCOPE_UG_RULE_ID` FOREIGN KEY(`RULE_ID`) REFERENCES `JARIACEPLAT`.`SYS_RULE`(`ID`) ON DELETE CASCADE
)
COMMENT='系统管理-有效权限-授权用户组';

CREATE TABLE `JARIACEPLAT`.`SYS_AUTH_USER`
(
`ID` VARCHAR(50) NOT NULL COMMENT '主键',
`AUTH_ID` VARCHAR(50) COMMENT '权限主键',
`USER_ID` VARCHAR(50) COMMENT '用户主键',
`SIGN` VARCHAR(1000) COMMENT '签名',
`IS_REVOKE` INT(1) DEFAULT 0 COMMENT '是否禁用0不1禁用',
`CREATE_USER` VARCHAR(50) COMMENT '创建人id',
`CREATE_TIME` DATETIME(6) COMMENT '创建时间',
`DATA_VERSION` INT(10) COMMENT '数据版本',
PRIMARY KEY(`ID`),
CONSTRAINT `FK_SYS_AUTH_USER_AUTH_ID` FOREIGN KEY(`AUTH_ID`) REFERENCES `JARIACEPLAT`.`SYS_AUTH`(`ID`) ON DELETE CASCADE  ON UPDATE CASCADE,
CONSTRAINT `FK_SYS_AUTH_USER_USER_ID` FOREIGN KEY(`USER_ID`) REFERENCES `JARIACEPLAT`.`SYS_USER`(`ID`) ON DELETE CASCADE  ON UPDATE CASCADE
)
COMMENT='系统管理-用户授权';

CREATE TABLE `JARIACEPLAT`.`SYS_AUTH_USER_LV`
(
`ID` VARCHAR(50) NOT NULL COMMENT '主键',
`VERSION_NO` INT(10) DEFAULT 0 COMMENT '版本编号',
`IS_LAST_VERSION` INT(1) DEFAULT 0 COMMENT '是否最新版本0不是1是',
`VERSION_BEGIN_TIME` DATETIME(6) COMMENT '版本启用时间',
`VERSION_END_TIME` DATETIME(6) COMMENT '版本停用时间',
`VERSION_BEGIN_USER_ID` VARCHAR(50) COMMENT '版本启用人主键',
`VERSION_END_USER_ID` VARCHAR(50) COMMENT '版本停用人主键',
`USER_ID` VARCHAR(50) COMMENT '用户id',
PRIMARY KEY(`ID`)
)
COMMENT='系统管理-用户授权版本控制';

CREATE TABLE `JARIACEPLAT`.`SYS_AUTH_USER_V`
(
`ID` VARCHAR(50) NOT NULL COMMENT '主键',
`AUTH_ID` VARCHAR(50) COMMENT '权限主键',
`USER_ID` VARCHAR(50) COMMENT '用户主键',
`SIGN` VARCHAR(1000) COMMENT '签名',
`IS_REVOKE` INT(1) DEFAULT 0 COMMENT '是否禁用',
`CREATE_TIME` DATETIME(6) COMMENT '创建时间',
`CREATE_USER` VARCHAR(50) COMMENT '创建人id',
`LV_ID` VARCHAR(50) COMMENT '用户授权版本控制主键',
PRIMARY KEY(`ID`),
CONSTRAINT `FK_SYS_AUTH_USER_LV_ID` FOREIGN KEY(`LV_ID`) REFERENCES `JARIACEPLAT`.`SYS_AUTH_USER_LV`(`ID`)
)
COMMENT='系统管理-用户授权版本历史数据';

CREATE TABLE `JARIACEPLAT`.`SYS_CONFIG`
(
`NAME` VARCHAR(200) NOT NULL COMMENT '属性名',
`VALUE` VARCHAR(4000) NOT NULL COMMENT '属性值',
`REMARK` VARCHAR(2000) COMMENT '属性说明',
`CREATE_TIME` DATETIME(6)  COMMENT '创建时间',
`UPDATE_TIME` DATETIME(6)  COMMENT '更新时间',
`SORT_INDEX` INT(10) COMMENT '排序值',
`ID` VARCHAR(50) NOT NULL COMMENT '主键',
`CREATE_USER` VARCHAR(50) COMMENT '创建人',
`APP_ID` VARCHAR(50) COMMENT '集团应用标识',
`GROUP_ID` VARCHAR(50) COMMENT '集团标识',
`DATA_VERSION` INT(10) DEFAULT 0 COMMENT '数据版本',
`SCOPE` INT(10) COMMENT '配置范围 1租户 2集团 3应用',
`TYPE` VARCHAR(50) COMMENT '配置项类型',
PRIMARY KEY(`ID`)
)
COMMENT='系统配置项';

CREATE TABLE `JARIACEPLAT`.`SYS_MENU`
(
`ID` VARCHAR(50) NOT NULL COMMENT '主键',
`NAME` VARCHAR(200) COMMENT '菜单名称',
`PARENT_ID` VARCHAR(50) COMMENT '父级菜单id',
`APP_ID` VARCHAR(50) COMMENT '应用id',
`PARENT_NAME` VARCHAR(200) COMMENT '父级菜单名称',
`URL` VARCHAR(200) COMMENT '菜单路径',
`TYPE` INT(10) COMMENT '菜单类型-0目录1菜单2按钮',
`ICON` VARCHAR(200) COMMENT '菜单图标',
`AUTH_ID` VARCHAR(50) COMMENT '权限id',
`BTN_AUTH` VARCHAR(50) COMMENT '权限标识',
`IS_LEAF` INT(10) COMMENT '是否是叶子节点0不是1是',
`SORT_INDEX` INT(10) COMMENT '当前菜单下排序',
`ALL_ORDER` INT(10) COMMENT '全局排序',
`SORT_PATH` VARCHAR(80) COMMENT '路径供排序时候使用',
`OPEN_STYLE` VARCHAR(50) COMMENT '打开方式',
`CLOSE_NOTICE` INT(10) COMMENT '关闭提示0不提示1提示',
`CREATE_USER` VARCHAR(50) COMMENT '创建人主键',
`CREATE_TIME` DATETIME(6) COMMENT '创建时间',
`UPDATE_TIME` DATETIME(6) COMMENT '更新时间',
`LEAF` INT(10) COMMENT '叶子数量',
`MENU_AUTH` INT(10) COMMENT '菜单所属权限0平台1应用',
`REMARK` VARCHAR(2000) COMMENT '备注',
`DATA_VERSION` INT(10) DEFAULT 0 COMMENT '数据版本',
`IS_IFRAME` INT(10) DEFAULT 0 COMMENT '是否是嵌套IFRAME,0不是，1是',
PRIMARY KEY(`ID`),
CONSTRAINT `UK_SYS_MENU_PID_SORT_INDEX` UNIQUE(`PARENT_ID`, `SORT_INDEX`, `APP_ID`),
CONSTRAINT `FK_SYS_MENU_APP_ID` FOREIGN KEY(`APP_ID`) REFERENCES `JARIACEPLAT`.`SYS_GROUP_APP`(`ID`) ON DELETE CASCADE,
CONSTRAINT `FK_SYS_MENU_AUTH_ID` FOREIGN KEY(`AUTH_ID`) REFERENCES `JARIACEPLAT`.`SYS_AUTH`(`ID`) ON DELETE SET NULL
)
COMMENT='系统菜单';

CREATE TABLE `JARIACEPLAT`.`SYS_RECORD`
(
`ID` VARCHAR(50) NOT NULL COMMENT '主键',
`USER_ID` VARCHAR(50) COMMENT '用户id',
`USER_NAME` VARCHAR(50) COMMENT '用户名',
`TIME` DATE COMMENT '发生时间',
`IP` VARCHAR(50) COMMENT 'ip',
`KIND` VARCHAR(12) COMMENT '事件类别：0 安全审计、1 普通操作、2 工作流、3 文件访问',
`CONTENT` LONGTEXT COMMENT '日志内容',
`DATA_VERSION` INT(10) DEFAULT 0 COMMENT '数据版本',
PRIMARY KEY(`ID`)
)
COMMENT='系统日志';

CREATE TABLE `JARIACEPLAT`.`SYS_USER_ADMIN_ORG`
(
`ID` VARCHAR(50) NOT NULL COMMENT '主键',
`USER_ID` VARCHAR(50) COMMENT '用户主键',
`ORGANIZATION_ID` VARCHAR(50) COMMENT '授权组织主键(按规则授权时为空)',
`RULE_ID` VARCHAR(50) COMMENT '授权组织规则主键',
`RULE_PARAMS` VARCHAR(200) COMMENT '规则参数',
`IS_RULE` INT(1) COMMENT '是否按规则授权组织',
`DATA_VERSION` INT(10) COMMENT '版本号',
PRIMARY KEY(`ID`),
CONSTRAINT `FK_SYS_USER_ADMIN_ORG_ORG_ID` FOREIGN KEY(`ORGANIZATION_ID`) REFERENCES `JARIACEPLAT`.`ORG_ORGANIZATION`(`ID`) ON DELETE CASCADE ,
CONSTRAINT `FK_SYS_USER_ADMIN_ORG_RULE_ID` FOREIGN KEY(`RULE_ID`) REFERENCES `JARIACEPLAT`.`SYS_RULE`(`ID`) ON DELETE CASCADE ,
CONSTRAINT `FK_SYS_USER_ADMIN_ORG_USER_ID` FOREIGN KEY(`USER_ID`) REFERENCES `JARIACEPLAT`.`SYS_USER`(`ID`) ON DELETE CASCADE
)
COMMENT='系统管理-用户-可管理的组织';


CREATE TABLE `JARIACEPLAT`.`SYS_USER_GROUP`
(
`ID` VARCHAR(50) NOT NULL COMMENT '主键',
`PARENT_ID` VARCHAR(50) COMMENT '父级主键',
`GROUP_ID` VARCHAR(50) COMMENT '所属集团主键',
`ORGANIZATION_ID` VARCHAR(50) COMMENT '所属组织主键',
`NAME` VARCHAR(100) NOT NULL COMMENT '名称',
`CODE` VARCHAR(50) NOT NULL COMMENT '编码',
`CREATE_TIME` DATETIME(6) COMMENT '创建时间',
`CREATE_USER` VARCHAR(50) COMMENT '创建人id',
`UPDATE_TIME` DATETIME(6) COMMENT '更新时间',
`INNER_CODE` VARCHAR(50) COMMENT '内部码',
`APP_ID` VARCHAR(50) COMMENT '集团应用主键',
`REMARK` VARCHAR(2000) COMMENT '备注',
`SORT_INDEX` INT(10) DEFAULT 0 NOT NULL COMMENT '排序号',
`SORT_PATH` VARCHAR(4000) NOT NULL COMMENT '排序路径',
`DATA_VERSION` INT(10) DEFAULT 0 COMMENT '数据版本',
PRIMARY KEY(`ID`),
CONSTRAINT `FK_SYS_USER_GROUP_GROUP_ID` FOREIGN KEY(`GROUP_ID`) REFERENCES `JARIACEPLAT`.`ORG_GROUP`(`ID`) ON DELETE CASCADE ,
CONSTRAINT `FK_SYS_USER_GROUP_ORG_ID` FOREIGN KEY(`ORGANIZATION_ID`) REFERENCES `JARIACEPLAT`.`ORG_ORGANIZATION`(`ID`) ON DELETE CASCADE
)
COMMENT='系统管理-用户组';

CREATE TABLE `JARIACEPLAT`.`SYS_USER_ADMIN_USER_GROUP`
(
`ID` VARCHAR(50) NOT NULL COMMENT '主键',
`USER_ID` VARCHAR(50) COMMENT '用户主键',
`USER_GROUP_ID` VARCHAR(50) COMMENT '授权用户组主键(按规则授权时为空)',
`RULE_ID` VARCHAR(50) COMMENT '授权用户组规则主键',
`IS_RULE` INT(1) COMMENT '是否按规则授权用户组',
`RULE_PARAMS` VARCHAR(50) COMMENT '规则参数',
PRIMARY KEY(`ID`),
CONSTRAINT `FK_SYS_USER_ADMIN_UG_USER_ID` FOREIGN KEY(`USER_ID`) REFERENCES `JARIACEPLAT`.`SYS_USER`(`ID`) ON DELETE CASCADE ,
CONSTRAINT `FK_SYS_USER_ADMIN_UG_UG_ID` FOREIGN KEY(`USER_GROUP_ID`) REFERENCES `JARIACEPLAT`.`SYS_USER_GROUP`(`ID`) ON DELETE CASCADE ,
CONSTRAINT `FK_SYS_USER_ADMIN_UG_RULE_ID` FOREIGN KEY(`RULE_ID`) REFERENCES `JARIACEPLAT`.`SYS_RULE`(`ID`) ON DELETE CASCADE
)
COMMENT='系统管理-用户-可管理的用户组';

CREATE TABLE `JARIACEPLAT`.`SYS_USER_GROUP_USER`
(
`ID` VARCHAR(50) NOT NULL COMMENT '主键',
`USER_ID` VARCHAR(50) COMMENT '用户主键',
`USER_GROUP_ID` VARCHAR(50) COMMENT '用户组主键',
`DATA_VERSION` INT(10) DEFAULT 0 COMMENT '数据版本',
PRIMARY KEY(`ID`),
CONSTRAINT `FK_SYS_USER_GROUP_USER_UID` FOREIGN KEY(`USER_ID`) REFERENCES `JARIACEPLAT`.`SYS_USER`(`ID`) ON DELETE CASCADE ,
CONSTRAINT `FK_SYS_USER_GROUP_USER_UG_ID` FOREIGN KEY(`USER_GROUP_ID`) REFERENCES `JARIACEPLAT`.`SYS_USER_GROUP`(`ID`) ON DELETE CASCADE ,
CONSTRAINT `UK_SYS_USER_GROUP_UID_GID` UNIQUE(`USER_GROUP_ID`, `USER_ID`)
)
COMMENT='系统管理-用户组与用户关系';

CREATE TABLE `JARIACEPLAT`.`SYS_USER_LOGIN`
(
`ID` VARCHAR(50) NOT NULL COMMENT '主键',
`USER_ID` VARCHAR(50) COMMENT '用户主键',
`STATUS` INT(1) COMMENT '登录状态：0 失败，1成功',
`LOGIN_TIME` DATETIME(6) COMMENT '登录时间',
`USER_NAME` VARCHAR(50) COMMENT '用户名',
PRIMARY KEY(`ID`)
)
COMMENT='用户登录记录表';

CREATE TABLE `JARIACEPLAT`.`SYS_USER_PASSWORD_HISTORY`
(
`ID` VARCHAR(50) NOT NULL COMMENT '主键',
`USER_ID` VARCHAR(50) COMMENT '用户主键',
`PASSWORD` VARCHAR(50) COMMENT '用户密码',
`CREATE_TIME` DATETIME(6) COMMENT '记录创建时间',
PRIMARY KEY(`ID`)
)
COMMENT='用户密码修改历史表';


CREATE TABLE `JARIACEPLAT`.`SYS_USER_ROLE`
(
`ID` VARCHAR(50) NOT NULL COMMENT '主键',
`USER_ID` VARCHAR(50) COMMENT '用户主键',
`ROLE_ID` VARCHAR(50) COMMENT '角色主键',
`CREATE_USER` VARCHAR(50) COMMENT '创建人ID',
`CREATE_TIME` DATETIME(6) COMMENT '创建时间',
`UPDATE_TIME` DATETIME(6) COMMENT '更新时间',
`REMARK` VARCHAR(2000) COMMENT '备注',
`DATA_VERSION` INT(10) DEFAULT 0 COMMENT '数据版本',
PRIMARY KEY(`ID`),
CONSTRAINT `FK_SYSTEM_USER_ROLE_ROLE_ID` FOREIGN KEY(`ROLE_ID`) REFERENCES `JARIACEPLAT`.`SYS_ROLE`(`ID`) ON DELETE CASCADE  ON UPDATE CASCADE,
CONSTRAINT `FK_SYSTEM_USER_ROLE_USER_ID` FOREIGN KEY(`USER_ID`) REFERENCES `JARIACEPLAT`.`SYS_USER`(`ID`) ON DELETE CASCADE  ON UPDATE CASCADE
)
COMMENT='用户角色关系表';

CREATE TABLE `JARIACEPLAT`.`ORG_DEPARTMENT_V`
(
`ID` VARCHAR(50) NOT NULL COMMENT '主键',
`PARENT_ID` VARCHAR(50) COMMENT '上级部门主键',
`GROUP_ID` VARCHAR(50) NOT NULL COMMENT '所属集团主键',
`ORGANIZATION_ID` VARCHAR(50) NOT NULL COMMENT '所属组织主键',
`NAME` VARCHAR(100) NOT NULL COMMENT '部门名称',
`DEPARTMENT_ID` VARCHAR(50) NOT NULL COMMENT '部门主键',
`VERSION_NO` VARCHAR(50) COMMENT '版本编号',
`VERSION_NAME` VARCHAR(50) COMMENT '版本名称',
`VERSION_BEGIN_DATE` DATE COMMENT '版本生效日期',
`VERSION_END_DATE` DATE COMMENT '版本失效日期',
`CODE` VARCHAR(50) COMMENT '编码',
`IS_LAST_VERSION` INT(1) COMMENT '是否最新版本',
`CREATE_USER` VARCHAR(50) COMMENT '创建用户id',
`CREATE_TIME` DATETIME(6) COMMENT '创建时间',
`UPDATE_TIME` DATETIME(6) COMMENT '更新时间',
`VERSION_BEGIN_USER_ID` VARCHAR(50) COMMENT '版本启用人主键',
`VERSION_END_USER_ID` VARCHAR(50) COMMENT '版本停用人主键',
`REMARK` VARCHAR(2000) COMMENT '备注',
`DATA_VERSION` INT(10) DEFAULT 0 COMMENT '数据版本',
`SORT_INDEX` INT(10) COMMENT '排序号',
PRIMARY KEY(`ID`),
CONSTRAINT `FK_ORG_DEPARTMENT_V_GROUP_ID` FOREIGN KEY(`GROUP_ID`) REFERENCES `JARIACEPLAT`.`ORG_GROUP`(`ID`) ON DELETE CASCADE
)
COMMENT='组织-部门版本';

CREATE TABLE `JARIACEPLAT`.`ORG_DEPARTMENT`
(
`ID` VARCHAR(50) NOT NULL COMMENT '主键',
`IS_DELETE` INT(1) DEFAULT 0 COMMENT '逻辑删除 0 否 1是',
`PARENT_ID` VARCHAR(50) COMMENT '上级部门主键',
`GROUP_ID` VARCHAR(50) NOT NULL COMMENT '所属集团主键',
`VERSION_ID` VARCHAR(50) NOT NULL COMMENT '版本主键',
`ORGANIZATION_ID` VARCHAR(50) NOT NULL COMMENT '所属组织主键',
`NAME` VARCHAR(100) NOT NULL COMMENT '部门名称',
`CODE` VARCHAR(50) NOT NULL COMMENT '编码',
`CREATE_USER` VARCHAR(50) COMMENT '创建用户id',
`CREATE_TIME` DATETIME(6) COMMENT '创建时间',
`UPDATE_TIME` DATETIME(6) COMMENT '更新时间',
`REMARK` VARCHAR(2000) COMMENT '备注',
`DATA_VERSION` INT(10) DEFAULT 0 COMMENT '数据版本',
`SORT_INDEX` INT(10) COMMENT '排序号',
`SORT_PATH` VARCHAR(200) COMMENT '排序路径',
PRIMARY KEY(`ID`),
CONSTRAINT `FK_ORG_DEPARTMENT_GROUP_ID` FOREIGN KEY(`GROUP_ID`) REFERENCES `JARIACEPLAT`.`ORG_GROUP`(`ID`) ON DELETE CASCADE ,
CONSTRAINT `FK_ORG_DEPARTMENT_ORG_ID` FOREIGN KEY(`ORGANIZATION_ID`) REFERENCES `JARIACEPLAT`.`ORG_ORGANIZATION`(`ID`) ON DELETE CASCADE ,
CONSTRAINT `FK_ORG_DEPARTMENT_VER_ID` FOREIGN KEY(`VERSION_ID`) REFERENCES `JARIACEPLAT`.`ORG_DEPARTMENT_V`(`ID`),
CONSTRAINT `UK_ORG_DEPARTMENT_CODE` UNIQUE(`CODE`)
)
COMMENT='组织-部门';


CREATE TABLE `JARIACEPLAT`.`BD_PERSON_JOB`
(
`ID` VARCHAR(50) NOT NULL COMMENT '主键',
`GROUP_ID` VARCHAR(50) NOT NULL COMMENT '任职集团主键',
`ORGANIZATION_ID` VARCHAR(50) NOT NULL COMMENT '任职组织主键',
`PERSON_CODE` VARCHAR(50) NOT NULL COMMENT '员工编号',
`SORT_INDEX` INT(10) COMMENT '排序号',
`POST_ID` VARCHAR(50) COMMENT '岗位主键',
`JOB_ID` VARCHAR(50) COMMENT '职务主键',
`DEPARTMENT_ID` VARCHAR(50) NOT NULL COMMENT '所在部门主键',
`JOB_NAME` VARCHAR(50) COMMENT '职务称谓',
`IS_MAIN_JOB` INT(1) COMMENT '是否主职',
`IN_DUTY_DATE` DATE COMMENT '任职开始日期',
`END_DUTY_DATE` DATE COMMENT '任职结束日期',
`PERSON_DOC_ID` VARCHAR(50) NOT NULL COMMENT '人员档案主键',
`CREATE_USER` VARCHAR(50) COMMENT '创建人id',
`CREATE_TIME` DATE COMMENT '创建时间',
`UPDATE_TIME` DATE COMMENT '更新时间',
`REMARK` VARCHAR(2000) COMMENT '备注',
`DATA_VERSION` INT(10) DEFAULT 0 COMMENT '数据版本',
PRIMARY KEY(`ID`),
CONSTRAINT `FK_BD_PERSON_JOB_GROUP_ID` FOREIGN KEY(`GROUP_ID`) REFERENCES `JARIACEPLAT`.`ORG_GROUP`(`ID`) ON DELETE CASCADE ,
CONSTRAINT `FK_BD_PERSON_JOB_DEPT_ID` FOREIGN KEY(`DEPARTMENT_ID`) REFERENCES `JARIACEPLAT`.`ORG_DEPARTMENT`(`ID`) ON DELETE CASCADE ,
CONSTRAINT `FK_BD_PERSON_JOB_PSN_DOC_ID` FOREIGN KEY(`PERSON_DOC_ID`) REFERENCES `JARIACEPLAT`.`BD_PERSON_DOC`(`ID`) ON DELETE CASCADE ,
CONSTRAINT `FK_BD_PERSON_JOB_ORG_ID` FOREIGN KEY(`ORGANIZATION_ID`) REFERENCES `JARIACEPLAT`.`ORG_ORGANIZATION`(`ID`) ON DELETE CASCADE
)
COMMENT='基础数据-人员工作信息';


CREATE TABLE `JARIACEPLAT`.`FILE_INFO`
(
`ID` VARCHAR(50) NOT NULL COMMENT '主键',
`FILE_NAME` VARCHAR(200) COMMENT '文件名',
`FORM_ID` VARCHAR(50) COMMENT '关联表记录',
`UPLOADER_ID` VARCHAR(50) COMMENT '上传人id',
`UPLOAD_TIME` DATETIME(6) COMMENT '上传时间',
`SECRET_LEVEL` INT(10) COMMENT '文件密级',
`MD5` VARCHAR(50) COMMENT '文件md5',
`CHUNKS` BIGINT(19) COMMENT '文件切片数量',
`SHARED_FILE_INFO_ID` VARCHAR(50) COMMENT '共享文件id',
`IMAGE_ROTATION_ANGLE` INT(10) COMMENT '图片旋转角度',
`IS_NEED_REVIEW` INT(1) COMMENT '是否需要审查',
`DATA_VERSION` INT(10) COMMENT '数据版本',
`FILE_SIZE` BIGINT(19) COMMENT '文件大小',
`CONTENT_TYPE` VARCHAR(200) COMMENT '文件内容类型MIME',
`ENCRYPTED_SIZE` BIGINT(19) COMMENT '文件加密后大小',
`FILE_CONFIGURATION_ID` VARCHAR(50) COMMENT '附件配置id',
`SHARED_FILE_CONFIG_ID` VARCHAR(50) COMMENT '共享文件配置id',
`FILE_REPOSITORY_ID` VARCHAR(50) COMMENT '文件存储库id',
PRIMARY KEY(`ID`)
)
COMMENT='附件管理-文件信息';

CREATE TABLE `JARIACEPLAT`.`FILE_CHUNK_INFO`
(
`ID` VARCHAR(50) NOT NULL COMMENT '切片id',
`FILE_INFO_ID` VARCHAR(50) COMMENT '所属文件id',
`CHUNK_PATH` VARCHAR(50) COMMENT '切片路径',
`CHUNK_SIZE` BIGINT(19) COMMENT '切片大小',
`IS_ENCRYPTED` INT(1) COMMENT '是否加密',
`ENCRYPTED_SIZE` BIGINT(19) COMMENT '加密后大小',
`CHUNK_INDEX` INT(10) COMMENT '切片序号',
PRIMARY KEY(`ID`),
CONSTRAINT `UK_FILE_CHUNK_INFO_INDEX` UNIQUE(`FILE_INFO_ID`, `CHUNK_INDEX`)
)
COMMENT='附件管理-切片信息';


CREATE TABLE `JARIACEPLAT`.`FILE_CONFIGURATION`
(
`ID` VARCHAR(50) NOT NULL COMMENT '主键',
`CONFIGURATION_TYPE` INT(10) COMMENT '配置类型（0-租户级1-集团级2-应用级3-表单级）',
`GROUP_ID` VARCHAR(50) COMMENT '集团id',
`APP_ID` VARCHAR(50) COMMENT '集团应用id',
`CONFIGURATION_KEY` VARCHAR(50) NOT NULL COMMENT '配置标识',
`GROUP_DATASOURCE_ID` VARCHAR(50) COMMENT '关联数据源id',
`TABLE_NAME` VARCHAR(50) COMMENT '关联表名',
`ACCEPT` VARCHAR(200) COMMENT '允许上传的文件类型',
`FILE_NUM_LIMIT` INT(10) COMMENT '允许上传文件的最大数量',
`FILE_SINGLE_SIZE_LIMIT` BIGINT(19) COMMENT '允许上传的最大单个文件大小',
`FILE_SIZE_LIMIT` BIGINT(19) COMMENT '允许上传文件的总大小',
`IS_ENABLE_ENCRYPT` INT(1) COMMENT '是否启用文件加密保存0不1是',
`IS_ENABLE_SECRET_LEVEL` INT(1) COMMENT '是否允许设置文件密级',
`IS_ALLOW_UPLOAD` INT(1) COMMENT '是否允许上传',
`IS_ALLOW_DELETE` INT(1) COMMENT '是否允许删除',
`IS_ALLOW_DOWNLOAD` INT(1) COMMENT '是否允许下载',
`UPLOAD_OPERATION_KEY` VARCHAR(50) COMMENT '允许上传权限标识',
`DELETE_OPERATION_KEY` VARCHAR(50) COMMENT '允许删除权限标识',
`DOWNLOAD_OPERATION_KEY` VARCHAR(50) COMMENT '允许下载权限标识',
`IS_ENABLE_DOWNLOAD_TOKEN` INT(1) COMMENT '是否通过临时Token下载',
`IS_ENABLE_USER_SEPARATE` INT(1) COMMENT '是否禁止删除他人上传文件',
`FILE_REPOSITORY_ID` VARCHAR(50) COMMENT '指定文件存储库id',
`SUB_DIR_FORMAT` VARCHAR(50) COMMENT '存储路径生成规则',
`IS_ENABLE_IMAGE_COMPRESS` INT(10) COMMENT '是否启用图片压缩上传',
`COMPRESSED_IMAGE_WIDTH` INT(10) COMMENT '图片压缩宽度',
`COMPRESSED_IMAGE_HEIGHT` INT(10) COMMENT '图片压缩高度',
`COMPRESS_IMAGE_SIZE` BIGINT(19) COMMENT '启用图片压缩的图片大小',
`IS_ENABLE_PREVIEW` INT(1) COMMENT '是否启用文件预览',
`IS_ENABLE_REVIEW` INT(1) COMMENT '是否启用附件审查',
`SIGN` VARCHAR(50) COMMENT '数据签名',
`CREATE_USER` VARCHAR(50) COMMENT '创建用户id',
`CREATE_TIME` DATETIME(6) COMMENT '创建时间',
`UPDATE_TIME` DATETIME(6) COMMENT '更新时间',
`REMARK` VARCHAR(200) COMMENT '备注',
`DATA_VERSION` INT(10) DEFAULT 0 COMMENT '数据版本',
`ALLOW_UPLOAD_API` VARCHAR(50) COMMENT '允许上传验证API',
`ALLOW_DOWNLOAD_API` VARCHAR(50) COMMENT '允许下载验证API',
`ALLOW_DELETE_API` VARCHAR(50) COMMENT '允许删除验证API',
PRIMARY KEY(`ID`),
CONSTRAINT `UK_FILE_CONFIGURATION_APP_KEY` UNIQUE(`APP_ID`, `CONFIGURATION_KEY`)
)
COMMENT='附件管理-附件配置';


CREATE TABLE `JARIACEPLAT`.`FILE_REPOSITORY`
(
`ID` VARCHAR(50) NOT NULL COMMENT '主键',
`REPOSITORY_KEY` VARCHAR(50) NOT NULL COMMENT '存储库标识',
`REPOSITORY_TYPE` INT(10) COMMENT '存储库类型（0-文件，1-OSS，2-FTP）',
`MAX_SIZE` BIGINT(19) COMMENT '存储库最大容量',
`USED_SIZE` BIGINT(19) COMMENT '已占用空间',
`WARNING_SIZE` BIGINT(19) COMMENT '存储空间不足预警阀值',
`STORAGE_BASE_DIRECTORY` VARCHAR(100) COMMENT '存储根路径',
`OSS_PROVIDER` VARCHAR(50) COMMENT 'OSS提供程序',
`FTP_SERVER_ADDRESS` VARCHAR(50) COMMENT 'FTP服务器',
`FTP_USER_NAME` VARCHAR(50) COMMENT 'FTP登录用户名',
`FTP_PASSWORD` VARCHAR(50) COMMENT 'FTP登录密码',
`CREATE_USER` VARCHAR(50) COMMENT '创建人id',
`CREATE_TIME` DATETIME(6) COMMENT '创建时间',
`UPDATE_TIME` DATETIME(6) COMMENT '更新时间',
`DATA_VERSION` INT(10) COMMENT '数据版本',
`REMARK` VARCHAR(200) COMMENT '备注',
PRIMARY KEY(`ID`)
)
COMMENT='附件管理-文件存储库';


CREATE TABLE `JARIACEPLAT`.`META_TABLE`
(
`ID` VARCHAR(50) NOT NULL COMMENT '主键',
`NAME` VARCHAR(50) COMMENT '表名',
`CAPTION` VARCHAR(500) COMMENT '标题',
`REMARK` VARCHAR(500) COMMENT '备注',
`APP_ID` VARCHAR(50) COMMENT '应用程序',
PRIMARY KEY(`ID`),
CONSTRAINT `FK_META_TABLE_APP_ID` FOREIGN KEY(`APP_ID`) REFERENCES `JARIACEPLAT`.`SYS_GROUP_APP`(`ID`) ON DELETE CASCADE
)
COMMENT='数据表';


CREATE TABLE `JARIACEPLAT`.`META_INDEX`
(
`ID` VARCHAR(50) NOT NULL COMMENT '主键',
`TBL_ID` VARCHAR(50) COMMENT '数据表',
`NAME` VARCHAR(50) COMMENT '名称',
`COLS` VARCHAR(500) COMMENT '包含列',
`IS_UNIQUE` INT(1) COMMENT '是否唯一',
`ALERT_MSG` VARCHAR(500) COMMENT '违例消息',
PRIMARY KEY(`ID`),
CONSTRAINT `FK_META_INDEX_TBL_ID` FOREIGN KEY(`TBL_ID`) REFERENCES `JARIACEPLAT`.`META_TABLE`(`ID`) ON DELETE CASCADE
)
COMMENT='索引信息';


CREATE TABLE `JARIACEPLAT`.`META_ASSOCIATION`
(
`ID` VARCHAR(50) NOT NULL COMMENT '主键',
`NAME` VARCHAR(50) COMMENT '关联名',
`TABLE_ID` VARCHAR(50) COMMENT '表Id',
`REF_INDEX_ID` VARCHAR(50) COMMENT '引用索引ID',
`DELETE_ACTION` VARCHAR(50) COMMENT '引用值删除时',
`COLUMNS` VARCHAR(4000) COMMENT '外键列',
`REF_TABLE_ID` VARCHAR(50) COMMENT '引用表id',
PRIMARY KEY(`ID`),
CONSTRAINT `FK_META_ASS_REF_INDEX_ID` FOREIGN KEY(`REF_INDEX_ID`) REFERENCES `JARIACEPLAT`.`META_INDEX`(`ID`) ON DELETE CASCADE ,
CONSTRAINT `FK_META_ASS_REF_TABLE_ID` FOREIGN KEY(`REF_TABLE_ID`) REFERENCES `JARIACEPLAT`.`META_TABLE`(`ID`) ON DELETE CASCADE ,
CONSTRAINT `FK_META_ASSOCIATION_TABLE_ID` FOREIGN KEY(`TABLE_ID`) REFERENCES `JARIACEPLAT`.`META_TABLE`(`ID`) ON DELETE CASCADE
)
COMMENT='数据关联定义';



CREATE TABLE `JARIACEPLAT`.`META_COLUMN`
(
`ID` VARCHAR(50) NOT NULL COMMENT '主键',
`TBL_ID` VARCHAR(50) COMMENT '数据表',
`NAME` VARCHAR(50) COMMENT '列名',
`CAPTION` VARCHAR(500) COMMENT '列标题',
`DATA_TYPE` VARCHAR(50) COMMENT '数据类型',
`DATA_SIZE` INT(10) COMMENT '最大长度',
`DATA_SCALE` INT(10) COMMENT '精度',
`NULLABLE` INT(1) COMMENT '能否为空',
`DEFAULT_VALUE` VARCHAR(100) COMMENT '缺省值',
`REMARK` VARCHAR(500) COMMENT '备注',
`IS_SYSCOL` INT(1) DEFAULT 0 COMMENT '是否系统字段',
`SORT_INDEX` INT(10) COMMENT '序号',
`DICT_ID` VARCHAR(50) COMMENT '枚举字典',
`REF_ID` VARCHAR(50) COMMENT '引用字典',
`EMPTY_TEXT` VARCHAR(4000) COMMENT '空值注释',
`MIN_NUMBER_VALUE` NUMERIC(18,10) COMMENT '最小值',
`MAX_NUMBER_VALUE` NUMERIC(18,10) COMMENT '最大值',
`MIN_DATE_VALUE` DATE COMMENT '最小值',
`MAX_DATE_VALUE` DATE COMMENT '最大值',
`STRING_REGEX` VARCHAR(4000) COMMENT '正则表达式',
`STRING_REGEX_IGNORE_CASE` INT(1) COMMENT '忽略大小写',
`STRING_REGEX_FAIL_MSG` VARCHAR(4000) COMMENT '验证失败提示',
`ENABLE_MULTI_SELECTION` INT(1) COMMENT '允许多选',
`FORCE_SELECTION` INT(1) DEFAULT 1 COMMENT '强制选择',
`ALLOW_EDIT` INT(1) COMMENT '允许编辑',
`MIN_LENGTH` INT(28) COMMENT '最短长度',
`COMPARE_FIELD` VARCHAR(4000) COMMENT '比较字段',
`COMPARE_OPERATOR` VARCHAR(50) COMMENT '比较操作',
`COMPARE_FAIL_MSG` VARCHAR(4000) COMMENT '验证失败消息',
`STRING_FORMAT` VARCHAR(50) COMMENT '预设格式',
`MULTI_SEL_SEPERATOR` VARCHAR(100) DEFAULT ',' COMMENT '多选值分隔符',
`REF_TBL_ID` VARCHAR(50) COMMENT '引用表',
`SHOW_TIME` INT(1) COMMENT '显示时间',
`DATE_TIME_FORMAT` VARCHAR(100) DEFAULT 'yyyy-MM-dd' COMMENT '日期格式',
PRIMARY KEY(`ID`),
CONSTRAINT `FK_META_COLUMN_TBL_ID` FOREIGN KEY(`TBL_ID`) REFERENCES `JARIACEPLAT`.`META_TABLE`(`ID`) ON DELETE CASCADE ,
CONSTRAINT `FK_META_COLUMN_REF_TBL_ID` FOREIGN KEY(`REF_TBL_ID`) REFERENCES `JARIACEPLAT`.`META_TABLE`(`ID`) ON DELETE SET NULL
)
COMMENT='数据列';



CREATE TABLE `JARIACEPLAT`.`META_VIEW`
(
`ID` VARCHAR(50) NOT NULL COMMENT '主键',
`NAME` VARCHAR(50) COMMENT '视图名称',
`CAPTION` VARCHAR(50) COMMENT '标题',
`REMARK` VARCHAR(500) COMMENT '备注',
`APP_ID` VARCHAR(50) COMMENT '应用程序',
`SQLSTR` LONGTEXT COMMENT '视图SQL',
PRIMARY KEY(`ID`),
CONSTRAINT `FK_META_VIEW_APP_ID` FOREIGN KEY(`APP_ID`) REFERENCES `JARIACEPLAT`.`SYS_GROUP_APP`(`ID`) ON DELETE CASCADE
)
COMMENT='视图';


CREATE TABLE `JARIACEPLAT`.`META_VIEW_COL`
(
`ID` VARCHAR(50) NOT NULL COMMENT '主键',
`NAME` VARCHAR(50) COMMENT '名称',
`CAPTION` VARCHAR(2000) COMMENT '标题',
`VIEW_ID` VARCHAR(50) COMMENT '视图',
`IS_SYSCOL` INT(1) COMMENT '是否系统列',
`SORT_INDEX` INT(10) COMMENT '序号',
`DICT_ID` VARCHAR(50) COMMENT '字典',
`DATA_TYPE` VARCHAR(50) COMMENT '数据类型',
PRIMARY KEY(`ID`),
CONSTRAINT `FK_META_VIEW_COL_VIEW_ID` FOREIGN KEY(`VIEW_ID`) REFERENCES `JARIACEPLAT`.`META_VIEW`(`ID`) ON DELETE CASCADE
)
COMMENT='视图列';


CREATE TABLE `JARIACEPLAT`.`ORG_ADMIN_ORG`
(
`ID` VARCHAR(50) NOT NULL COMMENT '主键',
`PARENT_ID` VARCHAR(50) COMMENT '上级行政组织主键',
`ORGANIZATION_ID` VARCHAR(50) NOT NULL COMMENT '所属组织主键',
`VERSION_ID` VARCHAR(50) COMMENT '版本主键',
`NAME` VARCHAR(200) NOT NULL COMMENT '名称',
`SHORT_NAME` VARCHAR(50) COMMENT '简称',
`CREATE_USER` VARCHAR(50) COMMENT '创建人id',
`CREATE_TIME` DATETIME(6) COMMENT '创建时间',
`UPDATE_TIME` VARCHAR(50) COMMENT '更新时间',
`GROUP_ID` VARCHAR(50) NOT NULL COMMENT '所属集团主键',
`CODE` VARCHAR(50) COMMENT '编码',
`DATA_VERSION` INT(10) DEFAULT 0 COMMENT '数据版本',
PRIMARY KEY(`ID`),
CONSTRAINT `FK_ORG_ADMIN_ORG_ORG_ID` FOREIGN KEY(`ORGANIZATION_ID`) REFERENCES `JARIACEPLAT`.`ORG_ORGANIZATION`(`ID`) ON DELETE CASCADE ,
CONSTRAINT `FK_ORG_ADMIN_ORG_GROUP_ID` FOREIGN KEY(`GROUP_ID`) REFERENCES `JARIACEPLAT`.`ORG_GROUP`(`ID`) ON DELETE CASCADE ,
CONSTRAINT `UK_ORG_ADMIN_ORG_CODE` UNIQUE(`CODE`)
)
COMMENT='组织-行政组织';


CREATE TABLE `JARIACEPLAT`.`ORG_ADMIN_ORG_V`
(
`ID` VARCHAR(50) NOT NULL COMMENT '主键',
`PARENT_ID` VARCHAR(50) COMMENT '上级行政组织主键',
`ORGANIZATION_ID` VARCHAR(50) NOT NULL COMMENT '所属组织主键',
`ADMIN_ORG_ID` VARCHAR(50) COMMENT '行政组织主键',
`NAME` VARCHAR(200) NOT NULL COMMENT '名称',
`SHORT_NAME` VARCHAR(50) COMMENT '简称',
`CREATE_USER` VARCHAR(50) COMMENT '创建人id',
`CREATE_TIME` DATETIME(6) COMMENT '创建时间',
`UPDATE_TIME` VARCHAR(50) COMMENT '更新时间',
`VERSION_NO` VARCHAR(50) COMMENT '版本编号',
`VERSION_NAME` VARCHAR(50) COMMENT '版本名称',
`VERSION_BEGIN_DATE` DATE COMMENT '版本生效日期',
`VERSION_END_DATE` DATE COMMENT '版本失效日期',
`GROUP_ID` VARCHAR(50) NOT NULL COMMENT '所属集团主键',
`IS_LAST_VERSION` INT(1) COMMENT '是否最新版本',
`CODE` VARCHAR(50) COMMENT '编码',
`VERSION_BEGIN_USER_ID` VARCHAR(50) COMMENT '版本启用人主键',
`VERSION_END_USER_ID` VARCHAR(50) COMMENT '版本停用人主键',
PRIMARY KEY(`ID`),
CONSTRAINT `FK_ORG_ADMIN_ORG_V_GROUP_ID` FOREIGN KEY(`GROUP_ID`) REFERENCES `JARIACEPLAT`.`ORG_GROUP`(`ID`) ON DELETE CASCADE
)
COMMENT='组织-行政组织版本';


CREATE TABLE `JARIACEPLAT`.`ORG_ASSET_ORG`
(
`ID` VARCHAR(50) NOT NULL COMMENT '主键',
`PARENT_ID` VARCHAR(50) COMMENT '上级资产组织主键',
`ORGANIZATION_ID` VARCHAR(50) COMMENT '所属组织主键',
`VERSION_ID` VARCHAR(50) COMMENT '版本主键',
`NAME` VARCHAR(200) COMMENT '名称',
`SHORT_NAME` VARCHAR(50) COMMENT '简称',
`CREATE_USER` VARCHAR(50) COMMENT '创建人id',
`CREATE_TIME` DATETIME(6) COMMENT '创建时间',
`UPDATE_TIME` VARCHAR(50) COMMENT '更新时间',
`GROUP_ID` VARCHAR(50) COMMENT '所属集团主键',
`FINANCE_ID` VARCHAR(50) COMMENT '默认财务组织主键',
`CODE` VARCHAR(50) COMMENT '编码',
`DATA_VERSION` INT(10) DEFAULT 0 COMMENT '数据版本',
PRIMARY KEY(`ID`),
CONSTRAINT `FK_ORG_ASSET_ORG_ORG_ID` FOREIGN KEY(`ORGANIZATION_ID`) REFERENCES `JARIACEPLAT`.`ORG_ORGANIZATION`(`ID`) ON DELETE CASCADE ,
CONSTRAINT `FK_ORG_ASSET_ORG_GROUP_ID` FOREIGN KEY(`GROUP_ID`) REFERENCES `JARIACEPLAT`.`ORG_GROUP`(`ID`) ON DELETE CASCADE ,
CONSTRAINT `UK_ORG_ASSET_ORG_CODE` UNIQUE(`CODE`)
)
COMMENT='组织-资产组织';


CREATE TABLE `JARIACEPLAT`.`ORG_ASSET_ORG_V`
(
`ID` VARCHAR(50) NOT NULL COMMENT '主键',
`PARENT_ID` VARCHAR(50) COMMENT '上级资产组织主键',
`ORGANIZATION_ID` VARCHAR(50) COMMENT '所属组织主键',
`ASSET_ORG_ID` VARCHAR(50) COMMENT '资产组织主键',
`NAME` VARCHAR(200) COMMENT '名称',
`SHORT_NAME` VARCHAR(50) COMMENT '简称',
`CREATE_USER` VARCHAR(50) COMMENT '创建人id',
`CREATE_TIME` DATETIME(6) COMMENT '创建时间',
`UPDATE_TIME` VARCHAR(50) COMMENT '更新时间',
`GROUP_ID` VARCHAR(50) COMMENT '所属集团主键',
`FINANCE_ID` VARCHAR(50) COMMENT '默认财务组织主键',
`IS_LAST_VERSION` INT(1) COMMENT '是否最新版本',
`CODE` VARCHAR(50) COMMENT '编码',
`VERSION_NO` VARCHAR(50) COMMENT '版本编号',
`VERSION_NAME` VARCHAR(50) COMMENT '版本名称',
`VERSION_BEGIN_DATE` DATE COMMENT '版本启用日期',
`VERSION_END_DATE` DATE COMMENT '版本停用日期',
`VERSION_BEGIN_USER_ID` VARCHAR(50) COMMENT '版本启用人主键',
`VERSION_END_USER_ID` VARCHAR(50) COMMENT '版本停用人主键',
PRIMARY KEY(`ID`),
CONSTRAINT `FK_ORG_ASSET_ORG_V_GROUP_ID` FOREIGN KEY(`GROUP_ID`) REFERENCES `JARIACEPLAT`.`ORG_GROUP`(`ID`) ON DELETE CASCADE
)
COMMENT='组织-资产组织版本';


CREATE TABLE `JARIACEPLAT`.`ORG_FACTORY_ORG`
(
`ID` VARCHAR(50) NOT NULL COMMENT '主键',
`ORGANIZATION_ID` VARCHAR(50) NOT NULL COMMENT '所属组织主键',
`VERSION_ID` VARCHAR(50) COMMENT '版本主键',
`NAME` VARCHAR(200) NOT NULL COMMENT '名称',
`SHORT_NAME` VARCHAR(50) COMMENT '简称',
`CREATE_USER` VARCHAR(50) COMMENT '创建人id',
`CREATE_TIME` DATETIME(6) COMMENT '创建时间',
`UPDATE_TIME` DATETIME(6) COMMENT '更新时间',
`GROUP_ID` VARCHAR(50) NOT NULL COMMENT '所属集团主键',
`CODE` VARCHAR(50) COMMENT '编码',
`DATA_VERSION` INT(10) DEFAULT 0 COMMENT '数据版本',
PRIMARY KEY(`ID`),
CONSTRAINT `FK_ORG_FACTORY_ORG_ORG_ID` FOREIGN KEY(`ORGANIZATION_ID`) REFERENCES `JARIACEPLAT`.`ORG_ORGANIZATION`(`ID`) ON DELETE CASCADE ,
CONSTRAINT `FK_ORG_FACTORY_ORG_GROUP_ID` FOREIGN KEY(`GROUP_ID`) REFERENCES `JARIACEPLAT`.`ORG_GROUP`(`ID`) ON DELETE CASCADE ,
CONSTRAINT `UK_ORG_FACTORY_ORG_CODE` UNIQUE(`CODE`)
)
COMMENT='组织-工厂组织';


CREATE TABLE `JARIACEPLAT`.`ORG_FACTORY_ORG_V`
(
`ID` VARCHAR(50) NOT NULL COMMENT '主键',
`ORGANIZATION_ID` VARCHAR(50) NOT NULL COMMENT '所属组织主键',
`FACTORY_ORG_ID` VARCHAR(50) COMMENT '工厂组织主键',
`NAME` VARCHAR(200) NOT NULL COMMENT '名称',
`SHORT_NAME` VARCHAR(50) COMMENT '简称',
`CREATE_USER` VARCHAR(50) COMMENT '创建人id',
`CREATE_TIME` DATETIME(6) COMMENT '创建时间',
`UPDATE_TIME` VARCHAR(50) COMMENT '更新时间',
`VERSION_NO` VARCHAR(50) COMMENT '版本编号',
`VERSION_NAME` VARCHAR(50) COMMENT '版本名称',
`VERSION_BEGIN_DATE` DATE COMMENT '版本生效日期',
`VERSION_END_DATE` DATE COMMENT '版本失效日期',
`GROUP_ID` VARCHAR(50) NOT NULL COMMENT '所属集团主键',
`IS_LAST_VERSION` INT(1) COMMENT '是否最新版本',
`CODE` VARCHAR(50) COMMENT '编码',
`VERSION_BEGIN_USER_ID` VARCHAR(50) COMMENT '版本启用人主键',
`VERSION_END_USER_ID` VARCHAR(50) COMMENT '版本停用人主键',
PRIMARY KEY(`ID`),
CONSTRAINT `FK_ORG_FACTORY_ORG_V_GROUP_ID` FOREIGN KEY(`GROUP_ID`) REFERENCES `JARIACEPLAT`.`ORG_GROUP`(`ID`) ON DELETE CASCADE
)
COMMENT='组织-工厂组织版本';


CREATE TABLE `JARIACEPLAT`.`ORG_FINANCE_ORG`
(
`ID` VARCHAR(50) NOT NULL COMMENT '主键',
`PARENT_ID` VARCHAR(50) COMMENT '上级财务组织主键',
`ORGANIZATION_ID` VARCHAR(50) COMMENT '所属组织主键',
`VERSION_ID` VARCHAR(50) COMMENT '版本主键',
`NAME` VARCHAR(200) COMMENT '名称',
`SHORT_NAME` VARCHAR(50) COMMENT '简称',
`CREATE_USER` VARCHAR(50) COMMENT '创建人id',
`CREATE_TIME` DATETIME(6) COMMENT '创建时间',
`UPDATE_TIME` DATETIME(6) COMMENT '更新时间',
`GROUP_ID` VARCHAR(50) COMMENT '所属集团主键',
`TAX_PAYER_CODE` VARCHAR(50) COMMENT '纳税人识别号',
`TAX_PAYER_CODE_V` VARCHAR(50) COMMENT '纳税人识别号',
`IS_TAX_ORG` INT(1) COMMENT '是否税务组织',
`CODE` VARCHAR(50) COMMENT '编码',
`DATA_VERSION` INT(10) DEFAULT 0 COMMENT '数据版本',
PRIMARY KEY(`ID`),
CONSTRAINT `FK_ORG_FINANCE_ORG_GROUP_ID` FOREIGN KEY(`GROUP_ID`) REFERENCES `JARIACEPLAT`.`ORG_GROUP`(`ID`) ON DELETE CASCADE ,
CONSTRAINT `UK_ORG_FINANCE_ORG_CODE` UNIQUE(`CODE`)
)
COMMENT='组织-财务组织';


CREATE TABLE `JARIACEPLAT`.`ORG_FINANCE_ORG_V`
(
`ID` VARCHAR(50) NOT NULL COMMENT '主键',
`PARENT_ID` VARCHAR(50) COMMENT '上级财务组织主键',
`ORGANIZATION_ID` VARCHAR(50) COMMENT '所属组织主键',
`FINANCE_ORG_ID` VARCHAR(50) COMMENT '财务组织主键',
`NAME` VARCHAR(200) COMMENT '名称',
`SHORT_NAME` VARCHAR(50) COMMENT '简称',
`CREATE_USER` VARCHAR(50) COMMENT '创建人id',
`CREATE_TIME` DATETIME(6) COMMENT '创建时间',
`UPDATE_TIME` VARCHAR(50) COMMENT '更新时间',
`GROUP_ID` VARCHAR(50) COMMENT '所属集团主键',
`IS_TAX_ORG` INT(1) COMMENT '是否税务组织',
`IS_LAST_VERSION` INT(1) COMMENT '是否最新版本',
`VERSION_BEGIN_USER_ID` VARCHAR(50) COMMENT '版本启用人主键',
`VERSION_END_USER_ID` VARCHAR(50) COMMENT '版本停用人主键',
PRIMARY KEY(`ID`),
CONSTRAINT `FK_ORG_FINANCE_ORG_V_GROUP_ID` FOREIGN KEY(`GROUP_ID`) REFERENCES `JARIACEPLAT`.`ORG_GROUP`(`ID`) ON DELETE CASCADE
)
COMMENT='组织-财务组织版本';

CREATE TABLE `JARIACEPLAT`.`ORG_HR_ORG`
(
`ID` VARCHAR(50) NOT NULL COMMENT '主键',
`PARENT_ID` VARCHAR(50) COMMENT '上级人力资源组织主键',
`GROUP_ID` VARCHAR(50) COMMENT '所属集团主键',
`ORGANIZATION_ID` VARCHAR(50) COMMENT '所属组织主键',
`CODE` VARCHAR(50) COMMENT '编码',
`NAME` VARCHAR(200) COMMENT '名称',
`SHORT_NAME` VARCHAR(50) COMMENT '简称',
`VERSION_ID` VARCHAR(50) COMMENT '版本主键',
`CREATE_USER` VARCHAR(50) COMMENT '创建人id',
`CREATE_TIME` DATETIME(6) COMMENT '创建时间',
`UPDATE_TIME` DATETIME(6) COMMENT '更新时间',
`DATA_VERSION` INT(10) DEFAULT 0 COMMENT '数据版本',
PRIMARY KEY(`ID`),
CONSTRAINT `FK_ORG_HR_ORG_GROUP_ID` FOREIGN KEY(`GROUP_ID`) REFERENCES `JARIACEPLAT`.`ORG_GROUP`(`ID`) ON DELETE CASCADE ,
CONSTRAINT `FK_ORG_HR_ORG_CODE` UNIQUE(`CODE`),
CONSTRAINT `FK_ORG_HR_ORG_ORG_ID` FOREIGN KEY(`ORGANIZATION_ID`) REFERENCES `JARIACEPLAT`.`ORG_ORGANIZATION`(`ID`) ON DELETE CASCADE
)
COMMENT='组织-人力资源组织';


CREATE TABLE `JARIACEPLAT`.`ORG_HR_ORG_V`
(
`ID` VARCHAR(50) NOT NULL COMMENT '主键',
`PARENT_ID` VARCHAR(50) COMMENT '上级人力资源组织主键',
`GROUP_ID` VARCHAR(50) COMMENT '所属集团主键',
`ORGANIZATION_ID` VARCHAR(50) COMMENT '所属组织主键',
`CODE` VARCHAR(50) COMMENT '所属组织主键',
`NAME` VARCHAR(200) COMMENT '名称',
`SHORT_NAME` VARCHAR(50) COMMENT '简称',
`HR_ORG_ID` VARCHAR(50) COMMENT '人力资源组织主键',
`CREATE_USER` VARCHAR(50) COMMENT '创建人id',
`CREATE_TIME` DATETIME(6) COMMENT '创建时间',
`UPDATE_TIME` DATETIME(6) COMMENT '更新时间',
`VERSION_NAME` VARCHAR(50) COMMENT '版本名称',
`VERSION_BEGIN_DATE` DATE COMMENT '版本生效日期',
`VERSION_END_DATE` DATE COMMENT '版本失效日期',
`VERSION_NO` VARCHAR(50) COMMENT '版本编号',
`IS_LAST_VERSION` INT(1) COMMENT '是否最新版本',
`VERSION_BEGIN_USER_ID` VARCHAR(50) COMMENT '版本启用人主键',
`VERSION_END_USER_ID` VARCHAR(50) COMMENT '版本停用人主键',
PRIMARY KEY(`ID`),
CONSTRAINT `FK_ORG_HR_ORG_V_GROUP_ID` FOREIGN KEY(`GROUP_ID`) REFERENCES `JARIACEPLAT`.`ORG_GROUP`(`ID`) ON DELETE CASCADE
)
COMMENT='组织-人力资源组织版本';

CREATE TABLE `JARIACEPLAT`.`ORG_MAINTAIN_ORG`
(
`ID` VARCHAR(50) NOT NULL COMMENT '主键',
`FINANCE_ORG_ID` VARCHAR(50) COMMENT '默认财务组织主键',
`ORGANIZATION_ID` VARCHAR(50) NOT NULL COMMENT '所属组织主键',
`VERSION_ID` VARCHAR(50) COMMENT '版本主键',
`NAME` VARCHAR(200) NOT NULL COMMENT '名称',
`SHORT_NAME` VARCHAR(50) COMMENT '简称',
`CREATE_USER` VARCHAR(50) COMMENT '创建人id',
`CREATE_TIME` DATETIME(6) COMMENT '创建时间',
`UPDATE_TIME` VARCHAR(50) COMMENT '更新时间',
`GROUP_ID` VARCHAR(50) NOT NULL COMMENT '所属集团主键',
`CODE` VARCHAR(50) COMMENT '编码',
`REMARK` VARCHAR(2000) COMMENT '备注',
`DATA_VERSION` INT(10) DEFAULT 0 COMMENT '数据版本',
PRIMARY KEY(`ID`),
CONSTRAINT `FK_ORG_MAINTAIN_ORG_ORG_ID` FOREIGN KEY(`ORGANIZATION_ID`) REFERENCES `JARIACEPLAT`.`ORG_ORGANIZATION`(`ID`) ON DELETE CASCADE ,
CONSTRAINT `FK_ORG_MAINTAIN_ORG_GROUP_ID` FOREIGN KEY(`GROUP_ID`) REFERENCES `JARIACEPLAT`.`ORG_GROUP`(`ID`) ON DELETE CASCADE ,
CONSTRAINT `UK_ORG_MAINTAIN_ORG_CODE` UNIQUE(`CODE`)
)
COMMENT='组织-维修组织';


CREATE TABLE `JARIACEPLAT`.`ORG_MAINTAIN_ORG_V`
(
`ID` VARCHAR(50) NOT NULL COMMENT '主键',
`FINANCE_ORG_ID` VARCHAR(50) COMMENT '默认财务组织主键',
`ORGANIZATION_ID` VARCHAR(50) NOT NULL COMMENT '所属组织主键',
`MAINTAIN_ORG_ID` VARCHAR(50) COMMENT '维修组织主键',
`NAME` VARCHAR(200) NOT NULL COMMENT '名称',
`SHORT_NAME` VARCHAR(50) COMMENT '简称',
`CREATE_USER` VARCHAR(50) COMMENT '创建人id',
`CREATE_TIME` DATETIME(6) COMMENT '创建时间',
`UPDATE_TIME` VARCHAR(50) COMMENT '更新时间',
`VERSION_NO` VARCHAR(50) COMMENT '版本编号',
`VERSION_NAME` VARCHAR(50) COMMENT '版本名称',
`VERSION_BEGIN_DATE` DATE COMMENT '版本生效日期',
`VERSION_END_DATE` DATE COMMENT '版本失效日期',
`GROUP_ID` VARCHAR(50) NOT NULL COMMENT '所属集团主键',
`IS_LAST_VERSION` INT(1) COMMENT '是否最新版本',
`CODE` VARCHAR(50) COMMENT '编码',
`VERSION_BEGIN_USER_ID` VARCHAR(50) COMMENT '版本启用人主键',
`VERSION_END_USER_ID` VARCHAR(50) COMMENT '版本停用人主键',
`REMARK` VARCHAR(2000) COMMENT '备注',
PRIMARY KEY(`ID`),
CONSTRAINT `FK_ORG_MAINTAIN_ORG_V_GID` FOREIGN KEY(`GROUP_ID`) REFERENCES `JARIACEPLAT`.`ORG_GROUP`(`ID`) ON DELETE CASCADE
)
COMMENT='组织-维修组织版本';



CREATE TABLE `JARIACEPLAT`.`ORG_ORGANIZATION_TYPE`
(
`ID` VARCHAR(50) NOT NULL COMMENT '主键',
`IS_CORPORATION` INT(1) COMMENT '是否法人公司组织',
`IS_PROJECT` INT(1) COMMENT '是否项目组织',
`IS_ASSET` INT(1) COMMENT '是否固定资产组织',
`IS_SALES` INT(1) COMMENT '是否销售组织',
`IS_STOCK` INT(1) COMMENT '是否库存组织',
`IS_PURCHASE` INT(1) COMMENT '是否采购组织',
`IS_QC` INT(1) COMMENT '是否质检组织',
`IS_TRAFFIC` INT(1) COMMENT '是否物流组织',
`IS_MAINTAIN` INT(1) COMMENT '是否维修组织',
`IS_HR` INT(1) COMMENT '是否人力资源组织',
`IS_ADMINISTRATION` INT(1) COMMENT '是否行政组织',
`IS_FACTORY` INT(1) COMMENT '是否工厂组织',
`IS_GROUP` INT(1) COMMENT '是否集团组织',
`IS_FINANCE` INT(1) COMMENT '是否财务组织',
`DATA_VERSION` INT(10) DEFAULT 0 COMMENT '数据版本',
`IS_DEPARTMENT` INT(1) COMMENT '是否部门',
PRIMARY KEY(`ID`),
CONSTRAINT `FK_ORG_ORGANIZATION_TYPE_ID` FOREIGN KEY(`ID`) REFERENCES `JARIACEPLAT`.`ORG_ORGANIZATION`(`ID`) ON DELETE CASCADE
)
COMMENT='组织-组织-职能';


CREATE TABLE `JARIACEPLAT`.`ORG_ORGANIZATION_V_TYPE`
(
`ID` VARCHAR(50) NOT NULL COMMENT '主键',
`IS_CORPORATION` INT(1) COMMENT '是否法人公司组织',
`IS_PROJECT` INT(1) COMMENT '是否项目组织',
`IS_ASSET` INT(1) COMMENT '是否固定资产组织',
`IS_SALES` INT(1) COMMENT '是否销售组织',
`IS_STOCK` INT(1) COMMENT '是否库存组织',
`IS_PURCHASE` INT(1) COMMENT '是否采购组织',
`IS_QC` INT(1) COMMENT '是否质检组织',
`IS_TRAFFIC` INT(1) COMMENT '是否物流组织',
`IS_MAINTAIN` INT(1) COMMENT '是否维修组织',
`IS_HR` INT(1) COMMENT '是否人力资源组织',
`IS_ADMINISTRATION` INT(1) COMMENT '是否行政组织',
`IS_FACTORY` INT(1) COMMENT '是否工厂组织',
`IS_GROUP` INT(1) COMMENT '是否集团组织',
`IS_FINANCE` INT(1) COMMENT '是否财务组织',
`IS_DEPARTMENT` INT(1) COMMENT '是否部门',
PRIMARY KEY(`ID`),
CONSTRAINT `FK_ORG_ORGANIZATION_V_TYPE_ID` FOREIGN KEY(`ID`) REFERENCES `JARIACEPLAT`.`ORG_ORGANIZATION_V`(`ID`) ON DELETE CASCADE
)
COMMENT='组织-组织-职能';


CREATE TABLE `JARIACEPLAT`.`ORG_PROJECT_ORG`
(
`ID` VARCHAR(50) NOT NULL COMMENT '主键',
`PARENT_ID` VARCHAR(50) COMMENT '上级项目组织主键',
`ORGANIZATION_ID` VARCHAR(50) NOT NULL COMMENT '所属组织主键',
`VERSION_ID` VARCHAR(50) COMMENT '版本主键',
`NAME` VARCHAR(200) NOT NULL COMMENT '名称',
`SHORT_NAME` VARCHAR(50) COMMENT '简称',
`CREATE_USER` VARCHAR(50) COMMENT '创建人id',
`CREATE_TIME` DATETIME(6) COMMENT '创建时间',
`UPDATE_TIME` VARCHAR(50) COMMENT '更新时间',
`GROUP_ID` VARCHAR(50) NOT NULL COMMENT '所属集团主键',
`CODE` VARCHAR(50) COMMENT '编码',
`REMARK` VARCHAR(2000) COMMENT '备注',
`DATA_VERSION` INT(10) DEFAULT 0 COMMENT '数据版本',
PRIMARY KEY(`ID`),
CONSTRAINT `FK_ORG_PROJECT_ORG_ORG_ID` FOREIGN KEY(`ORGANIZATION_ID`) REFERENCES `JARIACEPLAT`.`ORG_ORGANIZATION`(`ID`) ON DELETE CASCADE ,
CONSTRAINT `FK_ORG_PROJECT_ORG_GROUP_ID` FOREIGN KEY(`GROUP_ID`) REFERENCES `JARIACEPLAT`.`ORG_GROUP`(`ID`) ON DELETE CASCADE ,
CONSTRAINT `UK_ORG_PROJECT_ORG_CODE` UNIQUE(`CODE`)
)
COMMENT='组织-项目组织';


CREATE TABLE `JARIACEPLAT`.`ORG_PROJECT_ORG_V`
(
`ID` VARCHAR(50) NOT NULL COMMENT '主键',
`PARENT_ID` VARCHAR(50) COMMENT '上级项目组织主键',
`ORGANIZATION_ID` VARCHAR(50) NOT NULL COMMENT '所属组织主键',
`PROJECT_ORG_ID` VARCHAR(50) COMMENT '所属组织主键',
`NAME` VARCHAR(200) NOT NULL COMMENT '名称',
`SHORT_NAME` VARCHAR(50) COMMENT '简称',
`CREATE_USER` VARCHAR(50) COMMENT '创建人id',
`CREATE_TIME` DATETIME(6) COMMENT '创建时间',
`UPDATE_TIME` VARCHAR(50) COMMENT '更新时间',
`VERSION_NO` VARCHAR(50) COMMENT '版本编号',
`VERSION_NAME` VARCHAR(50) COMMENT '版本名称',
`VERSION_BEGIN_DATE` DATE COMMENT '版本生效日期',
`VERSION_END_DATE` DATE COMMENT '版本失效日期',
`GROUP_ID` VARCHAR(50) NOT NULL COMMENT '所属集团主键',
`IS_LAST_VERSION` INT(1) COMMENT '是否最新版本',
`CODE` VARCHAR(50) COMMENT '编码',
`VERSION_BEGIN_USER_ID` VARCHAR(50) COMMENT '版本启用人主键',
`VERSION_END_USER_ID` VARCHAR(50) COMMENT '版本停用人主键',
`REMARK` VARCHAR(2000) COMMENT '备注',
PRIMARY KEY(`ID`),
CONSTRAINT `FK_ORG_PROJECT_ORG_V_GROUP_ID` FOREIGN KEY(`GROUP_ID`) REFERENCES `JARIACEPLAT`.`ORG_GROUP`(`ID`) ON DELETE CASCADE
)
COMMENT='组织-项目组织版本';


CREATE TABLE `JARIACEPLAT`.`ORG_PURCHASE_ORG`
(
`ID` VARCHAR(50) NOT NULL COMMENT '主键',
`PARENT_ID` VARCHAR(50) COMMENT '上级采购组织主键',
`ORGANIZATION_ID` VARCHAR(50) COMMENT '所属组织主键',
`VERSION_ID` VARCHAR(50) COMMENT '版本主键',
`NAME` VARCHAR(200) COMMENT '名称',
`SHORT_NAME` VARCHAR(50) COMMENT '简称',
`CREATE_USER` VARCHAR(50) COMMENT '创建人id',
`CREATE_TIME` DATETIME(6) COMMENT '创建时间',
`UPDATE_TIME` VARCHAR(50) COMMENT '更新时间',
`GROUP_ID` VARCHAR(50) COMMENT '所属集团主键',
`CODE` VARCHAR(50) COMMENT '编码',
`REMARK` VARCHAR(2000) COMMENT '备注',
`DATA_VERSION` INT(10) DEFAULT 0 COMMENT '数据版本',
PRIMARY KEY(`ID`),
CONSTRAINT `FK_ORG_PURCHASE_ORG_ORG_ID` FOREIGN KEY(`ORGANIZATION_ID`) REFERENCES `JARIACEPLAT`.`ORG_ORGANIZATION`(`ID`) ON DELETE CASCADE ,
CONSTRAINT `FK_ORG_PURCHASE_ORG_GROUP_ID` FOREIGN KEY(`GROUP_ID`) REFERENCES `JARIACEPLAT`.`ORG_GROUP`(`ID`) ON DELETE CASCADE ,
CONSTRAINT `FK_ORG_PURCHASE_ORG_CODE` UNIQUE(`CODE`)
)
COMMENT='组织-采购组织';


CREATE TABLE `JARIACEPLAT`.`ORG_PURCHASE_ORG_V`
(
`ID` VARCHAR(50) NOT NULL COMMENT '主键',
`PARENT_ID` VARCHAR(50) COMMENT '上级采购组织主键',
`ORGANIZATION_ID` VARCHAR(50) COMMENT '所属组织主键',
`PURCHASE_ORG_ID` VARCHAR(50) COMMENT '采购组织主键',
`NAME` VARCHAR(200) COMMENT '名称',
`SHORT_NAME` VARCHAR(50) COMMENT '简称',
`CREATE_USER` VARCHAR(50) COMMENT '创建人id',
`CREATE_TIME` DATETIME(6) COMMENT '创建时间',
`UPDATE_TIME` VARCHAR(50) COMMENT '更新时间',
`GROUP_ID` VARCHAR(50) COMMENT '所属集团主键',
`IS_LAST_VERSION` INT(1) COMMENT '是否最新版本',
`VERSION_BEGIN_USER_ID` VARCHAR(50) COMMENT '版本启用人主键',
`VERSION_END_USER_ID` VARCHAR(50) COMMENT '版本停用人主键',
`REMARK` VARCHAR(2000) COMMENT '备注',
PRIMARY KEY(`ID`),
CONSTRAINT `FK_ORG_PURCHASE_ORG_V_GID` FOREIGN KEY(`GROUP_ID`) REFERENCES `JARIACEPLAT`.`ORG_GROUP`(`ID`) ON DELETE CASCADE
)
COMMENT='组织-采购组织版本';



CREATE TABLE `JARIACEPLAT`.`ORG_SALES_ORG`
(
`ID` VARCHAR(50) NOT NULL COMMENT '主键',
`PARENT_ID` VARCHAR(50) COMMENT '上级销售组织主键',
`ORGANIZATION_ID` VARCHAR(50) NOT NULL COMMENT '所属组织主键',
`VERSION_ID` VARCHAR(50) COMMENT '版本主键',
`NAME` VARCHAR(200) NOT NULL COMMENT '名称',
`SHORT_NAME` VARCHAR(50) COMMENT '简称',
`CREATE_USER` VARCHAR(50) COMMENT '创建人id',
`CREATE_TIME` DATETIME(6) COMMENT '创建时间',
`UPDATE_TIME` VARCHAR(50) COMMENT '更新时间',
`GROUP_ID` VARCHAR(50) NOT NULL COMMENT '所属集团主键',
`CODE` VARCHAR(50) COMMENT '编码',
`REMARK` VARCHAR(2000) COMMENT '备注',
`DATA_VERSION` INT(10) DEFAULT 0 COMMENT '数据版本',
PRIMARY KEY(`ID`),
CONSTRAINT `FK_ORG_SALES_ORG_ORG_ID` FOREIGN KEY(`ORGANIZATION_ID`) REFERENCES `JARIACEPLAT`.`ORG_ORGANIZATION`(`ID`) ON DELETE CASCADE ,
CONSTRAINT `FK_ORG_SALES_ORG_GROUP_ID` FOREIGN KEY(`GROUP_ID`) REFERENCES `JARIACEPLAT`.`ORG_GROUP`(`ID`) ON DELETE CASCADE ,
CONSTRAINT `UK_ORG_SALES_ORG_CODE` UNIQUE(`CODE`)
)
COMMENT='组织-销售组织';



CREATE TABLE `JARIACEPLAT`.`ORG_SALES_ORG_V`
(
`ID` VARCHAR(50) NOT NULL COMMENT '主键',
`PARENT_ID` VARCHAR(50) COMMENT '上级销售组织主键',
`ORGANIZATION_ID` VARCHAR(50) NOT NULL COMMENT '所属组织主键',
`SALES_ORG_ID` VARCHAR(50) COMMENT '销售组织主键',
`NAME` VARCHAR(200) NOT NULL COMMENT '名称',
`SHORT_NAME` VARCHAR(50) COMMENT '简称',
`CREATE_USER` VARCHAR(50) COMMENT '创建人id',
`CREATE_TIME` DATETIME(6) COMMENT '创建时间',
`UPDATE_TIME` VARCHAR(50) COMMENT '更新时间',
`VERSION_NO` VARCHAR(50) COMMENT '版本编号',
`VERSION_NAME` VARCHAR(50) COMMENT '版本名称',
`VERSION_BEGIN_DATE` DATE COMMENT '版本生效日期',
`VERSION_END_DATE` DATE COMMENT '版本失效日期',
`GROUP_ID` VARCHAR(50) NOT NULL COMMENT '所属集团主键',
`IS_LAST_VERSION` INT(1) COMMENT '是否最新版本',
`CODE` VARCHAR(50) COMMENT '编码',
`VERSION_BEGIN_USER_ID` VARCHAR(50) COMMENT '版本启用人主键',
`VERSION_END_USER_ID` VARCHAR(50) COMMENT '版本停用人主键',
`REMARK` VARCHAR(2000) COMMENT '备注',
PRIMARY KEY(`ID`),
CONSTRAINT `FK_ORG_SALES_ORG_V_GROUP_ID` FOREIGN KEY(`GROUP_ID`) REFERENCES `JARIACEPLAT`.`ORG_GROUP`(`ID`) ON DELETE CASCADE
)
COMMENT='组织-销售组织版本';


CREATE TABLE `JARIACEPLAT`.`ORG_STOCK_ORG`
(
`ID` VARCHAR(50) NOT NULL COMMENT '主键',
`FINANCE_ORG_ID` VARCHAR(50) COMMENT '所属财务组织主键',
`ORGANIZATION_ID` VARCHAR(50) NOT NULL COMMENT '所属组织主键',
`VERSION_ID` VARCHAR(50) COMMENT '版本主键',
`NAME` VARCHAR(200) NOT NULL COMMENT '名称',
`SHORT_NAME` VARCHAR(50) COMMENT '简称',
`CREATE_USER` VARCHAR(50) COMMENT '创建人id',
`CREATE_TIME` DATETIME(6) COMMENT '创建时间',
`UPDATE_TIME` VARCHAR(50) COMMENT '更新时间',
`GROUP_ID` VARCHAR(50) NOT NULL COMMENT '所属集团主键',
`CODE` VARCHAR(50) COMMENT '编码',
`REMARK` VARCHAR(2000) COMMENT '备注',
`DATA_VERSION` INT(10) DEFAULT 0 COMMENT '数据版本',
PRIMARY KEY(`ID`),
CONSTRAINT `FK_ORG_STOCK_ORG_GROUP_ID` FOREIGN KEY(`GROUP_ID`) REFERENCES `JARIACEPLAT`.`ORG_GROUP`(`ID`) ON DELETE CASCADE ,
CONSTRAINT `UK_ORG_STOCK_ORG_CODE` UNIQUE(`CODE`)
)
COMMENT='组织-库存组织';


CREATE TABLE `JARIACEPLAT`.`ORG_STOCK_ORG_V`
(
`ID` VARCHAR(50) NOT NULL COMMENT '主键',
`FINANCE_ORG_ID` VARCHAR(50) COMMENT '所属财务组织主键',
`ORGANIZATION_ID` VARCHAR(50) NOT NULL COMMENT '所属组织主键',
`STOCK_ORG_ID` VARCHAR(50) COMMENT '库存组织主键',
`NAME` VARCHAR(200) NOT NULL COMMENT '名称',
`SHORT_NAME` VARCHAR(50) COMMENT '简称',
`CREATE_USER` VARCHAR(50) COMMENT '创建人id',
`CREATE_TIME` DATETIME(6) COMMENT '创建时间',
`UPDATE_TIME` VARCHAR(50) COMMENT '更新时间',
`VERSION_NO` VARCHAR(50) COMMENT '版本编号',
`VERSION_NAME` VARCHAR(50) COMMENT '版本名称',
`VERSION_BEGIN_DATE` DATE COMMENT '版本生效日期',
`VERSION_END_DATE` DATE COMMENT '版本失效日期',
`GROUP_ID` VARCHAR(50) NOT NULL COMMENT '所属集团主键',
`IS_LAST_VERSION` INT(1) COMMENT '是否最新版本',
`CODE` VARCHAR(50) COMMENT '编码',
`VERSION_BEGIN_USER_ID` VARCHAR(50) COMMENT '版本启用人主键',
`VERSION_END_USER_ID` VARCHAR(50) COMMENT '版本停用人主键',
`REMARK` VARCHAR(2000) COMMENT '备注',
PRIMARY KEY(`ID`),
CONSTRAINT `FK_ORG_STOCK_ORG_V_GROUP_ID` FOREIGN KEY(`GROUP_ID`) REFERENCES `JARIACEPLAT`.`ORG_GROUP`(`ID`) ON DELETE CASCADE
)
COMMENT='组织-库存组织版本';


CREATE TABLE `JARIACEPLAT`.`ORG_TRAFFIC_ORG`
(
`ID` VARCHAR(50) NOT NULL COMMENT '主键',
`FINANCE_ORG_ID` VARCHAR(50) COMMENT '默认财务组织主键',
`ORGANIZATION_ID` VARCHAR(50) NOT NULL COMMENT '所属组织主键',
`VERSION_ID` VARCHAR(50) COMMENT '版本主键',
`NAME` VARCHAR(200) NOT NULL COMMENT '名称',
`SHORT_NAME` VARCHAR(50) COMMENT '简称',
`CREATE_USER` VARCHAR(50) COMMENT '创建人id',
`CREATE_TIME` DATETIME(6) COMMENT '创建时间',
`UPDATE_TIME` VARCHAR(50) COMMENT '更新时间',
`GROUP_ID` VARCHAR(50) NOT NULL COMMENT '所属集团主键',
`CODE` VARCHAR(50) COMMENT '编码',
`REMARK` VARCHAR(2000) COMMENT '备注',
`DATA_VERSION` INT(10) DEFAULT 0 COMMENT '数据版本',
PRIMARY KEY(`ID`),
CONSTRAINT `FK_ORG_TRAFFIC_ORG_GROUP_ID` FOREIGN KEY(`GROUP_ID`) REFERENCES `JARIACEPLAT`.`ORG_GROUP`(`ID`) ON DELETE CASCADE ,
CONSTRAINT `UK_ORG_TRAFFIC_ORG_CODE` UNIQUE(`CODE`)
)
COMMENT='组织-物流组织';


CREATE TABLE `JARIACEPLAT`.`ORG_TRAFFIC_ORG_V`
(
`ID` VARCHAR(50) NOT NULL COMMENT '主键',
`FINANCE_ORG_ID` VARCHAR(50) COMMENT '默认财务组织主键',
`ORGANIZATION_ID` VARCHAR(50) NOT NULL COMMENT '所属组织主键',
`TRAFFIC_ORG_ID` VARCHAR(50) COMMENT '物流组织主键',
`NAME` VARCHAR(200) NOT NULL COMMENT '名称',
`SHORT_NAME` VARCHAR(50) COMMENT '简称',
`CREATE_USER` VARCHAR(50) COMMENT '创建人id',
`CREATE_TIME` DATETIME(6) COMMENT '创建时间',
`UPDATE_TIME` VARCHAR(50) COMMENT '更新时间',
`VERSION_NO` VARCHAR(50) COMMENT '版本编号',
`VERSION_NAME` VARCHAR(50) COMMENT '版本名称',
`VERSION_BEGIN_DATE` DATE COMMENT '版本生效日期',
`VERSION_END_DATE` DATE COMMENT '版本失效日期',
`GROUP_ID` VARCHAR(50) NOT NULL COMMENT '所属集团主键',
`IS_LAST_VERSION` INT(1) COMMENT '是否最新版本',
`CODE` VARCHAR(50) COMMENT '编码',
`VERSION_BEGIN_USER_ID` VARCHAR(50) COMMENT '版本启用人主键',
`VERSION_END_USER_ID` VARCHAR(50) COMMENT '版本停用人主键',
`REMARK` VARCHAR(2000) COMMENT '备注',
PRIMARY KEY(`ID`),
CONSTRAINT `FK_ORG_TRAFFIC_ORG_V_GROUP_ID` FOREIGN KEY(`GROUP_ID`) REFERENCES `JARIACEPLAT`.`ORG_GROUP`(`ID`) ON DELETE CASCADE
)
COMMENT='组织-物流组织版本';


CREATE TABLE `JARIACEPLAT`.`SYS_AUDIT_LOG_COUNT`
(
`ID` VARCHAR(50) NOT NULL COMMENT '主键',
`COUNT` VARCHAR(100) COMMENT '日志记录数量',
PRIMARY KEY(`ID`)
)
COMMENT='日志数量记录表';



CREATE TABLE `JARIACEPLAT`.`SYS_DICT`
(
`ID` VARCHAR(50)  NOT NULL COMMENT '标号',
`TYPE` VARCHAR(50) COMMENT '类型',
`NAME` VARCHAR(50) COMMENT '名称',
`EXPLAIN` VARCHAR(50) COMMENT '说明',
`APP_ID` VARCHAR(50) COMMENT '集团应用id',
`DATA_VERSION` INT(10) DEFAULT 0 COMMENT '数据版本',
PRIMARY KEY(`ID`),
CONSTRAINT `FK_SYS_DICT_APP_ID` FOREIGN KEY(`APP_ID`) REFERENCES `JARIACEPLAT`.`SYS_GROUP_APP`(`ID`) ON DELETE CASCADE  ON UPDATE CASCADE
)
COMMENT='字典类型';


CREATE TABLE `JARIACEPLAT`.`SYS_DICT_VALUE`
(
`ID` VARCHAR(50)  NOT NULL COMMENT '标号',
`TYPE_ID` VARCHAR(50) NOT NULL COMMENT '类型编号',
`DICT_NAME` VARCHAR(2000) COMMENT '字典名称',
`SORT_INDEX` INT(10) DEFAULT 9999 COMMENT '显示顺序',
`APP_ID` VARCHAR(50) COMMENT '应用id',
`TYPE` VARCHAR(50) COMMENT '类型',
`DATA_VERSION` INT(10) DEFAULT 0 COMMENT '数据版本',
`DICT_VALUE` VARCHAR(2000) COMMENT '字典数据',
`PARENT_ID` VARCHAR(50) COMMENT '父节点id',
`SORT_PATH` VARCHAR(2000) COMMENT '排序路径',
`REMARK` VARCHAR(2000) COMMENT '备注',
PRIMARY KEY(`ID`),
CONSTRAINT `FK_SYS_DICT_VALUE_TYPE_ID` FOREIGN KEY(`TYPE_ID`) REFERENCES `JARIACEPLAT`.`SYS_DICT`(`ID`) ON DELETE CASCADE  ON UPDATE CASCADE
)
COMMENT='字典数据表';


CREATE TABLE `JARIACEPLAT`.`SYS_FORM_ITEM_TIP`
(
`ID` VARCHAR(50) NOT NULL COMMENT '主键',
`FORM_ID` VARCHAR(50) COMMENT '表单id',
`FORM_TITLE` VARCHAR(50) COMMENT '表单标题',
`DATA_NAME` VARCHAR(50) NOT NULL COMMENT '字段数据name',
`DATA_FIELD` VARCHAR(50) COMMENT '字段名称',
`TIP` VARCHAR(2000) COMMENT '提示信息',
`MENU_ID` VARCHAR(50) COMMENT '菜单编号',
`MENU_NAME` VARCHAR(50) COMMENT '菜单名称',
`DATA_VERSION` INT(10) DEFAULT 0 COMMENT '数据版本',
PRIMARY KEY(`ID`)
)
COMMENT='表单字段提示信息表';


CREATE TABLE `JARIACEPLAT`.`SYS_MESSAGE`
(
`ID` VARCHAR(50) NOT NULL COMMENT '主键',
`TITLE` VARCHAR(500) COMMENT '消息标题',
`CONTENT` VARCHAR(2000) COMMENT '消息内容',
`URL` VARCHAR(200) COMMENT '消息推送路径',
`APP_ID` VARCHAR(50) COMMENT '发送应用id',
`TYPE` VARCHAR(50) COMMENT '消息类型',
`CREATE_TIME` DATETIME(6) COMMENT '创建时间',
`CREATE_USER` VARCHAR(50) COMMENT '创建人',
`REMARK` VARCHAR(2000) COMMENT '备注',
`RECEIVE_USERS` LONGTEXT COMMENT '接受人id集合',
`BUSINESS_TYPE` VARCHAR(500) COMMENT '消息业务类型',
`HANDLER_MSG_TYPE` VARCHAR(500) COMMENT '消息处理类型',
`DATA_VERSION` INT(10) DEFAULT 0 COMMENT '数据版本',
PRIMARY KEY(`ID`),
CONSTRAINT `FK_SYS_MESSAGE_APP_ID` FOREIGN KEY(`APP_ID`) REFERENCES `JARIACEPLAT`.`SYS_GROUP_APP`(`ID`) ON DELETE CASCADE
)
COMMENT = '系统消息表';


CREATE TABLE `JARIACEPLAT`.`SYS_MSG_READ`
(
`ID` VARCHAR(50) NOT NULL COMMENT '主键',
`USER_ID` VARCHAR(50) COMMENT '用户id',
`MSG_ID` VARCHAR(50) COMMENT '消息id',
PRIMARY KEY(`ID`),
CONSTRAINT `FK_SYS_MSG_READ_MSG_ID` FOREIGN KEY(`MSG_ID`) REFERENCES `JARIACEPLAT`.`SYS_MESSAGE`(`ID`) ON DELETE CASCADE ,
CONSTRAINT `FK_SYS_MSG_READ_USER_ID` FOREIGN KEY(`USER_ID`) REFERENCES `JARIACEPLAT`.`SYS_USER`(`ID`) ON DELETE CASCADE
)
COMMENT = '消息已读表';

CREATE TABLE `JARIACEPLAT`.`SYS_MSG_UNREAD`
(
`ID` VARCHAR(50) NOT NULL COMMENT '主键',
`USER_ID` VARCHAR(50) COMMENT '用户id',
`MSG_ID` VARCHAR(50) COMMENT '消息id',
PRIMARY KEY(`ID`),
CONSTRAINT `FK_SYS_MSG_UNREAD_MSG_ID` FOREIGN KEY(`MSG_ID`) REFERENCES `JARIACEPLAT`.`SYS_MESSAGE`(`ID`) ON DELETE CASCADE ,
CONSTRAINT `FK_SYS_MSG_UNREAD_USER_ID` FOREIGN KEY(`USER_ID`) REFERENCES `JARIACEPLAT`.`SYS_USER`(`ID`) ON DELETE CASCADE
)
COMMENT = '消息未读表';

CREATE TABLE `JARIACEPLAT`.`SYS_MSG_SEND_TYPE`
(
`ID` VARCHAR(50) NOT NULL COMMENT '主键',
`CHANNEL_NAME` VARCHAR(50) COMMENT '频道名称',
`SEND_MODE` VARCHAR(50) COMMENT '发送方式',
PRIMARY KEY(`ID`)
)
COMMENT = '消息发送方式';


CREATE TABLE `JARIACEPLAT`.`SYS_MSG_TYPE_EXTEND`
(
`ID` VARCHAR(50) NOT NULL COMMENT '主键',
`NAME` VARCHAR(200) COMMENT '类型名称',
`APP_ID` VARCHAR(50) COMMENT '应用标识',
`URL` VARCHAR(200) COMMENT '消息实现请求路径',
PRIMARY KEY(`ID`)
)
COMMENT = '消息拓展类型';


CREATE TABLE `JARIACEPLAT`.`SYS_WAIT_GRANT_AUTH`
(
`ID` VARCHAR(50) NOT NULL COMMENT '主键',
`ACTIVATE_ID` VARCHAR(50) COMMENT '用户主键或角色主键',
`TYPE` INT(1) COMMENT '0为用户1为角色',
PRIMARY KEY(`ID`)
)
COMMENT = '待激活的用户或角色表';


CREATE TABLE `JARIACEPLAT`.`QRTZ_JOB_DETAILS` (
  `SCHED_NAME` VARCHAR(120) NOT NULL,
  `JOB_NAME` VARCHAR(200) NOT NULL,
  `JOB_GROUP` VARCHAR(200) NOT NULL,
  `DESCRIPTION` VARCHAR(250) DEFAULT NULL,
  `JOB_CLASS_NAME` VARCHAR(250) NOT NULL,
  `IS_DURABLE` VARCHAR(1) NOT NULL,
  `IS_NONCONCURRENT` VARCHAR(1) NOT NULL,
  `IS_UPDATE_DATA` VARCHAR(1) NOT NULL,
  `REQUESTS_RECOVERY` VARCHAR(1) NOT NULL,
  `JOB_DATA` BLOB,
  PRIMARY KEY (`SCHED_NAME`,`JOB_NAME`,`JOB_GROUP`),
  KEY `IDX_QRTZ_J_REQ_RECOVERY` (`SCHED_NAME`,`REQUESTS_RECOVERY`),
  KEY `IDX_QRTZ_J_GRP` (`SCHED_NAME`,`JOB_GROUP`)
);


CREATE TABLE `JARIACEPLAT`.`QRTZ_TRIGGERS` (
  `SCHED_NAME` VARCHAR(120) NOT NULL,
  `TRIGGER_NAME` VARCHAR(200) NOT NULL,
  `TRIGGER_GROUP` VARCHAR(200) NOT NULL,
  `JOB_NAME` VARCHAR(200) NOT NULL,
  `JOB_GROUP` VARCHAR(200) NOT NULL,
  `DESCRIPTION` VARCHAR(250) DEFAULT NULL,
  `NEXT_FIRE_TIME` BIGINT(13) DEFAULT NULL,
  `PREV_FIRE_TIME` BIGINT(13) DEFAULT NULL,
  `PRIORITY` INT(11) DEFAULT NULL,
  `TRIGGER_STATE` VARCHAR(16) NOT NULL,
  `TRIGGER_TYPE` VARCHAR(8) NOT NULL,
  `START_TIME` BIGINT(13) NOT NULL,
  `END_TIME` BIGINT(13) DEFAULT NULL,
  `CALENDAR_NAME` VARCHAR(200) DEFAULT NULL,
  `MISFIRE_INSTR` SMALLINT(2) DEFAULT NULL,
  `JOB_DATA` BLOB,
  PRIMARY KEY (`SCHED_NAME`,`TRIGGER_NAME`,`TRIGGER_GROUP`),
  KEY `IDX_QRTZ_T_J` (`SCHED_NAME`,`JOB_NAME`,`JOB_GROUP`),
  KEY `IDX_QRTZ_T_JG` (`SCHED_NAME`,`JOB_GROUP`),
  KEY `IDX_QRTZ_T_C` (`SCHED_NAME`,`CALENDAR_NAME`),
  KEY `IDX_QRTZ_T_G` (`SCHED_NAME`,`TRIGGER_GROUP`),
  KEY `IDX_QRTZ_T_STATE` (`SCHED_NAME`,`TRIGGER_STATE`),
  KEY `IDX_QRTZ_T_N_STATE` (`SCHED_NAME`,`TRIGGER_NAME`,`TRIGGER_GROUP`,`TRIGGER_STATE`),
  KEY `IDX_QRTZ_T_N_G_STATE` (`SCHED_NAME`,`TRIGGER_GROUP`,`TRIGGER_STATE`),
  KEY `IDX_QRTZ_T_NEXT_FIRE_TIME` (`SCHED_NAME`,`NEXT_FIRE_TIME`),
  KEY `IDX_QRTZ_T_NFT_ST` (`SCHED_NAME`,`TRIGGER_STATE`,`NEXT_FIRE_TIME`),
  KEY `IDX_QRTZ_T_NFT_MISFIRE` (`SCHED_NAME`,`MISFIRE_INSTR`,`NEXT_FIRE_TIME`),
  KEY `IDX_QRTZ_T_NFT_ST_MISFIRE` (`SCHED_NAME`,`MISFIRE_INSTR`,`NEXT_FIRE_TIME`,`TRIGGER_STATE`),
  KEY `IDX_QRTZ_T_NFT_ST_MISFIRE_GRP` (`SCHED_NAME`,`MISFIRE_INSTR`,`NEXT_FIRE_TIME`,`TRIGGER_GROUP`,`TRIGGER_STATE`),
  CONSTRAINT `QRTZ_TRIGGERS_IBFK_1` FOREIGN KEY (`SCHED_NAME`, `JOB_NAME`, `JOB_GROUP`) REFERENCES `QRTZ_JOB_DETAILS` (`SCHED_NAME`, `JOB_NAME`, `JOB_GROUP`)
);


CREATE TABLE `JARIACEPLAT`.`QRTZ_BLOB_TRIGGERS` (
  `SCHED_NAME` VARCHAR(120) NOT NULL,
  `TRIGGER_NAME` VARCHAR(200) NOT NULL,
  `TRIGGER_GROUP` VARCHAR(200) NOT NULL,
  `BLOB_DATA` BLOB,
  PRIMARY KEY (`SCHED_NAME`,`TRIGGER_NAME`,`TRIGGER_GROUP`),
  KEY `SCHED_NAME` (`SCHED_NAME`,`TRIGGER_NAME`,`TRIGGER_GROUP`),
  CONSTRAINT `QRTZ_BLOB_TRIGGERS_IBFK_1` FOREIGN KEY (`SCHED_NAME`, `TRIGGER_NAME`, `TRIGGER_GROUP`) REFERENCES `QRTZ_TRIGGERS` (`SCHED_NAME`, `TRIGGER_NAME`, `TRIGGER_GROUP`)
);


CREATE TABLE `JARIACEPLAT`.`QRTZ_CALENDARS` (
  `SCHED_NAME` VARCHAR(120) NOT NULL,
  `CALENDAR_NAME` VARCHAR(200) NOT NULL,
  `CALENDAR` BLOB NOT NULL,
  PRIMARY KEY (`SCHED_NAME`,`CALENDAR_NAME`)
);



CREATE TABLE `JARIACEPLAT`.`QRTZ_CRON_TRIGGERS` (
  `SCHED_NAME` VARCHAR(120) NOT NULL,
  `TRIGGER_NAME` VARCHAR(200) NOT NULL,
  `TRIGGER_GROUP` VARCHAR(200) NOT NULL,
  `CRON_EXPRESSION` VARCHAR(120) NOT NULL,
  `TIME_ZONE_ID` VARCHAR(80) DEFAULT NULL,
  PRIMARY KEY (`SCHED_NAME`,`TRIGGER_NAME`,`TRIGGER_GROUP`),
  CONSTRAINT `QRTZ_CRON_TRIGGERS_IBFK_1` FOREIGN KEY (`SCHED_NAME`, `TRIGGER_NAME`, `TRIGGER_GROUP`) REFERENCES `QRTZ_TRIGGERS` (`SCHED_NAME`, `TRIGGER_NAME`, `TRIGGER_GROUP`)
);


CREATE TABLE `JARIACEPLAT`.`QRTZ_FIRED_TRIGGERS` (
  `SCHED_NAME` VARCHAR(120) NOT NULL,
  `ENTRY_ID` VARCHAR(95) NOT NULL,
  `TRIGGER_NAME` VARCHAR(200) NOT NULL,
  `TRIGGER_GROUP` VARCHAR(200) NOT NULL,
  `INSTANCE_NAME` VARCHAR(200) NOT NULL,
  `FIRED_TIME` BIGINT(13) NOT NULL,
  `SCHED_TIME` BIGINT(13) NOT NULL,
  `PRIORITY` INT(11) NOT NULL,
  `STATE` VARCHAR(16) NOT NULL,
  `JOB_NAME` VARCHAR(200) DEFAULT NULL,
  `JOB_GROUP` VARCHAR(200) DEFAULT NULL,
  `IS_NONCONCURRENT` VARCHAR(1) DEFAULT NULL,
  `REQUESTS_RECOVERY` VARCHAR(1) DEFAULT NULL,
  PRIMARY KEY (`SCHED_NAME`,`ENTRY_ID`),
  KEY `IDX_QRTZ_FT_TRIG_INST_NAME` (`SCHED_NAME`,`INSTANCE_NAME`),
  KEY `IDX_QRTZ_FT_INST_JOB_REQ_RCVRY` (`SCHED_NAME`,`INSTANCE_NAME`,`REQUESTS_RECOVERY`),
  KEY `IDX_QRTZ_FT_J_G` (`SCHED_NAME`,`JOB_NAME`,`JOB_GROUP`),
  KEY `IDX_QRTZ_FT_JG` (`SCHED_NAME`,`JOB_GROUP`),
  KEY `IDX_QRTZ_FT_T_G` (`SCHED_NAME`,`TRIGGER_NAME`,`TRIGGER_GROUP`),
  KEY `IDX_QRTZ_FT_TG` (`SCHED_NAME`,`TRIGGER_GROUP`)
);


CREATE TABLE `JARIACEPLAT`.`QRTZ_LOCKS` (
  `SCHED_NAME` VARCHAR(120) NOT NULL,
  `LOCK_NAME` VARCHAR(40) NOT NULL,
  PRIMARY KEY (`SCHED_NAME`,`LOCK_NAME`)
);



CREATE TABLE `JARIACEPLAT`.`QRTZ_PAUSED_TRIGGER_GRPS` (
  `SCHED_NAME` VARCHAR(120) NOT NULL,
  `TRIGGER_GROUP` VARCHAR(200) NOT NULL,
  PRIMARY KEY (`SCHED_NAME`,`TRIGGER_GROUP`)
);



CREATE TABLE `JARIACEPLAT`.`QRTZ_SCHEDULER_STATE` (
  `SCHED_NAME` VARCHAR(120) NOT NULL,
  `INSTANCE_NAME` VARCHAR(200) NOT NULL,
  `LAST_CHECKIN_TIME` BIGINT(13) NOT NULL,
  `CHECKIN_INTERVAL` BIGINT(13) NOT NULL,
  PRIMARY KEY (`SCHED_NAME`,`INSTANCE_NAME`)
);



CREATE TABLE `JARIACEPLAT`.`QRTZ_SIMPLE_TRIGGERS` (
  `SCHED_NAME` VARCHAR(120) NOT NULL,
  `TRIGGER_NAME` VARCHAR(200) NOT NULL,
  `TRIGGER_GROUP` VARCHAR(200) NOT NULL,
  `REPEAT_COUNT` BIGINT(7) NOT NULL,
  `REPEAT_INTERVAL` BIGINT(12) NOT NULL,
  `TIMES_TRIGGERED` BIGINT(10) NOT NULL,
  PRIMARY KEY (`SCHED_NAME`,`TRIGGER_NAME`,`TRIGGER_GROUP`),
  CONSTRAINT `QRTZ_SIMPLE_TRIGGERS_IBFK_1` FOREIGN KEY (`SCHED_NAME`, `TRIGGER_NAME`, `TRIGGER_GROUP`) REFERENCES `QRTZ_TRIGGERS` (`SCHED_NAME`, `TRIGGER_NAME`, `TRIGGER_GROUP`)
);



CREATE TABLE `JARIACEPLAT`.`QRTZ_SIMPROP_TRIGGERS` (
  `SCHED_NAME` VARCHAR(120) NOT NULL,
  `TRIGGER_NAME` VARCHAR(200) NOT NULL,
  `TRIGGER_GROUP` VARCHAR(200) NOT NULL,
  `STR_PROP_1` VARCHAR(512) DEFAULT NULL,
  `STR_PROP_2` VARCHAR(512) DEFAULT NULL,
  `STR_PROP_3` VARCHAR(512) DEFAULT NULL,
  `INT_PROP_1` INT(11) DEFAULT NULL,
  `INT_PROP_2` INT(11) DEFAULT NULL,
  `LONG_PROP_1` BIGINT(20) DEFAULT NULL,
  `LONG_PROP_2` BIGINT(20) DEFAULT NULL,
  `DEC_PROP_1` DECIMAL(13,4) DEFAULT NULL,
  `DEC_PROP_2` DECIMAL(13,4) DEFAULT NULL,
  `BOOL_PROP_1` VARCHAR(1) DEFAULT NULL,
  `BOOL_PROP_2` VARCHAR(1) DEFAULT NULL,
  PRIMARY KEY (`SCHED_NAME`,`TRIGGER_NAME`,`TRIGGER_GROUP`),
  CONSTRAINT `QRTZ_SIMPROP_TRIGGERS_IBFK_1` FOREIGN KEY (`SCHED_NAME`, `TRIGGER_NAME`, `TRIGGER_GROUP`) REFERENCES `QRTZ_TRIGGERS` (`SCHED_NAME`, `TRIGGER_NAME`, `TRIGGER_GROUP`)
);


CREATE TABLE `JARIACEPLAT`.`QRTZ_CONFIG` (
  `ID` VARCHAR(50) NOT NULL COMMENT '主键',
  `CONFIG` LONGTEXT COMMENT '任务配置',
  PRIMARY KEY (`ID`)
)COMMENT='批处理任务配置';

CREATE TABLE `JARIACEPLAT`.`SYS_JOB_CALENDAR` (
`ID` VARCHAR(50) NOT NULL COMMENT '主键',
`STATE` INT(1) DEFAULT 0 COMMENT '状态 (0为工作日，1为休息日)',
`ORGANIZATION_ID` VARCHAR(50) COMMENT '业务单元ID',
`YEAR` VARCHAR(10) COMMENT '年',
`MONTH` VARCHAR(10) COMMENT '月',
`DAY` VARCHAR(10) COMMENT '日',
PRIMARY KEY(`ID`),
CONSTRAINT `FK_CALENDAR_ORG_ID` FOREIGN KEY(`ORGANIZATION_ID`) REFERENCES `JARIACEPLAT`.`ORG_ORGANIZATION`(`ID`) ON DELETE CASCADE
)
COMMENT='工作日表';


/**
sysUser
 */
insert into `JARIACEPLAT`.`SYS_USER` (`ID`,`USER_NAME`) values ('webservice','webservice');
/**
sysPasswordPolicy
*/
insert into `JARIACEPLAT`.`SYS_PASSWORD_POLICY` (`ID`,`LEN`,`FAILURE_TIMES`,`START_USE_TIME`,`CHANGE_NUM`,
`CREATE_USER`,`CREATE_TIME`,`UPDATE_TIME`,`SECRET_LEVEL`,`USE_MAX_TIME`,`USE_MIN_TIME`,`LOCK_MINUTES`,
`RESET_FAILURE_TIMES_TIME`,`REMARK`,`DATA_VERSION`) values ('bdpolicy-1', 8, 5, null, 5, null, null, null, 0, 20, 1, 15, 15, null, 0);
insert into `JARIACEPLAT`.`SYS_PASSWORD_POLICY` (`ID`,`LEN`,`FAILURE_TIMES`,`START_USE_TIME`,`CHANGE_NUM`,
`CREATE_USER`,`CREATE_TIME`,`UPDATE_TIME`,`SECRET_LEVEL`,`USE_MAX_TIME`,`USE_MIN_TIME`,`LOCK_MINUTES`,
`RESET_FAILURE_TIMES_TIME`,`REMARK`,`DATA_VERSION`) values ('bdpolicy-2', 8, 5, null, 5, null, null, null, 0, 20, 1, 15, 15, null, 0);
insert into `JARIACEPLAT`.`SYS_PASSWORD_POLICY` (`ID`,`LEN`,`FAILURE_TIMES`,`START_USE_TIME`,`CHANGE_NUM`,
`CREATE_USER`,`CREATE_TIME`,`UPDATE_TIME`,`SECRET_LEVEL`,`USE_MAX_TIME`,`USE_MIN_TIME`,`LOCK_MINUTES`,
`RESET_FAILURE_TIMES_TIME`,`REMARK`,`DATA_VERSION`) values ('bdpolicy-3', 8, 5, null, 5, null, null, null, 0, 20, 1, 15, 15, null, 0);
insert into `JARIACEPLAT`.`SYS_PASSWORD_POLICY` (`ID`,`LEN`,`FAILURE_TIMES`,`START_USE_TIME`,`CHANGE_NUM`,
`CREATE_USER`,`CREATE_TIME`,`UPDATE_TIME`,`SECRET_LEVEL`,`USE_MAX_TIME`,`USE_MIN_TIME`,`LOCK_MINUTES`,
`RESET_FAILURE_TIMES_TIME`,`REMARK`,`DATA_VERSION`) values ('bdpolicy-4', 8, 5, null, 5, null, null, null, 0, 20, 1, 15, 15, null, 0);
insert into `JARIACEPLAT`.`SYS_PASSWORD_POLICY` (`ID`,`LEN`,`FAILURE_TIMES`,`START_USE_TIME`,`CHANGE_NUM`,
`CREATE_USER`,`CREATE_TIME`,`UPDATE_TIME`,`SECRET_LEVEL`,`USE_MAX_TIME`,`USE_MIN_TIME`,`LOCK_MINUTES`,
`RESET_FAILURE_TIMES_TIME`,`REMARK`,`DATA_VERSION`) values ('bdpolicy-5', 8, 5, null, 5, null, null, null, 0, 20, 1, 15, 15, null, 0);

/**
appLib
*/
/**
insert into `JARIACEPLAT`.`BD_APP_LIB` (`ID`,`NAME`,`VERSION`,`SORT_INDEX`,`ICON`,`DATA_VERSION`) values ('platform', 'Ace平台', '1.0.0', 1, 'fa fa-th-large', 0);
*/

/**
app
*/
insert into `JARIACEPLAT`.`SYS_GROUP_APP` (`ID`,`NAME`,`VERSION`,`ICON`,`SORT_INDEX`,`REMARK`,`CREATE_USER`,`CREATE_TIME`,`UPDATE_TIME`,`SECRET_LEVEL`,`GROUP_ID`,`DATASOURCE_ID`,`IS_3_ADMIN`,`DATA_VERSION`,`IS_MAIN_APP`) values ('platform', 'ace平台', '1.0', null, null, null, null, null, null, null, null, null, 1, 0, 0);

/**
role
*/
insert into `JARIACEPLAT`.`SYS_ROLE` (`ID`,`NAME`,`EXPLAIN`,`ROLE_TYPE`,`CREATE_TIME`,`CREATE_USER`,`UPDATE_TIME`,`REMARK`,`APP_ID`,`DATA_VERSION`) values ('groupadmin', '集团系统管理员', null, 11, null, null, null, null, null, 0);
insert into `JARIACEPLAT`.`SYS_ROLE` (`ID`,`NAME`,`EXPLAIN`,`ROLE_TYPE`,`CREATE_TIME`,`CREATE_USER`,`UPDATE_TIME`,`REMARK`,`APP_ID`,`DATA_VERSION`) values ('groupsec', '集团安全保密员', null, 22, null, null, null, null, null, 0);
insert into `JARIACEPLAT`.`SYS_ROLE` (`ID`,`NAME`,`EXPLAIN`,`ROLE_TYPE`,`CREATE_TIME`,`CREATE_USER`,`UPDATE_TIME`,`REMARK`,`APP_ID`,`DATA_VERSION`) values ('groupauditor', '集团安全审计员', null, 33, null, null, null, null, null, 0);
insert into `JARIACEPLAT`.`SYS_ROLE` (`ID`,`NAME`,`EXPLAIN`,`ROLE_TYPE`,`CREATE_TIME`,`CREATE_USER`,`UPDATE_TIME`,`REMARK`,`APP_ID`,`DATA_VERSION`) values ('appadmin', '应用系统管理员', null, 111, null, null, null, null, null, 0);
insert into `JARIACEPLAT`.`SYS_ROLE` (`ID`,`NAME`,`EXPLAIN`,`ROLE_TYPE`,`CREATE_TIME`,`CREATE_USER`,`UPDATE_TIME`,`REMARK`,`APP_ID`,`DATA_VERSION`) values ('appsec', '应用安全保密员', null, 222, null, null, null, null, null, 0);
insert into `JARIACEPLAT`.`SYS_ROLE` (`ID`,`NAME`,`EXPLAIN`,`ROLE_TYPE`,`CREATE_TIME`,`CREATE_USER`,`UPDATE_TIME`,`REMARK`,`APP_ID`,`DATA_VERSION`) values ('appauditor', '应用安全审计员', null, 333, null, null, null, null, null, 0);
insert into `JARIACEPLAT`.`SYS_ROLE` (`ID`,`NAME`,`EXPLAIN`,`ROLE_TYPE`,`CREATE_TIME`,`CREATE_USER`,`UPDATE_TIME`,`REMARK`,`APP_ID`,`DATA_VERSION`) values ('admin', '租户系统管理员', null, 1, null, null, null, null, null, 0);
insert into `JARIACEPLAT`.`SYS_ROLE` (`ID`,`NAME`,`EXPLAIN`,`ROLE_TYPE`,`CREATE_TIME`,`CREATE_USER`,`UPDATE_TIME`,`REMARK`,`APP_ID`,`DATA_VERSION`) values ('sec', '租户安全保密员', null, 2, null, null, null, null, null, 0);
insert into `JARIACEPLAT`.`SYS_ROLE` (`ID`,`NAME`,`EXPLAIN`,`ROLE_TYPE`,`CREATE_TIME`,`CREATE_USER`,`UPDATE_TIME`,`REMARK`,`APP_ID`,`DATA_VERSION`) values ('auditor', '租户安全审计员', null, 3, null, null, null, null, null, 0);

/**
auth
*/
insert into `JARIACEPLAT`.`SYS_AUTH` (`ID`,`NAME`,`APP_ID`,`REMARK`,`SORT_INDEX`,`PARENT_ID`,`CREATE_USER`,`CREATE_TIME`,`UPDATE_TIME`,`SORT_PATH`,`IS_ORG_ADMIN`,`IS_USER_GROUP_ADMIN`,`CODE`,`DATA_VERSION`) values ('bc316279a4a9416a8e20019821e640af', '组织架构管理', 'platform', null, 1, '0', null, null, null, '0001', 0, 0, null, 0);
insert into `JARIACEPLAT`.`SYS_AUTH` (`ID`,`NAME`,`APP_ID`,`REMARK`,`SORT_INDEX`,`PARENT_ID`,`CREATE_USER`,`CREATE_TIME`,`UPDATE_TIME`,`SORT_PATH`,`IS_ORG_ADMIN`,`IS_USER_GROUP_ADMIN`,`CODE`,`DATA_VERSION`) values ('e3b15ac90286450fbe5a721c9f542451', '系统管理', 'platform', null, 2, '0', null, null, null, '0002', 0, 0, null, 0);
insert into `JARIACEPLAT`.`SYS_AUTH` (`ID`,`NAME`,`APP_ID`,`REMARK`,`SORT_INDEX`,`PARENT_ID`,`CREATE_USER`,`CREATE_TIME`,`UPDATE_TIME`,`SORT_PATH`,`IS_ORG_ADMIN`,`IS_USER_GROUP_ADMIN`,`CODE`,`DATA_VERSION`) values ('8df5766a29644f50bceee1228964e1cc', '集团管理', 'platform', null, 1, 'bc316279a4a9416a8e20019821e640af', null, null, null, '00010001', 0, 0, 'platForm.orgSructureManage.GroupManage', 0);
insert into `JARIACEPLAT`.`SYS_AUTH` (`ID`,`NAME`,`APP_ID`,`REMARK`,`SORT_INDEX`,`PARENT_ID`,`CREATE_USER`,`CREATE_TIME`,`UPDATE_TIME`,`SORT_PATH`,`IS_ORG_ADMIN`,`IS_USER_GROUP_ADMIN`,`CODE`,`DATA_VERSION`) values ('a16344b1790e41e98615f6cd19587573', '业务单元', 'platform', null, 2, 'bc316279a4a9416a8e20019821e640af', null, null, null, '00010002', 0, 0, 'platForm.orgSructureManage.BusinessUnitManage', 0);
insert into `JARIACEPLAT`.`SYS_AUTH` (`ID`,`NAME`,`APP_ID`,`REMARK`,`SORT_INDEX`,`PARENT_ID`,`CREATE_USER`,`CREATE_TIME`,`UPDATE_TIME`,`SORT_PATH`,`IS_ORG_ADMIN`,`IS_USER_GROUP_ADMIN`,`CODE`,`DATA_VERSION`) values ('5e80ace300d54486814ee84c1fb29a3a', '部门管理', 'platform', null, 3, 'bc316279a4a9416a8e20019821e640af', null, null, null, '00010003', 0, 0, 'platForm.orgDepartmentManage.orgDepartment', 0);
insert into `JARIACEPLAT`.`SYS_AUTH` (`ID`,`NAME`,`APP_ID`,`REMARK`,`SORT_INDEX`,`PARENT_ID`,`CREATE_USER`,`CREATE_TIME`,`UPDATE_TIME`,`SORT_PATH`,`IS_ORG_ADMIN`,`IS_USER_GROUP_ADMIN`,`CODE`,`DATA_VERSION`) values ('a16344b1790e41e98615f6cd19587571', '人员管理', 'platform', null, 4, 'bc316279a4a9416a8e20019821e640af', null, null, null, '00010004', 0, 0, 'platForm.orgSructureManage.PersonnelManage', 0);
insert into `JARIACEPLAT`.`SYS_AUTH` (`ID`,`NAME`,`APP_ID`,`REMARK`,`SORT_INDEX`,`PARENT_ID`,`CREATE_USER`,`CREATE_TIME`,`UPDATE_TIME`,`SORT_PATH`,`IS_ORG_ADMIN`,`IS_USER_GROUP_ADMIN`,`CODE`,`DATA_VERSION`) values ('5fc1b8842fa04faea8f39beb866fd511', '集团三员管理', 'platform', null, 1, 'e3b15ac90286450fbe5a721c9f542451', null, null, null, '00020001', 0, 0, 'platForm.threeManage.GroupThreeManage', 0);
insert into `JARIACEPLAT`.`SYS_AUTH` (`ID`,`NAME`,`APP_ID`,`REMARK`,`SORT_INDEX`,`PARENT_ID`,`CREATE_USER`,`CREATE_TIME`,`UPDATE_TIME`,`SORT_PATH`,`IS_ORG_ADMIN`,`IS_USER_GROUP_ADMIN`,`CODE`,`DATA_VERSION`) values ('b50cbc8a2b0645729848403093f4246f', '用户管理', 'platform', null, 2, 'e3b15ac90286450fbe5a721c9f542451', null, null, null, '00020002', 0, 0, 'platForm.userManage.user', 0);
insert into `JARIACEPLAT`.`SYS_AUTH` (`ID`,`NAME`,`APP_ID`,`REMARK`,`SORT_INDEX`,`PARENT_ID`,`CREATE_USER`,`CREATE_TIME`,`UPDATE_TIME`,`SORT_PATH`,`IS_ORG_ADMIN`,`IS_USER_GROUP_ADMIN`,`CODE`,`DATA_VERSION`) values ('39e1b3ec3d6e483b86c4923ea64cfeee', '数据源管理', 'platform', null, 4, '11316279a4a9416a8e20019821e640af', null, null, null, '00030004', 0, 0, 'platForm.groupDataSource.dataSource', 0);
insert into `JARIACEPLAT`.`SYS_AUTH` (`ID`,`NAME`,`APP_ID`,`REMARK`,`SORT_INDEX`,`PARENT_ID`,`CREATE_USER`,`CREATE_TIME`,`UPDATE_TIME`,`SORT_PATH`,`IS_ORG_ADMIN`,`IS_USER_GROUP_ADMIN`,`CODE`,`DATA_VERSION`) values ('11316279a4a9416a8e20019821e640af', '配置管理', 'platform', null, 3, '0', null, null, null, '0003', 0, 0, null, 0);
insert into `JARIACEPLAT`.`SYS_AUTH` (`ID`,`NAME`,`APP_ID`,`REMARK`,`SORT_INDEX`,`PARENT_ID`,`CREATE_USER`,`CREATE_TIME`,`UPDATE_TIME`,`SORT_PATH`,`IS_ORG_ADMIN`,`IS_USER_GROUP_ADMIN`,`CODE`,`DATA_VERSION`) values ('ac2a8ce16a614324b5ed4e9c24e7e904', '系统配置项管理', 'platform', null, 1, '11316279a4a9416a8e20019821e640af', null, null, null, '00030001', 0, 0, 'platForm.configManage.ConfigManage', 0);
insert into `JARIACEPLAT`.`SYS_AUTH` (`ID`,`NAME`,`APP_ID`,`REMARK`,`SORT_INDEX`,`PARENT_ID`,`CREATE_USER`,`CREATE_TIME`,`UPDATE_TIME`,`SORT_PATH`,`IS_ORG_ADMIN`,`IS_USER_GROUP_ADMIN`,`CODE`,`DATA_VERSION`) values ('ffc03579b06a4b7fae6c51c9ff48b311', '附件配置项管理', 'platform', null, 2, '11316279a4a9416a8e20019821e640af', null, null, null, '00030002', 0, 0, 'platForm.fileConfigManage.fileConfig', 0);
insert into `JARIACEPLAT`.`SYS_AUTH` (`ID`,`NAME`,`APP_ID`,`REMARK`,`SORT_INDEX`,`PARENT_ID`,`CREATE_USER`,`CREATE_TIME`,`UPDATE_TIME`,`SORT_PATH`,`IS_ORG_ADMIN`,`IS_USER_GROUP_ADMIN`,`CODE`,`DATA_VERSION`) values ('ffc03579b06a4b7fae6c51c9ff48b312', '附件存储库管理', 'platform', null, 3, '11316279a4a9416a8e20019821e640af', null, null, null, '00030003', 0, 0, 'platForm.fileRepositoryManage.fileRepository', 0);
insert into `JARIACEPLAT`.`SYS_AUTH` (`ID`,`NAME`,`APP_ID`,`REMARK`,`SORT_INDEX`,`PARENT_ID`,`CREATE_USER`,`CREATE_TIME`,`UPDATE_TIME`,`SORT_PATH`,`IS_ORG_ADMIN`,`IS_USER_GROUP_ADMIN`,`CODE`,`DATA_VERSION`) values ('04d7893c4a4d4345b18b0789af13753f', '日志管理', 'platform', null, 4, 'e3b15ac90286450fbe5a721c9f542451', null, null, null, '00020004', 0, 0, null, 0);
insert into `JARIACEPLAT`.`SYS_AUTH` (`ID`,`NAME`,`APP_ID`,`REMARK`,`SORT_INDEX`,`PARENT_ID`,`CREATE_USER`,`CREATE_TIME`,`UPDATE_TIME`,`SORT_PATH`,`IS_ORG_ADMIN`,`IS_USER_GROUP_ADMIN`,`CODE`,`DATA_VERSION`) values ('4c8c4bc4726b40b7a570fa1d2ba49f47', '安全审计日志', 'platform', null, 1, '04d7893c4a4d4345b18b0789af13753f', null, null, null, '000200040001', 0, 0, 'platForm.auditLogManage.AuditLog', 0);
insert into `JARIACEPLAT`.`SYS_AUTH` (`ID`,`NAME`,`APP_ID`,`REMARK`,`SORT_INDEX`,`PARENT_ID`,`CREATE_USER`,`CREATE_TIME`,`UPDATE_TIME`,`SORT_PATH`,`IS_ORG_ADMIN`,`IS_USER_GROUP_ADMIN`,`CODE`,`DATA_VERSION`) values ('8bc5761a4d8d49e680515bc50f4baad1', '菜单管理', 'platform', null, 6, '11316279a4a9416a8e20019821e640af', null, null, null, '00030006', 0, 0, 'platForm.menuManage.Menu', 0);
insert into `JARIACEPLAT`.`SYS_AUTH` (`ID`,`NAME`,`APP_ID`,`REMARK`,`SORT_INDEX`,`PARENT_ID`,`CREATE_USER`,`CREATE_TIME`,`UPDATE_TIME`,`SORT_PATH`,`IS_ORG_ADMIN`,`IS_USER_GROUP_ADMIN`,`CODE`,`DATA_VERSION`) values ('39e1b3ec3d6e483b86c4923ea64cfdd0', '权限定义', 'platform', null, 7, '11316279a4a9416a8e20019821e640af', null, null, null, '00030007', 0, 0, 'platForm.authManage.Auth', 0);
insert into `JARIACEPLAT`.`SYS_AUTH` (`ID`,`NAME`,`APP_ID`,`REMARK`,`SORT_INDEX`,`PARENT_ID`,`CREATE_USER`,`CREATE_TIME`,`UPDATE_TIME`,`SORT_PATH`,`IS_ORG_ADMIN`,`IS_USER_GROUP_ADMIN`,`CODE`,`DATA_VERSION`) values ('67e1114e83214aeb8a3ec0a6822fdd30', '应用三员管理', 'platform', null, 6, 'e3b15ac90286450fbe5a721c9f542451', null, null, null, '00020006', 0, 0, 'platForm.threeManage.AppThreeManage', 0);
insert into `JARIACEPLAT`.`SYS_AUTH` (`ID`,`NAME`,`APP_ID`,`REMARK`,`SORT_INDEX`,`PARENT_ID`,`CREATE_USER`,`CREATE_TIME`,`UPDATE_TIME`,`SORT_PATH`,`IS_ORG_ADMIN`,`IS_USER_GROUP_ADMIN`,`CODE`,`DATA_VERSION`) values ('ac2a8ce16a614324b5ed4e9c24e7e905', '应用管理', 'platform', null, 5, '11316279a4a9416a8e20019821e640af', null, null, null, '00030005', 0, 0, 'platForm.groupAppManage.GroupApp', 0);
insert into `JARIACEPLAT`.`SYS_AUTH` (`ID`,`NAME`,`APP_ID`,`REMARK`,`SORT_INDEX`,`PARENT_ID`,`CREATE_USER`,`CREATE_TIME`,`UPDATE_TIME`,`SORT_PATH`,`IS_ORG_ADMIN`,`IS_USER_GROUP_ADMIN`,`CODE`,`DATA_VERSION`) values ('131e140bc2bd4361af5ee488f92b22ad', '字典管理', 'platform', null, 7, 'e3b15ac90286450fbe5a721c9f542451', null, null, null, '00020007', 0, 0, 'platForm.dictManage.dict', 0);
insert into `JARIACEPLAT`.`SYS_AUTH` (`ID`,`NAME`,`APP_ID`,`REMARK`,`SORT_INDEX`,`PARENT_ID`,`CREATE_USER`,`CREATE_TIME`,`UPDATE_TIME`,`SORT_PATH`,`IS_ORG_ADMIN`,`IS_USER_GROUP_ADMIN`,`CODE`,`DATA_VERSION`) values ('8d4d2caee7f548889988da2747dfaa4a', '角色管理', 'platform', null, 8, 'e3b15ac90286450fbe5a721c9f542451', null, null, null, '00020008', 0, 0, 'platForm.roleManage.Role', 0);
insert into `JARIACEPLAT`.`SYS_AUTH` (`ID`,`NAME`,`APP_ID`,`REMARK`,`SORT_INDEX`,`PARENT_ID`,`CREATE_USER`,`CREATE_TIME`,`UPDATE_TIME`,`SORT_PATH`,`IS_ORG_ADMIN`,`IS_USER_GROUP_ADMIN`,`CODE`,`DATA_VERSION`) values ('11erb3ec3d6e483b86c4923ea64cfdd0', '授权管理', 'platform', null, 9, 'e3b15ac90286450fbe5a721c9f542451', null, null, null, '00020009', 0, 0, null, 0);
insert into `JARIACEPLAT`.`SYS_AUTH` (`ID`,`NAME`,`APP_ID`,`REMARK`,`SORT_INDEX`,`PARENT_ID`,`CREATE_USER`,`CREATE_TIME`,`UPDATE_TIME`,`SORT_PATH`,`IS_ORG_ADMIN`,`IS_USER_GROUP_ADMIN`,`CODE`,`DATA_VERSION`) values ('334qb3ec3d6e483b86c4923ea64cfdd0', '用户授权', 'platform', null, 1, '11erb3ec3d6e483b86c4923ea64cfdd0', null, null, null, '000200090001', 0, 0, 'platForm.grantAuthManage.UserGrantAuth', 0);
insert into `JARIACEPLAT`.`SYS_AUTH` (`ID`,`NAME`,`APP_ID`,`REMARK`,`SORT_INDEX`,`PARENT_ID`,`CREATE_USER`,`CREATE_TIME`,`UPDATE_TIME`,`SORT_PATH`,`IS_ORG_ADMIN`,`IS_USER_GROUP_ADMIN`,`CODE`,`DATA_VERSION`) values ('456wb3ec3d6e483b86c4923ea64cfdd0', '角色授权', 'platform', null, 2, '11erb3ec3d6e483b86c4923ea64cfdd0', null, null, null, '000200090002', 0, 0, 'platForm.grantAuthManage.RoleGrantAuth', 0);
insert into `JARIACEPLAT`.`SYS_AUTH` (`ID`,`NAME`,`APP_ID`,`REMARK`,`SORT_INDEX`,`PARENT_ID`,`CREATE_USER`,`CREATE_TIME`,`UPDATE_TIME`,`SORT_PATH`,`IS_ORG_ADMIN`,`IS_USER_GROUP_ADMIN`,`CODE`,`DATA_VERSION`) values ('67yub3ec3d6e483b86c4923ea64cfdd0', '权限授权', 'platform', null, 3, '11erb3ec3d6e483b86c4923ea64cfdd0', null, null, null, '000200090003', 0, 0, 'platForm.grantAuthManage.AuthGrantUserAndRole', 0);
insert into `JARIACEPLAT`.`SYS_AUTH` (`ID`,`NAME`,`APP_ID`,`REMARK`,`SORT_INDEX`,`PARENT_ID`,`CREATE_USER`,`CREATE_TIME`,`UPDATE_TIME`,`SORT_PATH`,`IS_ORG_ADMIN`,`IS_USER_GROUP_ADMIN`,`CODE`,`DATA_VERSION`) values ('8df5766a29644f50bceee1228964e111', '集团管理维护', 'platform', null, 1, '8df5766a29644f50bceee1228964e1cc', null, null, null, '000100010001', 0, 0, 'platForm.orgSructureManage.GroupManage.Maintain', 0);
insert into `JARIACEPLAT`.`SYS_AUTH` (`ID`,`NAME`,`APP_ID`,`REMARK`,`SORT_INDEX`,`PARENT_ID`,`CREATE_USER`,`CREATE_TIME`,`UPDATE_TIME`,`SORT_PATH`,`IS_ORG_ADMIN`,`IS_USER_GROUP_ADMIN`,`CODE`,`DATA_VERSION`) values ('5e80ace300d54486814ee84c1fb29111', '部门管理维护', 'platform', null, 1, '5e80ace300d54486814ee84c1fb29a3a', null, null, null, '000100030001', 0, 0, 'platForm.orgDepartmentManage.orgDepartment.Maintain', 0);
insert into `JARIACEPLAT`.`SYS_AUTH` (`ID`,`NAME`,`APP_ID`,`REMARK`,`SORT_INDEX`,`PARENT_ID`,`CREATE_USER`,`CREATE_TIME`,`UPDATE_TIME`,`SORT_PATH`,`IS_ORG_ADMIN`,`IS_USER_GROUP_ADMIN`,`CODE`,`DATA_VERSION`) values ('a16344b1790e41e98615f6cd19587111', '业务单元维护', 'platform', null, 1, 'a16344b1790e41e98615f6cd19587573', null, null, null, '000100020001', 0, 0, 'platForm.orgSructureManage.BusinessUnitManage.Maintain', 0);
insert into `JARIACEPLAT`.`SYS_AUTH` (`ID`,`NAME`,`APP_ID`,`REMARK`,`SORT_INDEX`,`PARENT_ID`,`CREATE_USER`,`CREATE_TIME`,`UPDATE_TIME`,`SORT_PATH`,`IS_ORG_ADMIN`,`IS_USER_GROUP_ADMIN`,`CODE`,`DATA_VERSION`) values ('a16344b1790e41e98615f6cd19587112', '人员管理维护', 'platform', null, 1, 'a16344b1790e41e98615f6cd19587571', null, null, null, '000100040001', 0, 0, 'platForm.orgSructureManage.PersonnelManage.Maintain', 0);
insert into `JARIACEPLAT`.`SYS_AUTH` (`ID`,`NAME`,`APP_ID`,`REMARK`,`SORT_INDEX`,`PARENT_ID`,`CREATE_USER`,`CREATE_TIME`,`UPDATE_TIME`,`SORT_PATH`,`IS_ORG_ADMIN`,`IS_USER_GROUP_ADMIN`,`CODE`,`DATA_VERSION`) values ('b50cbc8a2b0645729848403093f42111', '用户管理维护', 'platform', null, 1, 'b50cbc8a2b0645729848403093f4246f', null, null, null, '000200020001', 0, 0, 'platForm.userManage.user.Maintain', 0);
insert into `JARIACEPLAT`.`SYS_AUTH` (`ID`,`NAME`,`APP_ID`,`REMARK`,`SORT_INDEX`,`PARENT_ID`,`CREATE_USER`,`CREATE_TIME`,`UPDATE_TIME`,`SORT_PATH`,`IS_ORG_ADMIN`,`IS_USER_GROUP_ADMIN`,`CODE`,`DATA_VERSION`) values ('5fc1b8842fa04faea8f39beb866fd111', '集团三员管理维护', 'platform', null, 1, '5fc1b8842fa04faea8f39beb866fd511', null, null, null, '000200010001', 0, 0, 'platForm.threeManage.GroupThreeManage.Maintain', 0);
insert into `JARIACEPLAT`.`SYS_AUTH` (`ID`,`NAME`,`APP_ID`,`REMARK`,`SORT_INDEX`,`PARENT_ID`,`CREATE_USER`,`CREATE_TIME`,`UPDATE_TIME`,`SORT_PATH`,`IS_ORG_ADMIN`,`IS_USER_GROUP_ADMIN`,`CODE`,`DATA_VERSION`) values ('5fc1b8842fa04faea8f39beb866fd112', '集团三员管控集团范围', 'platform', null, 2, '5fc1b8842fa04faea8f39beb866fd511', null, null, null, '000200010002', 0, 0, 'platForm.threeManage.GroupThreeManage.GroupControlDomain', 0);
insert into `JARIACEPLAT`.`SYS_AUTH` (`ID`,`NAME`,`APP_ID`,`REMARK`,`SORT_INDEX`,`PARENT_ID`,`CREATE_USER`,`CREATE_TIME`,`UPDATE_TIME`,`SORT_PATH`,`IS_ORG_ADMIN`,`IS_USER_GROUP_ADMIN`,`CODE`,`DATA_VERSION`) values ('39e1b3ec3d6e483b86c4923ea64cf111', '数据源管理维护', 'platform', null, 1, '39e1b3ec3d6e483b86c4923ea64cfeee', null, null, null, '000300040001', 0, 0, 'platForm.groupDataSource.dataSource.Maintain', 0);
insert into `JARIACEPLAT`.`SYS_AUTH` (`ID`,`NAME`,`APP_ID`,`REMARK`,`SORT_INDEX`,`PARENT_ID`,`CREATE_USER`,`CREATE_TIME`,`UPDATE_TIME`,`SORT_PATH`,`IS_ORG_ADMIN`,`IS_USER_GROUP_ADMIN`,`CODE`,`DATA_VERSION`) values ('67e1114e83214aeb8a3ec0a6822fd111', '应用三员管理维护', 'platform', null, 1, '67e1114e83214aeb8a3ec0a6822fdd30', null, null, null, '000200050001', 0, 0, 'platForm.threeManage.AppThreeManage.Maintain', 0);
insert into `JARIACEPLAT`.`SYS_AUTH` (`ID`,`NAME`,`APP_ID`,`REMARK`,`SORT_INDEX`,`PARENT_ID`,`CREATE_USER`,`CREATE_TIME`,`UPDATE_TIME`,`SORT_PATH`,`IS_ORG_ADMIN`,`IS_USER_GROUP_ADMIN`,`CODE`,`DATA_VERSION`) values ('67e1114e83214aeb8a3ec0a6822fd112', '应用三员管控应用，组织，用户组范围', 'platform', null, 2, '67e1114e83214aeb8a3ec0a6822fdd30', null, null, null, '000200050002', 0, 0, 'platForm.threeManage.AppThreeManage.AppControlDomain', 0);
insert into `JARIACEPLAT`.`SYS_AUTH` (`ID`,`NAME`,`APP_ID`,`REMARK`,`SORT_INDEX`,`PARENT_ID`,`CREATE_USER`,`CREATE_TIME`,`UPDATE_TIME`,`SORT_PATH`,`IS_ORG_ADMIN`,`IS_USER_GROUP_ADMIN`,`CODE`,`DATA_VERSION`) values ('ac2a8ce16a614324b5ed4e9c24e7e111', '应用管理维护', 'platform', null, 1, 'ac2a8ce16a614324b5ed4e9c24e7e905', null, null, null, '000300050001', 0, 0, 'platForm.groupAppManage.GroupApp.Maintain', 0);
insert into `JARIACEPLAT`.`SYS_AUTH` (`ID`,`NAME`,`APP_ID`,`REMARK`,`SORT_INDEX`,`PARENT_ID`,`CREATE_USER`,`CREATE_TIME`,`UPDATE_TIME`,`SORT_PATH`,`IS_ORG_ADMIN`,`IS_USER_GROUP_ADMIN`,`CODE`,`DATA_VERSION`) values ('131e140bc2bd4361af5ee488f92b2111', '字典管理维护', 'platform', null, 1, '131e140bc2bd4361af5ee488f92b22ad', null, null, null, '000200070001', 0, 0, 'platForm.dictManage.dict.Maintain', 0);
insert into `JARIACEPLAT`.`SYS_AUTH` (`ID`,`NAME`,`APP_ID`,`REMARK`,`SORT_INDEX`,`PARENT_ID`,`CREATE_USER`,`CREATE_TIME`,`UPDATE_TIME`,`SORT_PATH`,`IS_ORG_ADMIN`,`IS_USER_GROUP_ADMIN`,`CODE`,`DATA_VERSION`) values ('8d4d2caee7f548889988da2747dfa111', '角色管理维护', 'platform', null, 1, '8d4d2caee7f548889988da2747dfaa4a', null, null, null, '000200080001', 0, 0, 'platForm.roleManage.Role.Maintain', 0);
insert into `JARIACEPLAT`.`SYS_AUTH` (`ID`,`NAME`,`APP_ID`,`REMARK`,`SORT_INDEX`,`PARENT_ID`,`CREATE_USER`,`CREATE_TIME`,`UPDATE_TIME`,`SORT_PATH`,`IS_ORG_ADMIN`,`IS_USER_GROUP_ADMIN`,`CODE`,`DATA_VERSION`) values ('334qb3ec3d6e483b86c4923ea64cf111', '用户授权保存', 'platform', null, 1, '334qb3ec3d6e483b86c4923ea64cfdd0', null, null, null, '0002000900010001', 0, 0, 'platForm.grantAuthManage.UserGrantAuth.Save', 0);
insert into `JARIACEPLAT`.`SYS_AUTH` (`ID`,`NAME`,`APP_ID`,`REMARK`,`SORT_INDEX`,`PARENT_ID`,`CREATE_USER`,`CREATE_TIME`,`UPDATE_TIME`,`SORT_PATH`,`IS_ORG_ADMIN`,`IS_USER_GROUP_ADMIN`,`CODE`,`DATA_VERSION`) values ('334qb3ec3d6e483b86c4923ea64cf112', '用户授权激活', 'platform', null, 2, '334qb3ec3d6e483b86c4923ea64cfdd0', null, null, null, '0002000900010002', 0, 0, 'platForm.grantAuthManage.UserGrantAuth.Active', 0);
insert into `JARIACEPLAT`.`SYS_AUTH` (`ID`,`NAME`,`APP_ID`,`REMARK`,`SORT_INDEX`,`PARENT_ID`,`CREATE_USER`,`CREATE_TIME`,`UPDATE_TIME`,`SORT_PATH`,`IS_ORG_ADMIN`,`IS_USER_GROUP_ADMIN`,`CODE`,`DATA_VERSION`) values ('334qb3ec3d6e483b86c4923ea64cf113', '指定用户权限管控的组织范围', 'platform', null, 3, '334qb3ec3d6e483b86c4923ea64cfdd0', null, null, null, '0002000900010003', 0, 0, 'platForm.grantAuthManage.UserGrantAuth.OrgControlDomain', 0);
insert into `JARIACEPLAT`.`SYS_AUTH` (`ID`,`NAME`,`APP_ID`,`REMARK`,`SORT_INDEX`,`PARENT_ID`,`CREATE_USER`,`CREATE_TIME`,`UPDATE_TIME`,`SORT_PATH`,`IS_ORG_ADMIN`,`IS_USER_GROUP_ADMIN`,`CODE`,`DATA_VERSION`) values ('334qb3ec3d6e483b86c4923ea64cf114', '指定用户权限管控的用户组范围', 'platform', null, 4, '334qb3ec3d6e483b86c4923ea64cfdd0', null, null, null, '0002000900010004', 0, 0, 'platForm.grantAuthManage.UserGrantAuth.UserGropuControlDomain', 0);
insert into `JARIACEPLAT`.`SYS_AUTH` (`ID`,`NAME`,`APP_ID`,`REMARK`,`SORT_INDEX`,`PARENT_ID`,`CREATE_USER`,`CREATE_TIME`,`UPDATE_TIME`,`SORT_PATH`,`IS_ORG_ADMIN`,`IS_USER_GROUP_ADMIN`,`CODE`,`DATA_VERSION`) values ('456wb3ec3d6e483b86c4923ea64cf111', '角色授权保存', 'platform', null, 1, '456wb3ec3d6e483b86c4923ea64cfdd0', null, null, null, '0002000900020001', 0, 0, 'platForm.grantAuthManage.RoleGrantAuth.Save', 0);
insert into `JARIACEPLAT`.`SYS_AUTH` (`ID`,`NAME`,`APP_ID`,`REMARK`,`SORT_INDEX`,`PARENT_ID`,`CREATE_USER`,`CREATE_TIME`,`UPDATE_TIME`,`SORT_PATH`,`IS_ORG_ADMIN`,`IS_USER_GROUP_ADMIN`,`CODE`,`DATA_VERSION`) values ('456wb3ec3d6e483b86c4923ea64cf112', '角色授权激活', 'platform', null, 2, '456wb3ec3d6e483b86c4923ea64cfdd0', null, null, null, '0002000900020002', 0, 0, 'platForm.grantAuthManage.RoleGrantAuth.Active', 0);
insert into `JARIACEPLAT`.`SYS_AUTH` (`ID`,`NAME`,`APP_ID`,`REMARK`,`SORT_INDEX`,`PARENT_ID`,`CREATE_USER`,`CREATE_TIME`,`UPDATE_TIME`,`SORT_PATH`,`IS_ORG_ADMIN`,`IS_USER_GROUP_ADMIN`,`CODE`,`DATA_VERSION`) values ('67yub3ec3d6e483b86c4923ea64cf111', '权限授权保存', 'platform', null, 1, '67yub3ec3d6e483b86c4923ea64cfdd0', null, null, null, '0002000900030001', 0, 0, 'platForm.grantAuthManage.AuthGrantUserAndRole.Save', 0);
insert into `JARIACEPLAT`.`SYS_AUTH` (`ID`,`NAME`,`APP_ID`,`REMARK`,`SORT_INDEX`,`PARENT_ID`,`CREATE_USER`,`CREATE_TIME`,`UPDATE_TIME`,`SORT_PATH`,`IS_ORG_ADMIN`,`IS_USER_GROUP_ADMIN`,`CODE`,`DATA_VERSION`) values ('67yub3ec3d6e483b86c4923ea64cf112', '权限授权激活', 'platform', null, 2, '67yub3ec3d6e483b86c4923ea64cfdd0', null, null, null, '0002000900030002', 0, 0, 'platForm.grantAuthManage.AuthGrantUserAndRole.Active', 0);
insert into `JARIACEPLAT`.`SYS_AUTH` (`ID`,`NAME`,`APP_ID`,`REMARK`,`SORT_INDEX`,`PARENT_ID`,`CREATE_USER`,`CREATE_TIME`,`UPDATE_TIME`,`SORT_PATH`,`IS_ORG_ADMIN`,`IS_USER_GROUP_ADMIN`,`CODE`,`DATA_VERSION`) values ('ac2a8ce16a614324b5ed4e9c24e71111', '租户配置项维护', 'platform', null, 1, 'ac2a8ce16a614324b5ed4e9c24e7e904', null, null, null, '000300010001', 0, 0, 'platForm.configManage.ConfigManage.TenantMaintain', 0);
insert into `JARIACEPLAT`.`SYS_AUTH` (`ID`,`NAME`,`APP_ID`,`REMARK`,`SORT_INDEX`,`PARENT_ID`,`CREATE_USER`,`CREATE_TIME`,`UPDATE_TIME`,`SORT_PATH`,`IS_ORG_ADMIN`,`IS_USER_GROUP_ADMIN`,`CODE`,`DATA_VERSION`) values ('ac2a8ce16a614324b5ed4e9c24e71112', '集团配置项维护', 'platform', null, 2, 'ac2a8ce16a614324b5ed4e9c24e7e904', null, null, null, '000300010002', 0, 0, 'platForm.configManage.ConfigManage.GroupMaintain', 0);
insert into `JARIACEPLAT`.`SYS_AUTH` (`ID`,`NAME`,`APP_ID`,`REMARK`,`SORT_INDEX`,`PARENT_ID`,`CREATE_USER`,`CREATE_TIME`,`UPDATE_TIME`,`SORT_PATH`,`IS_ORG_ADMIN`,`IS_USER_GROUP_ADMIN`,`CODE`,`DATA_VERSION`) values ('ac2a8ce16a614324b5ed4e9c24e71113', '应用配置项维护', 'platform', null, 3, 'ac2a8ce16a614324b5ed4e9c24e7e904', null, null, null, '000300010003', 0, 0, 'platForm.configManage.ConfigManage.AppMaintain', 0);
insert into `JARIACEPLAT`.`SYS_AUTH` (`ID`,`NAME`,`APP_ID`,`REMARK`,`SORT_INDEX`,`PARENT_ID`,`CREATE_USER`,`CREATE_TIME`,`UPDATE_TIME`,`SORT_PATH`,`IS_ORG_ADMIN`,`IS_USER_GROUP_ADMIN`,`CODE`,`DATA_VERSION`) values ('ffc03579b06a4b7fae6c51c9ff481111', '附件租户配置项维护', 'platform', null, 1, 'ffc03579b06a4b7fae6c51c9ff48b311', null, null, null, '000300020001', 0, 0, 'platForm.fileConfigManage.fileConfig.TenantMaintain', 0);
insert into `JARIACEPLAT`.`SYS_AUTH` (`ID`,`NAME`,`APP_ID`,`REMARK`,`SORT_INDEX`,`PARENT_ID`,`CREATE_USER`,`CREATE_TIME`,`UPDATE_TIME`,`SORT_PATH`,`IS_ORG_ADMIN`,`IS_USER_GROUP_ADMIN`,`CODE`,`DATA_VERSION`) values ('ffc03579b06a4b7fae6c51c9ff481112', '附件集团配置项维护', 'platform', null, 2, 'ffc03579b06a4b7fae6c51c9ff48b311', null, null, null, '000300020002', 0, 0, 'platForm.fileConfigManage.fileConfig.GroupMaintain', 0);
insert into `JARIACEPLAT`.`SYS_AUTH` (`ID`,`NAME`,`APP_ID`,`REMARK`,`SORT_INDEX`,`PARENT_ID`,`CREATE_USER`,`CREATE_TIME`,`UPDATE_TIME`,`SORT_PATH`,`IS_ORG_ADMIN`,`IS_USER_GROUP_ADMIN`,`CODE`,`DATA_VERSION`) values ('ffc03579b06a4b7fae6c51c9ff481113', '附件应用配置项维护', 'platform', null, 3, 'ffc03579b06a4b7fae6c51c9ff48b311', null, null, null, '000300020003', 0, 0, 'platForm.fileConfigManage.fileConfig.AppMaintain', 0);
insert into `JARIACEPLAT`.`SYS_AUTH` (`ID`,`NAME`,`APP_ID`,`REMARK`,`SORT_INDEX`,`PARENT_ID`,`CREATE_USER`,`CREATE_TIME`,`UPDATE_TIME`,`SORT_PATH`,`IS_ORG_ADMIN`,`IS_USER_GROUP_ADMIN`,`CODE`,`DATA_VERSION`) values ('ffc03579b06a4b7fae6c51c9ff482111', '附件存储库维护', 'platform', null, 1, 'ffc03579b06a4b7fae6c51c9ff48b312', null, null, null, '000300030001', 0, 0, 'platForm.fileRepositoryManage.fileRepository.Maintain', 0);
insert into `JARIACEPLAT`.`SYS_AUTH` (`ID`,`NAME`,`APP_ID`,`REMARK`,`SORT_INDEX`,`PARENT_ID`,`CREATE_USER`,`CREATE_TIME`,`UPDATE_TIME`,`SORT_PATH`,`IS_ORG_ADMIN`,`IS_USER_GROUP_ADMIN`,`CODE`,`DATA_VERSION`) values ('8bc5761a4d8d49e680515bc50f4ba111', '菜单管理维护', 'platform', null, 1, '8bc5761a4d8d49e680515bc50f4baad1', null, null, null, '000300060001', 0, 0, 'platForm.menuManage.Menu.Maintain', 0);
insert into `JARIACEPLAT`.`SYS_AUTH` (`ID`,`NAME`,`APP_ID`,`REMARK`,`SORT_INDEX`,`PARENT_ID`,`CREATE_USER`,`CREATE_TIME`,`UPDATE_TIME`,`SORT_PATH`,`IS_ORG_ADMIN`,`IS_USER_GROUP_ADMIN`,`CODE`,`DATA_VERSION`) values ('39e1b3ec3d6e483b86c4923ea64c1111', '权限管理维护', 'platform', null, 1, '39e1b3ec3d6e483b86c4923ea64cfdd0', null, null, null, '000300070001', 0, 0, 'platForm.authManage.Auth.Maintain', 0);
insert into `JARIACEPLAT`.`SYS_AUTH` (`ID`,`NAME`,`APP_ID`,`REMARK`,`SORT_INDEX`,`PARENT_ID`,`CREATE_USER`,`CREATE_TIME`,`UPDATE_TIME`,`SORT_PATH`,`IS_ORG_ADMIN`,`IS_USER_GROUP_ADMIN`,`CODE`,`DATA_VERSION`) values ('39e1b3ec3d6e483b86c4923ea64c1112', '指定权限绑定api资源权限', 'platform', null, 2, '39e1b3ec3d6e483b86c4923ea64cfdd0', null, null, null, '000300070002', 0, 0, 'platForm.authManage.Auth.ApiDoMain', 0);
insert into `JARIACEPLAT`.`SYS_AUTH` (`ID`,`NAME`,`APP_ID`,`REMARK`,`SORT_INDEX`,`PARENT_ID`,`CREATE_USER`,`CREATE_TIME`,`UPDATE_TIME`,`SORT_PATH`,`IS_ORG_ADMIN`,`IS_USER_GROUP_ADMIN`,`CODE`,`DATA_VERSION`) values ('8d4d2caee7f548889988da2747dfa112', '指定下级角色', 'platform', null, 2, '8d4d2caee7f548889988da2747dfaa4a', null, null, null, '000200080002', 0, 0, 'platForm.roleManage.Role.ChildRole', 0);
insert into `JARIACEPLAT`.`SYS_AUTH` (`ID`,`NAME`,`APP_ID`,`REMARK`,`SORT_INDEX`,`PARENT_ID`,`CREATE_USER`,`CREATE_TIME`,`UPDATE_TIME`,`SORT_PATH`,`IS_ORG_ADMIN`,`IS_USER_GROUP_ADMIN`,`CODE`,`DATA_VERSION`) values ('8d4d2caee7f548889988da2747dfa113', '指定互斥角色', 'platform', null, 3, '8d4d2caee7f548889988da2747dfaa4a', null, null, null, '000200080003', 0, 0, 'platForm.roleManage.Role.MutexRole', 0);
insert into `JARIACEPLAT`.`SYS_AUTH` (`ID`,`NAME`,`APP_ID`,`REMARK`,`SORT_INDEX`,`PARENT_ID`,`CREATE_USER`,`CREATE_TIME`,`UPDATE_TIME`,`SORT_PATH`,`IS_ORG_ADMIN`,`IS_USER_GROUP_ADMIN`,`CODE`,`DATA_VERSION`) values ('8d4d2caee7f548889988da2747dfa114', '分配角色用户权限', 'platform', null, 4, '8d4d2caee7f548889988da2747dfaa4a', null, null, null, '000200080004', 0, 0, 'platForm.roleManage.Role.UserRole', 0);
insert into `JARIACEPLAT`.`SYS_AUTH` (`ID`,`NAME`,`APP_ID`,`REMARK`,`SORT_INDEX`,`PARENT_ID`,`CREATE_USER`,`CREATE_TIME`,`UPDATE_TIME`,`SORT_PATH`,`IS_ORG_ADMIN`,`IS_USER_GROUP_ADMIN`,`CODE`,`DATA_VERSION`) values ('e3b15ac90286450fbe5a721c9f542433', '首页', 'platform', null, 0, '0', null, null, null, '0000', 0, 0, 'platForm.home.Home', 0);
insert into `JARIACEPLAT`.`SYS_AUTH` (`ID`,`NAME`,`APP_ID`,`REMARK`,`SORT_INDEX`,`PARENT_ID`,`CREATE_USER`,`CREATE_TIME`,`UPDATE_TIME`,`SORT_PATH`,`IS_ORG_ADMIN`,`IS_USER_GROUP_ADMIN`,`CODE`,`DATA_VERSION`) values ('e3b15ac90286450fbe5a721c9f542344', '服务管理', 'platform', null, 4, '0', null, null, null, '0004', 0, 0, 'NULL', 0);
insert into `JARIACEPLAT`.`SYS_AUTH` (`ID`,`NAME`,`APP_ID`,`REMARK`,`SORT_INDEX`,`PARENT_ID`,`CREATE_USER`,`CREATE_TIME`,`UPDATE_TIME`,`SORT_PATH`,`IS_ORG_ADMIN`,`IS_USER_GROUP_ADMIN`,`CODE`,`DATA_VERSION`) values ('12315ac90286450fbe5a721c9f542344', '服务配置管理', 'platform', null, 1, 'e3b15ac90286450fbe5a721c9f542344', null, null, null, '00040001', 0, 0, 'platForm.nacos.NacosConfigs', 0);
insert into `JARIACEPLAT`.`SYS_AUTH` (`ID`,`NAME`,`APP_ID`,`REMARK`,`SORT_INDEX`,`PARENT_ID`,`CREATE_USER`,`CREATE_TIME`,`UPDATE_TIME`,`SORT_PATH`,`IS_ORG_ADMIN`,`IS_USER_GROUP_ADMIN`,`CODE`,`DATA_VERSION`) values ('23315ac90286450fbe5a721c9f542344', '服务命名空间', 'platform', null, 2, 'e3b15ac90286450fbe5a721c9f542344', null, null, null, '00040002', 0, 0, 'platForm.nacos.NacosNamespace', 0);
insert into `JARIACEPLAT`.`SYS_AUTH` (`ID`,`NAME`,`APP_ID`,`REMARK`,`SORT_INDEX`,`PARENT_ID`,`CREATE_USER`,`CREATE_TIME`,`UPDATE_TIME`,`SORT_PATH`,`IS_ORG_ADMIN`,`IS_USER_GROUP_ADMIN`,`CODE`,`DATA_VERSION`) values ('34415ac90286450fbe5a721c9f542344', '服务列表管理', 'platform', null, 3, 'e3b15ac90286450fbe5a721c9f542344', null, null, null, '00040003', 0, 0, 'platForm.nacos.NacosService', 0);
insert into `JARIACEPLAT`.`SYS_AUTH` (`ID`,`NAME`,`APP_ID`,`REMARK`,`SORT_INDEX`,`PARENT_ID`,`CREATE_USER`,`CREATE_TIME`,`UPDATE_TIME`,`SORT_PATH`,`IS_ORG_ADMIN`,`IS_USER_GROUP_ADMIN`,`CODE`,`DATA_VERSION`) values ('12315ac90286450fbe5a721c9f54ddd1', '服务配置管理维护', 'platform', null, 1, '12315ac90286450fbe5a721c9f542344', null, null, null, '000400010001', 0, 0, 'platForm.nacos.NacosConfigs.Maintain', 0);
insert into `JARIACEPLAT`.`SYS_AUTH` (`ID`,`NAME`,`APP_ID`,`REMARK`,`SORT_INDEX`,`PARENT_ID`,`CREATE_USER`,`CREATE_TIME`,`UPDATE_TIME`,`SORT_PATH`,`IS_ORG_ADMIN`,`IS_USER_GROUP_ADMIN`,`CODE`,`DATA_VERSION`) values ('23315ac90286450fbe5a721c9f54ddd2', '服务命名空间维护', 'platform', null, 1, '23315ac90286450fbe5a721c9f542344', null, null, null, '000400020001', 0, 0, 'platForm.nacos.NacosNamespace.Maintain', 0);
insert into `JARIACEPLAT`.`SYS_AUTH` (`ID`,`NAME`,`APP_ID`,`REMARK`,`SORT_INDEX`,`PARENT_ID`,`CREATE_USER`,`CREATE_TIME`,`UPDATE_TIME`,`SORT_PATH`,`IS_ORG_ADMIN`,`IS_USER_GROUP_ADMIN`,`CODE`,`DATA_VERSION`) values ('34415ac90286450fbe5a721c9f54ddd3', '服务列表管理维护', 'platform', null, 1, '34415ac90286450fbe5a721c9f542344', null, null, null, '000400030001', 0, 0, 'platForm.nacos.NacosService.Maintain', 0);
insert into `JARIACEPLAT`.`SYS_AUTH` (`ID`,`NAME`,`APP_ID`,`REMARK`,`SORT_INDEX`,`PARENT_ID`,`CREATE_USER`,`CREATE_TIME`,`UPDATE_TIME`,`SORT_PATH`,`IS_ORG_ADMIN`,`IS_USER_GROUP_ADMIN`,`CODE`,`DATA_VERSION`) values ('77yub3ec3d6e483b86c4923ea6411111', '授权激活', 'platform', null, 4, '11erb3ec3d6e483b86c4923ea64cfdd0', null, null, null, '000200090004', 0, 0, 'platForm.grantAuthManage.AuthGrantActive', 0);
insert into `JARIACEPLAT`.`SYS_AUTH` (`ID`,`NAME`,`APP_ID`,`REMARK`,`SORT_INDEX`,`PARENT_ID`,`CREATE_USER`,`CREATE_TIME`,`UPDATE_TIME`,`SORT_PATH`,`IS_ORG_ADMIN`,`IS_USER_GROUP_ADMIN`,`CODE`,`DATA_VERSION`) values ('22316279a4a9416a8e20019821e640af', '定时任务', 'platform', null, 8, '11316279a4a9416a8e20019821e640af', null, null, null, '00030008', 0, 0, 'platform.quartzManage.Schedule', 0);
insert into `JARIACEPLAT`.`SYS_AUTH` (`ID`,`NAME`,`APP_ID`,`REMARK`,`SORT_INDEX`,`PARENT_ID`,`CREATE_USER`,`CREATE_TIME`,`UPDATE_TIME`,`SORT_PATH`,`IS_ORG_ADMIN`,`IS_USER_GROUP_ADMIN`,`CODE`,`DATA_VERSION`) values ('11116279a4a9416a8e20019821e61111', '工作日历', 'platform', null, 10, 'e3b15ac90286450fbe5a721c9f542451', null, null, null, '00020010', 0, 0, 'platform.jobCalendarManage.JobCalendar', 0);
insert into `JARIACEPLAT`.`SYS_AUTH` (`ID`,`NAME`,`APP_ID`,`REMARK`,`SORT_INDEX`,`PARENT_ID`,`CREATE_USER`,`CREATE_TIME`,`UPDATE_TIME`,`SORT_PATH`,`IS_ORG_ADMIN`,`IS_USER_GROUP_ADMIN`,`CODE`,`DATA_VERSION`) values ('33336279a4a9416a8e20019821e63333', '消息通道配置管理', 'platform', null, 9, '11316279a4a9416a8e20019821e640af', null, null, null, '00030009', 0, 0, 'platform.msgSendManage.MsgSend', 0);
insert into `JARIACEPLAT`.`SYS_AUTH` (`ID`,`NAME`,`APP_ID`,`REMARK`,`SORT_INDEX`,`PARENT_ID`,`CREATE_USER`,`CREATE_TIME`,`UPDATE_TIME`,`SORT_PATH`,`IS_ORG_ADMIN`,`IS_USER_GROUP_ADMIN`,`CODE`,`DATA_VERSION`) values ('3333ba3204344d37929abd4ad9a12222', '工作流程', 'platform', null, 5, '0', null, null, null, '0005', 0, 0, null, 0);
insert into `JARIACEPLAT`.`SYS_AUTH` (`ID`,`NAME`,`APP_ID`,`REMARK`,`SORT_INDEX`,`PARENT_ID`,`CREATE_USER`,`CREATE_TIME`,`UPDATE_TIME`,`SORT_PATH`,`IS_ORG_ADMIN`,`IS_USER_GROUP_ADMIN`,`CODE`,`DATA_VERSION`) values ('3456ba3204344d37929abd4ad9a15678', '流程定义', 'platform', null, 1, '3333ba3204344d37929abd4ad9a12222', null, null, null, '00050001', 0, 0, 'processDefinition.ProcessList', 0);
insert into `JARIACEPLAT`.`SYS_AUTH` (`ID`,`NAME`,`APP_ID`,`REMARK`,`SORT_INDEX`,`PARENT_ID`,`CREATE_USER`,`CREATE_TIME`,`UPDATE_TIME`,`SORT_PATH`,`IS_ORG_ADMIN`,`IS_USER_GROUP_ADMIN`,`CODE`,`DATA_VERSION`) values ('7756ba3204344d37929abd4ad9a15699', '全局变量', 'platform', null, 2, '3333ba3204344d37929abd4ad9a12222', null, null, null, '00050002', 0, 0, 'globalVariantManage.GlobalVariant', 0);
insert into `JARIACEPLAT`.`SYS_AUTH` (`ID`,`NAME`,`APP_ID`,`REMARK`,`SORT_INDEX`,`PARENT_ID`,`CREATE_USER`,`CREATE_TIME`,`UPDATE_TIME`,`SORT_PATH`,`IS_ORG_ADMIN`,`IS_USER_GROUP_ADMIN`,`CODE`,`DATA_VERSION`) values ('1116ba3204344d37929abd4ad9a15222', '全局规则', 'platform', null, 3, '3333ba3204344d37929abd4ad9a12222', null, null, null, '00050003', 0, 0, 'globalRuleManage.GlobalRule', 0);

/**
menu
*/
insert into `JARIACEPLAT`.`SYS_MENU` (`ID`,`NAME`,`PARENT_ID`,`APP_ID`,`PARENT_NAME`,`URL`,`TYPE`,`ICON`,`AUTH_ID`,`BTN_AUTH`,`IS_LEAF`,`SORT_INDEX`,`ALL_ORDER`,`SORT_PATH`,`OPEN_STYLE`,`CLOSE_NOTICE`,`CREATE_USER`,`CREATE_TIME`,`UPDATE_TIME`,`LEAF`,`MENU_AUTH`,`REMARK`,`DATA_VERSION`,`IS_IFRAME`) values ('bc316279a4a9416a8e20019821e640af', '组织架构管理', '0', 'platform', '一级菜单', null, 0, 'iconfont icon-sitemap', 'bc316279a4a9416a8e20019821e640af', null, null, 1, null, '0001', null, null, null, null, null, null, null, null, 0, 0);
insert into `JARIACEPLAT`.`SYS_MENU` (`ID`,`NAME`,`PARENT_ID`,`APP_ID`,`PARENT_NAME`,`URL`,`TYPE`,`ICON`,`AUTH_ID`,`BTN_AUTH`,`IS_LEAF`,`SORT_INDEX`,`ALL_ORDER`,`SORT_PATH`,`OPEN_STYLE`,`CLOSE_NOTICE`,`CREATE_USER`,`CREATE_TIME`,`UPDATE_TIME`,`LEAF`,`MENU_AUTH`,`REMARK`,`DATA_VERSION`,`IS_IFRAME`) values ('e3b15ac90286450fbe5a721c9f542451', '系统管理', '0', 'platform', '一级菜单', null, 0, 'iconfont icon-laptop', 'e3b15ac90286450fbe5a721c9f542451', null, null, 2, null, '0002', null, null, null, null, null, null, null, null, 0, 0);
insert into `JARIACEPLAT`.`SYS_MENU` (`ID`,`NAME`,`PARENT_ID`,`APP_ID`,`PARENT_NAME`,`URL`,`TYPE`,`ICON`,`AUTH_ID`,`BTN_AUTH`,`IS_LEAF`,`SORT_INDEX`,`ALL_ORDER`,`SORT_PATH`,`OPEN_STYLE`,`CLOSE_NOTICE`,`CREATE_USER`,`CREATE_TIME`,`UPDATE_TIME`,`LEAF`,`MENU_AUTH`,`REMARK`,`DATA_VERSION`,`IS_IFRAME`) values ('8df5766a29644f50bceee1228964e1cc', '集团管理', 'bc316279a4a9416a8e20019821e640af', 'platform', '组织架构管理', 'orgSructureManage/views/GroupManage', 1, 'iconfont icon-loufang', '8df5766a29644f50bceee1228964e1cc', null, null, 1, null, '00010001', null, null, null, null, null, null, null, null, 0, 0);
insert into `JARIACEPLAT`.`SYS_MENU` (`ID`,`NAME`,`PARENT_ID`,`APP_ID`,`PARENT_NAME`,`URL`,`TYPE`,`ICON`,`AUTH_ID`,`BTN_AUTH`,`IS_LEAF`,`SORT_INDEX`,`ALL_ORDER`,`SORT_PATH`,`OPEN_STYLE`,`CLOSE_NOTICE`,`CREATE_USER`,`CREATE_TIME`,`UPDATE_TIME`,`LEAF`,`MENU_AUTH`,`REMARK`,`DATA_VERSION`,`IS_IFRAME`) values ('a16344b1790e41e98615f6cd19587573', '业务单元', 'bc316279a4a9416a8e20019821e640af', 'platform', '组织架构管理', 'orgSructureManage/views/BusinessUnitManage', 1, 'iconfont icon-appstore-fill', 'a16344b1790e41e98615f6cd19587573', null, null, 2, null, '00010002', null, null, null, null, null, null, null, null, 0, 0);
insert into `JARIACEPLAT`.`SYS_MENU` (`ID`,`NAME`,`PARENT_ID`,`APP_ID`,`PARENT_NAME`,`URL`,`TYPE`,`ICON`,`AUTH_ID`,`BTN_AUTH`,`IS_LEAF`,`SORT_INDEX`,`ALL_ORDER`,`SORT_PATH`,`OPEN_STYLE`,`CLOSE_NOTICE`,`CREATE_USER`,`CREATE_TIME`,`UPDATE_TIME`,`LEAF`,`MENU_AUTH`,`REMARK`,`DATA_VERSION`,`IS_IFRAME`) values ('5e80ace300d54486814ee84c1fb29a3a', '部门管理', 'bc316279a4a9416a8e20019821e640af', 'platform', '组织架构管理', 'orgDepartmentManage/views/orgDepartment', 1, 'iconfont icon-th-list', '5e80ace300d54486814ee84c1fb29a3a', null, null, 3, null, '00010003', null, null, null, null, null, null, null, null, 0, 0);
insert into `JARIACEPLAT`.`SYS_MENU` (`ID`,`NAME`,`PARENT_ID`,`APP_ID`,`PARENT_NAME`,`URL`,`TYPE`,`ICON`,`AUTH_ID`,`BTN_AUTH`,`IS_LEAF`,`SORT_INDEX`,`ALL_ORDER`,`SORT_PATH`,`OPEN_STYLE`,`CLOSE_NOTICE`,`CREATE_USER`,`CREATE_TIME`,`UPDATE_TIME`,`LEAF`,`MENU_AUTH`,`REMARK`,`DATA_VERSION`,`IS_IFRAME`) values ('a16344b1790e41e98615f6cd19587571', '人员管理', 'bc316279a4a9416a8e20019821e640af', 'platform', '组织架构管理', 'orgSructureManage/views/PersonnelManage', 1, 'iconfont icon-users-cog', 'a16344b1790e41e98615f6cd19587571', null, null, 4, null, '00010004', null, null, null, null, null, null, null, null, 0, 0);
insert into `JARIACEPLAT`.`SYS_MENU` (`ID`,`NAME`,`PARENT_ID`,`APP_ID`,`PARENT_NAME`,`URL`,`TYPE`,`ICON`,`AUTH_ID`,`BTN_AUTH`,`IS_LEAF`,`SORT_INDEX`,`ALL_ORDER`,`SORT_PATH`,`OPEN_STYLE`,`CLOSE_NOTICE`,`CREATE_USER`,`CREATE_TIME`,`UPDATE_TIME`,`LEAF`,`MENU_AUTH`,`REMARK`,`DATA_VERSION`,`IS_IFRAME`) values ('5fc1b8842fa04faea8f39beb866fd511', '集团三员管理', 'e3b15ac90286450fbe5a721c9f542451', 'platform', '系统管理', 'threeManage/views/GroupThreeManage', 1, 'iconfont icon-user-tie', '5fc1b8842fa04faea8f39beb866fd511', null, null, 1, null, '00020001', null, null, null, null, null, null, null, null, 0, 0);
insert into `JARIACEPLAT`.`SYS_MENU` (`ID`,`NAME`,`PARENT_ID`,`APP_ID`,`PARENT_NAME`,`URL`,`TYPE`,`ICON`,`AUTH_ID`,`BTN_AUTH`,`IS_LEAF`,`SORT_INDEX`,`ALL_ORDER`,`SORT_PATH`,`OPEN_STYLE`,`CLOSE_NOTICE`,`CREATE_USER`,`CREATE_TIME`,`UPDATE_TIME`,`LEAF`,`MENU_AUTH`,`REMARK`,`DATA_VERSION`,`IS_IFRAME`) values ('b50cbc8a2b0645729848403093f4246f', '用户管理', 'e3b15ac90286450fbe5a721c9f542451', 'platform', '系统管理', 'userManage/views/user', 1, 'iconfont icon-users-cog', 'b50cbc8a2b0645729848403093f4246f', null, null, 2, null, '00020002', null, null, null, null, null, null, null, null, 0, 0);
insert into `JARIACEPLAT`.`SYS_MENU` (`ID`,`NAME`,`PARENT_ID`,`APP_ID`,`PARENT_NAME`,`URL`,`TYPE`,`ICON`,`AUTH_ID`,`BTN_AUTH`,`IS_LEAF`,`SORT_INDEX`,`ALL_ORDER`,`SORT_PATH`,`OPEN_STYLE`,`CLOSE_NOTICE`,`CREATE_USER`,`CREATE_TIME`,`UPDATE_TIME`,`LEAF`,`MENU_AUTH`,`REMARK`,`DATA_VERSION`,`IS_IFRAME`) values ('39e1b3ec3d6e483b86c4923ea64cfeee', '数据源管理', '11316279a4a9416a8e20019821e640af', 'platform', '配置管理', 'groupDataSource/views/dataSource', 1, 'iconfont icon-server', '39e1b3ec3d6e483b86c4923ea64cfeee', null, null, 4, null, '00030004', null, null, null, null, null, null, null, null, 0, 0);
insert into `JARIACEPLAT`.`SYS_MENU` (`ID`,`NAME`,`PARENT_ID`,`APP_ID`,`PARENT_NAME`,`URL`,`TYPE`,`ICON`,`AUTH_ID`,`BTN_AUTH`,`IS_LEAF`,`SORT_INDEX`,`ALL_ORDER`,`SORT_PATH`,`OPEN_STYLE`,`CLOSE_NOTICE`,`CREATE_USER`,`CREATE_TIME`,`UPDATE_TIME`,`LEAF`,`MENU_AUTH`,`REMARK`,`DATA_VERSION`,`IS_IFRAME`) values ('11316279a4a9416a8e20019821e640af', '配置管理', '0', 'platform', '一级菜单', null, 0, 'el-icon-s-grid', '11316279a4a9416a8e20019821e640af', null, null, 3, null, '0003', null, null, null, null, null, null, null, null, 0, 0);
insert into `JARIACEPLAT`.`SYS_MENU` (`ID`,`NAME`,`PARENT_ID`,`APP_ID`,`PARENT_NAME`,`URL`,`TYPE`,`ICON`,`AUTH_ID`,`BTN_AUTH`,`IS_LEAF`,`SORT_INDEX`,`ALL_ORDER`,`SORT_PATH`,`OPEN_STYLE`,`CLOSE_NOTICE`,`CREATE_USER`,`CREATE_TIME`,`UPDATE_TIME`,`LEAF`,`MENU_AUTH`,`REMARK`,`DATA_VERSION`,`IS_IFRAME`) values ('ac2a8ce16a614324b5ed4e9c24e7e904', '系统配置项管理', '11316279a4a9416a8e20019821e640af', 'platform', '配置管理', 'configManage/views/ConfigManage', 1, 'iconfont icon-cogs', 'ac2a8ce16a614324b5ed4e9c24e7e904', null, null, 1, null, '00030001', null, null, null, null, null, null, null, null, 0, 0);
insert into `JARIACEPLAT`.`SYS_MENU` (`ID`,`NAME`,`PARENT_ID`,`APP_ID`,`PARENT_NAME`,`URL`,`TYPE`,`ICON`,`AUTH_ID`,`BTN_AUTH`,`IS_LEAF`,`SORT_INDEX`,`ALL_ORDER`,`SORT_PATH`,`OPEN_STYLE`,`CLOSE_NOTICE`,`CREATE_USER`,`CREATE_TIME`,`UPDATE_TIME`,`LEAF`,`MENU_AUTH`,`REMARK`,`DATA_VERSION`,`IS_IFRAME`) values ('ffc03579b06a4b7fae6c51c9ff48b311', '附件配置项管理', '11316279a4a9416a8e20019821e640af', 'platform', '配置管理', 'fileConfigManage/views/fileConfig', 1, 'iconfont icon-file-invoice', 'ffc03579b06a4b7fae6c51c9ff48b311', null, null, 2, null, '00030002', null, null, null, null, null, null, null, null, 0, 0);
insert into `JARIACEPLAT`.`SYS_MENU` (`ID`,`NAME`,`PARENT_ID`,`APP_ID`,`PARENT_NAME`,`URL`,`TYPE`,`ICON`,`AUTH_ID`,`BTN_AUTH`,`IS_LEAF`,`SORT_INDEX`,`ALL_ORDER`,`SORT_PATH`,`OPEN_STYLE`,`CLOSE_NOTICE`,`CREATE_USER`,`CREATE_TIME`,`UPDATE_TIME`,`LEAF`,`MENU_AUTH`,`REMARK`,`DATA_VERSION`,`IS_IFRAME`) values ('ffc03579b06a4b7fae6c51c9ff48b312', '附件存储库管理', '11316279a4a9416a8e20019821e640af', 'platform', '配置管理', 'fileRepositoryManage/views/fileRepository', 1, 'iconfont icon-inbox', 'ffc03579b06a4b7fae6c51c9ff48b312', null, null, 3, null, '00030003', null, null, null, null, null, null, null, null, 0, 0);
insert into `JARIACEPLAT`.`SYS_MENU` (`ID`,`NAME`,`PARENT_ID`,`APP_ID`,`PARENT_NAME`,`URL`,`TYPE`,`ICON`,`AUTH_ID`,`BTN_AUTH`,`IS_LEAF`,`SORT_INDEX`,`ALL_ORDER`,`SORT_PATH`,`OPEN_STYLE`,`CLOSE_NOTICE`,`CREATE_USER`,`CREATE_TIME`,`UPDATE_TIME`,`LEAF`,`MENU_AUTH`,`REMARK`,`DATA_VERSION`,`IS_IFRAME`) values ('04d7893c4a4d4345b18b0789af13753f', '日志管理', 'e3b15ac90286450fbe5a721c9f542451', 'platform', '系统管理', null, 0, 'iconfont icon-clipboard-list', '04d7893c4a4d4345b18b0789af13753f', null, null, 4, null, '00020004', null, null, null, null, null, null, null, null, 0, 0);
insert into `JARIACEPLAT`.`SYS_MENU` (`ID`,`NAME`,`PARENT_ID`,`APP_ID`,`PARENT_NAME`,`URL`,`TYPE`,`ICON`,`AUTH_ID`,`BTN_AUTH`,`IS_LEAF`,`SORT_INDEX`,`ALL_ORDER`,`SORT_PATH`,`OPEN_STYLE`,`CLOSE_NOTICE`,`CREATE_USER`,`CREATE_TIME`,`UPDATE_TIME`,`LEAF`,`MENU_AUTH`,`REMARK`,`DATA_VERSION`,`IS_IFRAME`) values ('4c8c4bc4726b40b7a570fa1d2ba49f47', '安全审计日志', '04d7893c4a4d4345b18b0789af13753f', 'platform', '日志管理', 'auditLogManage/views/AuditLog', 1, 'iconfont icon-clipboard-check', '4c8c4bc4726b40b7a570fa1d2ba49f47', null, null, 1, null, '000200040001', null, null, null, null, null, null, null, null, 0, 0);
insert into `JARIACEPLAT`.`SYS_MENU` (`ID`,`NAME`,`PARENT_ID`,`APP_ID`,`PARENT_NAME`,`URL`,`TYPE`,`ICON`,`AUTH_ID`,`BTN_AUTH`,`IS_LEAF`,`SORT_INDEX`,`ALL_ORDER`,`SORT_PATH`,`OPEN_STYLE`,`CLOSE_NOTICE`,`CREATE_USER`,`CREATE_TIME`,`UPDATE_TIME`,`LEAF`,`MENU_AUTH`,`REMARK`,`DATA_VERSION`,`IS_IFRAME`) values ('8bc5761a4d8d49e680515bc50f4baad1', '菜单管理', '11316279a4a9416a8e20019821e640af', 'platform', '配置管理', 'menuManage/views/Menu', 1, 'iconfont icon-list-ul', '8bc5761a4d8d49e680515bc50f4baad1', null, null, 6, null, '00030006', null, null, null, null, null, null, null, null, 0, 0);
insert into `JARIACEPLAT`.`SYS_MENU` (`ID`,`NAME`,`PARENT_ID`,`APP_ID`,`PARENT_NAME`,`URL`,`TYPE`,`ICON`,`AUTH_ID`,`BTN_AUTH`,`IS_LEAF`,`SORT_INDEX`,`ALL_ORDER`,`SORT_PATH`,`OPEN_STYLE`,`CLOSE_NOTICE`,`CREATE_USER`,`CREATE_TIME`,`UPDATE_TIME`,`LEAF`,`MENU_AUTH`,`REMARK`,`DATA_VERSION`,`IS_IFRAME`) values ('39e1b3ec3d6e483b86c4923ea64cfdd0', '权限定义', '11316279a4a9416a8e20019821e640af', 'platform', '配置管理', 'authManage/views/Auth', 1, 'iconfont icon-setting-permissions', '39e1b3ec3d6e483b86c4923ea64cfdd0', null, null, 7, null, '00030007', null, null, null, null, null, null, null, null, 0, 0);
insert into `JARIACEPLAT`.`SYS_MENU` (`ID`,`NAME`,`PARENT_ID`,`APP_ID`,`PARENT_NAME`,`URL`,`TYPE`,`ICON`,`AUTH_ID`,`BTN_AUTH`,`IS_LEAF`,`SORT_INDEX`,`ALL_ORDER`,`SORT_PATH`,`OPEN_STYLE`,`CLOSE_NOTICE`,`CREATE_USER`,`CREATE_TIME`,`UPDATE_TIME`,`LEAF`,`MENU_AUTH`,`REMARK`,`DATA_VERSION`,`IS_IFRAME`) values ('67e1114e83214aeb8a3ec0a6822fdd30', '应用三员管理', 'e3b15ac90286450fbe5a721c9f542451', 'platform', '系统管理', 'threeManage/views/AppThreeManage', 1, 'iconfont icon-users', '67e1114e83214aeb8a3ec0a6822fdd30', null, null, 6, null, '00020006', null, null, null, null, null, null, null, null, 0, 0);
insert into `JARIACEPLAT`.`SYS_MENU` (`ID`,`NAME`,`PARENT_ID`,`APP_ID`,`PARENT_NAME`,`URL`,`TYPE`,`ICON`,`AUTH_ID`,`BTN_AUTH`,`IS_LEAF`,`SORT_INDEX`,`ALL_ORDER`,`SORT_PATH`,`OPEN_STYLE`,`CLOSE_NOTICE`,`CREATE_USER`,`CREATE_TIME`,`UPDATE_TIME`,`LEAF`,`MENU_AUTH`,`REMARK`,`DATA_VERSION`,`IS_IFRAME`) values ('ac2a8ce16a614324b5ed4e9c24e7e905', '应用管理', '11316279a4a9416a8e20019821e640af', 'platform', '配置管理', 'groupAppManage/views/GroupApp', 1, 'iconfont icon-box', 'ac2a8ce16a614324b5ed4e9c24e7e905', null, null, 5, null, '00030005', null, null, null, null, null, null, null, null, 0, 0);
insert into `JARIACEPLAT`.`SYS_MENU` (`ID`,`NAME`,`PARENT_ID`,`APP_ID`,`PARENT_NAME`,`URL`,`TYPE`,`ICON`,`AUTH_ID`,`BTN_AUTH`,`IS_LEAF`,`SORT_INDEX`,`ALL_ORDER`,`SORT_PATH`,`OPEN_STYLE`,`CLOSE_NOTICE`,`CREATE_USER`,`CREATE_TIME`,`UPDATE_TIME`,`LEAF`,`MENU_AUTH`,`REMARK`,`DATA_VERSION`,`IS_IFRAME`) values ('131e140bc2bd4361af5ee488f92b22ad', '字典维护', 'e3b15ac90286450fbe5a721c9f542451', 'platform', '系统管理', 'dictManage/views/dict', 1, 'iconfont icon-atlas', '131e140bc2bd4361af5ee488f92b22ad', null, null, 7, null, '00020007', null, null, null, null, null, null, null, null, 0, 0);
insert into `JARIACEPLAT`.`SYS_MENU` (`ID`,`NAME`,`PARENT_ID`,`APP_ID`,`PARENT_NAME`,`URL`,`TYPE`,`ICON`,`AUTH_ID`,`BTN_AUTH`,`IS_LEAF`,`SORT_INDEX`,`ALL_ORDER`,`SORT_PATH`,`OPEN_STYLE`,`CLOSE_NOTICE`,`CREATE_USER`,`CREATE_TIME`,`UPDATE_TIME`,`LEAF`,`MENU_AUTH`,`REMARK`,`DATA_VERSION`,`IS_IFRAME`) values ('8d4d2caee7f548889988da2747dfaa4a', '角色管理', 'e3b15ac90286450fbe5a721c9f542451', 'platform', '系统管理', 'roleManage/views/Role', 1, 'iconfont icon-user-circle', '8d4d2caee7f548889988da2747dfaa4a', null, null, 8, null, '00020008', null, null, null, null, null, null, null, null, 0, 0);
insert into `JARIACEPLAT`.`SYS_MENU` (`ID`,`NAME`,`PARENT_ID`,`APP_ID`,`PARENT_NAME`,`URL`,`TYPE`,`ICON`,`AUTH_ID`,`BTN_AUTH`,`IS_LEAF`,`SORT_INDEX`,`ALL_ORDER`,`SORT_PATH`,`OPEN_STYLE`,`CLOSE_NOTICE`,`CREATE_USER`,`CREATE_TIME`,`UPDATE_TIME`,`LEAF`,`MENU_AUTH`,`REMARK`,`DATA_VERSION`,`IS_IFRAME`) values ('11erb3ec3d6e483b86c4923ea64cfdd0', '授权管理', 'e3b15ac90286450fbe5a721c9f542451', 'platform', '系统管理', null, 0, 'iconfont icon-user-shield', '11erb3ec3d6e483b86c4923ea64cfdd0', null, null, 9, null, '00020009', null, null, null, null, null, null, null, null, 0, 0);
insert into `JARIACEPLAT`.`SYS_MENU` (`ID`,`NAME`,`PARENT_ID`,`APP_ID`,`PARENT_NAME`,`URL`,`TYPE`,`ICON`,`AUTH_ID`,`BTN_AUTH`,`IS_LEAF`,`SORT_INDEX`,`ALL_ORDER`,`SORT_PATH`,`OPEN_STYLE`,`CLOSE_NOTICE`,`CREATE_USER`,`CREATE_TIME`,`UPDATE_TIME`,`LEAF`,`MENU_AUTH`,`REMARK`,`DATA_VERSION`,`IS_IFRAME`) values ('334qb3ec3d6e483b86c4923ea64cfdd0', '用户授权', '11erb3ec3d6e483b86c4923ea64cfdd0', 'platform', '授权管理', 'grantAuthManage/views/UserGrantAuth', 1, 'iconfont icon-user-shield', '334qb3ec3d6e483b86c4923ea64cfdd0', null, null, 1, null, '000200090001', null, null, null, null, null, null, null, null, 0, 0);
insert into `JARIACEPLAT`.`SYS_MENU` (`ID`,`NAME`,`PARENT_ID`,`APP_ID`,`PARENT_NAME`,`URL`,`TYPE`,`ICON`,`AUTH_ID`,`BTN_AUTH`,`IS_LEAF`,`SORT_INDEX`,`ALL_ORDER`,`SORT_PATH`,`OPEN_STYLE`,`CLOSE_NOTICE`,`CREATE_USER`,`CREATE_TIME`,`UPDATE_TIME`,`LEAF`,`MENU_AUTH`,`REMARK`,`DATA_VERSION`,`IS_IFRAME`) values ('456wb3ec3d6e483b86c4923ea64cfdd0', '角色授权', '11erb3ec3d6e483b86c4923ea64cfdd0', 'platform', '授权管理', 'grantAuthManage/views/RoleGrantAuth', 1, 'iconfont icon-street-view', '456wb3ec3d6e483b86c4923ea64cfdd0', null, null, 2, null, '000200090002', null, null, null, null, null, null, null, null, 0, 0);
insert into `JARIACEPLAT`.`SYS_MENU` (`ID`,`NAME`,`PARENT_ID`,`APP_ID`,`PARENT_NAME`,`URL`,`TYPE`,`ICON`,`AUTH_ID`,`BTN_AUTH`,`IS_LEAF`,`SORT_INDEX`,`ALL_ORDER`,`SORT_PATH`,`OPEN_STYLE`,`CLOSE_NOTICE`,`CREATE_USER`,`CREATE_TIME`,`UPDATE_TIME`,`LEAF`,`MENU_AUTH`,`REMARK`,`DATA_VERSION`,`IS_IFRAME`) values ('67yub3ec3d6e483b86c4923ea64cfdd0', '权限授权', '11erb3ec3d6e483b86c4923ea64cfdd0', 'platform', '授权管理', 'grantAuthManage/views/AuthGrantUserAndRole', 1, 'iconfont icon-setting-permissions', '67yub3ec3d6e483b86c4923ea64cfdd0', null, null, 3, null, '000200090003', null, null, null, null, null, null, null, null, 0, 0);
insert into `JARIACEPLAT`.`SYS_MENU` (`ID`,`NAME`,`PARENT_ID`,`APP_ID`,`PARENT_NAME`,`URL`,`TYPE`,`ICON`,`AUTH_ID`,`BTN_AUTH`,`IS_LEAF`,`SORT_INDEX`,`ALL_ORDER`,`SORT_PATH`,`OPEN_STYLE`,`CLOSE_NOTICE`,`CREATE_USER`,`CREATE_TIME`,`UPDATE_TIME`,`LEAF`,`MENU_AUTH`,`REMARK`,`DATA_VERSION`,`IS_IFRAME`) values ('e3b15ac90286450fbe5a721c9f542433', '首页', '0', 'platform', '一级菜单', 'home/views/Home', 1, 'iconfont icon-home', 'e3b15ac90286450fbe5a721c9f542433', null, null, 0, null, '0000', null, null, null, null, null, null, null, null, 0, 0);
insert into `JARIACEPLAT`.`SYS_MENU` (`ID`,`NAME`,`PARENT_ID`,`APP_ID`,`PARENT_NAME`,`URL`,`TYPE`,`ICON`,`AUTH_ID`,`BTN_AUTH`,`IS_LEAF`,`SORT_INDEX`,`ALL_ORDER`,`SORT_PATH`,`OPEN_STYLE`,`CLOSE_NOTICE`,`CREATE_USER`,`CREATE_TIME`,`UPDATE_TIME`,`LEAF`,`MENU_AUTH`,`REMARK`,`DATA_VERSION`,`IS_IFRAME`) values ('e3b15ac90286450fbe5a721c9f542344', '服务管理', '0', 'platform', '一级菜单', null, 0, 'fa fa-server', 'e3b15ac90286450fbe5a721c9f542344', null, null, 4, null, '0004', null, null, null, null, null, null, null, null, 0, 0);
insert into `JARIACEPLAT`.`SYS_MENU` (`ID`,`NAME`,`PARENT_ID`,`APP_ID`,`PARENT_NAME`,`URL`,`TYPE`,`ICON`,`AUTH_ID`,`BTN_AUTH`,`IS_LEAF`,`SORT_INDEX`,`ALL_ORDER`,`SORT_PATH`,`OPEN_STYLE`,`CLOSE_NOTICE`,`CREATE_USER`,`CREATE_TIME`,`UPDATE_TIME`,`LEAF`,`MENU_AUTH`,`REMARK`,`DATA_VERSION`,`IS_IFRAME`) values ('12315ac90286450fbe5a721c9f542344', '服务配置管理', 'e3b15ac90286450fbe5a721c9f542344', 'platform', '服务管理', 'nacos/views/NacosConfigs', 1, 'fa fa-cogs', '12315ac90286450fbe5a721c9f542344', null, null, 1, null, '00040001', null, null, null, null, null, null, null, null, 0, 0);
insert into `JARIACEPLAT`.`SYS_MENU` (`ID`,`NAME`,`PARENT_ID`,`APP_ID`,`PARENT_NAME`,`URL`,`TYPE`,`ICON`,`AUTH_ID`,`BTN_AUTH`,`IS_LEAF`,`SORT_INDEX`,`ALL_ORDER`,`SORT_PATH`,`OPEN_STYLE`,`CLOSE_NOTICE`,`CREATE_USER`,`CREATE_TIME`,`UPDATE_TIME`,`LEAF`,`MENU_AUTH`,`REMARK`,`DATA_VERSION`,`IS_IFRAME`) values ('23315ac90286450fbe5a721c9f542344', '服务命名空间', 'e3b15ac90286450fbe5a721c9f542344', 'platform', '服务管理', 'nacos/views/NacosNamespace', 1, 'fa fa-cube', '23315ac90286450fbe5a721c9f542344', null, null, 2, null, '00040002', null, null, null, null, null, null, null, null, 0, 0);
insert into `JARIACEPLAT`.`SYS_MENU` (`ID`,`NAME`,`PARENT_ID`,`APP_ID`,`PARENT_NAME`,`URL`,`TYPE`,`ICON`,`AUTH_ID`,`BTN_AUTH`,`IS_LEAF`,`SORT_INDEX`,`ALL_ORDER`,`SORT_PATH`,`OPEN_STYLE`,`CLOSE_NOTICE`,`CREATE_USER`,`CREATE_TIME`,`UPDATE_TIME`,`LEAF`,`MENU_AUTH`,`REMARK`,`DATA_VERSION`,`IS_IFRAME`) values ('34415ac90286450fbe5a721c9f542344', '服务列表管理', 'e3b15ac90286450fbe5a721c9f542344', 'platform', '服务管理', 'nacos/views/NacosService', 1, 'fa fa-cubes', '34415ac90286450fbe5a721c9f542344', null, null, 3, null, '00040003', null, null, null, null, null, null, null, null, 0, 0);
insert into `JARIACEPLAT`.`SYS_MENU` (`ID`,`NAME`,`PARENT_ID`,`APP_ID`,`PARENT_NAME`,`URL`,`TYPE`,`ICON`,`AUTH_ID`,`BTN_AUTH`,`IS_LEAF`,`SORT_INDEX`,`ALL_ORDER`,`SORT_PATH`,`OPEN_STYLE`,`CLOSE_NOTICE`,`CREATE_USER`,`CREATE_TIME`,`UPDATE_TIME`,`LEAF`,`MENU_AUTH`,`REMARK`,`DATA_VERSION`,`IS_IFRAME`) values ('77yub3ec3d6e483b86c4923ea6411111', '授权激活', '11erb3ec3d6e483b86c4923ea64cfdd0', 'platform', '授权管理', 'grantAuthManage/views/AuthGrantActive', 1, 'iconfont icon-setting-permissions', '77yub3ec3d6e483b86c4923ea6411111', null, null, 4, null, '000200090004', null, null, null, null, null, null, null, null, 0, 0);
insert into `JARIACEPLAT`.`SYS_MENU` (`ID`,`NAME`,`PARENT_ID`,`APP_ID`,`PARENT_NAME`,`URL`,`TYPE`,`ICON`,`AUTH_ID`,`BTN_AUTH`,`IS_LEAF`,`SORT_INDEX`,`ALL_ORDER`,`SORT_PATH`,`OPEN_STYLE`,`CLOSE_NOTICE`,`CREATE_USER`,`CREATE_TIME`,`UPDATE_TIME`,`LEAF`,`MENU_AUTH`,`REMARK`,`DATA_VERSION`,`IS_IFRAME`) values ('22316279a4a9416a8e20019821e640af', '定时任务', '11316279a4a9416a8e20019821e640af', 'platform', '配置管理', 'quartzManage/views/Schedule', 1, 'el-icon-message-solid', '22316279a4a9416a8e20019821e640af', null, null, 8, null, '00030008', null, null, null, null, null, null, null, null, 0, 0);
insert into `JARIACEPLAT`.`SYS_MENU` (`ID`,`NAME`,`PARENT_ID`,`APP_ID`,`PARENT_NAME`,`URL`,`TYPE`,`ICON`,`AUTH_ID`,`BTN_AUTH`,`IS_LEAF`,`SORT_INDEX`,`ALL_ORDER`,`SORT_PATH`,`OPEN_STYLE`,`CLOSE_NOTICE`,`CREATE_USER`,`CREATE_TIME`,`UPDATE_TIME`,`LEAF`,`MENU_AUTH`,`REMARK`,`DATA_VERSION`,`IS_IFRAME`) values ('11116279a4a9416a8e20019821e61111', '工作日历', 'e3b15ac90286450fbe5a721c9f542451', 'platform', '系统管理', 'jobCalendarManage/views/JobCalendar', 1, 'el-icon-date', '11116279a4a9416a8e20019821e61111', null, null, 10, null, '00020010', null, null, null, null, null, null, null, null, 0, 0);
insert into `JARIACEPLAT`.`SYS_MENU` (`ID`,`NAME`,`PARENT_ID`,`APP_ID`,`PARENT_NAME`,`URL`,`TYPE`,`ICON`,`AUTH_ID`,`BTN_AUTH`,`IS_LEAF`,`SORT_INDEX`,`ALL_ORDER`,`SORT_PATH`,`OPEN_STYLE`,`CLOSE_NOTICE`,`CREATE_USER`,`CREATE_TIME`,`UPDATE_TIME`,`LEAF`,`MENU_AUTH`,`REMARK`,`DATA_VERSION`,`IS_IFRAME`) values ('33336279a4a9416a8e20019821e63333', '消息通道配置管理', '11316279a4a9416a8e20019821e640af', 'platform', '配置管理', 'msgSendManage/views/MsgSend', 1, 'el-icon-message', '33336279a4a9416a8e20019821e63333', null, null, 9, null, '00030009', null, null, null, null, null, null, null, null, 0, 0);
insert into `JARIACEPLAT`.`SYS_MENU` (`ID`,`NAME`,`PARENT_ID`,`APP_ID`,`PARENT_NAME`,`URL`,`TYPE`,`ICON`,`AUTH_ID`,`BTN_AUTH`,`IS_LEAF`,`SORT_INDEX`,`ALL_ORDER`,`SORT_PATH`,`OPEN_STYLE`,`CLOSE_NOTICE`,`CREATE_USER`,`CREATE_TIME`,`UPDATE_TIME`,`LEAF`,`MENU_AUTH`,`REMARK`,`DATA_VERSION`,`IS_IFRAME`) values ('3333ba3204344d37929abd4ad9a12222', '工作流程', '0', 'platform', '一级菜单', null, 0, 'fa fa-cubes', '3333ba3204344d37929abd4ad9a12222', null, null, 5, null, '0005', null, null, null, null, null, null, null, null, 0, 0);
insert into `JARIACEPLAT`.`SYS_MENU` (`ID`,`NAME`,`PARENT_ID`,`APP_ID`,`PARENT_NAME`,`URL`,`TYPE`,`ICON`,`AUTH_ID`,`BTN_AUTH`,`IS_LEAF`,`SORT_INDEX`,`ALL_ORDER`,`SORT_PATH`,`OPEN_STYLE`,`CLOSE_NOTICE`,`CREATE_USER`,`CREATE_TIME`,`UPDATE_TIME`,`LEAF`,`MENU_AUTH`,`REMARK`,`DATA_VERSION`,`IS_IFRAME`) values ('3456ba3204344d37929abd4ad9a15678', '流程定义', '3333ba3204344d37929abd4ad9a12222', 'platform', '工作流程', 'processDefinition/views/ProcessList', 1, 'fa fa-cube', '3456ba3204344d37929abd4ad9a15678', null, null, 1, null, '00050001', null, null, null, null, null, null, null, null, 0, 0);
insert into `JARIACEPLAT`.`SYS_MENU` (`ID`,`NAME`,`PARENT_ID`,`APP_ID`,`PARENT_NAME`,`URL`,`TYPE`,`ICON`,`AUTH_ID`,`BTN_AUTH`,`IS_LEAF`,`SORT_INDEX`,`ALL_ORDER`,`SORT_PATH`,`OPEN_STYLE`,`CLOSE_NOTICE`,`CREATE_USER`,`CREATE_TIME`,`UPDATE_TIME`,`LEAF`,`MENU_AUTH`,`REMARK`,`DATA_VERSION`,`IS_IFRAME`) values ('7756ba3204344d37929abd4ad9a15699', '全局变量', '3333ba3204344d37929abd4ad9a12222', 'platform', '工作流程', 'globalVariantManage/views/GlobalVariant', 1, 'fa fa-cog', '7756ba3204344d37929abd4ad9a15699', null, null, 2, null, '00050002', null, null, null, null, null, null, null, null, 0, 0);
insert into `JARIACEPLAT`.`SYS_MENU` (`ID`,`NAME`,`PARENT_ID`,`APP_ID`,`PARENT_NAME`,`URL`,`TYPE`,`ICON`,`AUTH_ID`,`BTN_AUTH`,`IS_LEAF`,`SORT_INDEX`,`ALL_ORDER`,`SORT_PATH`,`OPEN_STYLE`,`CLOSE_NOTICE`,`CREATE_USER`,`CREATE_TIME`,`UPDATE_TIME`,`LEAF`,`MENU_AUTH`,`REMARK`,`DATA_VERSION`,`IS_IFRAME`) values ('1116ba3204344d37929abd4ad9a15222', '全局规则', '3333ba3204344d37929abd4ad9a12222', 'platform', '工作流程', 'globalRuleManage/views/GlobalRule', 1, 'fa fa-bolt', '1116ba3204344d37929abd4ad9a15222', null, null, 3, null, '00050003', null, null, null, null, null, null, null, null, 0, 0);

/**
authRole
*/
insert into `JARIACEPLAT`.`SYS_AUTH_ROLE` (`ID`,`AUTH_ID`,`ROLE_ID`,`SIGN`,`IS_REVOKE`,`CREATE_USER`,`CREATE_TIME`,`UPDATE_TIME`,`REMARK`) values ('12323fe2ef32403dbf9dc989d0651111', '5fc1b8842fa04faea8f39beb866fd511', 'admin', null, 0, null, null, null, null);
insert into `JARIACEPLAT`.`SYS_AUTH_ROLE` (`ID`,`AUTH_ID`,`ROLE_ID`,`SIGN`,`IS_REVOKE`,`CREATE_USER`,`CREATE_TIME`,`UPDATE_TIME`,`REMARK`) values ('12323fe2ef32403dbf9dc989d0651112', '5fc1b8842fa04faea8f39beb866fd111', 'admin', null, 0, null, null, null, null);
insert into `JARIACEPLAT`.`SYS_AUTH_ROLE` (`ID`,`AUTH_ID`,`ROLE_ID`,`SIGN`,`IS_REVOKE`,`CREATE_USER`,`CREATE_TIME`,`UPDATE_TIME`,`REMARK`) values ('12323fe2ef32403dbf9dc989d0651113', '5fc1b8842fa04faea8f39beb866fd112', 'admin', null, 0, null, null, null, null);
insert into `JARIACEPLAT`.`SYS_AUTH_ROLE` (`ID`,`AUTH_ID`,`ROLE_ID`,`SIGN`,`IS_REVOKE`,`CREATE_USER`,`CREATE_TIME`,`UPDATE_TIME`,`REMARK`) values ('12323fe2ef32403dbf9dc989d0651114', '8df5766a29644f50bceee1228964e1cc', 'admin', null, 0, null, null, null, null);
insert into `JARIACEPLAT`.`SYS_AUTH_ROLE` (`ID`,`AUTH_ID`,`ROLE_ID`,`SIGN`,`IS_REVOKE`,`CREATE_USER`,`CREATE_TIME`,`UPDATE_TIME`,`REMARK`) values ('12323fe2ef32403dbf9dc989d0651115', '8df5766a29644f50bceee1228964e111', 'admin', null, 0, null, null, null, null);
insert into `JARIACEPLAT`.`SYS_AUTH_ROLE` (`ID`,`AUTH_ID`,`ROLE_ID`,`SIGN`,`IS_REVOKE`,`CREATE_USER`,`CREATE_TIME`,`UPDATE_TIME`,`REMARK`) values ('12323fe2ef32403dbf9dc989d0651116', 'ac2a8ce16a614324b5ed4e9c24e7e904', 'admin', null, 0, null, null, null, null);
insert into `JARIACEPLAT`.`SYS_AUTH_ROLE` (`ID`,`AUTH_ID`,`ROLE_ID`,`SIGN`,`IS_REVOKE`,`CREATE_USER`,`CREATE_TIME`,`UPDATE_TIME`,`REMARK`) values ('12323fe2ef32403dbf9dc989d0651117', 'ac2a8ce16a614324b5ed4e9c24e71111', 'admin', null, 0, null, null, null, null);
insert into `JARIACEPLAT`.`SYS_AUTH_ROLE` (`ID`,`AUTH_ID`,`ROLE_ID`,`SIGN`,`IS_REVOKE`,`CREATE_USER`,`CREATE_TIME`,`UPDATE_TIME`,`REMARK`) values ('12323fe2ef32403dbf9dc989d0651118', 'ffc03579b06a4b7fae6c51c9ff48b311', 'admin', null, 0, null, null, null, null);
insert into `JARIACEPLAT`.`SYS_AUTH_ROLE` (`ID`,`AUTH_ID`,`ROLE_ID`,`SIGN`,`IS_REVOKE`,`CREATE_USER`,`CREATE_TIME`,`UPDATE_TIME`,`REMARK`) values ('12323fe2ef32403dbf9dc989d0651119', 'ffc03579b06a4b7fae6c51c9ff481111', 'admin', null, 0, null, null, null, null);
insert into `JARIACEPLAT`.`SYS_AUTH_ROLE` (`ID`,`AUTH_ID`,`ROLE_ID`,`SIGN`,`IS_REVOKE`,`CREATE_USER`,`CREATE_TIME`,`UPDATE_TIME`,`REMARK`) values ('12323fe2ef32403dbf9dc989d0651120', 'ffc03579b06a4b7fae6c51c9ff48b312', 'admin', null, 0, null, null, null, null);
insert into `JARIACEPLAT`.`SYS_AUTH_ROLE` (`ID`,`AUTH_ID`,`ROLE_ID`,`SIGN`,`IS_REVOKE`,`CREATE_USER`,`CREATE_TIME`,`UPDATE_TIME`,`REMARK`) values ('12323fe2ef32403dbf9dc989d0651121', 'ffc03579b06a4b7fae6c51c9ff482111', 'admin', null, 0, null, null, null, null);
insert into `JARIACEPLAT`.`SYS_AUTH_ROLE` (`ID`,`AUTH_ID`,`ROLE_ID`,`SIGN`,`IS_REVOKE`,`CREATE_USER`,`CREATE_TIME`,`UPDATE_TIME`,`REMARK`) values ('12323fe2ef32403dbf9dc989d0651122', '4c8c4bc4726b40b7a570fa1d2ba49f47', 'sec', null, 0, null, null, null, null);
insert into `JARIACEPLAT`.`SYS_AUTH_ROLE` (`ID`,`AUTH_ID`,`ROLE_ID`,`SIGN`,`IS_REVOKE`,`CREATE_USER`,`CREATE_TIME`,`UPDATE_TIME`,`REMARK`) values ('12323fe2ef32403dbf9dc989d0651123', '4c8c4bc4726b40b7a570fa1d2ba49f47', 'auditor', null, 0, null, null, null, null);
insert into `JARIACEPLAT`.`SYS_AUTH_ROLE` (`ID`,`AUTH_ID`,`ROLE_ID`,`SIGN`,`IS_REVOKE`,`CREATE_USER`,`CREATE_TIME`,`UPDATE_TIME`,`REMARK`) values ('12323fe2ef32403dbf9dc989d0651124', '67e1114e83214aeb8a3ec0a6822fdd30', 'groupadmin', null, 0, null, null, null, null);
insert into `JARIACEPLAT`.`SYS_AUTH_ROLE` (`ID`,`AUTH_ID`,`ROLE_ID`,`SIGN`,`IS_REVOKE`,`CREATE_USER`,`CREATE_TIME`,`UPDATE_TIME`,`REMARK`) values ('12323fe2ef32403dbf9dc989d0651125', '67e1114e83214aeb8a3ec0a6822fd111', 'groupadmin', null, 0, null, null, null, null);
insert into `JARIACEPLAT`.`SYS_AUTH_ROLE` (`ID`,`AUTH_ID`,`ROLE_ID`,`SIGN`,`IS_REVOKE`,`CREATE_USER`,`CREATE_TIME`,`UPDATE_TIME`,`REMARK`) values ('12323fe2ef32403dbf9dc989d0651126', '67e1114e83214aeb8a3ec0a6822fd112', 'groupadmin', null, 0, null, null, null, null);
insert into `JARIACEPLAT`.`SYS_AUTH_ROLE` (`ID`,`AUTH_ID`,`ROLE_ID`,`SIGN`,`IS_REVOKE`,`CREATE_USER`,`CREATE_TIME`,`UPDATE_TIME`,`REMARK`) values ('12323fe2ef32403dbf9dc989d0651129', 'ac2a8ce16a614324b5ed4e9c24e7e905', 'groupadmin', null, 0, null, null, null, null);
insert into `JARIACEPLAT`.`SYS_AUTH_ROLE` (`ID`,`AUTH_ID`,`ROLE_ID`,`SIGN`,`IS_REVOKE`,`CREATE_USER`,`CREATE_TIME`,`UPDATE_TIME`,`REMARK`) values ('12323fe2ef32403dbf9dc989d0651130', 'ac2a8ce16a614324b5ed4e9c24e7e111', 'groupadmin', null, 0, null, null, null, null);
insert into `JARIACEPLAT`.`SYS_AUTH_ROLE` (`ID`,`AUTH_ID`,`ROLE_ID`,`SIGN`,`IS_REVOKE`,`CREATE_USER`,`CREATE_TIME`,`UPDATE_TIME`,`REMARK`) values ('12323fe2ef32403dbf9dc989d0651131', 'a16344b1790e41e98615f6cd19587573', 'groupadmin', null, 0, null, null, null, null);
insert into `JARIACEPLAT`.`SYS_AUTH_ROLE` (`ID`,`AUTH_ID`,`ROLE_ID`,`SIGN`,`IS_REVOKE`,`CREATE_USER`,`CREATE_TIME`,`UPDATE_TIME`,`REMARK`) values ('12323fe2ef32403dbf9dc989d0651132', 'a16344b1790e41e98615f6cd19587111', 'groupadmin', null, 0, null, null, null, null);
insert into `JARIACEPLAT`.`SYS_AUTH_ROLE` (`ID`,`AUTH_ID`,`ROLE_ID`,`SIGN`,`IS_REVOKE`,`CREATE_USER`,`CREATE_TIME`,`UPDATE_TIME`,`REMARK`) values ('12323fe2ef32403dbf9dc989d0651133', '5e80ace300d54486814ee84c1fb29a3a', 'groupadmin', null, 0, null, null, null, null);
insert into `JARIACEPLAT`.`SYS_AUTH_ROLE` (`ID`,`AUTH_ID`,`ROLE_ID`,`SIGN`,`IS_REVOKE`,`CREATE_USER`,`CREATE_TIME`,`UPDATE_TIME`,`REMARK`) values ('12323fe2ef32403dbf9dc989d0651134', '5e80ace300d54486814ee84c1fb29111', 'groupadmin', null, 0, null, null, null, null);
insert into `JARIACEPLAT`.`SYS_AUTH_ROLE` (`ID`,`AUTH_ID`,`ROLE_ID`,`SIGN`,`IS_REVOKE`,`CREATE_USER`,`CREATE_TIME`,`UPDATE_TIME`,`REMARK`) values ('12323fe2ef32403dbf9dc989d0651135', 'a16344b1790e41e98615f6cd19587571', 'groupadmin', null, 0, null, null, null, null);
insert into `JARIACEPLAT`.`SYS_AUTH_ROLE` (`ID`,`AUTH_ID`,`ROLE_ID`,`SIGN`,`IS_REVOKE`,`CREATE_USER`,`CREATE_TIME`,`UPDATE_TIME`,`REMARK`) values ('12323fe2ef32403dbf9dc989d0651136', 'a16344b1790e41e98615f6cd19587112', 'groupadmin', null, 0, null, null, null, null);
insert into `JARIACEPLAT`.`SYS_AUTH_ROLE` (`ID`,`AUTH_ID`,`ROLE_ID`,`SIGN`,`IS_REVOKE`,`CREATE_USER`,`CREATE_TIME`,`UPDATE_TIME`,`REMARK`) values ('12323fe2ef32403dbf9dc989d0651137', 'b50cbc8a2b0645729848403093f4246f', 'groupadmin', null, 0, null, null, null, null);
insert into `JARIACEPLAT`.`SYS_AUTH_ROLE` (`ID`,`AUTH_ID`,`ROLE_ID`,`SIGN`,`IS_REVOKE`,`CREATE_USER`,`CREATE_TIME`,`UPDATE_TIME`,`REMARK`) values ('12323fe2ef32403dbf9dc989d0651138', 'b50cbc8a2b0645729848403093f42111', 'groupadmin', null, 0, null, null, null, null);
insert into `JARIACEPLAT`.`SYS_AUTH_ROLE` (`ID`,`AUTH_ID`,`ROLE_ID`,`SIGN`,`IS_REVOKE`,`CREATE_USER`,`CREATE_TIME`,`UPDATE_TIME`,`REMARK`) values ('12323fe2ef32403dbf9dc989d0651139', '39e1b3ec3d6e483b86c4923ea64cfeee', 'groupadmin', null, 0, null, null, null, null);
insert into `JARIACEPLAT`.`SYS_AUTH_ROLE` (`ID`,`AUTH_ID`,`ROLE_ID`,`SIGN`,`IS_REVOKE`,`CREATE_USER`,`CREATE_TIME`,`UPDATE_TIME`,`REMARK`) values ('12323fe2ef32403dbf9dc989d0651140', '39e1b3ec3d6e483b86c4923ea64cf111', 'groupadmin', null, 0, null, null, null, null);
insert into `JARIACEPLAT`.`SYS_AUTH_ROLE` (`ID`,`AUTH_ID`,`ROLE_ID`,`SIGN`,`IS_REVOKE`,`CREATE_USER`,`CREATE_TIME`,`UPDATE_TIME`,`REMARK`) values ('12323fe2ef32403dbf9dc989d0651141', 'ac2a8ce16a614324b5ed4e9c24e7e904', 'groupadmin', null, 0, null, null, null, null);
insert into `JARIACEPLAT`.`SYS_AUTH_ROLE` (`ID`,`AUTH_ID`,`ROLE_ID`,`SIGN`,`IS_REVOKE`,`CREATE_USER`,`CREATE_TIME`,`UPDATE_TIME`,`REMARK`) values ('12323fe2ef32403dbf9dc989d0651142', 'ac2a8ce16a614324b5ed4e9c24e71112', 'groupadmin', null, 0, null, null, null, null);
insert into `JARIACEPLAT`.`SYS_AUTH_ROLE` (`ID`,`AUTH_ID`,`ROLE_ID`,`SIGN`,`IS_REVOKE`,`CREATE_USER`,`CREATE_TIME`,`UPDATE_TIME`,`REMARK`) values ('12323fe2ef32403dbf9dc989d0651143', 'ffc03579b06a4b7fae6c51c9ff48b311', 'groupadmin', null, 0, null, null, null, null);
insert into `JARIACEPLAT`.`SYS_AUTH_ROLE` (`ID`,`AUTH_ID`,`ROLE_ID`,`SIGN`,`IS_REVOKE`,`CREATE_USER`,`CREATE_TIME`,`UPDATE_TIME`,`REMARK`) values ('12323fe2ef32403dbf9dc989d0651144', 'ffc03579b06a4b7fae6c51c9ff481112', 'groupadmin', null, 0, null, null, null, null);
insert into `JARIACEPLAT`.`SYS_AUTH_ROLE` (`ID`,`AUTH_ID`,`ROLE_ID`,`SIGN`,`IS_REVOKE`,`CREATE_USER`,`CREATE_TIME`,`UPDATE_TIME`,`REMARK`) values ('12323fe2ef32403dbf9dc989d0651145', '4c8c4bc4726b40b7a570fa1d2ba49f47', 'groupsec', null, 0, null, null, null, null);
insert into `JARIACEPLAT`.`SYS_AUTH_ROLE` (`ID`,`AUTH_ID`,`ROLE_ID`,`SIGN`,`IS_REVOKE`,`CREATE_USER`,`CREATE_TIME`,`UPDATE_TIME`,`REMARK`) values ('12323fe2ef32403dbf9dc989d0651146', '4c8c4bc4726b40b7a570fa1d2ba49f47', 'groupauditor', null, 0, null, null, null, null);
insert into `JARIACEPLAT`.`SYS_AUTH_ROLE` (`ID`,`AUTH_ID`,`ROLE_ID`,`SIGN`,`IS_REVOKE`,`CREATE_USER`,`CREATE_TIME`,`UPDATE_TIME`,`REMARK`) values ('12323fe2ef32403dbf9dc989d0651147', 'ac2a8ce16a614324b5ed4e9c24e7e904', 'appadmin', null, 0, null, null, null, null);
insert into `JARIACEPLAT`.`SYS_AUTH_ROLE` (`ID`,`AUTH_ID`,`ROLE_ID`,`SIGN`,`IS_REVOKE`,`CREATE_USER`,`CREATE_TIME`,`UPDATE_TIME`,`REMARK`) values ('12323fe2ef32403dbf9dc989d0651148', 'ac2a8ce16a614324b5ed4e9c24e71113', 'appadmin', null, 0, null, null, null, null);
insert into `JARIACEPLAT`.`SYS_AUTH_ROLE` (`ID`,`AUTH_ID`,`ROLE_ID`,`SIGN`,`IS_REVOKE`,`CREATE_USER`,`CREATE_TIME`,`UPDATE_TIME`,`REMARK`) values ('12323fe2ef32403dbf9dc989d0651149', 'ffc03579b06a4b7fae6c51c9ff48b311', 'appadmin', null, 0, null, null, null, null);
insert into `JARIACEPLAT`.`SYS_AUTH_ROLE` (`ID`,`AUTH_ID`,`ROLE_ID`,`SIGN`,`IS_REVOKE`,`CREATE_USER`,`CREATE_TIME`,`UPDATE_TIME`,`REMARK`) values ('12323fe2ef32403dbf9dc989d0651150', 'ffc03579b06a4b7fae6c51c9ff481113', 'appadmin', null, 0, null, null, null, null);
insert into `JARIACEPLAT`.`SYS_AUTH_ROLE` (`ID`,`AUTH_ID`,`ROLE_ID`,`SIGN`,`IS_REVOKE`,`CREATE_USER`,`CREATE_TIME`,`UPDATE_TIME`,`REMARK`) values ('12323fe2ef32403dbf9dc989d0651151', '131e140bc2bd4361af5ee488f92b22ad', 'appadmin', null, 0, null, null, null, null);
insert into `JARIACEPLAT`.`SYS_AUTH_ROLE` (`ID`,`AUTH_ID`,`ROLE_ID`,`SIGN`,`IS_REVOKE`,`CREATE_USER`,`CREATE_TIME`,`UPDATE_TIME`,`REMARK`) values ('12323fe2ef32403dbf9dc989d0651152', '131e140bc2bd4361af5ee488f92b2111', 'appadmin', null, 0, null, null, null, null);
insert into `JARIACEPLAT`.`SYS_AUTH_ROLE` (`ID`,`AUTH_ID`,`ROLE_ID`,`SIGN`,`IS_REVOKE`,`CREATE_USER`,`CREATE_TIME`,`UPDATE_TIME`,`REMARK`) values ('12323fe2ef32403dbf9dc989d0651153', '8bc5761a4d8d49e680515bc50f4baad1', 'appadmin', null, 0, null, null, null, null);
insert into `JARIACEPLAT`.`SYS_AUTH_ROLE` (`ID`,`AUTH_ID`,`ROLE_ID`,`SIGN`,`IS_REVOKE`,`CREATE_USER`,`CREATE_TIME`,`UPDATE_TIME`,`REMARK`) values ('12323fe2ef32403dbf9dc989d0651154', '8bc5761a4d8d49e680515bc50f4ba111', 'appadmin', null, 0, null, null, null, null);
insert into `JARIACEPLAT`.`SYS_AUTH_ROLE` (`ID`,`AUTH_ID`,`ROLE_ID`,`SIGN`,`IS_REVOKE`,`CREATE_USER`,`CREATE_TIME`,`UPDATE_TIME`,`REMARK`) values ('12323fe2ef32403dbf9dc989d0651155', '39e1b3ec3d6e483b86c4923ea64cfdd0', 'appadmin', null, 0, null, null, null, null);
insert into `JARIACEPLAT`.`SYS_AUTH_ROLE` (`ID`,`AUTH_ID`,`ROLE_ID`,`SIGN`,`IS_REVOKE`,`CREATE_USER`,`CREATE_TIME`,`UPDATE_TIME`,`REMARK`) values ('12323fe2ef32403dbf9dc989d0651156', '39e1b3ec3d6e483b86c4923ea64c1111', 'appadmin', null, 0, null, null, null, null);
insert into `JARIACEPLAT`.`SYS_AUTH_ROLE` (`ID`,`AUTH_ID`,`ROLE_ID`,`SIGN`,`IS_REVOKE`,`CREATE_USER`,`CREATE_TIME`,`UPDATE_TIME`,`REMARK`) values ('12323fe2ef32403dbf9dc989d0651157', '8d4d2caee7f548889988da2747dfaa4a', 'appadmin', null, 0, null, null, null, null);
insert into `JARIACEPLAT`.`SYS_AUTH_ROLE` (`ID`,`AUTH_ID`,`ROLE_ID`,`SIGN`,`IS_REVOKE`,`CREATE_USER`,`CREATE_TIME`,`UPDATE_TIME`,`REMARK`) values ('12323fe2ef32403dbf9dc989d0651158', '39e1b3ec3d6e483b86c4923ea64c1112', 'appadmin', null, 0, null, null, null, null);
insert into `JARIACEPLAT`.`SYS_AUTH_ROLE` (`ID`,`AUTH_ID`,`ROLE_ID`,`SIGN`,`IS_REVOKE`,`CREATE_USER`,`CREATE_TIME`,`UPDATE_TIME`,`REMARK`) values ('12323fe2ef32403dbf9dc989d0651159', '8d4d2caee7f548889988da2747dfa111', 'appadmin', null, 0, null, null, null, null);
insert into `JARIACEPLAT`.`SYS_AUTH_ROLE` (`ID`,`AUTH_ID`,`ROLE_ID`,`SIGN`,`IS_REVOKE`,`CREATE_USER`,`CREATE_TIME`,`UPDATE_TIME`,`REMARK`) values ('12323fe2ef32403dbf9dc989d0651160', '8d4d2caee7f548889988da2747dfa112', 'appadmin', null, 0, null, null, null, null);
insert into `JARIACEPLAT`.`SYS_AUTH_ROLE` (`ID`,`AUTH_ID`,`ROLE_ID`,`SIGN`,`IS_REVOKE`,`CREATE_USER`,`CREATE_TIME`,`UPDATE_TIME`,`REMARK`) values ('12323fe2ef32403dbf9dc989d0651161', '8d4d2caee7f548889988da2747dfa113', 'appadmin', null, 0, null, null, null, null);
insert into `JARIACEPLAT`.`SYS_AUTH_ROLE` (`ID`,`AUTH_ID`,`ROLE_ID`,`SIGN`,`IS_REVOKE`,`CREATE_USER`,`CREATE_TIME`,`UPDATE_TIME`,`REMARK`) values ('12323fe2ef32403dbf9dc989d0651162', '8d4d2caee7f548889988da2747dfa114', 'appadmin', null, 0, null, null, null, null);
insert into `JARIACEPLAT`.`SYS_AUTH_ROLE` (`ID`,`AUTH_ID`,`ROLE_ID`,`SIGN`,`IS_REVOKE`,`CREATE_USER`,`CREATE_TIME`,`UPDATE_TIME`,`REMARK`) values ('12323fe2ef32403dbf9dc989d0651164', '334qb3ec3d6e483b86c4923ea64cf112', 'appadmin', null, 0, null, null, null, null);
insert into `JARIACEPLAT`.`SYS_AUTH_ROLE` (`ID`,`AUTH_ID`,`ROLE_ID`,`SIGN`,`IS_REVOKE`,`CREATE_USER`,`CREATE_TIME`,`UPDATE_TIME`,`REMARK`) values ('12323fe2ef32403dbf9dc989d0651165', '334qb3ec3d6e483b86c4923ea64cfdd0', 'appsec', null, 0, null, null, null, null);
insert into `JARIACEPLAT`.`SYS_AUTH_ROLE` (`ID`,`AUTH_ID`,`ROLE_ID`,`SIGN`,`IS_REVOKE`,`CREATE_USER`,`CREATE_TIME`,`UPDATE_TIME`,`REMARK`) values ('12323fe2ef32403dbf9dc989d0651166', '334qb3ec3d6e483b86c4923ea64cf111', 'appsec', null, 0, null, null, null, null);
insert into `JARIACEPLAT`.`SYS_AUTH_ROLE` (`ID`,`AUTH_ID`,`ROLE_ID`,`SIGN`,`IS_REVOKE`,`CREATE_USER`,`CREATE_TIME`,`UPDATE_TIME`,`REMARK`) values ('12323fe2ef32403dbf9dc989d0651167', '334qb3ec3d6e483b86c4923ea64cf113', 'appsec', null, 0, null, null, null, null);
insert into `JARIACEPLAT`.`SYS_AUTH_ROLE` (`ID`,`AUTH_ID`,`ROLE_ID`,`SIGN`,`IS_REVOKE`,`CREATE_USER`,`CREATE_TIME`,`UPDATE_TIME`,`REMARK`) values ('12323fe2ef32403dbf9dc989d0651168', '334qb3ec3d6e483b86c4923ea64cf114', 'appsec', null, 0, null, null, null, null);
insert into `JARIACEPLAT`.`SYS_AUTH_ROLE` (`ID`,`AUTH_ID`,`ROLE_ID`,`SIGN`,`IS_REVOKE`,`CREATE_USER`,`CREATE_TIME`,`UPDATE_TIME`,`REMARK`) values ('12323fe2ef32403dbf9dc989d0651170', '456wb3ec3d6e483b86c4923ea64cf112', 'appadmin', null, 0, null, null, null, null);
insert into `JARIACEPLAT`.`SYS_AUTH_ROLE` (`ID`,`AUTH_ID`,`ROLE_ID`,`SIGN`,`IS_REVOKE`,`CREATE_USER`,`CREATE_TIME`,`UPDATE_TIME`,`REMARK`) values ('12323fe2ef32403dbf9dc989d0651171', '456wb3ec3d6e483b86c4923ea64cfdd0', 'appsec', null, 0, null, null, null, null);
insert into `JARIACEPLAT`.`SYS_AUTH_ROLE` (`ID`,`AUTH_ID`,`ROLE_ID`,`SIGN`,`IS_REVOKE`,`CREATE_USER`,`CREATE_TIME`,`UPDATE_TIME`,`REMARK`) values ('12323fe2ef32403dbf9dc989d0651172', '456wb3ec3d6e483b86c4923ea64cf111', 'appsec', null, 0, null, null, null, null);
insert into `JARIACEPLAT`.`SYS_AUTH_ROLE` (`ID`,`AUTH_ID`,`ROLE_ID`,`SIGN`,`IS_REVOKE`,`CREATE_USER`,`CREATE_TIME`,`UPDATE_TIME`,`REMARK`) values ('12323fe2ef32403dbf9dc989d0651174', '67yub3ec3d6e483b86c4923ea64cf112', 'appadmin', null, 0, null, null, null, null);
insert into `JARIACEPLAT`.`SYS_AUTH_ROLE` (`ID`,`AUTH_ID`,`ROLE_ID`,`SIGN`,`IS_REVOKE`,`CREATE_USER`,`CREATE_TIME`,`UPDATE_TIME`,`REMARK`) values ('12323fe2ef32403dbf9dc989d0651175', '67yub3ec3d6e483b86c4923ea64cfdd0', 'appsec', null, 0, null, null, null, null);
insert into `JARIACEPLAT`.`SYS_AUTH_ROLE` (`ID`,`AUTH_ID`,`ROLE_ID`,`SIGN`,`IS_REVOKE`,`CREATE_USER`,`CREATE_TIME`,`UPDATE_TIME`,`REMARK`) values ('12323fe2ef32403dbf9dc989d0651176', '67yub3ec3d6e483b86c4923ea64cf111', 'appsec', null, 0, null, null, null, null);
insert into `JARIACEPLAT`.`SYS_AUTH_ROLE` (`ID`,`AUTH_ID`,`ROLE_ID`,`SIGN`,`IS_REVOKE`,`CREATE_USER`,`CREATE_TIME`,`UPDATE_TIME`,`REMARK`) values ('12323fe2ef32403dbf9dc989d0651177', '4c8c4bc4726b40b7a570fa1d2ba49f47', 'appsec', null, 0, null, null, null, null);
insert into `JARIACEPLAT`.`SYS_AUTH_ROLE` (`ID`,`AUTH_ID`,`ROLE_ID`,`SIGN`,`IS_REVOKE`,`CREATE_USER`,`CREATE_TIME`,`UPDATE_TIME`,`REMARK`) values ('12323fe2ef32403dbf9dc989d0651178', '4c8c4bc4726b40b7a570fa1d2ba49f47', 'appauditor', null, 0, null, null, null, null);
insert into `JARIACEPLAT`.`SYS_AUTH_ROLE` (`ID`,`AUTH_ID`,`ROLE_ID`,`SIGN`,`IS_REVOKE`,`CREATE_USER`,`CREATE_TIME`,`UPDATE_TIME`,`REMARK`) values ('12323fe2ef32403dbf9dc989d0651179', 'bc316279a4a9416a8e20019821e640af', 'admin', null, 0, null, null, null, null);
insert into `JARIACEPLAT`.`SYS_AUTH_ROLE` (`ID`,`AUTH_ID`,`ROLE_ID`,`SIGN`,`IS_REVOKE`,`CREATE_USER`,`CREATE_TIME`,`UPDATE_TIME`,`REMARK`) values ('12323fe2ef32403dbf9dc989d0651180', 'e3b15ac90286450fbe5a721c9f542451', 'admin', null, 0, null, null, null, null);
insert into `JARIACEPLAT`.`SYS_AUTH_ROLE` (`ID`,`AUTH_ID`,`ROLE_ID`,`SIGN`,`IS_REVOKE`,`CREATE_USER`,`CREATE_TIME`,`UPDATE_TIME`,`REMARK`) values ('12323fe2ef32403dbf9dc989d0651181', '11316279a4a9416a8e20019821e640af', 'admin', null, 0, null, null, null, null);
insert into `JARIACEPLAT`.`SYS_AUTH_ROLE` (`ID`,`AUTH_ID`,`ROLE_ID`,`SIGN`,`IS_REVOKE`,`CREATE_USER`,`CREATE_TIME`,`UPDATE_TIME`,`REMARK`) values ('12323fe2ef32403dbf9dc989d0651182', 'e3b15ac90286450fbe5a721c9f542451', 'sec', null, 0, null, null, null, null);
insert into `JARIACEPLAT`.`SYS_AUTH_ROLE` (`ID`,`AUTH_ID`,`ROLE_ID`,`SIGN`,`IS_REVOKE`,`CREATE_USER`,`CREATE_TIME`,`UPDATE_TIME`,`REMARK`) values ('12323fe2ef32403dbf9dc989d0651183', 'e3b15ac90286450fbe5a721c9f542451', 'auditor', null, 0, null, null, null, null);
insert into `JARIACEPLAT`.`SYS_AUTH_ROLE` (`ID`,`AUTH_ID`,`ROLE_ID`,`SIGN`,`IS_REVOKE`,`CREATE_USER`,`CREATE_TIME`,`UPDATE_TIME`,`REMARK`) values ('12323fe2ef32403dbf9dc989d0651184', 'bc316279a4a9416a8e20019821e640af', 'groupadmin', null, 0, null, null, null, null);
insert into `JARIACEPLAT`.`SYS_AUTH_ROLE` (`ID`,`AUTH_ID`,`ROLE_ID`,`SIGN`,`IS_REVOKE`,`CREATE_USER`,`CREATE_TIME`,`UPDATE_TIME`,`REMARK`) values ('12323fe2ef32403dbf9dc989d0651185', 'e3b15ac90286450fbe5a721c9f542451', 'groupadmin', null, 0, null, null, null, null);
insert into `JARIACEPLAT`.`SYS_AUTH_ROLE` (`ID`,`AUTH_ID`,`ROLE_ID`,`SIGN`,`IS_REVOKE`,`CREATE_USER`,`CREATE_TIME`,`UPDATE_TIME`,`REMARK`) values ('12323fe2ef32403dbf9dc989d0651186', '11316279a4a9416a8e20019821e640af', 'groupadmin', null, 0, null, null, null, null);
insert into `JARIACEPLAT`.`SYS_AUTH_ROLE` (`ID`,`AUTH_ID`,`ROLE_ID`,`SIGN`,`IS_REVOKE`,`CREATE_USER`,`CREATE_TIME`,`UPDATE_TIME`,`REMARK`) values ('12323fe2ef32403dbf9dc989d0651187', 'e3b15ac90286450fbe5a721c9f542451', 'groupsec', null, 0, null, null, null, null);
insert into `JARIACEPLAT`.`SYS_AUTH_ROLE` (`ID`,`AUTH_ID`,`ROLE_ID`,`SIGN`,`IS_REVOKE`,`CREATE_USER`,`CREATE_TIME`,`UPDATE_TIME`,`REMARK`) values ('12323fe2ef32403dbf9dc989d0651188', 'e3b15ac90286450fbe5a721c9f542451', 'groupauditor', null, 0, null, null, null, null);
insert into `JARIACEPLAT`.`SYS_AUTH_ROLE` (`ID`,`AUTH_ID`,`ROLE_ID`,`SIGN`,`IS_REVOKE`,`CREATE_USER`,`CREATE_TIME`,`UPDATE_TIME`,`REMARK`) values ('12323fe2ef32403dbf9dc989d0651189', '11316279a4a9416a8e20019821e640af', 'appadmin', null, 0, null, null, null, null);
insert into `JARIACEPLAT`.`SYS_AUTH_ROLE` (`ID`,`AUTH_ID`,`ROLE_ID`,`SIGN`,`IS_REVOKE`,`CREATE_USER`,`CREATE_TIME`,`UPDATE_TIME`,`REMARK`) values ('12323fe2ef32403dbf9dc989d0651190', 'e3b15ac90286450fbe5a721c9f542451', 'appadmin', null, 0, null, null, null, null);
insert into `JARIACEPLAT`.`SYS_AUTH_ROLE` (`ID`,`AUTH_ID`,`ROLE_ID`,`SIGN`,`IS_REVOKE`,`CREATE_USER`,`CREATE_TIME`,`UPDATE_TIME`,`REMARK`) values ('12323fe2ef32403dbf9dc989d0651192', '11erb3ec3d6e483b86c4923ea64cfdd0', 'appadmin', null, 0, null, null, null, null);
insert into `JARIACEPLAT`.`SYS_AUTH_ROLE` (`ID`,`AUTH_ID`,`ROLE_ID`,`SIGN`,`IS_REVOKE`,`CREATE_USER`,`CREATE_TIME`,`UPDATE_TIME`,`REMARK`) values ('12323fe2ef32403dbf9dc989d0651193', '04d7893c4a4d4345b18b0789af13753f', 'appsec', null, 0, null, null, null, null);
insert into `JARIACEPLAT`.`SYS_AUTH_ROLE` (`ID`,`AUTH_ID`,`ROLE_ID`,`SIGN`,`IS_REVOKE`,`CREATE_USER`,`CREATE_TIME`,`UPDATE_TIME`,`REMARK`) values ('12323fe2ef32403dbf9dc989d0651194', 'e3b15ac90286450fbe5a721c9f542451', 'appsec', null, 0, null, null, null, null);
insert into `JARIACEPLAT`.`SYS_AUTH_ROLE` (`ID`,`AUTH_ID`,`ROLE_ID`,`SIGN`,`IS_REVOKE`,`CREATE_USER`,`CREATE_TIME`,`UPDATE_TIME`,`REMARK`) values ('12323fe2ef32403dbf9dc989d0651195', '11erb3ec3d6e483b86c4923ea64cfdd0', 'appsec', null, 0, null, null, null, null);
insert into `JARIACEPLAT`.`SYS_AUTH_ROLE` (`ID`,`AUTH_ID`,`ROLE_ID`,`SIGN`,`IS_REVOKE`,`CREATE_USER`,`CREATE_TIME`,`UPDATE_TIME`,`REMARK`) values ('12323fe2ef32403dbf9dc989d0651196', '04d7893c4a4d4345b18b0789af13753f', 'appauditor', null, 0, null, null, null, null);
insert into `JARIACEPLAT`.`SYS_AUTH_ROLE` (`ID`,`AUTH_ID`,`ROLE_ID`,`SIGN`,`IS_REVOKE`,`CREATE_USER`,`CREATE_TIME`,`UPDATE_TIME`,`REMARK`) values ('12323fe2ef32403dbf9dc989d0651197', 'e3b15ac90286450fbe5a721c9f542451', 'appauditor', null, 0, null, null, null, null);
insert into `JARIACEPLAT`.`SYS_AUTH_ROLE` (`ID`,`AUTH_ID`,`ROLE_ID`,`SIGN`,`IS_REVOKE`,`CREATE_USER`,`CREATE_TIME`,`UPDATE_TIME`,`REMARK`) values ('12323fe2ef32403dbf9dc989d0651198', '04d7893c4a4d4345b18b0789af13753f', 'sec', null, 0, null, null, null, null);
insert into `JARIACEPLAT`.`SYS_AUTH_ROLE` (`ID`,`AUTH_ID`,`ROLE_ID`,`SIGN`,`IS_REVOKE`,`CREATE_USER`,`CREATE_TIME`,`UPDATE_TIME`,`REMARK`) values ('12323fe2ef32403dbf9dc989d0651199', '04d7893c4a4d4345b18b0789af13753f', 'groupsec', null, 0, null, null, null, null);
insert into `JARIACEPLAT`.`SYS_AUTH_ROLE` (`ID`,`AUTH_ID`,`ROLE_ID`,`SIGN`,`IS_REVOKE`,`CREATE_USER`,`CREATE_TIME`,`UPDATE_TIME`,`REMARK`) values ('12323fe2ef32403dbf9dc989d0651200', '04d7893c4a4d4345b18b0789af13753f', 'groupauditor', null, 0, null, null, null, null);
insert into `JARIACEPLAT`.`SYS_AUTH_ROLE` (`ID`,`AUTH_ID`,`ROLE_ID`,`SIGN`,`IS_REVOKE`,`CREATE_USER`,`CREATE_TIME`,`UPDATE_TIME`,`REMARK`) values ('12323fe2ef32403dbf9dc989d0651201', '04d7893c4a4d4345b18b0789af13753f', 'auditor', null, 0, null, null, null, null);
insert into `JARIACEPLAT`.`SYS_AUTH_ROLE` (`ID`,`AUTH_ID`,`ROLE_ID`,`SIGN`,`IS_REVOKE`,`CREATE_USER`,`CREATE_TIME`,`UPDATE_TIME`,`REMARK`) values ('12323fe2ef32403dbf9dc989d0651202', '8bc5761a4d8d49e680515bc50f4baad1', 'groupadmin', null, 0, null, null, null, null);
insert into `JARIACEPLAT`.`SYS_AUTH_ROLE` (`ID`,`AUTH_ID`,`ROLE_ID`,`SIGN`,`IS_REVOKE`,`CREATE_USER`,`CREATE_TIME`,`UPDATE_TIME`,`REMARK`) values ('12323fe2ef32403dbf9dc989d0651203', '39e1b3ec3d6e483b86c4923ea64cfdd0', 'groupadmin', null, 0, null, null, null, null);
insert into `JARIACEPLAT`.`SYS_AUTH_ROLE` (`ID`,`AUTH_ID`,`ROLE_ID`,`SIGN`,`IS_REVOKE`,`CREATE_USER`,`CREATE_TIME`,`UPDATE_TIME`,`REMARK`) values ('12323fe2ef32403dbf9dc989d0651204', '8bc5761a4d8d49e680515bc50f4ba111', 'groupadmin', null, 0, null, null, null, null);
insert into `JARIACEPLAT`.`SYS_AUTH_ROLE` (`ID`,`AUTH_ID`,`ROLE_ID`,`SIGN`,`IS_REVOKE`,`CREATE_USER`,`CREATE_TIME`,`UPDATE_TIME`,`REMARK`) values ('12323fe2ef32403dbf9dc989d0651205', '39e1b3ec3d6e483b86c4923ea64c1111', 'groupadmin', null, 0, null, null, null, null);
insert into `JARIACEPLAT`.`SYS_AUTH_ROLE` (`ID`,`AUTH_ID`,`ROLE_ID`,`SIGN`,`IS_REVOKE`,`CREATE_USER`,`CREATE_TIME`,`UPDATE_TIME`,`REMARK`) values ('12323fe2ef32403dbf9dc989d0651206', '39e1b3ec3d6e483b86c4923ea64c1112', 'groupadmin', null, 0, null, null, null, null);
insert into `JARIACEPLAT`.`SYS_AUTH_ROLE` (`ID`,`AUTH_ID`,`ROLE_ID`,`SIGN`,`IS_REVOKE`,`CREATE_USER`,`CREATE_TIME`,`UPDATE_TIME`,`REMARK`) values ('12323fe2ef32403dbf9dc989d0651207', 'e3b15ac90286450fbe5a721c9f542433', 'admin', null, 0, null, null, null, null);
insert into `JARIACEPLAT`.`SYS_AUTH_ROLE` (`ID`,`AUTH_ID`,`ROLE_ID`,`SIGN`,`IS_REVOKE`,`CREATE_USER`,`CREATE_TIME`,`UPDATE_TIME`,`REMARK`) values ('12323fe2ef32403dbf9dc989d0651208', 'e3b15ac90286450fbe5a721c9f542433', 'sec', null, 0, null, null, null, null);
insert into `JARIACEPLAT`.`SYS_AUTH_ROLE` (`ID`,`AUTH_ID`,`ROLE_ID`,`SIGN`,`IS_REVOKE`,`CREATE_USER`,`CREATE_TIME`,`UPDATE_TIME`,`REMARK`) values ('12323fe2ef32403dbf9dc989d0651209', 'e3b15ac90286450fbe5a721c9f542433', 'auditor', null, 0, null, null, null, null);
insert into `JARIACEPLAT`.`SYS_AUTH_ROLE` (`ID`,`AUTH_ID`,`ROLE_ID`,`SIGN`,`IS_REVOKE`,`CREATE_USER`,`CREATE_TIME`,`UPDATE_TIME`,`REMARK`) values ('12323fe2ef32403dbf9dc989d0651210', 'e3b15ac90286450fbe5a721c9f542433', 'groupadmin', null, 0, null, null, null, null);
insert into `JARIACEPLAT`.`SYS_AUTH_ROLE` (`ID`,`AUTH_ID`,`ROLE_ID`,`SIGN`,`IS_REVOKE`,`CREATE_USER`,`CREATE_TIME`,`UPDATE_TIME`,`REMARK`) values ('12323fe2ef32403dbf9dc989d0651211', 'e3b15ac90286450fbe5a721c9f542433', 'groupsec', null, 0, null, null, null, null);
insert into `JARIACEPLAT`.`SYS_AUTH_ROLE` (`ID`,`AUTH_ID`,`ROLE_ID`,`SIGN`,`IS_REVOKE`,`CREATE_USER`,`CREATE_TIME`,`UPDATE_TIME`,`REMARK`) values ('12323fe2ef32403dbf9dc989d0651212', 'e3b15ac90286450fbe5a721c9f542433', 'groupauditor', null, 0, null, null, null, null);
insert into `JARIACEPLAT`.`SYS_AUTH_ROLE` (`ID`,`AUTH_ID`,`ROLE_ID`,`SIGN`,`IS_REVOKE`,`CREATE_USER`,`CREATE_TIME`,`UPDATE_TIME`,`REMARK`) values ('12323fe2ef32403dbf9dc989d0651213', 'e3b15ac90286450fbe5a721c9f542433', 'appadmin', null, 0, null, null, null, null);
insert into `JARIACEPLAT`.`SYS_AUTH_ROLE` (`ID`,`AUTH_ID`,`ROLE_ID`,`SIGN`,`IS_REVOKE`,`CREATE_USER`,`CREATE_TIME`,`UPDATE_TIME`,`REMARK`) values ('12323fe2ef32403dbf9dc989d0651214', 'e3b15ac90286450fbe5a721c9f542433', 'appsec', null, 0, null, null, null, null);
insert into `JARIACEPLAT`.`SYS_AUTH_ROLE` (`ID`,`AUTH_ID`,`ROLE_ID`,`SIGN`,`IS_REVOKE`,`CREATE_USER`,`CREATE_TIME`,`UPDATE_TIME`,`REMARK`) values ('12323fe2ef32403dbf9dc989d0651215', 'e3b15ac90286450fbe5a721c9f542433', 'appauditor', null, 0, null, null, null, null);
insert into `JARIACEPLAT`.`SYS_AUTH_ROLE` (`ID`,`AUTH_ID`,`ROLE_ID`,`SIGN`,`IS_REVOKE`,`CREATE_USER`,`CREATE_TIME`,`UPDATE_TIME`,`REMARK`) values ('12323fe2ef32403dbf9dc989d0651216', 'e3b15ac90286450fbe5a721c9f542344', 'admin', null, 0, null, null, null, null);
insert into `JARIACEPLAT`.`SYS_AUTH_ROLE` (`ID`,`AUTH_ID`,`ROLE_ID`,`SIGN`,`IS_REVOKE`,`CREATE_USER`,`CREATE_TIME`,`UPDATE_TIME`,`REMARK`) values ('12323fe2ef32403dbf9dc989d0651217', '12315ac90286450fbe5a721c9f542344', 'admin', null, 0, null, null, null, null);
insert into `JARIACEPLAT`.`SYS_AUTH_ROLE` (`ID`,`AUTH_ID`,`ROLE_ID`,`SIGN`,`IS_REVOKE`,`CREATE_USER`,`CREATE_TIME`,`UPDATE_TIME`,`REMARK`) values ('12323fe2ef32403dbf9dc989d0651218', '23315ac90286450fbe5a721c9f542344', 'admin', null, 0, null, null, null, null);
insert into `JARIACEPLAT`.`SYS_AUTH_ROLE` (`ID`,`AUTH_ID`,`ROLE_ID`,`SIGN`,`IS_REVOKE`,`CREATE_USER`,`CREATE_TIME`,`UPDATE_TIME`,`REMARK`) values ('12323fe2ef32403dbf9dc989d0651219', '34415ac90286450fbe5a721c9f542344', 'admin', null, 0, null, null, null, null);
insert into `JARIACEPLAT`.`SYS_AUTH_ROLE` (`ID`,`AUTH_ID`,`ROLE_ID`,`SIGN`,`IS_REVOKE`,`CREATE_USER`,`CREATE_TIME`,`UPDATE_TIME`,`REMARK`) values ('12323fe2ef32403dbf9dc989d0651220', '12315ac90286450fbe5a721c9f54ddd1', 'admin', null, 0, null, null, null, null);
insert into `JARIACEPLAT`.`SYS_AUTH_ROLE` (`ID`,`AUTH_ID`,`ROLE_ID`,`SIGN`,`IS_REVOKE`,`CREATE_USER`,`CREATE_TIME`,`UPDATE_TIME`,`REMARK`) values ('12323fe2ef32403dbf9dc989d0651221', '23315ac90286450fbe5a721c9f54ddd2', 'admin', null, 0, null, null, null, null);
insert into `JARIACEPLAT`.`SYS_AUTH_ROLE` (`ID`,`AUTH_ID`,`ROLE_ID`,`SIGN`,`IS_REVOKE`,`CREATE_USER`,`CREATE_TIME`,`UPDATE_TIME`,`REMARK`) values ('12323fe2ef32403dbf9dc989d0651222', '34415ac90286450fbe5a721c9f54ddd3', 'admin', null, 0, null, null, null, null);
insert into `JARIACEPLAT`.`SYS_AUTH_ROLE` (`ID`,`AUTH_ID`,`ROLE_ID`,`SIGN`,`IS_REVOKE`,`CREATE_USER`,`CREATE_TIME`,`UPDATE_TIME`,`REMARK`) values ('12323fe2ef32403dbf9dc989d0651223', '77yub3ec3d6e483b86c4923ea6411111', 'appadmin', null, 0, null, null, null, null);
insert into `JARIACEPLAT`.`SYS_AUTH_ROLE` (`ID`,`AUTH_ID`,`ROLE_ID`,`SIGN`,`IS_REVOKE`,`CREATE_USER`,`CREATE_TIME`,`UPDATE_TIME`,`REMARK`) values ('12323fe2ef32403dbf9dc989d0651224', '22316279a4a9416a8e20019821e640af', 'appadmin', null, 0, null, null, null, null);
insert into `JARIACEPLAT`.`SYS_AUTH_ROLE` (`ID`,`AUTH_ID`,`ROLE_ID`,`SIGN`,`IS_REVOKE`,`CREATE_USER`,`CREATE_TIME`,`UPDATE_TIME`,`REMARK`) values ('12323fe2ef32403dbf9dc989d0651225', '11116279a4a9416a8e20019821e61111', 'groupadmin', null, 0, null, null, null, null);
insert into `JARIACEPLAT`.`SYS_AUTH_ROLE` (`ID`,`AUTH_ID`,`ROLE_ID`,`SIGN`,`IS_REVOKE`,`CREATE_USER`,`CREATE_TIME`,`UPDATE_TIME`,`REMARK`) values ('12323fe2ef32403dbf9dc989d0651226', '33336279a4a9416a8e20019821e63333', 'admin', null, 0, null, null, null, null);
insert into `JARIACEPLAT`.`SYS_AUTH_ROLE` (`ID`,`AUTH_ID`,`ROLE_ID`,`SIGN`,`IS_REVOKE`,`CREATE_USER`,`CREATE_TIME`,`UPDATE_TIME`,`REMARK`) values ('12323fe2ef32403dbf9dc989d0651227', '3333ba3204344d37929abd4ad9a12222', 'appadmin', null, 0, null, null, null, null);
insert into `JARIACEPLAT`.`SYS_AUTH_ROLE` (`ID`,`AUTH_ID`,`ROLE_ID`,`SIGN`,`IS_REVOKE`,`CREATE_USER`,`CREATE_TIME`,`UPDATE_TIME`,`REMARK`) values ('12323fe2ef32403dbf9dc989d0651228', '3456ba3204344d37929abd4ad9a15678', 'appadmin', null, 0, null, null, null, null);
insert into `JARIACEPLAT`.`SYS_AUTH_ROLE` (`ID`,`AUTH_ID`,`ROLE_ID`,`SIGN`,`IS_REVOKE`,`CREATE_USER`,`CREATE_TIME`,`UPDATE_TIME`,`REMARK`) values ('12323fe2ef32403dbf9dc989d0651229', '7756ba3204344d37929abd4ad9a15699', 'appadmin', null, 0, null, null, null, null);
insert into `JARIACEPLAT`.`SYS_AUTH_ROLE` (`ID`,`AUTH_ID`,`ROLE_ID`,`SIGN`,`IS_REVOKE`,`CREATE_USER`,`CREATE_TIME`,`UPDATE_TIME`,`REMARK`) values ('12323fe2ef32403dbf9dc989d0651230', '1116ba3204344d37929abd4ad9a15222', 'appadmin', null, 0, null, null, null, null);

/**
authRole_LV
*/
insert into `JARIACEPLAT`.`SYS_AUTH_ROLE_LV` (`ID`,`VERSION_NO`,`IS_LAST_VERSION`,`VERSION_BEGIN_TIME`,`VERSION_END_TIME`,`VERSION_BEGIN_USER_ID`,`VERSION_END_USER_ID`,`ROLE_ID`) values ('admin', 1, 1, null, null, null, null, 'admin');
insert into `JARIACEPLAT`.`SYS_AUTH_ROLE_LV` (`ID`,`VERSION_NO`,`IS_LAST_VERSION`,`VERSION_BEGIN_TIME`,`VERSION_END_TIME`,`VERSION_BEGIN_USER_ID`,`VERSION_END_USER_ID`,`ROLE_ID`) values ('appadmin', 1, 1, null, null, null, null, 'appadmin');
insert into `JARIACEPLAT`.`SYS_AUTH_ROLE_LV` (`ID`,`VERSION_NO`,`IS_LAST_VERSION`,`VERSION_BEGIN_TIME`,`VERSION_END_TIME`,`VERSION_BEGIN_USER_ID`,`VERSION_END_USER_ID`,`ROLE_ID`) values ('appauditor', 1, 1, null, null, null, null, 'appauditor');
insert into `JARIACEPLAT`.`SYS_AUTH_ROLE_LV` (`ID`,`VERSION_NO`,`IS_LAST_VERSION`,`VERSION_BEGIN_TIME`,`VERSION_END_TIME`,`VERSION_BEGIN_USER_ID`,`VERSION_END_USER_ID`,`ROLE_ID`) values ('appsec', 1, 1, null, null, null, null, 'appsec');
insert into `JARIACEPLAT`.`SYS_AUTH_ROLE_LV` (`ID`,`VERSION_NO`,`IS_LAST_VERSION`,`VERSION_BEGIN_TIME`,`VERSION_END_TIME`,`VERSION_BEGIN_USER_ID`,`VERSION_END_USER_ID`,`ROLE_ID`) values ('auditor', 1, 1, null, null, null, null, 'auditor');
insert into `JARIACEPLAT`.`SYS_AUTH_ROLE_LV` (`ID`,`VERSION_NO`,`IS_LAST_VERSION`,`VERSION_BEGIN_TIME`,`VERSION_END_TIME`,`VERSION_BEGIN_USER_ID`,`VERSION_END_USER_ID`,`ROLE_ID`) values ('groupadmin', 1, 1, null, null, null, null, 'groupadmin');
insert into `JARIACEPLAT`.`SYS_AUTH_ROLE_LV` (`ID`,`VERSION_NO`,`IS_LAST_VERSION`,`VERSION_BEGIN_TIME`,`VERSION_END_TIME`,`VERSION_BEGIN_USER_ID`,`VERSION_END_USER_ID`,`ROLE_ID`) values ('groupauditor', 1, 1, null, null, null, null, 'groupauditor');
insert into `JARIACEPLAT`.`SYS_AUTH_ROLE_LV` (`ID`,`VERSION_NO`,`IS_LAST_VERSION`,`VERSION_BEGIN_TIME`,`VERSION_END_TIME`,`VERSION_BEGIN_USER_ID`,`VERSION_END_USER_ID`,`ROLE_ID`) values ('groupsec', 1, 1, null, null, null, null, 'groupsec');
insert into `JARIACEPLAT`.`SYS_AUTH_ROLE_LV` (`ID`,`VERSION_NO`,`IS_LAST_VERSION`,`VERSION_BEGIN_TIME`,`VERSION_END_TIME`,`VERSION_BEGIN_USER_ID`,`VERSION_END_USER_ID`,`ROLE_ID`) values ('sec', 1, 1, null, null, null, null, 'sec');


/**
authRole_V
*/
insert into `JARIACEPLAT`.`SYS_AUTH_ROLE_V` (`ID`,`AUTH_ID`,`ROLE_ID`,`SIGN`,`IS_REVOKE`,`CREATE_USER`,`CREATE_TIME`,`UPDATE_TIME`,`REMARK`,`LV_ID`) values ('A9F70485-0733-30C6-B229-5ED50026EA82', '5fc1b8842fa04faea8f39beb866fd511', 'admin', null, 0, null, null, null, null, 'admin');
insert into `JARIACEPLAT`.`SYS_AUTH_ROLE_V` (`ID`,`AUTH_ID`,`ROLE_ID`,`SIGN`,`IS_REVOKE`,`CREATE_USER`,`CREATE_TIME`,`UPDATE_TIME`,`REMARK`,`LV_ID`) values ('BFA8BDDD-03E9-5BF0-B721-732D873AF563', '5fc1b8842fa04faea8f39beb866fd111', 'admin', null, 0, null, null, null, null, 'admin');
insert into `JARIACEPLAT`.`SYS_AUTH_ROLE_V` (`ID`,`AUTH_ID`,`ROLE_ID`,`SIGN`,`IS_REVOKE`,`CREATE_USER`,`CREATE_TIME`,`UPDATE_TIME`,`REMARK`,`LV_ID`) values ('5B295CFD-0733-30C6-CC30-C0C0022A3D4A', '5fc1b8842fa04faea8f39beb866fd112', 'admin', null, 0, null, null, null, null, 'admin');
insert into `JARIACEPLAT`.`SYS_AUTH_ROLE_V` (`ID`,`AUTH_ID`,`ROLE_ID`,`SIGN`,`IS_REVOKE`,`CREATE_USER`,`CREATE_TIME`,`UPDATE_TIME`,`REMARK`,`LV_ID`) values ('2537703A-DC2E-5454-AFFA-4D97433A703B', '8df5766a29644f50bceee1228964e1cc', 'admin', null, 0, null, null, null, null, 'admin');
insert into `JARIACEPLAT`.`SYS_AUTH_ROLE_V` (`ID`,`AUTH_ID`,`ROLE_ID`,`SIGN`,`IS_REVOKE`,`CREATE_USER`,`CREATE_TIME`,`UPDATE_TIME`,`REMARK`,`LV_ID`) values ('18B00EFA-0733-30C6-A6AA-405F1A301F06', '8df5766a29644f50bceee1228964e111', 'admin', null, 0, null, null, null, null, 'admin');
insert into `JARIACEPLAT`.`SYS_AUTH_ROLE_V` (`ID`,`AUTH_ID`,`ROLE_ID`,`SIGN`,`IS_REVOKE`,`CREATE_USER`,`CREATE_TIME`,`UPDATE_TIME`,`REMARK`,`LV_ID`) values ('907AB189-433F-2439-EB2C-2C9A4E36CC19', 'ac2a8ce16a614324b5ed4e9c24e7e904', 'admin', null, 0, null, null, null, null, 'admin');
insert into `JARIACEPLAT`.`SYS_AUTH_ROLE_V` (`ID`,`AUTH_ID`,`ROLE_ID`,`SIGN`,`IS_REVOKE`,`CREATE_USER`,`CREATE_TIME`,`UPDATE_TIME`,`REMARK`,`LV_ID`) values ('5CB67D83-0733-30C6-47BD-309D1472DF32', 'ac2a8ce16a614324b5ed4e9c24e71111', 'admin', null, 0, null, null, null, null, 'admin');
insert into `JARIACEPLAT`.`SYS_AUTH_ROLE_V` (`ID`,`AUTH_ID`,`ROLE_ID`,`SIGN`,`IS_REVOKE`,`CREATE_USER`,`CREATE_TIME`,`UPDATE_TIME`,`REMARK`,`LV_ID`) values ('A727ACC5-DC2E-5454-BFAB-308BE022512C', 'ffc03579b06a4b7fae6c51c9ff48b311', 'admin', null, 0, null, null, null, null, 'admin');
insert into `JARIACEPLAT`.`SYS_AUTH_ROLE_V` (`ID`,`AUTH_ID`,`ROLE_ID`,`SIGN`,`IS_REVOKE`,`CREATE_USER`,`CREATE_TIME`,`UPDATE_TIME`,`REMARK`,`LV_ID`) values ('91200A29-0733-30C6-61A1-D125B437A049', 'ffc03579b06a4b7fae6c51c9ff481111', 'admin', null, 0, null, null, null, null, 'admin');
insert into `JARIACEPLAT`.`SYS_AUTH_ROLE_V` (`ID`,`AUTH_ID`,`ROLE_ID`,`SIGN`,`IS_REVOKE`,`CREATE_USER`,`CREATE_TIME`,`UPDATE_TIME`,`REMARK`,`LV_ID`) values ('C127D7E2-7538-4F65-C63D-DE107A293837', 'ffc03579b06a4b7fae6c51c9ff48b312', 'admin', null, 0, null, null, null, null, 'admin');
insert into `JARIACEPLAT`.`SYS_AUTH_ROLE_V` (`ID`,`AUTH_ID`,`ROLE_ID`,`SIGN`,`IS_REVOKE`,`CREATE_USER`,`CREATE_TIME`,`UPDATE_TIME`,`REMARK`,`LV_ID`) values ('E037A12E-0733-30C6-322B-8298D6BE21FA', 'ffc03579b06a4b7fae6c51c9ff482111', 'admin', null, 0, null, null, null, null, 'admin');
insert into `JARIACEPLAT`.`SYS_AUTH_ROLE_V` (`ID`,`AUTH_ID`,`ROLE_ID`,`SIGN`,`IS_REVOKE`,`CREATE_USER`,`CREATE_TIME`,`UPDATE_TIME`,`REMARK`,`LV_ID`) values ('55261A67-DC2E-5454-1AE2-9CA6E1B65D96', 'bc316279a4a9416a8e20019821e640af', 'admin', null, 0, null, null, null, null, 'admin');
insert into `JARIACEPLAT`.`SYS_AUTH_ROLE_V` (`ID`,`AUTH_ID`,`ROLE_ID`,`SIGN`,`IS_REVOKE`,`CREATE_USER`,`CREATE_TIME`,`UPDATE_TIME`,`REMARK`,`LV_ID`) values ('6B65BF71-0733-30C6-783B-3967836BDF37', 'e3b15ac90286450fbe5a721c9f542451', 'admin', null, 0, null, null, null, null, 'admin');
insert into `JARIACEPLAT`.`SYS_AUTH_ROLE_V` (`ID`,`AUTH_ID`,`ROLE_ID`,`SIGN`,`IS_REVOKE`,`CREATE_USER`,`CREATE_TIME`,`UPDATE_TIME`,`REMARK`,`LV_ID`) values ('342A4588-433F-2439-E034-A192D035C7E0', '11316279a4a9416a8e20019821e640af', 'admin', null, 0, null, null, null, null, 'admin');
insert into `JARIACEPLAT`.`SYS_AUTH_ROLE_V` (`ID`,`AUTH_ID`,`ROLE_ID`,`SIGN`,`IS_REVOKE`,`CREATE_USER`,`CREATE_TIME`,`UPDATE_TIME`,`REMARK`,`LV_ID`) values ('7825AE25-0733-30C6-DDE7-0F8A59B9D047', 'e3b15ac90286450fbe5a721c9f542433', 'admin', null, 0, null, null, null, null, 'admin');
insert into `JARIACEPLAT`.`SYS_AUTH_ROLE_V` (`ID`,`AUTH_ID`,`ROLE_ID`,`SIGN`,`IS_REVOKE`,`CREATE_USER`,`CREATE_TIME`,`UPDATE_TIME`,`REMARK`,`LV_ID`) values ('BAE41FDD-DC2E-5454-4DBC-CBE186B4731D', 'e3b15ac90286450fbe5a721c9f542344', 'admin', null, 0, null, null, null, null, 'admin');
insert into `JARIACEPLAT`.`SYS_AUTH_ROLE_V` (`ID`,`AUTH_ID`,`ROLE_ID`,`SIGN`,`IS_REVOKE`,`CREATE_USER`,`CREATE_TIME`,`UPDATE_TIME`,`REMARK`,`LV_ID`) values ('3039C68C-0733-30C6-4FB2-69C9A2260DC1', '12315ac90286450fbe5a721c9f542344', 'admin', null, 0, null, null, null, null, 'admin');
insert into `JARIACEPLAT`.`SYS_AUTH_ROLE_V` (`ID`,`AUTH_ID`,`ROLE_ID`,`SIGN`,`IS_REVOKE`,`CREATE_USER`,`CREATE_TIME`,`UPDATE_TIME`,`REMARK`,`LV_ID`) values ('DDE9B8F6-A436-5545-38A0-AADEF031BCF0', '23315ac90286450fbe5a721c9f542344', 'admin', null, 0, null, null, null, null, 'admin');
insert into `JARIACEPLAT`.`SYS_AUTH_ROLE_V` (`ID`,`AUTH_ID`,`ROLE_ID`,`SIGN`,`IS_REVOKE`,`CREATE_USER`,`CREATE_TIME`,`UPDATE_TIME`,`REMARK`,`LV_ID`) values ('D9782F7C-7936-73B1-6EB6-41972035A262', '34415ac90286450fbe5a721c9f542344', 'admin', null, 0, null, null, null, null, 'admin');
insert into `JARIACEPLAT`.`SYS_AUTH_ROLE_V` (`ID`,`AUTH_ID`,`ROLE_ID`,`SIGN`,`IS_REVOKE`,`CREATE_USER`,`CREATE_TIME`,`UPDATE_TIME`,`REMARK`,`LV_ID`) values ('E926CF2A-CA7F-5100-A96C-DF69AE248883', '12315ac90286450fbe5a721c9f54ddd1', 'admin', null, 0, null, null, null, null, 'admin');
insert into `JARIACEPLAT`.`SYS_AUTH_ROLE_V` (`ID`,`AUTH_ID`,`ROLE_ID`,`SIGN`,`IS_REVOKE`,`CREATE_USER`,`CREATE_TIME`,`UPDATE_TIME`,`REMARK`,`LV_ID`) values ('38B57498-7936-73B1-CE20-91BE803CB063', '23315ac90286450fbe5a721c9f54ddd2', 'admin', null, 0, null, null, null, null, 'admin');
insert into `JARIACEPLAT`.`SYS_AUTH_ROLE_V` (`ID`,`AUTH_ID`,`ROLE_ID`,`SIGN`,`IS_REVOKE`,`CREATE_USER`,`CREATE_TIME`,`UPDATE_TIME`,`REMARK`,`LV_ID`) values ('7E23A37F-783B-3DB7-DABE-43EA223F60EA', '34415ac90286450fbe5a721c9f54ddd3', 'admin', null, 0, null, null, null, null, 'admin');
insert into `JARIACEPLAT`.`SYS_AUTH_ROLE_V` (`ID`,`AUTH_ID`,`ROLE_ID`,`SIGN`,`IS_REVOKE`,`CREATE_USER`,`CREATE_TIME`,`UPDATE_TIME`,`REMARK`,`LV_ID`) values ('F17B9B58-7936-73B1-A525-C6E17A205691', '4c8c4bc4726b40b7a570fa1d2ba49f47', 'sec', null, 0, null, null, null, null, 'sec');
insert into `JARIACEPLAT`.`SYS_AUTH_ROLE_V` (`ID`,`AUTH_ID`,`ROLE_ID`,`SIGN`,`IS_REVOKE`,`CREATE_USER`,`CREATE_TIME`,`UPDATE_TIME`,`REMARK`,`LV_ID`) values ('E0337EEC-CA7F-5100-53B7-A8FBD220D110', 'e3b15ac90286450fbe5a721c9f542451', 'sec', null, 0, null, null, null, null, 'sec');
insert into `JARIACEPLAT`.`SYS_AUTH_ROLE_V` (`ID`,`AUTH_ID`,`ROLE_ID`,`SIGN`,`IS_REVOKE`,`CREATE_USER`,`CREATE_TIME`,`UPDATE_TIME`,`REMARK`,`LV_ID`) values ('B5A1FD97-7936-73B1-2864-FDB45A293E3F', '04d7893c4a4d4345b18b0789af13753f', 'sec', null, 0, null, null, null, null, 'sec');
insert into `JARIACEPLAT`.`SYS_AUTH_ROLE_V` (`ID`,`AUTH_ID`,`ROLE_ID`,`SIGN`,`IS_REVOKE`,`CREATE_USER`,`CREATE_TIME`,`UPDATE_TIME`,`REMARK`,`LV_ID`) values ('9D31365F-95EC-15CF-6936-DE4D4F3E3B01', 'e3b15ac90286450fbe5a721c9f542433', 'sec', null, 0, null, null, null, null, 'sec');
insert into `JARIACEPLAT`.`SYS_AUTH_ROLE_V` (`ID`,`AUTH_ID`,`ROLE_ID`,`SIGN`,`IS_REVOKE`,`CREATE_USER`,`CREATE_TIME`,`UPDATE_TIME`,`REMARK`,`LV_ID`) values ('B8304C21-7936-73B1-D824-6B54AFB23321', '4c8c4bc4726b40b7a570fa1d2ba49f47', 'auditor', null, 0, null, null, null, null, 'auditor');
insert into `JARIACEPLAT`.`SYS_AUTH_ROLE_V` (`ID`,`AUTH_ID`,`ROLE_ID`,`SIGN`,`IS_REVOKE`,`CREATE_USER`,`CREATE_TIME`,`UPDATE_TIME`,`REMARK`,`LV_ID`) values ('C220AA26-CA7F-5100-4E36-AFB7E1B8DA9E', 'e3b15ac90286450fbe5a721c9f542451', 'auditor', null, 0, null, null, null, null, 'auditor');
insert into `JARIACEPLAT`.`SYS_AUTH_ROLE_V` (`ID`,`AUTH_ID`,`ROLE_ID`,`SIGN`,`IS_REVOKE`,`CREATE_USER`,`CREATE_TIME`,`UPDATE_TIME`,`REMARK`,`LV_ID`) values ('72336B23-7936-73B1-8220-41F7BB2AC5DB', '04d7893c4a4d4345b18b0789af13753f', 'auditor', null, 0, null, null, null, null, 'auditor');
insert into `JARIACEPLAT`.`SYS_AUTH_ROLE_V` (`ID`,`AUTH_ID`,`ROLE_ID`,`SIGN`,`IS_REVOKE`,`CREATE_USER`,`CREATE_TIME`,`UPDATE_TIME`,`REMARK`,`LV_ID`) values ('5633F20F-783B-3DB7-5524-BB65B0223167', 'e3b15ac90286450fbe5a721c9f542433', 'auditor', null, 0, null, null, null, null, 'auditor');
insert into `JARIACEPLAT`.`SYS_AUTH_ROLE_V` (`ID`,`AUTH_ID`,`ROLE_ID`,`SIGN`,`IS_REVOKE`,`CREATE_USER`,`CREATE_TIME`,`UPDATE_TIME`,`REMARK`,`LV_ID`) values ('C9A1A78E-7936-73B1-21B1-810849A3EFB1', '67e1114e83214aeb8a3ec0a6822fdd30', 'groupadmin', null, 0, null, null, null, null, 'groupadmin');
insert into `JARIACEPLAT`.`SYS_AUTH_ROLE_V` (`ID`,`AUTH_ID`,`ROLE_ID`,`SIGN`,`IS_REVOKE`,`CREATE_USER`,`CREATE_TIME`,`UPDATE_TIME`,`REMARK`,`LV_ID`) values ('B4E93225-CA7F-5100-1821-769C5CBB3E6F', '67e1114e83214aeb8a3ec0a6822fd111', 'groupadmin', null, 0, null, null, null, null, 'groupadmin');
insert into `JARIACEPLAT`.`SYS_AUTH_ROLE_V` (`ID`,`AUTH_ID`,`ROLE_ID`,`SIGN`,`IS_REVOKE`,`CREATE_USER`,`CREATE_TIME`,`UPDATE_TIME`,`REMARK`,`LV_ID`) values ('5C3AC517-7936-73B1-15EB-24CA1033DFB0', '67e1114e83214aeb8a3ec0a6822fd112', 'groupadmin', null, 0, null, null, null, null, 'groupadmin');
insert into `JARIACEPLAT`.`SYS_AUTH_ROLE_V` (`ID`,`AUTH_ID`,`ROLE_ID`,`SIGN`,`IS_REVOKE`,`CREATE_USER`,`CREATE_TIME`,`UPDATE_TIME`,`REMARK`,`LV_ID`) values ('FF6637AA-7CBD-27BB-64A8-B799E5EAC8BA', 'ac2a8ce16a614324b5ed4e9c24e7e905', 'groupadmin', null, 0, null, null, null, null, 'groupadmin');
insert into `JARIACEPLAT`.`SYS_AUTH_ROLE_V` (`ID`,`AUTH_ID`,`ROLE_ID`,`SIGN`,`IS_REVOKE`,`CREATE_USER`,`CREATE_TIME`,`UPDATE_TIME`,`REMARK`,`LV_ID`) values ('2035FF38-7936-73B1-A26C-2BF755262885', 'ac2a8ce16a614324b5ed4e9c24e7e111', 'groupadmin', null, 0, null, null, null, null, 'groupadmin');
insert into `JARIACEPLAT`.`SYS_AUTH_ROLE_V` (`ID`,`AUTH_ID`,`ROLE_ID`,`SIGN`,`IS_REVOKE`,`CREATE_USER`,`CREATE_TIME`,`UPDATE_TIME`,`REMARK`,`LV_ID`) values ('4BA4F9F9-CA7F-5100-38AA-8EF2F6B75728', 'a16344b1790e41e98615f6cd19587573', 'groupadmin', null, 0, null, null, null, null, 'groupadmin');
insert into `JARIACEPLAT`.`SYS_AUTH_ROLE_V` (`ID`,`AUTH_ID`,`ROLE_ID`,`SIGN`,`IS_REVOKE`,`CREATE_USER`,`CREATE_TIME`,`UPDATE_TIME`,`REMARK`,`LV_ID`) values ('23259E2C-7936-73B1-FAFE-8A8452643E99', 'a16344b1790e41e98615f6cd19587111', 'groupadmin', null, 0, null, null, null, null, 'groupadmin');
insert into `JARIACEPLAT`.`SYS_AUTH_ROLE_V` (`ID`,`AUTH_ID`,`ROLE_ID`,`SIGN`,`IS_REVOKE`,`CREATE_USER`,`CREATE_TIME`,`UPDATE_TIME`,`REMARK`,`LV_ID`) values ('9DE0131D-783B-3DB7-B327-55614E242353', '5e80ace300d54486814ee84c1fb29a3a', 'groupadmin', null, 0, null, null, null, null, 'groupadmin');
insert into `JARIACEPLAT`.`SYS_AUTH_ROLE_V` (`ID`,`AUTH_ID`,`ROLE_ID`,`SIGN`,`IS_REVOKE`,`CREATE_USER`,`CREATE_TIME`,`UPDATE_TIME`,`REMARK`,`LV_ID`) values ('72208165-7936-73B1-B0A0-632716226C22', '5e80ace300d54486814ee84c1fb29111', 'groupadmin', null, 0, null, null, null, null, 'groupadmin');
insert into `JARIACEPLAT`.`SYS_AUTH_ROLE_V` (`ID`,`AUTH_ID`,`ROLE_ID`,`SIGN`,`IS_REVOKE`,`CREATE_USER`,`CREATE_TIME`,`UPDATE_TIME`,`REMARK`,`LV_ID`) values ('BDFEDE2F-CA7F-5100-B779-907355F9D445', 'a16344b1790e41e98615f6cd19587571', 'groupadmin', null, 0, null, null, null, null, 'groupadmin');
insert into `JARIACEPLAT`.`SYS_AUTH_ROLE_V` (`ID`,`AUTH_ID`,`ROLE_ID`,`SIGN`,`IS_REVOKE`,`CREATE_USER`,`CREATE_TIME`,`UPDATE_TIME`,`REMARK`,`LV_ID`) values ('39218596-7936-73B1-442A-A435B9F8F85D', 'a16344b1790e41e98615f6cd19587112', 'groupadmin', null, 0, null, null, null, null, 'groupadmin');
insert into `JARIACEPLAT`.`SYS_AUTH_ROLE_V` (`ID`,`AUTH_ID`,`ROLE_ID`,`SIGN`,`IS_REVOKE`,`CREATE_USER`,`CREATE_TIME`,`UPDATE_TIME`,`REMARK`,`LV_ID`) values ('9E79AA8B-95EC-15CF-092E-DB48BE36D801', 'b50cbc8a2b0645729848403093f4246f', 'groupadmin', null, 0, null, null, null, null, 'groupadmin');
insert into `JARIACEPLAT`.`SYS_AUTH_ROLE_V` (`ID`,`AUTH_ID`,`ROLE_ID`,`SIGN`,`IS_REVOKE`,`CREATE_USER`,`CREATE_TIME`,`UPDATE_TIME`,`REMARK`,`LV_ID`) values ('B53FF307-7936-73B1-4C3E-2B6B86E5F5FB', 'b50cbc8a2b0645729848403093f42111', 'groupadmin', null, 0, null, null, null, null, 'groupadmin');
insert into `JARIACEPLAT`.`SYS_AUTH_ROLE_V` (`ID`,`AUTH_ID`,`ROLE_ID`,`SIGN`,`IS_REVOKE`,`CREATE_USER`,`CREATE_TIME`,`UPDATE_TIME`,`REMARK`,`LV_ID`) values ('E0A722D4-CA7F-5100-72EC-FB01432EF2AF', '39e1b3ec3d6e483b86c4923ea64cfeee', 'groupadmin', null, 0, null, null, null, null, 'groupadmin');
insert into `JARIACEPLAT`.`SYS_AUTH_ROLE_V` (`ID`,`AUTH_ID`,`ROLE_ID`,`SIGN`,`IS_REVOKE`,`CREATE_USER`,`CREATE_TIME`,`UPDATE_TIME`,`REMARK`,`LV_ID`) values ('A7A61995-7936-73B1-B9F5-B673702E049D', '39e1b3ec3d6e483b86c4923ea64cf111', 'groupadmin', null, 0, null, null, null, null, 'groupadmin');
insert into `JARIACEPLAT`.`SYS_AUTH_ROLE_V` (`ID`,`AUTH_ID`,`ROLE_ID`,`SIGN`,`IS_REVOKE`,`CREATE_USER`,`CREATE_TIME`,`UPDATE_TIME`,`REMARK`,`LV_ID`) values ('2EB9A35E-783B-3DB7-737E-B21922378CB4', 'ac2a8ce16a614324b5ed4e9c24e7e904', 'groupadmin', null, 0, null, null, null, null, 'groupadmin');
insert into `JARIACEPLAT`.`SYS_AUTH_ROLE_V` (`ID`,`AUTH_ID`,`ROLE_ID`,`SIGN`,`IS_REVOKE`,`CREATE_USER`,`CREATE_TIME`,`UPDATE_TIME`,`REMARK`,`LV_ID`) values ('3D331730-7936-73B1-8C3F-487F102089EE', 'ac2a8ce16a614324b5ed4e9c24e71112', 'groupadmin', null, 0, null, null, null, null, 'groupadmin');
insert into `JARIACEPLAT`.`SYS_AUTH_ROLE_V` (`ID`,`AUTH_ID`,`ROLE_ID`,`SIGN`,`IS_REVOKE`,`CREATE_USER`,`CREATE_TIME`,`UPDATE_TIME`,`REMARK`,`LV_ID`) values ('26BA4AFC-CA7F-5100-6171-0E69A2329971', 'ffc03579b06a4b7fae6c51c9ff48b311', 'groupadmin', null, 0, null, null, null, null, 'groupadmin');
insert into `JARIACEPLAT`.`SYS_AUTH_ROLE_V` (`ID`,`AUTH_ID`,`ROLE_ID`,`SIGN`,`IS_REVOKE`,`CREATE_USER`,`CREATE_TIME`,`UPDATE_TIME`,`REMARK`,`LV_ID`) values ('F1BC5622-7936-73B1-5E3A-0BDF9A353FA5', 'ffc03579b06a4b7fae6c51c9ff481112', 'groupadmin', null, 0, null, null, null, null, 'groupadmin');
insert into `JARIACEPLAT`.`SYS_AUTH_ROLE_V` (`ID`,`AUTH_ID`,`ROLE_ID`,`SIGN`,`IS_REVOKE`,`CREATE_USER`,`CREATE_TIME`,`UPDATE_TIME`,`REMARK`,`LV_ID`) values ('7F2ED413-A436-5545-382E-1B346F39913B', 'bc316279a4a9416a8e20019821e640af', 'groupadmin', null, 0, null, null, null, null, 'groupadmin');
insert into `JARIACEPLAT`.`SYS_AUTH_ROLE_V` (`ID`,`AUTH_ID`,`ROLE_ID`,`SIGN`,`IS_REVOKE`,`CREATE_USER`,`CREATE_TIME`,`UPDATE_TIME`,`REMARK`,`LV_ID`) values ('C2312F98-0AA2-85FC-6E3E-6AE5CBE2292A', 'e3b15ac90286450fbe5a721c9f542451', 'groupadmin', null, 0, null, null, null, null, 'groupadmin');
insert into `JARIACEPLAT`.`SYS_AUTH_ROLE_V` (`ID`,`AUTH_ID`,`ROLE_ID`,`SIGN`,`IS_REVOKE`,`CREATE_USER`,`CREATE_TIME`,`UPDATE_TIME`,`REMARK`,`LV_ID`) values ('43F8DDFF-7BE3-A039-3120-7A525929F757', '11316279a4a9416a8e20019821e640af', 'groupadmin', null, 0, null, null, null, null, 'groupadmin');
insert into `JARIACEPLAT`.`SYS_AUTH_ROLE_V` (`ID`,`AUTH_ID`,`ROLE_ID`,`SIGN`,`IS_REVOKE`,`CREATE_USER`,`CREATE_TIME`,`UPDATE_TIME`,`REMARK`,`LV_ID`) values ('BB673E8F-0AA2-85FC-F1F1-5AFCB926D32B', '8bc5761a4d8d49e680515bc50f4baad1', 'groupadmin', null, 0, null, null, null, null, 'groupadmin');
insert into `JARIACEPLAT`.`SYS_AUTH_ROLE_V` (`ID`,`AUTH_ID`,`ROLE_ID`,`SIGN`,`IS_REVOKE`,`CREATE_USER`,`CREATE_TIME`,`UPDATE_TIME`,`REMARK`,`LV_ID`) values ('BB35DFE9-9A3E-95CD-DA3A-84BC02AF248C', '39e1b3ec3d6e483b86c4923ea64cfdd0', 'groupadmin', null, 0, null, null, null, null, 'groupadmin');
insert into `JARIACEPLAT`.`SYS_AUTH_ROLE_V` (`ID`,`AUTH_ID`,`ROLE_ID`,`SIGN`,`IS_REVOKE`,`CREATE_USER`,`CREATE_TIME`,`UPDATE_TIME`,`REMARK`,`LV_ID`) values ('3D7BDADC-0AA2-85FC-C4E3-783C003386D0', '8bc5761a4d8d49e680515bc50f4ba111', 'groupadmin', null, 0, null, null, null, null, 'groupadmin');
insert into `JARIACEPLAT`.`SYS_AUTH_ROLE_V` (`ID`,`AUTH_ID`,`ROLE_ID`,`SIGN`,`IS_REVOKE`,`CREATE_USER`,`CREATE_TIME`,`UPDATE_TIME`,`REMARK`,`LV_ID`) values ('6A2B1C03-7BE3-A039-3332-4350FD3EC2D8', '39e1b3ec3d6e483b86c4923ea64c1111', 'groupadmin', null, 0, null, null, null, null, 'groupadmin');
insert into `JARIACEPLAT`.`SYS_AUTH_ROLE_V` (`ID`,`AUTH_ID`,`ROLE_ID`,`SIGN`,`IS_REVOKE`,`CREATE_USER`,`CREATE_TIME`,`UPDATE_TIME`,`REMARK`,`LV_ID`) values ('D63A3FC2-0AA2-85FC-8FF5-C5A7EDB0FFCE', '39e1b3ec3d6e483b86c4923ea64c1112', 'groupadmin', null, 0, null, null, null, null, 'groupadmin');
insert into `JARIACEPLAT`.`SYS_AUTH_ROLE_V` (`ID`,`AUTH_ID`,`ROLE_ID`,`SIGN`,`IS_REVOKE`,`CREATE_USER`,`CREATE_TIME`,`UPDATE_TIME`,`REMARK`,`LV_ID`) values ('912D07DF-5B70-3FBD-86BD-750FA82A680D', 'e3b15ac90286450fbe5a721c9f542433', 'groupadmin', null, 0, null, null, null, null, 'groupadmin');
insert into `JARIACEPLAT`.`SYS_AUTH_ROLE_V` (`ID`,`AUTH_ID`,`ROLE_ID`,`SIGN`,`IS_REVOKE`,`CREATE_USER`,`CREATE_TIME`,`UPDATE_TIME`,`REMARK`,`LV_ID`) values ('90366759-0AA2-85FC-7579-2BB1A5AF17B5', '4c8c4bc4726b40b7a570fa1d2ba49f47', 'groupsec', null, 0, null, null, null, null, 'groupsec');
insert into `JARIACEPLAT`.`SYS_AUTH_ROLE_V` (`ID`,`AUTH_ID`,`ROLE_ID`,`SIGN`,`IS_REVOKE`,`CREATE_USER`,`CREATE_TIME`,`UPDATE_TIME`,`REMARK`,`LV_ID`) values ('4871A589-7BE3-A039-4CE2-7F41A7A6AE73', 'e3b15ac90286450fbe5a721c9f542451', 'groupsec', null, 0, null, null, null, null, 'groupsec');
insert into `JARIACEPLAT`.`SYS_AUTH_ROLE_V` (`ID`,`AUTH_ID`,`ROLE_ID`,`SIGN`,`IS_REVOKE`,`CREATE_USER`,`CREATE_TIME`,`UPDATE_TIME`,`REMARK`,`LV_ID`) values ('43217E29-0AA2-85FC-F02E-01AC57B7AF49', '04d7893c4a4d4345b18b0789af13753f', 'groupsec', null, 0, null, null, null, null, 'groupsec');
insert into `JARIACEPLAT`.`SYS_AUTH_ROLE_V` (`ID`,`AUTH_ID`,`ROLE_ID`,`SIGN`,`IS_REVOKE`,`CREATE_USER`,`CREATE_TIME`,`UPDATE_TIME`,`REMARK`,`LV_ID`) values ('1BA97692-9A3E-95CD-E3A9-60245C39107D', 'e3b15ac90286450fbe5a721c9f542433', 'groupsec', null, 0, null, null, null, null, 'groupsec');
insert into `JARIACEPLAT`.`SYS_AUTH_ROLE_V` (`ID`,`AUTH_ID`,`ROLE_ID`,`SIGN`,`IS_REVOKE`,`CREATE_USER`,`CREATE_TIME`,`UPDATE_TIME`,`REMARK`,`LV_ID`) values ('EA2EEA66-0AA2-85FC-6430-DACBF423D358', '4c8c4bc4726b40b7a570fa1d2ba49f47', 'groupauditor', null, 0, null, null, null, null, 'groupauditor');
insert into `JARIACEPLAT`.`SYS_AUTH_ROLE_V` (`ID`,`AUTH_ID`,`ROLE_ID`,`SIGN`,`IS_REVOKE`,`CREATE_USER`,`CREATE_TIME`,`UPDATE_TIME`,`REMARK`,`LV_ID`) values ('1333DE1E-7BE3-A039-BEBD-0B1D6C738B29', 'e3b15ac90286450fbe5a721c9f542451', 'groupauditor', null, 0, null, null, null, null, 'groupauditor');
insert into `JARIACEPLAT`.`SYS_AUTH_ROLE_V` (`ID`,`AUTH_ID`,`ROLE_ID`,`SIGN`,`IS_REVOKE`,`CREATE_USER`,`CREATE_TIME`,`UPDATE_TIME`,`REMARK`,`LV_ID`) values ('BF2C14C1-0AA2-85FC-A834-1717172BA262', '04d7893c4a4d4345b18b0789af13753f', 'groupauditor', null, 0, null, null, null, null, 'groupauditor');
insert into `JARIACEPLAT`.`SYS_AUTH_ROLE_V` (`ID`,`AUTH_ID`,`ROLE_ID`,`SIGN`,`IS_REVOKE`,`CREATE_USER`,`CREATE_TIME`,`UPDATE_TIME`,`REMARK`,`LV_ID`) values ('E235239C-4461-5569-6B2C-162F57B2AE9D', 'e3b15ac90286450fbe5a721c9f542433', 'groupauditor', null, 0, null, null, null, null, 'groupauditor');
insert into `JARIACEPLAT`.`SYS_AUTH_ROLE_V` (`ID`,`AUTH_ID`,`ROLE_ID`,`SIGN`,`IS_REVOKE`,`CREATE_USER`,`CREATE_TIME`,`UPDATE_TIME`,`REMARK`,`LV_ID`) values ('ADB6D18B-0AA2-85FC-FEBC-ADD899F292D9', 'ac2a8ce16a614324b5ed4e9c24e7e904', 'appadmin', null, 0, null, null, null, null, 'appadmin');
insert into `JARIACEPLAT`.`SYS_AUTH_ROLE_V` (`ID`,`AUTH_ID`,`ROLE_ID`,`SIGN`,`IS_REVOKE`,`CREATE_USER`,`CREATE_TIME`,`UPDATE_TIME`,`REMARK`,`LV_ID`) values ('32BDAB58-7BE3-A039-D7A7-63602F230FC8', 'ac2a8ce16a614324b5ed4e9c24e71113', 'appadmin', null, 0, null, null, null, null, 'appadmin');
insert into `JARIACEPLAT`.`SYS_AUTH_ROLE_V` (`ID`,`AUTH_ID`,`ROLE_ID`,`SIGN`,`IS_REVOKE`,`CREATE_USER`,`CREATE_TIME`,`UPDATE_TIME`,`REMARK`,`LV_ID`) values ('2C6144DA-0AA2-85FC-936C-0DC37C34B059', 'ffc03579b06a4b7fae6c51c9ff48b311', 'appadmin', null, 0, null, null, null, null, 'appadmin');
insert into `JARIACEPLAT`.`SYS_AUTH_ROLE_V` (`ID`,`AUTH_ID`,`ROLE_ID`,`SIGN`,`IS_REVOKE`,`CREATE_USER`,`CREATE_TIME`,`UPDATE_TIME`,`REMARK`,`LV_ID`) values ('F22A153A-9A3E-95CD-8F2A-C221AD290B03', 'ffc03579b06a4b7fae6c51c9ff481113', 'appadmin', null, 0, null, null, null, null, 'appadmin');
insert into `JARIACEPLAT`.`SYS_AUTH_ROLE_V` (`ID`,`AUTH_ID`,`ROLE_ID`,`SIGN`,`IS_REVOKE`,`CREATE_USER`,`CREATE_TIME`,`UPDATE_TIME`,`REMARK`,`LV_ID`) values ('36FA8536-0AA2-85FC-D02C-0B5648B0E9FD', '131e140bc2bd4361af5ee488f92b22ad', 'appadmin', null, 0, null, null, null, null, 'appadmin');
insert into `JARIACEPLAT`.`SYS_AUTH_ROLE_V` (`ID`,`AUTH_ID`,`ROLE_ID`,`SIGN`,`IS_REVOKE`,`CREATE_USER`,`CREATE_TIME`,`UPDATE_TIME`,`REMARK`,`LV_ID`) values ('003CDA16-7BE3-A039-E92F-2B682A304254', '131e140bc2bd4361af5ee488f92b2111', 'appadmin', null, 0, null, null, null, null, 'appadmin');
insert into `JARIACEPLAT`.`SYS_AUTH_ROLE_V` (`ID`,`AUTH_ID`,`ROLE_ID`,`SIGN`,`IS_REVOKE`,`CREATE_USER`,`CREATE_TIME`,`UPDATE_TIME`,`REMARK`,`LV_ID`) values ('C4247416-0AA2-85FC-F1A0-720CCA31CD0E', '8bc5761a4d8d49e680515bc50f4baad1', 'appadmin', null, 0, null, null, null, null, 'appadmin');
insert into `JARIACEPLAT`.`SYS_AUTH_ROLE_V` (`ID`,`AUTH_ID`,`ROLE_ID`,`SIGN`,`IS_REVOKE`,`CREATE_USER`,`CREATE_TIME`,`UPDATE_TIME`,`REMARK`,`LV_ID`) values ('AE68D031-5B70-3FBD-52B3-27DFBD756081', '8bc5761a4d8d49e680515bc50f4ba111', 'appadmin', null, 0, null, null, null, null, 'appadmin');
insert into `JARIACEPLAT`.`SYS_AUTH_ROLE_V` (`ID`,`AUTH_ID`,`ROLE_ID`,`SIGN`,`IS_REVOKE`,`CREATE_USER`,`CREATE_TIME`,`UPDATE_TIME`,`REMARK`,`LV_ID`) values ('E13F3C0C-0AA2-85FC-0B2B-98761038D310', '39e1b3ec3d6e483b86c4923ea64cfdd0', 'appadmin', null, 0, null, null, null, null, 'appadmin');
insert into `JARIACEPLAT`.`SYS_AUTH_ROLE_V` (`ID`,`AUTH_ID`,`ROLE_ID`,`SIGN`,`IS_REVOKE`,`CREATE_USER`,`CREATE_TIME`,`UPDATE_TIME`,`REMARK`,`LV_ID`) values ('6C62ACC3-7BE3-A039-96BE-D00D64616455', '39e1b3ec3d6e483b86c4923ea64c1111', 'appadmin', null, 0, null, null, null, null, 'appadmin');
insert into `JARIACEPLAT`.`SYS_AUTH_ROLE_V` (`ID`,`AUTH_ID`,`ROLE_ID`,`SIGN`,`IS_REVOKE`,`CREATE_USER`,`CREATE_TIME`,`UPDATE_TIME`,`REMARK`,`LV_ID`) values ('92A26209-0AA2-85FC-9D63-E2BBD0EA0E1A', '8d4d2caee7f548889988da2747dfaa4a', 'appadmin', null, 0, null, null, null, null, 'appadmin');
insert into `JARIACEPLAT`.`SYS_AUTH_ROLE_V` (`ID`,`AUTH_ID`,`ROLE_ID`,`SIGN`,`IS_REVOKE`,`CREATE_USER`,`CREATE_TIME`,`UPDATE_TIME`,`REMARK`,`LV_ID`) values ('7DBB1FD1-9A3E-95CD-1C2C-FFB2943925F5', '39e1b3ec3d6e483b86c4923ea64c1112', 'appadmin', null, 0, null, null, null, null, 'appadmin');
insert into `JARIACEPLAT`.`SYS_AUTH_ROLE_V` (`ID`,`AUTH_ID`,`ROLE_ID`,`SIGN`,`IS_REVOKE`,`CREATE_USER`,`CREATE_TIME`,`UPDATE_TIME`,`REMARK`,`LV_ID`) values ('AE39925D-0AA2-85FC-6A39-D2B143F6DECB', '8d4d2caee7f548889988da2747dfa111', 'appadmin', null, 0, null, null, null, null, 'appadmin');
insert into `JARIACEPLAT`.`SYS_AUTH_ROLE_V` (`ID`,`AUTH_ID`,`ROLE_ID`,`SIGN`,`IS_REVOKE`,`CREATE_USER`,`CREATE_TIME`,`UPDATE_TIME`,`REMARK`,`LV_ID`) values ('9E60A97D-7BE3-A039-6C23-2CA546BE33A9', '8d4d2caee7f548889988da2747dfa112', 'appadmin', null, 0, null, null, null, null, 'appadmin');
insert into `JARIACEPLAT`.`SYS_AUTH_ROLE_V` (`ID`,`AUTH_ID`,`ROLE_ID`,`SIGN`,`IS_REVOKE`,`CREATE_USER`,`CREATE_TIME`,`UPDATE_TIME`,`REMARK`,`LV_ID`) values ('4025633F-0AA2-85FC-F520-41806A3FB857', '8d4d2caee7f548889988da2747dfa113', 'appadmin', null, 0, null, null, null, null, 'appadmin');
insert into `JARIACEPLAT`.`SYS_AUTH_ROLE_V` (`ID`,`AUTH_ID`,`ROLE_ID`,`SIGN`,`IS_REVOKE`,`CREATE_USER`,`CREATE_TIME`,`UPDATE_TIME`,`REMARK`,`LV_ID`) values ('B636F84F-A436-5545-9AB1-00C38FF43F47', '8d4d2caee7f548889988da2747dfa114', 'appadmin', null, 0, null, null, null, null, 'appadmin');
insert into `JARIACEPLAT`.`SYS_AUTH_ROLE_V` (`ID`,`AUTH_ID`,`ROLE_ID`,`SIGN`,`IS_REVOKE`,`CREATE_USER`,`CREATE_TIME`,`UPDATE_TIME`,`REMARK`,`LV_ID`) values ('9E278319-7936-73B1-B0F1-771BA8FCAD9D', '334qb3ec3d6e483b86c4923ea64cf112', 'appadmin', null, 0, null, null, null, null, 'appadmin');
insert into `JARIACEPLAT`.`SYS_AUTH_ROLE_V` (`ID`,`AUTH_ID`,`ROLE_ID`,`SIGN`,`IS_REVOKE`,`CREATE_USER`,`CREATE_TIME`,`UPDATE_TIME`,`REMARK`,`LV_ID`) values ('CBF34330-CA7F-5100-38B4-E9AE093C24C0', '456wb3ec3d6e483b86c4923ea64cf112', 'appadmin', null, 0, null, null, null, null, 'appadmin');
insert into `JARIACEPLAT`.`SYS_AUTH_ROLE_V` (`ID`,`AUTH_ID`,`ROLE_ID`,`SIGN`,`IS_REVOKE`,`CREATE_USER`,`CREATE_TIME`,`UPDATE_TIME`,`REMARK`,`LV_ID`) values ('3FF3FCE8-7936-73B1-52FF-502B1E26D05E', '67yub3ec3d6e483b86c4923ea64cf112', 'appadmin', null, 0, null, null, null, null, 'appadmin');
insert into `JARIACEPLAT`.`SYS_AUTH_ROLE_V` (`ID`,`AUTH_ID`,`ROLE_ID`,`SIGN`,`IS_REVOKE`,`CREATE_USER`,`CREATE_TIME`,`UPDATE_TIME`,`REMARK`,`LV_ID`) values ('F2EBF516-783B-3DB7-E628-33666C24132B', '11316279a4a9416a8e20019821e640af', 'appadmin', null, 0, null, null, null, null, 'appadmin');
insert into `JARIACEPLAT`.`SYS_AUTH_ROLE_V` (`ID`,`AUTH_ID`,`ROLE_ID`,`SIGN`,`IS_REVOKE`,`CREATE_USER`,`CREATE_TIME`,`UPDATE_TIME`,`REMARK`,`LV_ID`) values ('DB31BA34-7936-73B1-D0AB-535607B1B052', 'e3b15ac90286450fbe5a721c9f542451', 'appadmin', null, 0, null, null, null, null, 'appadmin');
insert into `JARIACEPLAT`.`SYS_AUTH_ROLE_V` (`ID`,`AUTH_ID`,`ROLE_ID`,`SIGN`,`IS_REVOKE`,`CREATE_USER`,`CREATE_TIME`,`UPDATE_TIME`,`REMARK`,`LV_ID`) values ('1E334B40-CA7F-5100-4F3D-32EFFFFA5D9A', '11erb3ec3d6e483b86c4923ea64cfdd0', 'appadmin', null, 0, null, null, null, null, 'appadmin');
insert into `JARIACEPLAT`.`SYS_AUTH_ROLE_V` (`ID`,`AUTH_ID`,`ROLE_ID`,`SIGN`,`IS_REVOKE`,`CREATE_USER`,`CREATE_TIME`,`UPDATE_TIME`,`REMARK`,`LV_ID`) values ('B1ED9625-7936-73B1-1C3A-13D0082E2596', 'e3b15ac90286450fbe5a721c9f542433', 'appadmin', null, 0, null, null, null, null, 'appadmin');
insert into `JARIACEPLAT`.`SYS_AUTH_ROLE_V` (`ID`,`AUTH_ID`,`ROLE_ID`,`SIGN`,`IS_REVOKE`,`CREATE_USER`,`CREATE_TIME`,`UPDATE_TIME`,`REMARK`,`LV_ID`) values ('913A51CD-95EC-15CF-F331-4D96EA3E2C54', '77yub3ec3d6e483b86c4923ea6411111', 'appadmin', null, 0, null, null, null, null, 'appadmin');
insert into `JARIACEPLAT`.`SYS_AUTH_ROLE_V` (`ID`,`AUTH_ID`,`ROLE_ID`,`SIGN`,`IS_REVOKE`,`CREATE_USER`,`CREATE_TIME`,`UPDATE_TIME`,`REMARK`,`LV_ID`) values ('15A64284-7936-73B1-2F2C-A9C2D578C3E8', '334qb3ec3d6e483b86c4923ea64cfdd0', 'appsec', null, 0, null, null, null, null, 'appsec');
insert into `JARIACEPLAT`.`SYS_AUTH_ROLE_V` (`ID`,`AUTH_ID`,`ROLE_ID`,`SIGN`,`IS_REVOKE`,`CREATE_USER`,`CREATE_TIME`,`UPDATE_TIME`,`REMARK`,`LV_ID`) values ('A6B11F09-CA7F-5100-32BF-4A166577AF9D', '334qb3ec3d6e483b86c4923ea64cf111', 'appsec', null, 0, null, null, null, null, 'appsec');
insert into `JARIACEPLAT`.`SYS_AUTH_ROLE_V` (`ID`,`AUTH_ID`,`ROLE_ID`,`SIGN`,`IS_REVOKE`,`CREATE_USER`,`CREATE_TIME`,`UPDATE_TIME`,`REMARK`,`LV_ID`) values ('BFE83931-7936-73B1-9B23-09B183E06E5F', '334qb3ec3d6e483b86c4923ea64cf113', 'appsec', null, 0, null, null, null, null, 'appsec');
insert into `JARIACEPLAT`.`SYS_AUTH_ROLE_V` (`ID`,`AUTH_ID`,`ROLE_ID`,`SIGN`,`IS_REVOKE`,`CREATE_USER`,`CREATE_TIME`,`UPDATE_TIME`,`REMARK`,`LV_ID`) values ('397F7ECC-783B-3DB7-93F1-98FB14687BFA', '334qb3ec3d6e483b86c4923ea64cf114', 'appsec', null, 0, null, null, null, null, 'appsec');
insert into `JARIACEPLAT`.`SYS_AUTH_ROLE_V` (`ID`,`AUTH_ID`,`ROLE_ID`,`SIGN`,`IS_REVOKE`,`CREATE_USER`,`CREATE_TIME`,`UPDATE_TIME`,`REMARK`,`LV_ID`) values ('20BD6BBE-7936-73B1-517A-CB99C3A172A2', '456wb3ec3d6e483b86c4923ea64cfdd0', 'appsec', null, 0, null, null, null, null, 'appsec');
insert into `JARIACEPLAT`.`SYS_AUTH_ROLE_V` (`ID`,`AUTH_ID`,`ROLE_ID`,`SIGN`,`IS_REVOKE`,`CREATE_USER`,`CREATE_TIME`,`UPDATE_TIME`,`REMARK`,`LV_ID`) values ('6FBC4199-CA7F-5100-E83E-86CE9932BF1B', '456wb3ec3d6e483b86c4923ea64cf111', 'appsec', null, 0, null, null, null, null, 'appsec');
insert into `JARIACEPLAT`.`SYS_AUTH_ROLE_V` (`ID`,`AUTH_ID`,`ROLE_ID`,`SIGN`,`IS_REVOKE`,`CREATE_USER`,`CREATE_TIME`,`UPDATE_TIME`,`REMARK`,`LV_ID`) values ('82FBC331-7936-73B1-6B34-1BCBB9622743', '67yub3ec3d6e483b86c4923ea64cfdd0', 'appsec', null, 0, null, null, null, null, 'appsec');
insert into `JARIACEPLAT`.`SYS_AUTH_ROLE_V` (`ID`,`AUTH_ID`,`ROLE_ID`,`SIGN`,`IS_REVOKE`,`CREATE_USER`,`CREATE_TIME`,`UPDATE_TIME`,`REMARK`,`LV_ID`) values ('40B90209-7CBD-27BB-5776-10A1EB2A741E', '67yub3ec3d6e483b86c4923ea64cf111', 'appsec', null, 0, null, null, null, null, 'appsec');
insert into `JARIACEPLAT`.`SYS_AUTH_ROLE_V` (`ID`,`AUTH_ID`,`ROLE_ID`,`SIGN`,`IS_REVOKE`,`CREATE_USER`,`CREATE_TIME`,`UPDATE_TIME`,`REMARK`,`LV_ID`) values ('37A78430-7936-73B1-5E38-19637A260D11', '4c8c4bc4726b40b7a570fa1d2ba49f47', 'appsec', null, 0, null, null, null, null, 'appsec');
insert into `JARIACEPLAT`.`SYS_AUTH_ROLE_V` (`ID`,`AUTH_ID`,`ROLE_ID`,`SIGN`,`IS_REVOKE`,`CREATE_USER`,`CREATE_TIME`,`UPDATE_TIME`,`REMARK`,`LV_ID`) values ('64EF23F1-CA7F-5100-1D2E-443E38B2617C', '04d7893c4a4d4345b18b0789af13753f', 'appsec', null, 0, null, null, null, null, 'appsec');
insert into `JARIACEPLAT`.`SYS_AUTH_ROLE_V` (`ID`,`AUTH_ID`,`ROLE_ID`,`SIGN`,`IS_REVOKE`,`CREATE_USER`,`CREATE_TIME`,`UPDATE_TIME`,`REMARK`,`LV_ID`) values ('BEAF67F1-7936-73B1-C023-8474B4BAC5CB', 'e3b15ac90286450fbe5a721c9f542451', 'appsec', null, 0, null, null, null, null, 'appsec');
insert into `JARIACEPLAT`.`SYS_AUTH_ROLE_V` (`ID`,`AUTH_ID`,`ROLE_ID`,`SIGN`,`IS_REVOKE`,`CREATE_USER`,`CREATE_TIME`,`UPDATE_TIME`,`REMARK`,`LV_ID`) values ('03A9EA7C-783B-3DB7-4CA9-1EB5BA26EE25', '11erb3ec3d6e483b86c4923ea64cfdd0', 'appsec', null, 0, null, null, null, null, 'appsec');
insert into `JARIACEPLAT`.`SYS_AUTH_ROLE_V` (`ID`,`AUTH_ID`,`ROLE_ID`,`SIGN`,`IS_REVOKE`,`CREATE_USER`,`CREATE_TIME`,`UPDATE_TIME`,`REMARK`,`LV_ID`) values ('4035720F-7936-73B1-A624-E68B18AF00AE', 'e3b15ac90286450fbe5a721c9f542433', 'appsec', null, 0, null, null, null, null, 'appsec');
insert into `JARIACEPLAT`.`SYS_AUTH_ROLE_V` (`ID`,`AUTH_ID`,`ROLE_ID`,`SIGN`,`IS_REVOKE`,`CREATE_USER`,`CREATE_TIME`,`UPDATE_TIME`,`REMARK`,`LV_ID`) values ('6B3EFCCD-CA7F-5100-F7AC-1C9ECD2E4A5E', '4c8c4bc4726b40b7a570fa1d2ba49f47', 'appauditor', null, 0, null, null, null, null, 'appauditor');
insert into `JARIACEPLAT`.`SYS_AUTH_ROLE_V` (`ID`,`AUTH_ID`,`ROLE_ID`,`SIGN`,`IS_REVOKE`,`CREATE_USER`,`CREATE_TIME`,`UPDATE_TIME`,`REMARK`,`LV_ID`) values ('FB2696D6-7936-73B1-8239-E39DBD3078A3', '04d7893c4a4d4345b18b0789af13753f', 'appauditor', null, 0, null, null, null, null, 'appauditor');
insert into `JARIACEPLAT`.`SYS_AUTH_ROLE_V` (`ID`,`AUTH_ID`,`ROLE_ID`,`SIGN`,`IS_REVOKE`,`CREATE_USER`,`CREATE_TIME`,`UPDATE_TIME`,`REMARK`,`LV_ID`) values ('80288C3F-95EC-15CF-D5BE-1A3ED9BD3DC2', 'e3b15ac90286450fbe5a721c9f542451', 'appauditor', null, 0, null, null, null, null, 'appauditor');
insert into `JARIACEPLAT`.`SYS_AUTH_ROLE_V` (`ID`,`AUTH_ID`,`ROLE_ID`,`SIGN`,`IS_REVOKE`,`CREATE_USER`,`CREATE_TIME`,`UPDATE_TIME`,`REMARK`,`LV_ID`) values ('BF2433AD-7936-73B1-F7A1-886C8E275677', 'e3b15ac90286450fbe5a721c9f542433', 'appauditor', null, 0, null, null, null, null, 'appauditor');
insert into `JARIACEPLAT`.`SYS_AUTH_ROLE_V` (`ID`,`AUTH_ID`,`ROLE_ID`,`SIGN`,`IS_REVOKE`,`CREATE_USER`,`CREATE_TIME`,`UPDATE_TIME`,`REMARK`,`LV_ID`) values ('A9F70485-0733-30C6-B229-5ED50026EQQQ', '22316279a4a9416a8e20019821e640af', 'appadmin', null, 0, null, null, null, null, 'appadmin');
insert into `JARIACEPLAT`.`SYS_AUTH_ROLE_V` (`ID`,`AUTH_ID`,`ROLE_ID`,`SIGN`,`IS_REVOKE`,`CREATE_USER`,`CREATE_TIME`,`UPDATE_TIME`,`REMARK`,`LV_ID`) values ('11F70485-0733-30C6-B229-5ED50011EEEE', '11116279a4a9416a8e20019821e61111', 'groupadmin', null, 0, null, null, null, null, 'groupadmin');
insert into `JARIACEPLAT`.`SYS_AUTH_ROLE_V` (`ID`,`AUTH_ID`,`ROLE_ID`,`SIGN`,`IS_REVOKE`,`CREATE_USER`,`CREATE_TIME`,`UPDATE_TIME`,`REMARK`,`LV_ID`) values ('EEE70485-0733-30C6-B229-5ED50011RRRR', '33336279a4a9416a8e20019821e63333', 'admin', null, 0, null, null, null, null, 'admin');
insert into `JARIACEPLAT`.`SYS_AUTH_ROLE_V` (`ID`,`AUTH_ID`,`ROLE_ID`,`SIGN`,`IS_REVOKE`,`CREATE_USER`,`CREATE_TIME`,`UPDATE_TIME`,`REMARK`,`LV_ID`) values ('111B1F11-4029-B4A5-A03B-4D3154A66345', '3333ba3204344d37929abd4ad9a12222', 'appadmin', null, 0, null, null, null, null, 'appadmin');
insert into `JARIACEPLAT`.`SYS_AUTH_ROLE_V` (`ID`,`AUTH_ID`,`ROLE_ID`,`SIGN`,`IS_REVOKE`,`CREATE_USER`,`CREATE_TIME`,`UPDATE_TIME`,`REMARK`,`LV_ID`) values ('123B1F11-4029-B4A5-A03B-4D3154A66312', '3456ba3204344d37929abd4ad9a15678', 'appadmin', null, 0, null, null, null, null, 'appadmin');
insert into `JARIACEPLAT`.`SYS_AUTH_ROLE_V` (`ID`,`AUTH_ID`,`ROLE_ID`,`SIGN`,`IS_REVOKE`,`CREATE_USER`,`CREATE_TIME`,`UPDATE_TIME`,`REMARK`,`LV_ID`) values ('345B1F11-4029-B4A5-A03B-4D3154A66789', '7756ba3204344d37929abd4ad9a15699', 'appadmin', null, 0, null, null, null, null, 'appadmin');
insert into `JARIACEPLAT`.`SYS_AUTH_ROLE_V` (`ID`,`AUTH_ID`,`ROLE_ID`,`SIGN`,`IS_REVOKE`,`CREATE_USER`,`CREATE_TIME`,`UPDATE_TIME`,`REMARK`,`LV_ID`) values ('235B1F11-4029-B4A5-A03B-4D3154A66744', '1116ba3204344d37929abd4ad9a15222', 'appadmin', null, 0, null, null, null, null, 'appadmin');
