CREATE TABLE "SYS_API_RESOURCE"
(
"ID" VARCHAR2(200) NOT NULL,
"NAME" VARCHAR2(500),
"APP_ID" VARCHAR2(200),
"DATA_VERSION" INTEGER DEFAULT 0,
"API_URL" VARCHAR2(500),
"API_METHOD" VARCHAR2(50),
NOT CLUSTER PRIMARY KEY("ID"))  ;
COMMENT ON TABLE "SYS_API_RESOURCE" IS 'api资源';
COMMENT ON COLUMN "SYS_API_RESOURCE"."API_METHOD" IS '请求方式';
COMMENT ON COLUMN "SYS_API_RESOURCE"."API_URL" IS '请求路径';
COMMENT ON COLUMN "SYS_API_RESOURCE"."APP_ID" IS '集团应用ID';
COMMENT ON COLUMN "SYS_API_RESOURCE"."DATA_VERSION" IS '数据版本';
COMMENT ON COLUMN "SYS_API_RESOURCE"."ID" IS '主键';
COMMENT ON COLUMN "SYS_API_RESOURCE"."NAME" IS 'api描述';

CREATE TABLE "SYS_PASSWORD_POLICY"
(
"ID" VARCHAR2(50) NOT NULL,
"LEN" INTEGER DEFAULT 0,
"FAILURE_TIMES" INTEGER DEFAULT 0,
"START_USE_TIME" DATETIME(6),
"CHANGE_NUM" INTEGER DEFAULT 0,
"CREATE_USER" VARCHAR2(50),
"CREATE_TIME" DATETIME(6),
"UPDATE_TIME" DATETIME(6),
"SECRET_LEVEL" INTEGER DEFAULT 0,
"USE_MAX_TIME" INTEGER DEFAULT 0,
"USE_MIN_TIME" INTEGER DEFAULT 0,
"LOCK_MINUTES" INTEGER DEFAULT 0,
"RESET_FAILURE_TIMES_TIME" INTEGER,
"REMARK" VARCHAR2(2000),
"DATA_VERSION" INTEGER DEFAULT 0,
NOT CLUSTER PRIMARY KEY("ID"))  ;
COMMENT ON TABLE "SYS_PASSWORD_POLICY" IS '密码安全策略表';
COMMENT ON COLUMN "SYS_PASSWORD_POLICY"."CHANGE_NUM" IS '密码更改次数';
COMMENT ON COLUMN "SYS_PASSWORD_POLICY"."CREATE_TIME" IS '创建时间';
COMMENT ON COLUMN "SYS_PASSWORD_POLICY"."CREATE_USER" IS '创建人id';
COMMENT ON COLUMN "SYS_PASSWORD_POLICY"."DATA_VERSION" IS '数据版本';
COMMENT ON COLUMN "SYS_PASSWORD_POLICY"."FAILURE_TIMES" IS '登录失败次数';
COMMENT ON COLUMN "SYS_PASSWORD_POLICY"."ID" IS '主键';
COMMENT ON COLUMN "SYS_PASSWORD_POLICY"."LEN" IS '密码长度';
COMMENT ON COLUMN "SYS_PASSWORD_POLICY"."LOCK_MINUTES" IS '锁定时长(分钟)';
COMMENT ON COLUMN "SYS_PASSWORD_POLICY"."REMARK" IS '备注';
COMMENT ON COLUMN "SYS_PASSWORD_POLICY"."RESET_FAILURE_TIMES_TIME" IS '重置失败次数的时长（分钟）';
COMMENT ON COLUMN "SYS_PASSWORD_POLICY"."SECRET_LEVEL" IS '密级';
COMMENT ON COLUMN "SYS_PASSWORD_POLICY"."START_USE_TIME" IS '密码开始使用时间';
COMMENT ON COLUMN "SYS_PASSWORD_POLICY"."UPDATE_TIME" IS '最后修改时间';
COMMENT ON COLUMN "SYS_PASSWORD_POLICY"."USE_MAX_TIME" IS '密码使用最长期限';
COMMENT ON COLUMN "SYS_PASSWORD_POLICY"."USE_MIN_TIME" IS '密码使用最短期限';

CREATE TABLE "ORG_GROUP"
(
"ID" VARCHAR2(50) NOT NULL,
"IS_DELETE" NUMBER(1,0) DEFAULT 0,
"PARENT_ID" VARCHAR2(50),
"CODE" VARCHAR2(50) NOT NULL,
"NAME" VARCHAR2(100) NOT NULL,
"CREATE_USER" VARCHAR2(50),
"CREATE_TIME" DATETIME(6),
"UPDATE_TIME" DATETIME(6),
"SORT_INDEX" INTEGER,
"SORT_PATH" VARCHAR2(4000),
"IS3_ADMIN" NUMBER(1,0) DEFAULT 1,
"REMARK" VARCHAR2(50),
"SECRET_LEVEL" INTEGER DEFAULT 5,
"DATA_VERSION" INTEGER DEFAULT 0,
NOT CLUSTER PRIMARY KEY("ID"),
CONSTRAINT "UK_ORG_GROUP_CODE" UNIQUE("CODE"),
CONSTRAINT "UK_ORG_GROUP_NAME" UNIQUE("NAME"),
CONSTRAINT "UK_ORG_GROUP_SORT_INDEX" UNIQUE("PARENT_ID", "SORT_INDEX"))  ;
COMMENT ON TABLE "ORG_GROUP" IS '组织-集团';
COMMENT ON COLUMN "ORG_GROUP"."IS_DELETE" IS '逻辑删除 0 否 1是';
COMMENT ON COLUMN "ORG_GROUP"."CODE" IS '编码';
COMMENT ON COLUMN "ORG_GROUP"."CREATE_TIME" IS '创建时间';
COMMENT ON COLUMN "ORG_GROUP"."CREATE_USER" IS '创建人id';
COMMENT ON COLUMN "ORG_GROUP"."DATA_VERSION" IS '数据版本';
COMMENT ON COLUMN "ORG_GROUP"."ID" IS '主键';
COMMENT ON COLUMN "ORG_GROUP"."IS3_ADMIN" IS '是否启用三员0不启用1启用';
COMMENT ON COLUMN "ORG_GROUP"."NAME" IS '名称';
COMMENT ON COLUMN "ORG_GROUP"."PARENT_ID" IS '上级集团主键';
COMMENT ON COLUMN "ORG_GROUP"."REMARK" IS '备注';
COMMENT ON COLUMN "ORG_GROUP"."SECRET_LEVEL" IS '密级5非密4内部3秘密2机密1绝密';
COMMENT ON COLUMN "ORG_GROUP"."SORT_INDEX" IS '排序号';
COMMENT ON COLUMN "ORG_GROUP"."SORT_PATH" IS '排序';
COMMENT ON COLUMN "ORG_GROUP"."UPDATE_TIME" IS '更新时间';

CREATE TABLE "ORG_ORGANIZATION_V"
(
"ID" VARCHAR2(50) NOT NULL,
"PARENT_ID" VARCHAR2(50),
"GROUP_ID" VARCHAR2(50) NOT NULL,
"CORPORATION_ID" VARCHAR2(50),
"ORGANIZATION_ID" VARCHAR2(50) NOT NULL,
"REMARK" VARCHAR2(2000),
"NAME" VARCHAR2(200) NOT NULL,
"SHORT_NAME" VARCHAR2(50),
"ADDRESS" VARCHAR2(100),
"COUNTRY_ZONE" VARCHAR2(20),
"ORGANIZATION_CODE" VARCHAR2(50),
"VERSION_NO" VARCHAR2(50),
"VERSION_NAME" VARCHAR2(50),
"VERSION_BEGIN_DATE" DATE,
"VERSION_END_DATE" DATE,
"IS_BUSINESS_UNIT" NUMBER(1,0),
"CODE" VARCHAR2(50),
"IS_LAST_VERSION" NUMBER(1,0),
"VERSION_BEGIN_USER_ID" VARCHAR2(50),
"VERSION_END_USER_ID" VARCHAR2(50),
"DATA_VERSION" INTEGER DEFAULT 0,
"SORT_INDEX" INTEGER,
NOT CLUSTER PRIMARY KEY("ID"),
CONSTRAINT "FK_ORG_ORGANIZATION_V_GID" FOREIGN KEY("GROUP_ID") REFERENCES "ORG_GROUP"("ID") ON DELETE CASCADE )  ;
COMMENT ON TABLE "ORG_ORGANIZATION_V" IS '组织-组织版本';
COMMENT ON COLUMN "ORG_ORGANIZATION_V"."ADDRESS" IS '地址';
COMMENT ON COLUMN "ORG_ORGANIZATION_V"."CODE" IS '编码';
COMMENT ON COLUMN "ORG_ORGANIZATION_V"."CORPORATION_ID" IS '所属公司主键';
COMMENT ON COLUMN "ORG_ORGANIZATION_V"."COUNTRY_ZONE" IS '国家地区';
COMMENT ON COLUMN "ORG_ORGANIZATION_V"."DATA_VERSION" IS '数据版本';
COMMENT ON COLUMN "ORG_ORGANIZATION_V"."GROUP_ID" IS '所属集团主键';
COMMENT ON COLUMN "ORG_ORGANIZATION_V"."ID" IS '主键';
COMMENT ON COLUMN "ORG_ORGANIZATION_V"."IS_BUSINESS_UNIT" IS '是否业务单元';
COMMENT ON COLUMN "ORG_ORGANIZATION_V"."IS_LAST_VERSION" IS '是否最新版本';
COMMENT ON COLUMN "ORG_ORGANIZATION_V"."NAME" IS '名称';
COMMENT ON COLUMN "ORG_ORGANIZATION_V"."ORGANIZATION_CODE" IS '组织机构码';
COMMENT ON COLUMN "ORG_ORGANIZATION_V"."ORGANIZATION_ID" IS '组织主键';
COMMENT ON COLUMN "ORG_ORGANIZATION_V"."PARENT_ID" IS '上级组织主键';
COMMENT ON COLUMN "ORG_ORGANIZATION_V"."REMARK" IS '备注';
COMMENT ON COLUMN "ORG_ORGANIZATION_V"."SHORT_NAME" IS '简称';
COMMENT ON COLUMN "ORG_ORGANIZATION_V"."SORT_INDEX" IS '排序号';
COMMENT ON COLUMN "ORG_ORGANIZATION_V"."VERSION_BEGIN_DATE" IS '版本生效日期';
COMMENT ON COLUMN "ORG_ORGANIZATION_V"."VERSION_BEGIN_USER_ID" IS '版本启用人主键';
COMMENT ON COLUMN "ORG_ORGANIZATION_V"."VERSION_END_DATE" IS '版本失效日期';
COMMENT ON COLUMN "ORG_ORGANIZATION_V"."VERSION_END_USER_ID" IS '版本停用人主键';
COMMENT ON COLUMN "ORG_ORGANIZATION_V"."VERSION_NAME" IS '版本名称';
COMMENT ON COLUMN "ORG_ORGANIZATION_V"."VERSION_NO" IS '版本编号';


CREATE TABLE "ORG_ORGANIZATION"
(
"ID" VARCHAR2(50) NOT NULL,
"IS_DELETE" NUMBER(1,0) DEFAULT 0,
"PARENT_ID" VARCHAR2(50),
"GROUP_ID" VARCHAR2(50) NOT NULL,
"CORPORATION_ID" VARCHAR2(50),
"VERSION_ID" VARCHAR2(50) NOT NULL,
"CREATE_USER" VARCHAR2(50),
"CREATE_TIME" DATETIME(6),
"UPDATE_TIME" DATETIME(6),
"REMARK" VARCHAR2(2000),
"NAME" VARCHAR2(200) NOT NULL,
"SHORT_NAME" VARCHAR2(50),
"ADDRESS" VARCHAR2(100),
"COUNTRY_ZONE" VARCHAR2(20),
"ORGANIZATION_CODE" VARCHAR2(50),
"IS_BUSINESS_UNIT" NUMBER(1,0) DEFAULT 1,
"CODE" VARCHAR2(50),
"DATA_VERSION" INTEGER DEFAULT 0,
"SORT_INDEX" INTEGER NOT NULL,
"SORT_PATH" VARCHAR2(100) NOT NULL,
NOT CLUSTER PRIMARY KEY("ID"),
CONSTRAINT "FK_ORG_ORGANIZATION_VER_ID" FOREIGN KEY("VERSION_ID") REFERENCES "ORG_ORGANIZATION_V"("ID") ON DELETE CASCADE ,
CONSTRAINT "FK_ORG_ORGANIZATION_GROUP_ID" FOREIGN KEY("GROUP_ID") REFERENCES "ORG_GROUP"("ID") ON DELETE CASCADE ,
CONSTRAINT "UK_ORG_ORGANIZATION_CODE" UNIQUE("CODE") );
COMMENT ON TABLE "ORG_ORGANIZATION" IS '组织-组织';
COMMENT ON COLUMN "ORG_ORGANIZATION"."IS_DELETE" IS '逻辑删除 0 否 1是';
COMMENT ON COLUMN "ORG_ORGANIZATION"."ADDRESS" IS '地址';
COMMENT ON COLUMN "ORG_ORGANIZATION"."CODE" IS '编码';
COMMENT ON COLUMN "ORG_ORGANIZATION"."CORPORATION_ID" IS '所属公司主键';
COMMENT ON COLUMN "ORG_ORGANIZATION"."COUNTRY_ZONE" IS '国家地区';
COMMENT ON COLUMN "ORG_ORGANIZATION"."CREATE_TIME" IS '创建时间';
COMMENT ON COLUMN "ORG_ORGANIZATION"."CREATE_USER" IS '创建人id';
COMMENT ON COLUMN "ORG_ORGANIZATION"."DATA_VERSION" IS '数据版本';
COMMENT ON COLUMN "ORG_ORGANIZATION"."GROUP_ID" IS '所属集团主键';
COMMENT ON COLUMN "ORG_ORGANIZATION"."ID" IS '主键';
COMMENT ON COLUMN "ORG_ORGANIZATION"."IS_BUSINESS_UNIT" IS '是否业务单元';
COMMENT ON COLUMN "ORG_ORGANIZATION"."NAME" IS '名称';
COMMENT ON COLUMN "ORG_ORGANIZATION"."ORGANIZATION_CODE" IS '组织机构码';
COMMENT ON COLUMN "ORG_ORGANIZATION"."PARENT_ID" IS '上级组织主键';
COMMENT ON COLUMN "ORG_ORGANIZATION"."REMARK" IS '备注';
COMMENT ON COLUMN "ORG_ORGANIZATION"."SHORT_NAME" IS '简称';
COMMENT ON COLUMN "ORG_ORGANIZATION"."SORT_INDEX" IS '排序号';
COMMENT ON COLUMN "ORG_ORGANIZATION"."SORT_PATH" IS '排序路径';
COMMENT ON COLUMN "ORG_ORGANIZATION"."UPDATE_TIME" IS '最后修改时间';
COMMENT ON COLUMN "ORG_ORGANIZATION"."VERSION_ID" IS '版本主键';


CREATE TABLE "ORG_CORPORATION_V"
(
"ID" VARCHAR2(50) NOT NULL,
"GROUP_ID" VARCHAR2(50) NOT NULL,
"ORGANIZATION_ID" VARCHAR2(50) NOT NULL,
"PARENT_ID" VARCHAR2(50),
"POST_ADDRESS" VARCHAR2(200),
"PHONE1" VARCHAR2(30),
"PHONE2" VARCHAR2(30),
"PHONE3" VARCHAR2(30),
"FAX1" VARCHAR2(30),
"FAX2" VARCHAR2(30),
"FAX3" VARCHAR2(30),
"LINKMAN1" VARCHAR2(30),
"LINKMAN2" VARCHAR2(30),
"LINKMAN3" VARCHAR2(30),
"EMAIL1" VARCHAR2(50),
"EMAIL2" VARCHAR2(50),
"EMAIL3" VARCHAR2(50),
"NAME" VARCHAR2(50) NOT NULL,
"SHORT_NAME" VARCHAR2(50),
"SORT_INDEX" INTEGER,
"CREATE_USER" VARCHAR2(50),
"CREATE_TIME" DATETIME(6),
"UPDATE_TIME" DATETIME(6),
"CORPORATION_ID" VARCHAR2(50),
"VERSION_NO" VARCHAR2(50),
"VERSION_NAME" VARCHAR2(50),
"VERSION_BEGIN_DATE" DATE,
"VERSION_END_DATE" DATE,
"CODE" VARCHAR2(50) NOT NULL,
"IS_LAST_VERSION" NUMBER(1,0),
"VERSION_BEGIN_USER_ID" VARCHAR2(50),
"VERSION_END_USER_ID" VARCHAR2(50),
"REMARK" VARCHAR2(2000),
NOT CLUSTER PRIMARY KEY("ID"),
CONSTRAINT "FK_ORG_CORPORATION_V_GROUP_ID" FOREIGN KEY("GROUP_ID") REFERENCES "ORG_GROUP"("ID") ON DELETE CASCADE )  ;
COMMENT ON TABLE "ORG_CORPORATION_V" IS '组织-公司组织版本';
COMMENT ON COLUMN "ORG_CORPORATION_V"."CODE" IS '编码';
COMMENT ON COLUMN "ORG_CORPORATION_V"."CORPORATION_ID" IS '公司主键';
COMMENT ON COLUMN "ORG_CORPORATION_V"."CREATE_TIME" IS '创建时间';
COMMENT ON COLUMN "ORG_CORPORATION_V"."CREATE_USER" IS '创建人id';
COMMENT ON COLUMN "ORG_CORPORATION_V"."EMAIL1" IS '电子邮件1';
COMMENT ON COLUMN "ORG_CORPORATION_V"."EMAIL2" IS '电子邮件2';
COMMENT ON COLUMN "ORG_CORPORATION_V"."EMAIL3" IS '电子邮件3';
COMMENT ON COLUMN "ORG_CORPORATION_V"."FAX1" IS '传真1';
COMMENT ON COLUMN "ORG_CORPORATION_V"."FAX2" IS '传真2';
COMMENT ON COLUMN "ORG_CORPORATION_V"."FAX3" IS '传真3';
COMMENT ON COLUMN "ORG_CORPORATION_V"."GROUP_ID" IS '所属集团主键';
COMMENT ON COLUMN "ORG_CORPORATION_V"."ID" IS '主键';
COMMENT ON COLUMN "ORG_CORPORATION_V"."IS_LAST_VERSION" IS '是否最新版本';
COMMENT ON COLUMN "ORG_CORPORATION_V"."LINKMAN1" IS '联系人1';
COMMENT ON COLUMN "ORG_CORPORATION_V"."LINKMAN2" IS '联系人2';
COMMENT ON COLUMN "ORG_CORPORATION_V"."LINKMAN3" IS '联系人3';
COMMENT ON COLUMN "ORG_CORPORATION_V"."NAME" IS '名称';
COMMENT ON COLUMN "ORG_CORPORATION_V"."ORGANIZATION_ID" IS '所属组织主键';
COMMENT ON COLUMN "ORG_CORPORATION_V"."PARENT_ID" IS '上级公司主键';
COMMENT ON COLUMN "ORG_CORPORATION_V"."PHONE1" IS '联系电话1';
COMMENT ON COLUMN "ORG_CORPORATION_V"."PHONE2" IS '联系电话2';
COMMENT ON COLUMN "ORG_CORPORATION_V"."PHONE3" IS '联系电话3';
COMMENT ON COLUMN "ORG_CORPORATION_V"."POST_ADDRESS" IS '通讯地址';
COMMENT ON COLUMN "ORG_CORPORATION_V"."REMARK" IS '备注';
COMMENT ON COLUMN "ORG_CORPORATION_V"."SHORT_NAME" IS '简称';
COMMENT ON COLUMN "ORG_CORPORATION_V"."SORT_INDEX" IS '排序号';
COMMENT ON COLUMN "ORG_CORPORATION_V"."UPDATE_TIME" IS '更新时间';
COMMENT ON COLUMN "ORG_CORPORATION_V"."VERSION_BEGIN_DATE" IS '版本生效日期';
COMMENT ON COLUMN "ORG_CORPORATION_V"."VERSION_BEGIN_USER_ID" IS '版本启用人主键';
COMMENT ON COLUMN "ORG_CORPORATION_V"."VERSION_END_DATE" IS '版本失效日期';
COMMENT ON COLUMN "ORG_CORPORATION_V"."VERSION_END_USER_ID" IS '版本停用人主键';
COMMENT ON COLUMN "ORG_CORPORATION_V"."VERSION_NAME" IS '版本名称';
COMMENT ON COLUMN "ORG_CORPORATION_V"."VERSION_NO" IS '版本编号';


CREATE TABLE "ORG_CORPORATION"
(
"ID" VARCHAR2(50) NOT NULL,
"GROUP_ID" VARCHAR2(50) NOT NULL,
"ORGANIZATION_ID" VARCHAR2(50) NOT NULL,
"PARENT_ID" VARCHAR2(50),
"POST_ADDRESS" VARCHAR2(200),
"PHONE1" VARCHAR2(30),
"PHONE2" VARCHAR2(30),
"PHONE3" VARCHAR2(30),
"FAX1" VARCHAR2(30),
"FAX2" VARCHAR2(30),
"FAX3" VARCHAR2(30),
"LINKMAN1" VARCHAR2(30),
"LINKMAN2" VARCHAR2(30),
"LINKMAN3" VARCHAR2(30),
"EMAIL1" VARCHAR2(50),
"EMAIL2" VARCHAR2(50),
"EMAIL3" VARCHAR2(50),
"NAME" VARCHAR2(50) NOT NULL,
"SHORT_NAME" VARCHAR2(50),
"SORT_INDEX" INTEGER,
"CREATE_USER" VARCHAR2(50),
"CREATE_TIME" DATETIME(6),
"UPDATE_TIME" DATETIME(6),
"VERSION_ID" VARCHAR2(50),
"CODE" VARCHAR2(50) NOT NULL,
"REMARK" VARCHAR2(2000),
"DATA_VERSION" INTEGER DEFAULT 0,
"SORT_PATH" VARCHAR2(100),
NOT CLUSTER PRIMARY KEY("ID"),
CONSTRAINT "FK_ORG_CORPORATION_GROUP_ID" FOREIGN KEY("GROUP_ID") REFERENCES "ORG_GROUP"("ID") ON DELETE CASCADE ,
CONSTRAINT "FK_ORG_CORPORATION_ORG_ID" FOREIGN KEY("ORGANIZATION_ID") REFERENCES "ORG_ORGANIZATION"("ID") ON DELETE CASCADE ,
CONSTRAINT "FK_ORG_CORPORATION_VER_ID" FOREIGN KEY("VERSION_ID") REFERENCES "ORG_CORPORATION_V"("ID"),
CONSTRAINT "UK_ORG_CORPORATION_CODE" UNIQUE("CODE"),
CONSTRAINT "UK_ORG_COR_SORT_INDEX_PID" UNIQUE("PARENT_ID", "SORT_INDEX"))  ;
COMMENT ON TABLE "ORG_CORPORATION" IS '组织-公司组织';
COMMENT ON COLUMN "ORG_CORPORATION"."CODE" IS '编码';
COMMENT ON COLUMN "ORG_CORPORATION"."CREATE_TIME" IS '创建时间';
COMMENT ON COLUMN "ORG_CORPORATION"."CREATE_USER" IS '创建人id';
COMMENT ON COLUMN "ORG_CORPORATION"."DATA_VERSION" IS '数据版本';
COMMENT ON COLUMN "ORG_CORPORATION"."EMAIL1" IS '电子邮件1';
COMMENT ON COLUMN "ORG_CORPORATION"."EMAIL2" IS '电子邮件2';
COMMENT ON COLUMN "ORG_CORPORATION"."EMAIL3" IS '电子邮件3';
COMMENT ON COLUMN "ORG_CORPORATION"."FAX1" IS '传真1';
COMMENT ON COLUMN "ORG_CORPORATION"."FAX2" IS '传真2';
COMMENT ON COLUMN "ORG_CORPORATION"."FAX3" IS '传真3';
COMMENT ON COLUMN "ORG_CORPORATION"."GROUP_ID" IS '所属集团主键';
COMMENT ON COLUMN "ORG_CORPORATION"."ID" IS '主键';
COMMENT ON COLUMN "ORG_CORPORATION"."LINKMAN1" IS '联系人1';
COMMENT ON COLUMN "ORG_CORPORATION"."LINKMAN2" IS '联系人2';
COMMENT ON COLUMN "ORG_CORPORATION"."LINKMAN3" IS '联系人3';
COMMENT ON COLUMN "ORG_CORPORATION"."NAME" IS '名称';
COMMENT ON COLUMN "ORG_CORPORATION"."ORGANIZATION_ID" IS '所属组织主键';
COMMENT ON COLUMN "ORG_CORPORATION"."PARENT_ID" IS '上级公司主键';
COMMENT ON COLUMN "ORG_CORPORATION"."PHONE1" IS '联系电话1';
COMMENT ON COLUMN "ORG_CORPORATION"."PHONE2" IS '联系电话2';
COMMENT ON COLUMN "ORG_CORPORATION"."PHONE3" IS '联系电话3';
COMMENT ON COLUMN "ORG_CORPORATION"."POST_ADDRESS" IS '通讯地址';
COMMENT ON COLUMN "ORG_CORPORATION"."REMARK" IS '备注';
COMMENT ON COLUMN "ORG_CORPORATION"."SHORT_NAME" IS '简称';
COMMENT ON COLUMN "ORG_CORPORATION"."SORT_INDEX" IS '排序号';
COMMENT ON COLUMN "ORG_CORPORATION"."SORT_PATH" IS '排序路径';
COMMENT ON COLUMN "ORG_CORPORATION"."UPDATE_TIME" IS '更新时间';
COMMENT ON COLUMN "ORG_CORPORATION"."VERSION_ID" IS '版本主键';


ALTER TABLE "ORG_ORGANIZATION"
  ADD CONSTRAINT "FK_ORG_ORGANIZATION_CO_ID" FOREIGN KEY ("CORPORATION_ID") REFERENCES "ORG_CORPORATION"("ID") ON DELETE SET NULL;

CREATE TABLE "BD_PERSON_ID_TYPE"
(
"ID" VARCHAR2(50) NOT NULL,
"CODE" VARCHAR2(50) NOT NULL,
"NAME" VARCHAR2(100) NOT NULL,
"GROUP_ID" VARCHAR2(50) NOT NULL,
"REGEX" VARCHAR2(200),
"COUNTRY" VARCHAR2(50),
"DESCRIPTION" VARCHAR2(200),
"NUMBER_LENGTH" INTEGER,
"CREATE_USER" VARCHAR2(50),
"CREATE_TIME" DATETIME(6),
"UPDATE_TIME" DATETIME(6),
"ENABLE_STATE" INTEGER,
"REMARK" VARCHAR2(200),
"DATA_VERSION" INTEGER DEFAULT 0,
NOT CLUSTER PRIMARY KEY("ID"),
CONSTRAINT "FK_BD_PERSON_ID_TYPE_GROUP_ID" FOREIGN KEY("GROUP_ID") REFERENCES "ORG_GROUP"("ID") ON DELETE CASCADE)  ;
COMMENT ON TABLE "BD_PERSON_ID_TYPE" IS '基础数据-人员证件类型';
COMMENT ON COLUMN "BD_PERSON_ID_TYPE"."CODE" IS '编码';
COMMENT ON COLUMN "BD_PERSON_ID_TYPE"."COUNTRY" IS '国家';
COMMENT ON COLUMN "BD_PERSON_ID_TYPE"."CREATE_TIME" IS '创建时间';
COMMENT ON COLUMN "BD_PERSON_ID_TYPE"."CREATE_USER" IS '创建人id';
COMMENT ON COLUMN "BD_PERSON_ID_TYPE"."DATA_VERSION" IS '数据版本';
COMMENT ON COLUMN "BD_PERSON_ID_TYPE"."DESCRIPTION" IS '描述';
COMMENT ON COLUMN "BD_PERSON_ID_TYPE"."ENABLE_STATE" IS '启用状态';
COMMENT ON COLUMN "BD_PERSON_ID_TYPE"."GROUP_ID" IS '所属集团主键';
COMMENT ON COLUMN "BD_PERSON_ID_TYPE"."ID" IS '主键';
COMMENT ON COLUMN "BD_PERSON_ID_TYPE"."NAME" IS '名称';
COMMENT ON COLUMN "BD_PERSON_ID_TYPE"."NUMBER_LENGTH" IS '证件号长度';
COMMENT ON COLUMN "BD_PERSON_ID_TYPE"."REGEX" IS '校验规则';
COMMENT ON COLUMN "BD_PERSON_ID_TYPE"."REMARK" IS '备注';
COMMENT ON COLUMN "BD_PERSON_ID_TYPE"."UPDATE_TIME" IS '更新时间';


CREATE TABLE "BD_PERSON_DOC"
(
"ID" VARCHAR2(50) NOT NULL,
"IS_DELETE" NUMBER(1,0) DEFAULT 0,
"GROUP_ID" VARCHAR2(50) NOT NULL,
"ORGANIZATION_ID" VARCHAR2(50) NOT NULL,
"NAME" VARCHAR2(30) NOT NULL,
"USED_NAME" VARCHAR2(200),
"HOME_ADDRESS" VARCHAR2(50),
"BIRTH_DATE" DATE,
"CODE" VARCHAR2(50),
"ID_NUMBER" VARCHAR2(50),
"PERSON_ID_TYPE_ID" VARCHAR2(50),
"JOIN_WORK_DATE" DATE,
"CELL_PHONE" VARCHAR2(50),
"NICK_NAME" VARCHAR2(50),
"OFFICE_PHONE" VARCHAR2(50),
"HOME_PHONE" VARCHAR2(50),
"GENDER" INTEGER DEFAULT 0,
"PIN_YIN" VARCHAR2(50),
"CREATE_USER" VARCHAR2(50),
"CREATE_TIME" DATETIME(6),
"UPDATE_TIME" DATETIME(6),
"REMARK" VARCHAR2(200),
"DATA_VERSION" INTEGER DEFAULT 0,
NOT CLUSTER PRIMARY KEY("ID"),
CONSTRAINT "FK_BD_PERSON_DOC_GROUP_ID" FOREIGN KEY("GROUP_ID") REFERENCES "ORG_GROUP"("ID") ON DELETE CASCADE ,
CONSTRAINT "UK_BD_PERSON_DOC_CODE" UNIQUE("CODE"),
CONSTRAINT "FK_BD_PERSON_DOC_ORG_ID" FOREIGN KEY("ORGANIZATION_ID") REFERENCES "ORG_ORGANIZATION"("ID") ON DELETE CASCADE )  ;
COMMENT ON TABLE "BD_PERSON_DOC" IS '基础数据-人员档案';
COMMENT ON COLUMN "BD_PERSON_DOC"."IS_DELETE" IS '逻辑删除 0 否 1是';
COMMENT ON COLUMN "BD_PERSON_DOC"."BIRTH_DATE" IS '出生日期';
COMMENT ON COLUMN "BD_PERSON_DOC"."CELL_PHONE" IS '手机号码';
COMMENT ON COLUMN "BD_PERSON_DOC"."CODE" IS '编码';
COMMENT ON COLUMN "BD_PERSON_DOC"."CREATE_TIME" IS '创建时间';
COMMENT ON COLUMN "BD_PERSON_DOC"."CREATE_USER" IS '创建人id';
COMMENT ON COLUMN "BD_PERSON_DOC"."DATA_VERSION" IS '数据版本';
COMMENT ON COLUMN "BD_PERSON_DOC"."GENDER" IS '性别';
COMMENT ON COLUMN "BD_PERSON_DOC"."GROUP_ID" IS '所属集团主键';
COMMENT ON COLUMN "BD_PERSON_DOC"."HOME_ADDRESS" IS '家庭地址';
COMMENT ON COLUMN "BD_PERSON_DOC"."HOME_PHONE" IS '家庭电话';
COMMENT ON COLUMN "BD_PERSON_DOC"."ID" IS '主键';
COMMENT ON COLUMN "BD_PERSON_DOC"."ID_NUMBER" IS '证件号码';
COMMENT ON COLUMN "BD_PERSON_DOC"."JOIN_WORK_DATE" IS '参加工作日期';
COMMENT ON COLUMN "BD_PERSON_DOC"."NAME" IS '姓名';
COMMENT ON COLUMN "BD_PERSON_DOC"."NICK_NAME" IS '昵称';
COMMENT ON COLUMN "BD_PERSON_DOC"."OFFICE_PHONE" IS '工作电话';
COMMENT ON COLUMN "BD_PERSON_DOC"."ORGANIZATION_ID" IS '所属组织主键';
COMMENT ON COLUMN "BD_PERSON_DOC"."PERSON_ID_TYPE_ID" IS '证件类型主键';
COMMENT ON COLUMN "BD_PERSON_DOC"."PIN_YIN" IS '姓名拼音';
COMMENT ON COLUMN "BD_PERSON_DOC"."REMARK" IS '备注';
COMMENT ON COLUMN "BD_PERSON_DOC"."UPDATE_TIME" IS '更新时间';
COMMENT ON COLUMN "BD_PERSON_DOC"."USED_NAME" IS '曾用名';

CREATE TABLE "SYS_USER"
(
"ID" VARCHAR2(50) DEFAULT SYS_GUID() NOT NULL,
"STAFF_NO" VARCHAR2(50),
"USER_NAME" VARCHAR2(50) NOT NULL,
"REAL_NAME" VARCHAR2(50),
"EMAIL" VARCHAR2(50),
"PHONE_NUMBER" VARCHAR2(50),
"USER_TYPE" INTEGER DEFAULT 3,
"REMARK" VARCHAR2(2000),
"START_FLAG" VARCHAR2(50) DEFAULT 1,
"SECRET_LEVEL" INTEGER,
"SORT_INDEX" INTEGER DEFAULT 9999,
"USER_POST" VARCHAR2(50),
"CREATE_TIME" DATETIME(6),
"UPDATE_TIME" DATETIME(6),
"PASSWORD" VARCHAR2(50),
"PASSWORD_UPDATE_TIME" DATETIME(6),
"PERSON_DOC_ID" VARCHAR2(50),
"BASE_DOC_TYPE" VARCHAR2(50),
"PINYIN" VARCHAR2(100),
"PSW_POLICY_ID" VARCHAR2(50),
"FAIL_LOGIN_TIMES" INTEGER,
"CREATE_USER" VARCHAR2(50),
"UNLOCK_TIME" DATETIME(6),
"IS_FIRST_LOGIN" NUMBER(1,0) DEFAULT 1,
"IS_DELETE" NUMBER(1,0) DEFAULT 0,
"DATA_VERSION" INTEGER DEFAULT 0,
"ORGANIZATION_ID" VARCHAR2(50),
"GROUP_ID" VARCHAR2(50),
NOT CLUSTER PRIMARY KEY("ID"),
CONSTRAINT "FK_SYS_USER_PWD_POLICY_ID" FOREIGN KEY("PSW_POLICY_ID") REFERENCES "SYS_PASSWORD_POLICY"("ID") ON DELETE SET NULL ,
CONSTRAINT "UK_SYS_USER_USER_NAME" UNIQUE("USER_NAME"),
CONSTRAINT "FK_SYS_USER_ID_ORG_ID" FOREIGN KEY("ORGANIZATION_ID") REFERENCES "ORG_ORGANIZATION"("ID"),
CONSTRAINT "UK_SYS_USER_STAFF_NO" UNIQUE("STAFF_NO"),
CONSTRAINT "FK_SYS_USER_PSN_DOC_ID" FOREIGN KEY("PERSON_DOC_ID") REFERENCES "BD_PERSON_DOC"("ID") ON DELETE SET NULL ,
CONSTRAINT "FK_SYS_USER_ID_GROUP_ID" FOREIGN KEY("GROUP_ID") REFERENCES "ORG_GROUP"("ID"))  ;
COMMENT ON TABLE "SYS_USER" IS '用户表';
COMMENT ON COLUMN "SYS_USER"."BASE_DOC_TYPE" IS '身份类型（员工/外部系统/开发者/客户/供应商/审计）';
COMMENT ON COLUMN "SYS_USER"."CREATE_TIME" IS '创建时间';
COMMENT ON COLUMN "SYS_USER"."CREATE_USER" IS '创建人主键';
COMMENT ON COLUMN "SYS_USER"."DATA_VERSION" IS '数据版本';
COMMENT ON COLUMN "SYS_USER"."EMAIL" IS '电子邮箱';
COMMENT ON COLUMN "SYS_USER"."FAIL_LOGIN_TIMES" IS '用户失败登录次数';
COMMENT ON COLUMN "SYS_USER"."GROUP_ID" IS '所属集团ID';
COMMENT ON COLUMN "SYS_USER"."ID" IS '主键';
COMMENT ON COLUMN "SYS_USER"."IS_FIRST_LOGIN" IS '是否第一次登录 0 否 1是';
COMMENT ON COLUMN "SYS_USER"."IS_DELETE" IS '逻辑删除 0 否 1是';
COMMENT ON COLUMN "SYS_USER"."ORGANIZATION_ID" IS '所属业务单元ID';
COMMENT ON COLUMN "SYS_USER"."PASSWORD" IS '用户密码';
COMMENT ON COLUMN "SYS_USER"."PASSWORD_UPDATE_TIME" IS '密码最近一次修改时间';
COMMENT ON COLUMN "SYS_USER"."PERSON_DOC_ID" IS '人员档案主键';
COMMENT ON COLUMN "SYS_USER"."PHONE_NUMBER" IS '联系电话';
COMMENT ON COLUMN "SYS_USER"."PINYIN" IS '用户名称拼音';
COMMENT ON COLUMN "SYS_USER"."PSW_POLICY_ID" IS '密码策略id';
COMMENT ON COLUMN "SYS_USER"."REAL_NAME" IS '用户名称';
COMMENT ON COLUMN "SYS_USER"."REMARK" IS '备注';
COMMENT ON COLUMN "SYS_USER"."SECRET_LEVEL" IS '用户密级';
COMMENT ON COLUMN "SYS_USER"."SORT_INDEX" IS '用户排序';
COMMENT ON COLUMN "SYS_USER"."STAFF_NO" IS '工号';
COMMENT ON COLUMN "SYS_USER"."START_FLAG" IS '启用标志 0 禁用 1 启用';
COMMENT ON COLUMN "SYS_USER"."UNLOCK_TIME" IS '账户解锁时间';
COMMENT ON COLUMN "SYS_USER"."UPDATE_TIME" IS '上次修改时间';
COMMENT ON COLUMN "SYS_USER"."USER_NAME" IS '登录名';
COMMENT ON COLUMN "SYS_USER"."USER_POST" IS '邮编';
COMMENT ON COLUMN "SYS_USER"."USER_TYPE" IS '用户类型（0租户管理员,1集团管理员,2应用管理员,3普通用户）';


CREATE TABLE "SYS_API_MIX"
(
"ID" VARCHAR2(50) NOT NULL,
"USER_ID" VARCHAR2(50),
"API_ID" VARCHAR2(200),
"SIGN" VARCHAR2(1000),
"API_URL" VARCHAR2(500),
"API_METHOD" VARCHAR2(50),
"DATA_VERSION" INTEGER,
NOT CLUSTER PRIMARY KEY("ID"),
CONSTRAINT "FK_SYS_API_MIX_USER_ID" FOREIGN KEY("USER_ID") REFERENCES "SYS_USER"("ID") ON DELETE CASCADE  ON UPDATE CASCADE  WITH INDEX )  ;
COMMENT ON TABLE "SYS_API_MIX" IS '有效API权限';
COMMENT ON COLUMN "SYS_API_MIX"."API_ID" IS 'api资源id';
COMMENT ON COLUMN "SYS_API_MIX"."API_METHOD" IS '请求方式';
COMMENT ON COLUMN "SYS_API_MIX"."API_URL" IS '请求路径';
COMMENT ON COLUMN "SYS_API_MIX"."DATA_VERSION" IS '数据版本';
COMMENT ON COLUMN "SYS_API_MIX"."ID" IS '主键';
COMMENT ON COLUMN "SYS_API_MIX"."SIGN" IS '签名';
COMMENT ON COLUMN "SYS_API_MIX"."USER_ID" IS '用户id';


CREATE TABLE "SYS_AUDIT_LOG"
(
"ID" VARCHAR2(50) NOT NULL,
"OP_NAME" VARCHAR2(50),
"OP_USERNAME" VARCHAR2(50),
"OP_TIME" DATETIME(6),
"IP_ADDRESS" VARCHAR2(50),
"OP_CONTENT" CLOB,
"DATA_VERSION" INTEGER DEFAULT 0,
"SIGN" VARCHAR2(1000),
NOT CLUSTER PRIMARY KEY("ID"))  ;
COMMENT ON TABLE "SYS_AUDIT_LOG" IS '系统审计日志表';
COMMENT ON COLUMN "SYS_AUDIT_LOG"."DATA_VERSION" IS '数据版本';
COMMENT ON COLUMN "SYS_AUDIT_LOG"."ID" IS '主键';
COMMENT ON COLUMN "SYS_AUDIT_LOG"."IP_ADDRESS" IS 'ip地址';
COMMENT ON COLUMN "SYS_AUDIT_LOG"."OP_CONTENT" IS '操作内容';
COMMENT ON COLUMN "SYS_AUDIT_LOG"."OP_NAME" IS '操作员姓名';
COMMENT ON COLUMN "SYS_AUDIT_LOG"."OP_TIME" IS '操作时间';
COMMENT ON COLUMN "SYS_AUDIT_LOG"."OP_USERNAME" IS '操作员用户名';
COMMENT ON COLUMN "SYS_AUDIT_LOG"."SIGN" IS '签名';


CREATE TABLE "SYS_AUDIT_LOG_BACKUP"
(
"ID" VARCHAR2(50) NOT NULL,
"LID" VARCHAR2(200),
"OP_CONTENT" CLOB,
"OP_NAME" VARCHAR2(200),
"OP_USERNAME" VARCHAR2(200),
"OP_TIME" VARCHAR2(500),
"IP_ADDRESS" VARCHAR2(100),
"DATA_VERSION" INTEGER DEFAULT 0,
"SIGN" VARCHAR2(1000),
NOT CLUSTER PRIMARY KEY("ID"))  ;
COMMENT ON TABLE "SYS_AUDIT_LOG_BACKUP" IS '系统审计日志表备份';
COMMENT ON COLUMN "SYS_AUDIT_LOG_BACKUP"."DATA_VERSION" IS '数据版本';
COMMENT ON COLUMN "SYS_AUDIT_LOG_BACKUP"."ID" IS '主键';
COMMENT ON COLUMN "SYS_AUDIT_LOG_BACKUP"."IP_ADDRESS" IS 'ip地址';
COMMENT ON COLUMN "SYS_AUDIT_LOG_BACKUP"."LID" IS '日志id';
COMMENT ON COLUMN "SYS_AUDIT_LOG_BACKUP"."OP_CONTENT" IS '日志内容';
COMMENT ON COLUMN "SYS_AUDIT_LOG_BACKUP"."OP_NAME" IS '操作员姓名';
COMMENT ON COLUMN "SYS_AUDIT_LOG_BACKUP"."OP_TIME" IS '操作时间';
COMMENT ON COLUMN "SYS_AUDIT_LOG_BACKUP"."OP_USERNAME" IS '操作员用户名';
COMMENT ON COLUMN "SYS_AUDIT_LOG_BACKUP"."SIGN" IS '签名';


CREATE TABLE "SYS_GROUP_DATASOURCE"
(
"ID" VARCHAR2(50) NOT NULL,
"GROUP_ID" VARCHAR2(50),
"TYPE" VARCHAR2(50),
"USERNAME" VARCHAR2(50),
"PASSWORD" VARCHAR2(50),
"URL" VARCHAR2(200),
"IS_MAJOR" INTEGER DEFAULT 1,
"DATA_VERSION" INTEGER DEFAULT 0,
"DRIVER_NAME" VARCHAR2(50),
NOT CLUSTER PRIMARY KEY("ID"),
CONSTRAINT "FK_SYS_GROUP_DATASOURCE_GID" FOREIGN KEY("GROUP_ID") REFERENCES "ORG_GROUP"("ID") ON DELETE CASCADE  ON UPDATE CASCADE  WITH INDEX ) ;
COMMENT ON TABLE "SYS_GROUP_DATASOURCE" IS '应用绑定数据源';
COMMENT ON COLUMN "SYS_GROUP_DATASOURCE"."DATA_VERSION" IS '数据版本';
COMMENT ON COLUMN "SYS_GROUP_DATASOURCE"."DRIVER_NAME" IS '驱动名称';
COMMENT ON COLUMN "SYS_GROUP_DATASOURCE"."GROUP_ID" IS '集团主键';
COMMENT ON COLUMN "SYS_GROUP_DATASOURCE"."ID" IS '主键';
COMMENT ON COLUMN "SYS_GROUP_DATASOURCE"."IS_MAJOR" IS '是否为主数据源 1是0不是';
COMMENT ON COLUMN "SYS_GROUP_DATASOURCE"."PASSWORD" IS '密码';
COMMENT ON COLUMN "SYS_GROUP_DATASOURCE"."TYPE" IS '数据库类型';
COMMENT ON COLUMN "SYS_GROUP_DATASOURCE"."URL" IS '路径';
COMMENT ON COLUMN "SYS_GROUP_DATASOURCE"."USERNAME" IS '用户名';




CREATE TABLE "BD_APP_LIB"
(
"ID" VARCHAR2(50) NOT NULL,
"NAME" VARCHAR2(50),
"VERSION" VARCHAR2(50),
"SORT_INDEX" INTEGER DEFAULT 9999,
"HAS_UI" NUMBER(1,0) DEFAULT 0,
"UI_NAME" VARCHAR2(50),
"ICON" VARCHAR2(200),
"DATA_VERSION" INTEGER DEFAULT 0,
NOT CLUSTER PRIMARY KEY("ID"))  ;
COMMENT ON TABLE "BD_APP_LIB" IS '基础应用产品库';
COMMENT ON COLUMN "BD_APP_LIB"."DATA_VERSION" IS '数据版本';
COMMENT ON COLUMN "BD_APP_LIB"."ICON" IS '应用图标';
COMMENT ON COLUMN "BD_APP_LIB"."ID" IS '应用标识';
COMMENT ON COLUMN "BD_APP_LIB"."NAME" IS '应用名称';
COMMENT ON COLUMN "BD_APP_LIB"."SORT_INDEX" IS '排序号';
COMMENT ON COLUMN "BD_APP_LIB"."VERSION" IS '版本号';
COMMENT ON COLUMN "BD_APP_LIB"."HAS_UI" IS '是否前后端分离 0 否 1是';
COMMENT ON COLUMN "BD_APP_LIB"."UI_NAME" IS '前端服务名称';


CREATE TABLE "BD_APP_AUTH"
(
"ID" VARCHAR2(50) NOT NULL,
"APP_LIB_ID" VARCHAR2(50),
"NAME" VARCHAR2(200),
"REMARK" VARCHAR2(50),
"SORT_INDEX" INTEGER DEFAULT 9999,
"IS_LEAF" NUMBER(1,0) DEFAULT 0,
"PARENT_ID" VARCHAR2(50),
"SORT_PATH" VARCHAR2(4000),
"DATA_VERSION" INTEGER DEFAULT 0,
NOT CLUSTER PRIMARY KEY("ID"),
CONSTRAINT "FK_BD_APP_AUTH_APP_LIB_ID" FOREIGN KEY("APP_LIB_ID") REFERENCES "BD_APP_LIB"("ID") ON DELETE CASCADE  ON UPDATE CASCADE  WITH INDEX ,
CONSTRAINT "UK_BD_APP_AUTH_SORT_INDEX" UNIQUE("SORT_INDEX", "PARENT_ID"))  ;
COMMENT ON TABLE "BD_APP_AUTH" IS '基础应用权限';
COMMENT ON COLUMN "BD_APP_AUTH"."APP_LIB_ID" IS '应用库标识';
COMMENT ON COLUMN "BD_APP_AUTH"."DATA_VERSION" IS '数据版本';
COMMENT ON COLUMN "BD_APP_AUTH"."ID" IS '权限标识';
COMMENT ON COLUMN "BD_APP_AUTH"."IS_LEAF" IS '叶子节点0不是1是';
COMMENT ON COLUMN "BD_APP_AUTH"."NAME" IS '权限名称';
COMMENT ON COLUMN "BD_APP_AUTH"."PARENT_ID" IS '父节点id';
COMMENT ON COLUMN "BD_APP_AUTH"."REMARK" IS '备注';
COMMENT ON COLUMN "BD_APP_AUTH"."SORT_INDEX" IS '当前路径下排序';
COMMENT ON COLUMN "BD_APP_AUTH"."SORT_PATH" IS '全局排序';


CREATE TABLE "SYS_GROUP_APP"
(
"ID" VARCHAR2(50) NOT NULL,
"NAME" VARCHAR2(200),
"HAS_UI" NUMBER(1,0) DEFAULT 0,
"UI_NAME" VARCHAR2(50),
"VERSION" VARCHAR2(50),
"ICON" VARCHAR2(200),
"SORT_INDEX" INTEGER,
"REMARK" VARCHAR2(2000),
"CREATE_USER" VARCHAR2(50),
"CREATE_TIME" DATETIME(6),
"UPDATE_TIME" DATETIME(6),
"SECRET_LEVEL" INTEGER,
"GROUP_ID" VARCHAR2(50),
"DATASOURCE_ID" VARCHAR2(50),
"IS_3_ADMIN" INTEGER DEFAULT 1,
"DATA_VERSION" INTEGER DEFAULT 0,
"IS_MAIN_APP" INTEGER DEFAULT 0,
NOT CLUSTER PRIMARY KEY("ID"),
CONSTRAINT "FK_SYS_GROUP_APP_GROUP_ID" FOREIGN KEY("GROUP_ID") REFERENCES "ORG_GROUP"("ID") ON DELETE CASCADE  ON UPDATE CASCADE  WITH INDEX ,
CONSTRAINT "FK_SYS_GROUP_APP_DS_ID" FOREIGN KEY("DATASOURCE_ID") REFERENCES "SYS_GROUP_DATASOURCE"("ID") ON DELETE SET NULL )  ;
COMMENT ON TABLE "SYS_GROUP_APP" IS '集团应用库';
COMMENT ON COLUMN "SYS_GROUP_APP"."CREATE_TIME" IS '创建时间';
COMMENT ON COLUMN "SYS_GROUP_APP"."CREATE_USER" IS '创建人';
COMMENT ON COLUMN "SYS_GROUP_APP"."DATASOURCE_ID" IS '数据源id';
COMMENT ON COLUMN "SYS_GROUP_APP"."DATA_VERSION" IS '数据版本';
COMMENT ON COLUMN "SYS_GROUP_APP"."GROUP_ID" IS '集团id(为空时为平台应用)';
COMMENT ON COLUMN "SYS_GROUP_APP"."ICON" IS '应用图标';
COMMENT ON COLUMN "SYS_GROUP_APP"."ID" IS '应用标识';
COMMENT ON COLUMN "SYS_GROUP_APP"."IS_3_ADMIN" IS '是否启用三员0不启用1启用';
COMMENT ON COLUMN "SYS_GROUP_APP"."IS_MAIN_APP" IS '是否为集团默认app 1是 0不是';
COMMENT ON COLUMN "SYS_GROUP_APP"."NAME" IS '应用名称';
COMMENT ON COLUMN "SYS_GROUP_APP"."REMARK" IS '备注';
COMMENT ON COLUMN "SYS_GROUP_APP"."SECRET_LEVEL" IS '密级5非密4内部3秘密2机密1绝密';
COMMENT ON COLUMN "SYS_GROUP_APP"."SORT_INDEX" IS '排序';
COMMENT ON COLUMN "SYS_GROUP_APP"."UPDATE_TIME" IS '最新更新时间';
COMMENT ON COLUMN "SYS_GROUP_APP"."VERSION" IS '版本';
COMMENT ON COLUMN "SYS_GROUP_APP"."HAS_UI" IS '是否前后端分离 0 否 1是';
COMMENT ON COLUMN "SYS_GROUP_APP"."UI_NAME" IS '前端服务名称';



CREATE TABLE "SYS_AUTH"
(
"ID" VARCHAR2(50) NOT NULL,
"NAME" VARCHAR2(50),
"APP_ID" VARCHAR2(50),
"REMARK" VARCHAR2(200),
"SORT_INDEX" INTEGER DEFAULT 9999,
"PARENT_ID" VARCHAR2(50),
"CREATE_USER" VARCHAR2(50),
"CREATE_TIME" DATETIME(6),
"UPDATE_TIME" DATETIME(6),
"SORT_PATH" VARCHAR2(2000),
"IS_ORG_ADMIN" NUMBER(1,0) DEFAULT 0,
"IS_USER_GROUP_ADMIN" NUMBER(1,0) DEFAULT 0,
"CODE" VARCHAR2(200),
"DATA_VERSION" INTEGER DEFAULT 0,
NOT CLUSTER PRIMARY KEY("ID"),
CONSTRAINT "FK_SYS_AUTH_APP_ID" FOREIGN KEY("APP_ID") REFERENCES "SYS_GROUP_APP"("ID") ON DELETE CASCADE  ON UPDATE CASCADE  WITH INDEX )  ;
COMMENT ON TABLE "SYS_AUTH" IS '系统管理-集团应用权限';
COMMENT ON COLUMN "SYS_AUTH"."APP_ID" IS '集团应用标识';
COMMENT ON COLUMN "SYS_AUTH"."CODE" IS '权限标识';
COMMENT ON COLUMN "SYS_AUTH"."CREATE_TIME" IS '创建时间';
COMMENT ON COLUMN "SYS_AUTH"."CREATE_USER" IS '创建人id';
COMMENT ON COLUMN "SYS_AUTH"."DATA_VERSION" IS '数据版本';
COMMENT ON COLUMN "SYS_AUTH"."ID" IS '主键';
COMMENT ON COLUMN "SYS_AUTH"."IS_ORG_ADMIN" IS '是否按组织管控0不是1是';
COMMENT ON COLUMN "SYS_AUTH"."IS_USER_GROUP_ADMIN" IS '是否按用户组管控0不是1是';
COMMENT ON COLUMN "SYS_AUTH"."NAME" IS '权限名称';
COMMENT ON COLUMN "SYS_AUTH"."PARENT_ID" IS '父节点id';
COMMENT ON COLUMN "SYS_AUTH"."REMARK" IS '备注';
COMMENT ON COLUMN "SYS_AUTH"."SORT_INDEX" IS '排序';
COMMENT ON COLUMN "SYS_AUTH"."SORT_PATH" IS '排序路径';
COMMENT ON COLUMN "SYS_AUTH"."UPDATE_TIME" IS '最后一次修改时间';


CREATE TABLE "SYS_AUTH_API"
(
"ID" VARCHAR2(50) NOT NULL,
"AUTH_ID" VARCHAR2(50),
"API_ID" VARCHAR2(200),
"SIGN" VARCHAR2(1000),
"DATA_VERSION" INTEGER,
NOT CLUSTER PRIMARY KEY("ID"),
CONSTRAINT "FK_SYS_AUTH_API_AUTH_ID" FOREIGN KEY("AUTH_ID") REFERENCES "SYS_AUTH"("ID") ON DELETE CASCADE  ON UPDATE CASCADE  WITH INDEX )  ;
COMMENT ON TABLE "SYS_AUTH_API" IS '权限api关系表';
COMMENT ON COLUMN "SYS_AUTH_API"."API_ID" IS 'api资源id';
COMMENT ON COLUMN "SYS_AUTH_API"."AUTH_ID" IS '权限id';
COMMENT ON COLUMN "SYS_AUTH_API"."DATA_VERSION" IS '数据版本';
COMMENT ON COLUMN "SYS_AUTH_API"."ID" IS '主键';
COMMENT ON COLUMN "SYS_AUTH_API"."SIGN" IS '签名';



CREATE TABLE "SYS_AUTH_MIX"
(
"ID" VARCHAR2(50) NOT NULL,
"AUTH_ID" VARCHAR2(50),
"USER_ID" VARCHAR2(50),
"SIGN" VARCHAR2(1000),
"DATA_VERSION" INTEGER,
NOT CLUSTER PRIMARY KEY("ID"),
CONSTRAINT "FK_SYS_AUTH_MIX_AUTH_ID" FOREIGN KEY("AUTH_ID") REFERENCES "SYS_AUTH"("ID") ON DELETE CASCADE  ON UPDATE CASCADE  WITH INDEX ,
CONSTRAINT "FK_SYS_AUTH_MIX_USER_ID" FOREIGN KEY("USER_ID") REFERENCES "SYS_USER"("ID") ON DELETE CASCADE  ON UPDATE CASCADE  WITH INDEX )  ;
COMMENT ON TABLE "SYS_AUTH_MIX" IS '系统管理-用户有效权限';
COMMENT ON COLUMN "SYS_AUTH_MIX"."AUTH_ID" IS '权限id';
COMMENT ON COLUMN "SYS_AUTH_MIX"."DATA_VERSION" IS '数据版本';
COMMENT ON COLUMN "SYS_AUTH_MIX"."ID" IS '主键';
COMMENT ON COLUMN "SYS_AUTH_MIX"."SIGN" IS '签名';
COMMENT ON COLUMN "SYS_AUTH_MIX"."USER_ID" IS '用户id';

CREATE TABLE "SYS_ROLE"
(
"ID" VARCHAR2(50) NOT NULL,
"NAME" VARCHAR2(50),
"EXPLAIN" VARCHAR2(50),
"ROLE_TYPE" NUMBER(10,0) DEFAULT 0,
"CREATE_TIME" DATETIME(6),
"CREATE_USER" VARCHAR2(50),
"UPDATE_TIME" DATETIME(6),
"REMARK" VARCHAR2(2000),
"APP_ID" VARCHAR2(50),
"DATA_VERSION" INTEGER DEFAULT 0,
NOT CLUSTER PRIMARY KEY("ID"),
CONSTRAINT "FK_SYS_ROLE_APP_ID" FOREIGN KEY("APP_ID") REFERENCES "SYS_GROUP_APP"("ID") ON DELETE CASCADE  ON UPDATE CASCADE  WITH INDEX )  ;
COMMENT ON TABLE "SYS_ROLE" IS '角色表';
COMMENT ON COLUMN "SYS_ROLE"."APP_ID" IS '集团应用标识';
COMMENT ON COLUMN "SYS_ROLE"."CREATE_TIME" IS '创建时间';
COMMENT ON COLUMN "SYS_ROLE"."CREATE_USER" IS '创建人';
COMMENT ON COLUMN "SYS_ROLE"."DATA_VERSION" IS '数据版本';
COMMENT ON COLUMN "SYS_ROLE"."EXPLAIN" IS '角色说明';
COMMENT ON COLUMN "SYS_ROLE"."ID" IS '角色表';
COMMENT ON COLUMN "SYS_ROLE"."NAME" IS '角色名';
COMMENT ON COLUMN "SYS_ROLE"."REMARK" IS '备注';
COMMENT ON COLUMN "SYS_ROLE"."ROLE_TYPE" IS '角色类型(1租户系统管理员,2租户安全保密员,3租户安全审计员)(11集团系统管理员,22集团安全保密员,33集团安全审计员)(111应用系统管理员,222应用安全保密员,333应用安全审计员)';
COMMENT ON COLUMN "SYS_ROLE"."UPDATE_TIME" IS '最后修改时间';


CREATE TABLE "SYS_ROLE_MUTEX"
(
"ID" VARCHAR2(50) NOT NULL,
"ROLE_ID" VARCHAR2(50),
"ROLE_MUTEX_ID" VARCHAR2(50),
"CREATE_USER" VARCHAR2(50),
"CREATE_TIME" DATETIME(6),
"UPDATE_TIME" DATETIME(6),
"REMARK" VARCHAR2(2000),
"DATA_VERSION" INTEGER,
NOT CLUSTER PRIMARY KEY("ID"),
CONSTRAINT "FK_SYS_ROLE_MUTEX_ROLE_ID" FOREIGN KEY("ROLE_MUTEX_ID") REFERENCES "SYS_ROLE"("ID") ON DELETE CASCADE  ON UPDATE CASCADE  WITH INDEX ,
CONSTRAINT "FK_SYS_ROLE_ROLE_ID" FOREIGN KEY("ROLE_ID") REFERENCES "SYS_ROLE"("ID") ON DELETE CASCADE  ON UPDATE CASCADE  WITH INDEX )  ;
COMMENT ON TABLE "SYS_ROLE_MUTEX" IS '角色互斥关系表';
COMMENT ON COLUMN "SYS_ROLE_MUTEX"."CREATE_TIME" IS '创建时间';
COMMENT ON COLUMN "SYS_ROLE_MUTEX"."CREATE_USER" IS '创建人';
COMMENT ON COLUMN "SYS_ROLE_MUTEX"."DATA_VERSION" IS '数据版本';
COMMENT ON COLUMN "SYS_ROLE_MUTEX"."ID" IS '主键';
COMMENT ON COLUMN "SYS_ROLE_MUTEX"."REMARK" IS '备注';
COMMENT ON COLUMN "SYS_ROLE_MUTEX"."ROLE_ID" IS '角色id';
COMMENT ON COLUMN "SYS_ROLE_MUTEX"."ROLE_MUTEX_ID" IS '互斥角色id';
COMMENT ON COLUMN "SYS_ROLE_MUTEX"."UPDATE_TIME" IS '最新一次修改时间';


CREATE TABLE "SYS_ROLE_RELATION"
(
"ID" VARCHAR2(50) NOT NULL,
"PID" VARCHAR2(50),
"CID" VARCHAR2(50),
"CREATE_USER" VARCHAR2(50),
"CREATE_TIME" DATETIME(6),
"UPDATE_TIME" DATETIME(6),
"REMARK" VARCHAR2(50),
"DATA_VERSION" INTEGER DEFAULT 0,
NOT CLUSTER PRIMARY KEY("ID"),
CONSTRAINT "FK_SYS_ROLE_RELATION_PID" FOREIGN KEY("PID") REFERENCES "SYS_ROLE"("ID") ON DELETE CASCADE  ON UPDATE CASCADE  WITH INDEX ,
CONSTRAINT "FK_SYS_ROLE_RELATION_CID" FOREIGN KEY("CID") REFERENCES "SYS_ROLE"("ID") ON DELETE CASCADE  ON UPDATE CASCADE  WITH INDEX )  ;
COMMENT ON TABLE "SYS_ROLE_RELATION" IS '角色关系表';
COMMENT ON COLUMN "SYS_ROLE_RELATION"."CID" IS '下级角色';
COMMENT ON COLUMN "SYS_ROLE_RELATION"."CREATE_TIME" IS '创建时间';
COMMENT ON COLUMN "SYS_ROLE_RELATION"."CREATE_USER" IS '创建人id';
COMMENT ON COLUMN "SYS_ROLE_RELATION"."DATA_VERSION" IS '数据版本';
COMMENT ON COLUMN "SYS_ROLE_RELATION"."ID" IS '主键';
COMMENT ON COLUMN "SYS_ROLE_RELATION"."PID" IS '上级角色';
COMMENT ON COLUMN "SYS_ROLE_RELATION"."REMARK" IS '备注';
COMMENT ON COLUMN "SYS_ROLE_RELATION"."UPDATE_TIME" IS '最后更新时间';

CREATE TABLE "SYS_AUTH_ROLE"
(
"ID" VARCHAR2(50) NOT NULL,
"AUTH_ID" VARCHAR2(50),
"ROLE_ID" VARCHAR2(50),
"SIGN" VARCHAR2(1000),
"IS_REVOKE" NUMBER(1,0) DEFAULT 0,
"CREATE_USER" VARCHAR2(50),
"CREATE_TIME" DATETIME(6),
"UPDATE_TIME" DATETIME(6),
"REMARK" VARCHAR2(2000),
NOT CLUSTER PRIMARY KEY("ID"),
CONSTRAINT "FK_SYS_AUTH_ROLE_AUTH_ID" FOREIGN KEY("AUTH_ID") REFERENCES "SYS_AUTH"("ID") ON DELETE CASCADE  ON UPDATE CASCADE  WITH INDEX ,
CONSTRAINT "FK_SYS_AUTH_ROLE_ROLE_ID" FOREIGN KEY("ROLE_ID") REFERENCES "SYS_ROLE"("ID") ON DELETE CASCADE  ON UPDATE CASCADE  WITH INDEX )  ;
COMMENT ON TABLE "SYS_AUTH_ROLE" IS '系统管理-角色授权';
COMMENT ON COLUMN "SYS_AUTH_ROLE"."AUTH_ID" IS '权限主键';
COMMENT ON COLUMN "SYS_AUTH_ROLE"."CREATE_TIME" IS '创建时间';
COMMENT ON COLUMN "SYS_AUTH_ROLE"."CREATE_USER" IS '创建人id';
COMMENT ON COLUMN "SYS_AUTH_ROLE"."ID" IS '主键';
COMMENT ON COLUMN "SYS_AUTH_ROLE"."IS_REVOKE" IS '是否禁用0不1禁用';
COMMENT ON COLUMN "SYS_AUTH_ROLE"."REMARK" IS '备注';
COMMENT ON COLUMN "SYS_AUTH_ROLE"."ROLE_ID" IS '角色主键';
COMMENT ON COLUMN "SYS_AUTH_ROLE"."SIGN" IS '签名';
COMMENT ON COLUMN "SYS_AUTH_ROLE"."UPDATE_TIME" IS '更新时间';


CREATE TABLE "SYS_AUTH_ROLE_LV"
(
"ID" VARCHAR2(50) NOT NULL,
"VERSION_NO" INTEGER DEFAULT 0,
"IS_LAST_VERSION" NUMBER(1,0) DEFAULT 0,
"VERSION_BEGIN_TIME" DATETIME(6),
"VERSION_END_TIME" DATETIME(6),
"VERSION_BEGIN_USER_ID" VARCHAR2(50),
"VERSION_END_USER_ID" VARCHAR2(50),
"ROLE_ID" VARCHAR2(50),
NOT CLUSTER PRIMARY KEY("ID"))  ;
COMMENT ON TABLE "SYS_AUTH_ROLE_LV" IS '系统管理-角色授权版本控制';
COMMENT ON COLUMN "SYS_AUTH_ROLE_LV"."ID" IS '主键';
COMMENT ON COLUMN "SYS_AUTH_ROLE_LV"."IS_LAST_VERSION" IS '是否最新版本0不是1是';
COMMENT ON COLUMN "SYS_AUTH_ROLE_LV"."VERSION_BEGIN_TIME" IS '版本启用时间';
COMMENT ON COLUMN "SYS_AUTH_ROLE_LV"."VERSION_BEGIN_USER_ID" IS '版本启用人主键';
COMMENT ON COLUMN "SYS_AUTH_ROLE_LV"."VERSION_END_TIME" IS '版本停用时间';
COMMENT ON COLUMN "SYS_AUTH_ROLE_LV"."VERSION_END_USER_ID" IS '版本停用人主键';
COMMENT ON COLUMN "SYS_AUTH_ROLE_LV"."VERSION_NO" IS '版本编号';
COMMENT ON COLUMN "SYS_AUTH_ROLE_LV"."ROLE_ID" IS '角色id';


CREATE TABLE "SYS_AUTH_ROLE_V"
(
"ID" VARCHAR2(50) NOT NULL,
"AUTH_ID" VARCHAR2(50),
"ROLE_ID" VARCHAR2(50),
"SIGN" VARCHAR2(1000),
"IS_REVOKE" NUMBER(1,0),
"CREATE_USER" VARCHAR2(50),
"CREATE_TIME" DATETIME(6),
"UPDATE_TIME" DATETIME(6),
"REMARK" VARCHAR2(50),
"LV_ID" VARCHAR2(50),
NOT CLUSTER PRIMARY KEY("ID"),
CONSTRAINT "FK_SYS_AUTH_ROLE_LV_ID" FOREIGN KEY("LV_ID") REFERENCES "SYS_AUTH_ROLE_LV"("ID"))  ;
COMMENT ON TABLE "SYS_AUTH_ROLE_V" IS '系统管理-角色授权版本历史数据';
COMMENT ON COLUMN "SYS_AUTH_ROLE_V"."AUTH_ID" IS '权限主键';
COMMENT ON COLUMN "SYS_AUTH_ROLE_V"."CREATE_TIME" IS '创建时间';
COMMENT ON COLUMN "SYS_AUTH_ROLE_V"."CREATE_USER" IS '创建人id';
COMMENT ON COLUMN "SYS_AUTH_ROLE_V"."ID" IS '主键';
COMMENT ON COLUMN "SYS_AUTH_ROLE_V"."IS_REVOKE" IS '是否禁用';
COMMENT ON COLUMN "SYS_AUTH_ROLE_V"."LV_ID" IS '角色授权版本控制主键';
COMMENT ON COLUMN "SYS_AUTH_ROLE_V"."REMARK" IS '备注';
COMMENT ON COLUMN "SYS_AUTH_ROLE_V"."ROLE_ID" IS '角色主键';
COMMENT ON COLUMN "SYS_AUTH_ROLE_V"."SIGN" IS '签名';
COMMENT ON COLUMN "SYS_AUTH_ROLE_V"."UPDATE_TIME" IS '更新时间';


CREATE TABLE "SYS_AUTH_SCOPE_APP"
(
"ID" VARCHAR2(50) NOT NULL,
"AUTH_ID" VARCHAR2(50),
"USER_ID" VARCHAR2(50),
"APP_ID" VARCHAR2(50),
NOT CLUSTER PRIMARY KEY("ID"),
CONSTRAINT "FK_SYS_AUTH_SCOPE_APP_AUTH" FOREIGN KEY("AUTH_ID") REFERENCES "SYS_AUTH"("ID") ON DELETE CASCADE ,
CONSTRAINT "FK_SYS_AUTH_SCOPE_APP_APP" FOREIGN KEY("APP_ID") REFERENCES "SYS_GROUP_APP"("ID") ON DELETE CASCADE ,
CONSTRAINT "FK_SYS_AUTH_SCOPE_APP_USER" FOREIGN KEY("USER_ID") REFERENCES "SYS_USER"("ID") ON DELETE CASCADE )  ;
COMMENT ON TABLE "SYS_AUTH_SCOPE_APP" IS '系统管理-有效权限-授权应用';
COMMENT ON COLUMN "SYS_AUTH_SCOPE_APP"."APP_ID" IS '集团应用主键';
COMMENT ON COLUMN "SYS_AUTH_SCOPE_APP"."AUTH_ID" IS '权限主键';
COMMENT ON COLUMN "SYS_AUTH_SCOPE_APP"."ID" IS '主键';
COMMENT ON COLUMN "SYS_AUTH_SCOPE_APP"."USER_ID" IS '用户主键';


CREATE TABLE "SYS_RULE"
(
"ID" VARCHAR2(50) NOT NULL,
"CODE" VARCHAR2(50) NOT NULL,
"NAME" VARCHAR2(100) NOT NULL,
"CLASS_NAME" VARCHAR2(100),
"RULE_TYPE" VARCHAR2(50),
"CREATE_USER" VARCHAR2(50),
"CREATE_TIME" DATETIME(6),
"UPDATE_TIME" DATETIME(6),
"REMARK" VARCHAR2(200),
"DATA_VERSION" INTEGER DEFAULT 0,
NOT CLUSTER PRIMARY KEY("ID"),
CONSTRAINT "UK_SM_AUTH_RULE_CODE" UNIQUE("CODE"))  ;
COMMENT ON TABLE "SYS_RULE" IS '系统管理-规则';
COMMENT ON COLUMN "SYS_RULE"."CLASS_NAME" IS '规则实现类';
COMMENT ON COLUMN "SYS_RULE"."CODE" IS '编码';
COMMENT ON COLUMN "SYS_RULE"."CREATE_TIME" IS '创建时间';
COMMENT ON COLUMN "SYS_RULE"."CREATE_USER" IS '创建人id';
COMMENT ON COLUMN "SYS_RULE"."DATA_VERSION" IS '数据版本';
COMMENT ON COLUMN "SYS_RULE"."ID" IS '主键';
COMMENT ON COLUMN "SYS_RULE"."NAME" IS '名称';
COMMENT ON COLUMN "SYS_RULE"."REMARK" IS '备注';
COMMENT ON COLUMN "SYS_RULE"."RULE_TYPE" IS '规则类型(0授权组织规则,1授权用户组规则)';
COMMENT ON COLUMN "SYS_RULE"."UPDATE_TIME" IS '更新时间';


CREATE TABLE "SYS_AUTH_SCOPE_ORG"
(
"ID" VARCHAR2(50) NOT NULL,
"AUTH_ID" VARCHAR2(50),
"USER_ID" VARCHAR2(50),
"ORGANIZATION_ID" VARCHAR2(50),
"RULE_ID" VARCHAR2(50),
"IS_RULE" NUMBER(1,0) DEFAULT 0,
"RULE_PARAMS" VARCHAR2(50),
NOT CLUSTER PRIMARY KEY("ID"),
CONSTRAINT "FK_SYS_AUTH_SCOPE_ORG_AUTH_ID" FOREIGN KEY("AUTH_ID") REFERENCES "SYS_AUTH"("ID") ON DELETE CASCADE ,
CONSTRAINT "FK_SYS_AUTH_SCOPE_ORG_RULE_ID" FOREIGN KEY("RULE_ID") REFERENCES "SYS_RULE"("ID") ON DELETE CASCADE ,
CONSTRAINT "FK_SYS_AUTH_SCOPE_ORG_USR_ID" FOREIGN KEY("USER_ID") REFERENCES "SYS_USER"("ID") ON DELETE CASCADE )  ;
COMMENT ON TABLE "SYS_AUTH_SCOPE_ORG" IS '系统管理-用户有效权限-授权组织';
COMMENT ON COLUMN "SYS_AUTH_SCOPE_ORG"."AUTH_ID" IS '权限主键';
COMMENT ON COLUMN "SYS_AUTH_SCOPE_ORG"."ID" IS '主键';
COMMENT ON COLUMN "SYS_AUTH_SCOPE_ORG"."IS_RULE" IS '是否按规则授权组织';
COMMENT ON COLUMN "SYS_AUTH_SCOPE_ORG"."ORGANIZATION_ID" IS '授权组织主键(按规则授权时为空)';
COMMENT ON COLUMN "SYS_AUTH_SCOPE_ORG"."RULE_ID" IS '授权组织规则主键';
COMMENT ON COLUMN "SYS_AUTH_SCOPE_ORG"."RULE_PARAMS" IS '规则参数';
COMMENT ON COLUMN "SYS_AUTH_SCOPE_ORG"."USER_ID" IS '用户主键';


CREATE TABLE "SYS_AUTH_SCOPE_USER_GROUP"
(
"ID" VARCHAR2(50) NOT NULL,
"AUTH_ID" VARCHAR2(50),
"USER_ID" VARCHAR2(50),
"USER_GROUP_ID" VARCHAR2(50),
"RULE_ID" VARCHAR2(50),
"IS_RULE" NUMBER(1,0) DEFAULT 0,
"RULE_PARAMS" VARCHAR2(50),
CONSTRAINT "FK_SYS_AUTH_SCOPE_UG_AUTH_ID" FOREIGN KEY("AUTH_ID") REFERENCES "SYS_AUTH"("ID") ON DELETE CASCADE ,
NOT CLUSTER PRIMARY KEY("ID"),
CONSTRAINT "FK_SYS_AUTH_SCOPE_UG_USER_ID" FOREIGN KEY("USER_ID") REFERENCES "SYS_USER"("ID") ON DELETE CASCADE ,
CONSTRAINT "FK_SYS_AUTH_SCOPE_UG_RULE_ID" FOREIGN KEY("RULE_ID") REFERENCES "SYS_RULE"("ID") ON DELETE CASCADE )  ;
COMMENT ON TABLE "SYS_AUTH_SCOPE_USER_GROUP" IS '系统管理-有效权限-授权用户组';
COMMENT ON COLUMN "SYS_AUTH_SCOPE_USER_GROUP"."AUTH_ID" IS '权限主键';
COMMENT ON COLUMN "SYS_AUTH_SCOPE_USER_GROUP"."ID" IS '主键';
COMMENT ON COLUMN "SYS_AUTH_SCOPE_USER_GROUP"."IS_RULE" IS '是否规则授权用户组';
COMMENT ON COLUMN "SYS_AUTH_SCOPE_USER_GROUP"."RULE_ID" IS '权限规则主键';
COMMENT ON COLUMN "SYS_AUTH_SCOPE_USER_GROUP"."RULE_PARAMS" IS '规则参数';
COMMENT ON COLUMN "SYS_AUTH_SCOPE_USER_GROUP"."USER_GROUP_ID" IS '授权用户组主键(按规则授权时为空)';
COMMENT ON COLUMN "SYS_AUTH_SCOPE_USER_GROUP"."USER_ID" IS '用户主键';


CREATE TABLE "SYS_AUTH_USER"
(
"ID" VARCHAR2(50) NOT NULL,
"AUTH_ID" VARCHAR2(50),
"USER_ID" VARCHAR2(50),
"SIGN" VARCHAR2(1000),
"IS_REVOKE" NUMBER(1,0) DEFAULT 0,
"CREATE_USER" VARCHAR2(50),
"CREATE_TIME" DATETIME(6),
"DATA_VERSION" INTEGER,
NOT CLUSTER PRIMARY KEY("ID"),
CONSTRAINT "FK_SYS_AUTH_USER_AUTH_ID" FOREIGN KEY("AUTH_ID") REFERENCES "SYS_AUTH"("ID") ON DELETE CASCADE  ON UPDATE CASCADE  WITH INDEX ,
CONSTRAINT "FK_SYS_AUTH_USER_USER_ID" FOREIGN KEY("USER_ID") REFERENCES "SYS_USER"("ID") ON DELETE CASCADE  ON UPDATE CASCADE  WITH INDEX )  ;
COMMENT ON TABLE "SYS_AUTH_USER" IS '系统管理-用户授权';
COMMENT ON COLUMN "SYS_AUTH_USER"."AUTH_ID" IS '权限主键';
COMMENT ON COLUMN "SYS_AUTH_USER"."CREATE_TIME" IS '创建时间';
COMMENT ON COLUMN "SYS_AUTH_USER"."CREATE_USER" IS '创建人id';
COMMENT ON COLUMN "SYS_AUTH_USER"."DATA_VERSION" IS '数据版本';
COMMENT ON COLUMN "SYS_AUTH_USER"."ID" IS '主键';
COMMENT ON COLUMN "SYS_AUTH_USER"."IS_REVOKE" IS '是否禁用0不1禁用';
COMMENT ON COLUMN "SYS_AUTH_USER"."SIGN" IS '签名';
COMMENT ON COLUMN "SYS_AUTH_USER"."USER_ID" IS '用户主键';


CREATE TABLE "SYS_AUTH_USER_LV"
(
"ID" VARCHAR2(50) NOT NULL,
"VERSION_NO" INTEGER DEFAULT 0,
"IS_LAST_VERSION" NUMBER(1,0) DEFAULT 0,
"VERSION_BEGIN_TIME" DATETIME(6),
"VERSION_END_TIME" DATETIME(6),
"VERSION_BEGIN_USER_ID" VARCHAR2(50),
"VERSION_END_USER_ID" VARCHAR2(50),
"USER_ID" VARCHAR2(50),
NOT CLUSTER PRIMARY KEY("ID"))  ;
COMMENT ON TABLE "SYS_AUTH_USER_LV" IS '系统管理-用户授权版本控制';
COMMENT ON COLUMN "SYS_AUTH_USER_LV"."ID" IS '主键';
COMMENT ON COLUMN "SYS_AUTH_USER_LV"."IS_LAST_VERSION" IS '是否最新版本0不是1是';
COMMENT ON COLUMN "SYS_AUTH_USER_LV"."USER_ID" IS '用户id';
COMMENT ON COLUMN "SYS_AUTH_USER_LV"."VERSION_BEGIN_TIME" IS '版本启用时间';
COMMENT ON COLUMN "SYS_AUTH_USER_LV"."VERSION_BEGIN_USER_ID" IS '版本启用人主键';
COMMENT ON COLUMN "SYS_AUTH_USER_LV"."VERSION_END_TIME" IS '版本停用时间';
COMMENT ON COLUMN "SYS_AUTH_USER_LV"."VERSION_END_USER_ID" IS '版本停用人主键';
COMMENT ON COLUMN "SYS_AUTH_USER_LV"."VERSION_NO" IS '版本编号';


CREATE TABLE "SYS_AUTH_USER_V"
(
"ID" VARCHAR2(50) NOT NULL,
"AUTH_ID" VARCHAR2(50),
"USER_ID" VARCHAR2(50),
"SIGN" VARCHAR2(1000),
"IS_REVOKE" NUMBER(1,0) DEFAULT 0,
"CREATE_TIME" DATETIME(6),
"CREATE_USER" VARCHAR2(50),
"LV_ID" VARCHAR2(50),
NOT CLUSTER PRIMARY KEY("ID"),
CONSTRAINT "FK_SYS_AUTH_USER_LV_ID" FOREIGN KEY("LV_ID") REFERENCES "SYS_AUTH_USER_LV"("ID"))  ;
COMMENT ON TABLE "SYS_AUTH_USER_V" IS '系统管理-用户授权版本历史数据';
COMMENT ON COLUMN "SYS_AUTH_USER_V"."AUTH_ID" IS '权限主键';
COMMENT ON COLUMN "SYS_AUTH_USER_V"."CREATE_TIME" IS '创建时间';
COMMENT ON COLUMN "SYS_AUTH_USER_V"."CREATE_USER" IS '创建人id';
COMMENT ON COLUMN "SYS_AUTH_USER_V"."ID" IS '主键';
COMMENT ON COLUMN "SYS_AUTH_USER_V"."IS_REVOKE" IS '是否禁用';
COMMENT ON COLUMN "SYS_AUTH_USER_V"."LV_ID" IS '用户授权版本控制主键';
COMMENT ON COLUMN "SYS_AUTH_USER_V"."SIGN" IS '签名';
COMMENT ON COLUMN "SYS_AUTH_USER_V"."USER_ID" IS '用户主键';



CREATE TABLE "SYS_CONFIG"
(
"NAME" VARCHAR2(200) NOT NULL,
"VALUE" VARCHAR2(4000) NOT NULL,
"REMARK" VARCHAR2(2000),
"CREATE_TIME" DATETIME(6) DEFAULT SYSDATE,
"UPDATE_TIME" DATETIME(6) DEFAULT SYSDATE,
"SORT_INDEX" INTEGER,
"ID" VARCHAR2(50) NOT NULL,
"CREATE_USER" VARCHAR2(50),
"APP_ID" VARCHAR2(50),
"GROUP_ID" VARCHAR2(50),
"DATA_VERSION" INTEGER DEFAULT 0,
"SCOPE" INTEGER DEFAULT 0,
"TYPE" VARCHAR2(50),
NOT CLUSTER PRIMARY KEY("ID"))  ;
COMMENT ON TABLE "SYS_CONFIG" IS '系统配置项';
COMMENT ON COLUMN "SYS_CONFIG"."APP_ID" IS '集团应用标识';
COMMENT ON COLUMN "SYS_CONFIG"."CREATE_TIME" IS '创建时间';
COMMENT ON COLUMN "SYS_CONFIG"."CREATE_USER" IS '创建人';
COMMENT ON COLUMN "SYS_CONFIG"."DATA_VERSION" IS '数据版本';
COMMENT ON COLUMN "SYS_CONFIG"."GROUP_ID" IS '集团标识';
COMMENT ON COLUMN "SYS_CONFIG"."ID" IS '主键';
COMMENT ON COLUMN "SYS_CONFIG"."NAME" IS '属性名';
COMMENT ON COLUMN "SYS_CONFIG"."REMARK" IS '属性说明';
COMMENT ON COLUMN "SYS_CONFIG"."SCOPE" IS '配置范围 1租户 2集团 3应用';
COMMENT ON COLUMN "SYS_CONFIG"."SORT_INDEX" IS '排序值';
COMMENT ON COLUMN "SYS_CONFIG"."TYPE" IS '配置项类型';
COMMENT ON COLUMN "SYS_CONFIG"."UPDATE_TIME" IS '更新时间';
COMMENT ON COLUMN "SYS_CONFIG"."VALUE" IS '属性值';


CREATE TABLE "SYS_MENU"
(
"ID" VARCHAR2(50) NOT NULL,
"NAME" VARCHAR2(200),
"PARENT_ID" VARCHAR2(50),
"APP_ID" VARCHAR2(50),
"PARENT_NAME" VARCHAR2(200),
"URL" VARCHAR2(200),
"TYPE" INTEGER,
"ICON" VARCHAR2(200),
"AUTH_ID" VARCHAR2(50),
"BTN_AUTH" VARCHAR2(50),
"IS_LEAF" INTEGER,
"SORT_INDEX" INTEGER,
"ALL_ORDER" INTEGER,
"SORT_PATH" VARCHAR2(80),
"OPEN_STYLE" VARCHAR2(50),
"CLOSE_NOTICE" INTEGER,
"CREATE_USER" VARCHAR2(50),
"CREATE_TIME" DATETIME(6),
"UPDATE_TIME" DATETIME(6),
"LEAF" INTEGER,
"MENU_AUTH" INTEGER,
"REMARK" VARCHAR2(2000),
"DATA_VERSION" INTEGER DEFAULT 0,
"IS_IFRAME" INTEGER DEFAULT 0,
NOT CLUSTER PRIMARY KEY("ID"),
CONSTRAINT "UK_SYS_MENU_PID_SORT_INDEX" UNIQUE("PARENT_ID", "APP_ID", "SORT_INDEX"),
CONSTRAINT "FK_SYS_MENU_APP_ID" FOREIGN KEY("APP_ID") REFERENCES "SYS_GROUP_APP"("ID") ON DELETE CASCADE ,
CONSTRAINT "FK_SYS_MENU_AUTH_ID" FOREIGN KEY("AUTH_ID") REFERENCES "SYS_AUTH"("ID") ON DELETE SET NULL )  ;
COMMENT ON TABLE "SYS_MENU" IS '系统菜单';
COMMENT ON COLUMN "SYS_MENU"."ALL_ORDER" IS '全局排序';
COMMENT ON COLUMN "SYS_MENU"."APP_ID" IS '应用id';
COMMENT ON COLUMN "SYS_MENU"."AUTH_ID" IS '权限id';
COMMENT ON COLUMN "SYS_MENU"."BTN_AUTH" IS '权限标识';
COMMENT ON COLUMN "SYS_MENU"."CLOSE_NOTICE" IS '关闭提示0不提示1提示';
COMMENT ON COLUMN "SYS_MENU"."CREATE_TIME" IS '创建时间';
COMMENT ON COLUMN "SYS_MENU"."CREATE_USER" IS '创建人主键';
COMMENT ON COLUMN "SYS_MENU"."DATA_VERSION" IS '数据版本';
COMMENT ON COLUMN "SYS_MENU"."ICON" IS '菜单图标';
COMMENT ON COLUMN "SYS_MENU"."ID" IS '主键';
COMMENT ON COLUMN "SYS_MENU"."IS_IFRAME" IS '是否是嵌套IFRAME,0不是，1是';
COMMENT ON COLUMN "SYS_MENU"."IS_LEAF" IS '是否是叶子节点0不是1是';
COMMENT ON COLUMN "SYS_MENU"."LEAF" IS '叶子数量';
COMMENT ON COLUMN "SYS_MENU"."MENU_AUTH" IS '菜单所属权限0平台1应用';
COMMENT ON COLUMN "SYS_MENU"."NAME" IS '菜单名称';
COMMENT ON COLUMN "SYS_MENU"."OPEN_STYLE" IS '打开方式';
COMMENT ON COLUMN "SYS_MENU"."PARENT_ID" IS '父级菜单id';
COMMENT ON COLUMN "SYS_MENU"."PARENT_NAME" IS '父级菜单名称';
COMMENT ON COLUMN "SYS_MENU"."REMARK" IS '备注';
COMMENT ON COLUMN "SYS_MENU"."SORT_INDEX" IS '当前菜单下排序';
COMMENT ON COLUMN "SYS_MENU"."SORT_PATH" IS '路径供排序时候使用';
COMMENT ON COLUMN "SYS_MENU"."TYPE" IS '菜单类型-0目录1菜单2按钮';
COMMENT ON COLUMN "SYS_MENU"."UPDATE_TIME" IS '更新时间';
COMMENT ON COLUMN "SYS_MENU"."URL" IS '菜单路径';


CREATE TABLE "SYS_RECORD"
(
"ID" VARCHAR2(50) NOT NULL,
"USER_ID" VARCHAR2(50),
"USER_NAME" VARCHAR2(50),
"TIME" DATE,
"IP" VARCHAR2(50),
"KIND" VARCHAR2(12),
"CONTENT" CLOB,
"DATA_VERSION" INTEGER DEFAULT 0,
NOT CLUSTER PRIMARY KEY("ID"))  ;
COMMENT ON TABLE "SYS_RECORD" IS '系统日志';
COMMENT ON COLUMN "SYS_RECORD"."CONTENT" IS '日志内容';
COMMENT ON COLUMN "SYS_RECORD"."DATA_VERSION" IS '数据版本';
COMMENT ON COLUMN "SYS_RECORD"."ID" IS '主键';
COMMENT ON COLUMN "SYS_RECORD"."IP" IS 'ip';
COMMENT ON COLUMN "SYS_RECORD"."KIND" IS '事件类别：0 安全审计、1 普通操作、2 工作流、3 文件访问';
COMMENT ON COLUMN "SYS_RECORD"."TIME" IS '发生时间';
COMMENT ON COLUMN "SYS_RECORD"."USER_ID" IS '用户id';
COMMENT ON COLUMN "SYS_RECORD"."USER_NAME" IS '用户名';


CREATE TABLE "SYS_USER_ADMIN_ORG"
(
"ID" VARCHAR2(50) NOT NULL,
"USER_ID" VARCHAR2(50),
"ORGANIZATION_ID" VARCHAR2(50),
"RULE_ID" VARCHAR2(50),
"RULE_PARAMS" VARCHAR2(200),
"IS_RULE" NUMBER(1,0),
"DATA_VERSION" INTEGER,
NOT CLUSTER PRIMARY KEY("ID"),
CONSTRAINT "FK_SYS_USER_ADMIN_ORG_ORG_ID" FOREIGN KEY("ORGANIZATION_ID") REFERENCES "ORG_ORGANIZATION"("ID") ON DELETE CASCADE ,
CONSTRAINT "FK_SYS_USER_ADMIN_ORG_RULE_ID" FOREIGN KEY("RULE_ID") REFERENCES "SYS_RULE"("ID") ON DELETE CASCADE ,
CONSTRAINT "FK_SYS_USER_ADMIN_ORG_USER_ID" FOREIGN KEY("USER_ID") REFERENCES "SYS_USER"("ID") ON DELETE CASCADE )  ;
COMMENT ON TABLE "SYS_USER_ADMIN_ORG" IS '系统管理-用户-可管理的组织';
COMMENT ON COLUMN "SYS_USER_ADMIN_ORG"."DATA_VERSION" IS '版本号';
COMMENT ON COLUMN "SYS_USER_ADMIN_ORG"."ID" IS '主键';
COMMENT ON COLUMN "SYS_USER_ADMIN_ORG"."IS_RULE" IS '是否按规则授权组织';
COMMENT ON COLUMN "SYS_USER_ADMIN_ORG"."ORGANIZATION_ID" IS '授权组织主键(按规则授权时为空)';
COMMENT ON COLUMN "SYS_USER_ADMIN_ORG"."RULE_ID" IS '授权组织规则主键';
COMMENT ON COLUMN "SYS_USER_ADMIN_ORG"."RULE_PARAMS" IS '规则参数';
COMMENT ON COLUMN "SYS_USER_ADMIN_ORG"."USER_ID" IS '用户主键';


CREATE TABLE "SYS_USER_GROUP"
(
"ID" VARCHAR2(50) NOT NULL,
"PARENT_ID" VARCHAR2(50),
"GROUP_ID" VARCHAR2(50),
"ORGANIZATION_ID" VARCHAR2(50),
"NAME" VARCHAR2(100) NOT NULL,
"CODE" VARCHAR2(50) NOT NULL,
"CREATE_TIME" DATETIME(6),
"CREATE_USER" VARCHAR2(50),
"UPDATE_TIME" DATETIME(6),
"INNER_CODE" VARCHAR2(50),
"APP_ID" VARCHAR2(50),
"REMARK" VARCHAR2(2000),
"SORT_INDEX" INTEGER DEFAULT 0 NOT NULL,
"SORT_PATH" VARCHAR2(4000) NOT NULL,
"DATA_VERSION" INTEGER DEFAULT 0,
NOT CLUSTER PRIMARY KEY("ID"),
CONSTRAINT "FK_SYS_USER_GROUP_GROUP_ID" FOREIGN KEY("GROUP_ID") REFERENCES "ORG_GROUP"("ID") ON DELETE CASCADE ,
CONSTRAINT "FK_SYS_USER_GROUP_ORG_ID" FOREIGN KEY("ORGANIZATION_ID") REFERENCES "ORG_ORGANIZATION"("ID") ON DELETE CASCADE )  ;
COMMENT ON TABLE "SYS_USER_GROUP" IS '系统管理-用户组';
COMMENT ON COLUMN "SYS_USER_GROUP"."APP_ID" IS '集团应用主键';
COMMENT ON COLUMN "SYS_USER_GROUP"."CODE" IS '编码';
COMMENT ON COLUMN "SYS_USER_GROUP"."CREATE_TIME" IS '创建时间';
COMMENT ON COLUMN "SYS_USER_GROUP"."CREATE_USER" IS '创建人id';
COMMENT ON COLUMN "SYS_USER_GROUP"."DATA_VERSION" IS '数据版本';
COMMENT ON COLUMN "SYS_USER_GROUP"."GROUP_ID" IS '所属集团主键';
COMMENT ON COLUMN "SYS_USER_GROUP"."ID" IS '主键';
COMMENT ON COLUMN "SYS_USER_GROUP"."INNER_CODE" IS '内部码';
COMMENT ON COLUMN "SYS_USER_GROUP"."NAME" IS '名称';
COMMENT ON COLUMN "SYS_USER_GROUP"."ORGANIZATION_ID" IS '所属组织主键';
COMMENT ON COLUMN "SYS_USER_GROUP"."PARENT_ID" IS '父级主键';
COMMENT ON COLUMN "SYS_USER_GROUP"."REMARK" IS '备注';
COMMENT ON COLUMN "SYS_USER_GROUP"."SORT_INDEX" IS '排序号';
COMMENT ON COLUMN "SYS_USER_GROUP"."SORT_PATH" IS '排序路径';
COMMENT ON COLUMN "SYS_USER_GROUP"."UPDATE_TIME" IS '更新时间';



CREATE TABLE "SYS_USER_ADMIN_USER_GROUP"
(
"ID" VARCHAR2(50) NOT NULL,
"USER_ID" VARCHAR2(50),
"USER_GROUP_ID" VARCHAR2(50),
"RULE_ID" VARCHAR2(50),
"IS_RULE" NUMBER(1,0),
"RULE_PARAMS" VARCHAR2(50),
NOT CLUSTER PRIMARY KEY("ID"),
CONSTRAINT "FK_SYS_USER_ADMIN_UG_USER_ID" FOREIGN KEY("USER_ID") REFERENCES "SYS_USER"("ID") ON DELETE CASCADE ,
CONSTRAINT "FK_SYS_USER_ADMIN_UG_UG_ID" FOREIGN KEY("USER_GROUP_ID") REFERENCES "SYS_USER_GROUP"("ID") ON DELETE CASCADE ,
CONSTRAINT "FK_SYS_USER_ADMIN_UG_RULE_ID" FOREIGN KEY("RULE_ID") REFERENCES "SYS_RULE"("ID") ON DELETE CASCADE )  ;
COMMENT ON TABLE "SYS_USER_ADMIN_USER_GROUP" IS '系统管理-用户-可管理的用户组';
COMMENT ON COLUMN "SYS_USER_ADMIN_USER_GROUP"."ID" IS '主键';
COMMENT ON COLUMN "SYS_USER_ADMIN_USER_GROUP"."IS_RULE" IS '是否按规则授权用户组';
COMMENT ON COLUMN "SYS_USER_ADMIN_USER_GROUP"."RULE_ID" IS '授权用户组规则主键';
COMMENT ON COLUMN "SYS_USER_ADMIN_USER_GROUP"."RULE_PARAMS" IS '规则参数';
COMMENT ON COLUMN "SYS_USER_ADMIN_USER_GROUP"."USER_GROUP_ID" IS '授权用户组主键(按规则授权时为空)';
COMMENT ON COLUMN "SYS_USER_ADMIN_USER_GROUP"."USER_ID" IS '用户主键';



CREATE TABLE "SYS_USER_GROUP_USER"
(
"ID" VARCHAR2(50) NOT NULL,
"USER_ID" VARCHAR2(50),
"USER_GROUP_ID" VARCHAR2(50),
"DATA_VERSION" INTEGER DEFAULT 0,
NOT CLUSTER PRIMARY KEY("ID"),
CONSTRAINT "FK_SYS_USER_GROUP_USER_UID" FOREIGN KEY("USER_ID") REFERENCES "SYS_USER"("ID") ON DELETE CASCADE ,
CONSTRAINT "FK_SYS_USER_GROUP_USER_UG_ID" FOREIGN KEY("USER_GROUP_ID") REFERENCES "SYS_USER_GROUP"("ID") ON DELETE CASCADE ,
CONSTRAINT "UK_SYS_USER_GROUP_UID_GID" UNIQUE("USER_GROUP_ID", "USER_ID"))  ;
COMMENT ON TABLE "SYS_USER_GROUP_USER" IS '系统管理-用户组与用户关系';
COMMENT ON COLUMN "SYS_USER_GROUP_USER"."DATA_VERSION" IS '数据版本';
COMMENT ON COLUMN "SYS_USER_GROUP_USER"."ID" IS '主键';
COMMENT ON COLUMN "SYS_USER_GROUP_USER"."USER_GROUP_ID" IS '用户组主键';
COMMENT ON COLUMN "SYS_USER_GROUP_USER"."USER_ID" IS '用户主键';


CREATE TABLE "SYS_USER_LOGIN"
(
"ID" VARCHAR2(50) NOT NULL,
"USER_ID" VARCHAR2(50),
"STATUS" NUMBER(1,0),
"LOGIN_TIME" DATETIME(6),
"USER_NAME" VARCHAR2(50),
NOT CLUSTER PRIMARY KEY("ID"))  ;
COMMENT ON TABLE "SYS_USER_LOGIN" IS '用户登录记录表';
COMMENT ON COLUMN "SYS_USER_LOGIN"."ID" IS '主键';
COMMENT ON COLUMN "SYS_USER_LOGIN"."LOGIN_TIME" IS '登录时间';
COMMENT ON COLUMN "SYS_USER_LOGIN"."STATUS" IS '登录状态：0 失败，1成功';
COMMENT ON COLUMN "SYS_USER_LOGIN"."USER_ID" IS '用户主键';
COMMENT ON COLUMN "SYS_USER_LOGIN"."USER_NAME" IS '用户名';


CREATE TABLE "SYS_USER_PASSWORD_HISTORY"
(
"ID" VARCHAR2(50) NOT NULL,
"USER_ID" VARCHAR2(50),
"PASSWORD" VARCHAR2(50),
"CREATE_TIME" DATETIME(6),
NOT CLUSTER PRIMARY KEY("ID"))  ;
COMMENT ON TABLE "SYS_USER_PASSWORD_HISTORY" IS '用户密码修改历史表';
COMMENT ON COLUMN "SYS_USER_PASSWORD_HISTORY"."CREATE_TIME" IS '记录创建时间';
COMMENT ON COLUMN "SYS_USER_PASSWORD_HISTORY"."ID" IS '主键';
COMMENT ON COLUMN "SYS_USER_PASSWORD_HISTORY"."PASSWORD" IS '用户密码';
COMMENT ON COLUMN "SYS_USER_PASSWORD_HISTORY"."USER_ID" IS '用户主键';



CREATE TABLE "SYS_USER_ROLE"
(
"ID" VARCHAR2(50) NOT NULL,
"USER_ID" VARCHAR2(50),
"ROLE_ID" VARCHAR2(50),
"APP_ID" VARCHAR2(200),
"CREATE_USER" VARCHAR2(50),
"CREATE_TIME" DATETIME(6),
"UPDATE_TIME" DATETIME(6),
"REMARK" VARCHAR2(2000),
"DATA_VERSION" INTEGER DEFAULT 0,
"IS_ACTIVATED" NUMBER(1,0) DEFAULT 0,
NOT CLUSTER PRIMARY KEY("ID"),
CONSTRAINT "FK_SYSTEM_USER_ROLE_ROLE_ID" FOREIGN KEY("ROLE_ID") REFERENCES "SYS_ROLE"("ID") ON DELETE CASCADE  ON UPDATE CASCADE  WITH INDEX ,
CONSTRAINT "FK_SYSTEM_USER_ROLE_USER_ID" FOREIGN KEY("USER_ID") REFERENCES "SYS_USER"("ID") ON DELETE CASCADE  ON UPDATE CASCADE  WITH INDEX )  ;
COMMENT ON TABLE "SYS_USER_ROLE" IS '用户角色关系表';
COMMENT ON COLUMN "SYS_USER_ROLE"."CREATE_TIME" IS '创建时间';
COMMENT ON COLUMN "SYS_USER_ROLE"."CREATE_USER" IS '创建人ID';
COMMENT ON COLUMN "SYS_API_RESOURCE"."APP_ID" IS '集团应用ID';
COMMENT ON COLUMN "SYS_USER_ROLE"."DATA_VERSION" IS '数据版本';
COMMENT ON COLUMN "SYS_USER_ROLE"."ID" IS '主键';
COMMENT ON COLUMN "SYS_USER_ROLE"."REMARK" IS '备注';
COMMENT ON COLUMN "SYS_USER_ROLE"."ROLE_ID" IS '角色主键';
COMMENT ON COLUMN "SYS_USER_ROLE"."UPDATE_TIME" IS '更新时间';
COMMENT ON COLUMN "SYS_USER_ROLE"."USER_ID" IS '用户主键';
COMMENT ON COLUMN "SYS_USER_ROLE"."IS_ACTIVATED" is '是否被激活，0没有，1是';




CREATE TABLE "ORG_DEPARTMENT_V"
(
"ID" VARCHAR2(50) NOT NULL,
"PARENT_ID" VARCHAR2(50),
"GROUP_ID" VARCHAR2(50) NOT NULL,
"ORGANIZATION_ID" VARCHAR2(50) NOT NULL,
"NAME" VARCHAR2(100) NOT NULL,
"DEPARTMENT_ID" VARCHAR2(50) NOT NULL,
"VERSION_NO" VARCHAR2(50),
"VERSION_NAME" VARCHAR2(50),
"VERSION_BEGIN_DATE" DATE,
"VERSION_END_DATE" DATE,
"CODE" VARCHAR2(50),
"IS_LAST_VERSION" NUMBER(1,0),
"CREATE_USER" VARCHAR2(50),
"CREATE_TIME" DATETIME(6),
"UPDATE_TIME" DATETIME(6),
"VERSION_BEGIN_USER_ID" VARCHAR2(50),
"VERSION_END_USER_ID" VARCHAR2(50),
"REMARK" VARCHAR2(2000),
"DATA_VERSION" INTEGER DEFAULT 0,
"SORT_INDEX" INTEGER,
NOT CLUSTER PRIMARY KEY("ID"),
CONSTRAINT "FK_ORG_DEPARTMENT_V_GROUP_ID" FOREIGN KEY("GROUP_ID") REFERENCES "ORG_GROUP"("ID") ON DELETE CASCADE )  ;
COMMENT ON TABLE "ORG_DEPARTMENT_V" IS '组织-部门版本';
COMMENT ON COLUMN "ORG_DEPARTMENT_V"."CODE" IS '编码';
COMMENT ON COLUMN "ORG_DEPARTMENT_V"."CREATE_TIME" IS '创建时间';
COMMENT ON COLUMN "ORG_DEPARTMENT_V"."CREATE_USER" IS '创建用户id';
COMMENT ON COLUMN "ORG_DEPARTMENT_V"."DATA_VERSION" IS '数据版本';
COMMENT ON COLUMN "ORG_DEPARTMENT_V"."DEPARTMENT_ID" IS '部门主键';
COMMENT ON COLUMN "ORG_DEPARTMENT_V"."GROUP_ID" IS '所属集团主键';
COMMENT ON COLUMN "ORG_DEPARTMENT_V"."ID" IS '主键';
COMMENT ON COLUMN "ORG_DEPARTMENT_V"."IS_LAST_VERSION" IS '是否最新版本';
COMMENT ON COLUMN "ORG_DEPARTMENT_V"."NAME" IS '部门名称';
COMMENT ON COLUMN "ORG_DEPARTMENT_V"."ORGANIZATION_ID" IS '所属组织主键';
COMMENT ON COLUMN "ORG_DEPARTMENT_V"."PARENT_ID" IS '上级部门主键';
COMMENT ON COLUMN "ORG_DEPARTMENT_V"."REMARK" IS '备注';
COMMENT ON COLUMN "ORG_DEPARTMENT_V"."SORT_INDEX" IS '排序号';
COMMENT ON COLUMN "ORG_DEPARTMENT_V"."UPDATE_TIME" IS '更新时间';
COMMENT ON COLUMN "ORG_DEPARTMENT_V"."VERSION_BEGIN_DATE" IS '版本生效日期';
COMMENT ON COLUMN "ORG_DEPARTMENT_V"."VERSION_BEGIN_USER_ID" IS '版本启用人主键';
COMMENT ON COLUMN "ORG_DEPARTMENT_V"."VERSION_END_DATE" IS '版本失效日期';
COMMENT ON COLUMN "ORG_DEPARTMENT_V"."VERSION_END_USER_ID" IS '版本停用人主键';
COMMENT ON COLUMN "ORG_DEPARTMENT_V"."VERSION_NAME" IS '版本名称';
COMMENT ON COLUMN "ORG_DEPARTMENT_V"."VERSION_NO" IS '版本编号';



CREATE TABLE "ORG_DEPARTMENT"
(
"ID" VARCHAR2(50) NOT NULL,
"IS_DELETE" NUMBER(1,0) DEFAULT 0,
"PARENT_ID" VARCHAR2(50),
"GROUP_ID" VARCHAR2(50) NOT NULL,
"VERSION_ID" VARCHAR2(50) NOT NULL,
"ORGANIZATION_ID" VARCHAR2(50) NOT NULL,
"NAME" VARCHAR2(100) NOT NULL,
"CODE" VARCHAR2(50) NOT NULL,
"CREATE_USER" VARCHAR2(50),
"CREATE_TIME" DATETIME(6),
"UPDATE_TIME" DATETIME(6),
"REMARK" VARCHAR2(2000),
"DATA_VERSION" INTEGER DEFAULT 0,
"SORT_INDEX" INTEGER,
"SORT_PATH" VARCHAR2(200),
NOT CLUSTER PRIMARY KEY("ID"),
CONSTRAINT "FK_ORG_DEPARTMENT_GROUP_ID" FOREIGN KEY("GROUP_ID") REFERENCES "ORG_GROUP"("ID") ON DELETE CASCADE ,
CONSTRAINT "FK_ORG_DEPARTMENT_ORG_ID" FOREIGN KEY("ORGANIZATION_ID") REFERENCES "ORG_ORGANIZATION"("ID") ON DELETE CASCADE ,
CONSTRAINT "FK_ORG_DEPARTMENT_VER_ID" FOREIGN KEY("VERSION_ID") REFERENCES "ORG_DEPARTMENT_V"("ID"),
CONSTRAINT "UK_ORG_DEPARTMENT_CODE" UNIQUE("CODE"))  ;
COMMENT ON TABLE "ORG_DEPARTMENT" IS '组织-部门';
COMMENT ON COLUMN "ORG_DEPARTMENT"."IS_DELETE" IS '逻辑删除 0 否 1是';
COMMENT ON COLUMN "ORG_DEPARTMENT"."CODE" IS '编码';
COMMENT ON COLUMN "ORG_DEPARTMENT"."CREATE_TIME" IS '创建时间';
COMMENT ON COLUMN "ORG_DEPARTMENT"."CREATE_USER" IS '创建用户id';
COMMENT ON COLUMN "ORG_DEPARTMENT"."DATA_VERSION" IS '数据版本';
COMMENT ON COLUMN "ORG_DEPARTMENT"."GROUP_ID" IS '所属集团主键';
COMMENT ON COLUMN "ORG_DEPARTMENT"."ID" IS '主键';
COMMENT ON COLUMN "ORG_DEPARTMENT"."NAME" IS '部门名称';
COMMENT ON COLUMN "ORG_DEPARTMENT"."ORGANIZATION_ID" IS '所属组织主键';
COMMENT ON COLUMN "ORG_DEPARTMENT"."PARENT_ID" IS '上级部门主键';
COMMENT ON COLUMN "ORG_DEPARTMENT"."REMARK" IS '备注';
COMMENT ON COLUMN "ORG_DEPARTMENT"."SORT_INDEX" IS '排序号';
COMMENT ON COLUMN "ORG_DEPARTMENT"."SORT_PATH" IS '排序路径';
COMMENT ON COLUMN "ORG_DEPARTMENT"."UPDATE_TIME" IS '更新时间';
COMMENT ON COLUMN "ORG_DEPARTMENT"."VERSION_ID" IS '版本主键';



CREATE TABLE "BD_PERSON_JOB"
(
"ID" VARCHAR2(50) NOT NULL,
"GROUP_ID" VARCHAR2(50) NOT NULL,
"ORGANIZATION_ID" VARCHAR2(50) NOT NULL,
"PERSON_CODE" VARCHAR2(50) NOT NULL,
"SORT_INDEX" INTEGER,
"POST_ID" VARCHAR2(50),
"JOB_ID" VARCHAR2(50),
"DEPARTMENT_ID" VARCHAR2(50) NOT NULL,
"JOB_NAME" VARCHAR2(50),
"IS_MAIN_JOB" NUMBER(1,0),
"IN_DUTY_DATE" DATE,
"END_DUTY_DATE" DATE,
"PERSON_DOC_ID" VARCHAR2(50) NOT NULL,
"DATA_VERSION" INTEGER DEFAULT 0,
"CREATE_USER" VARCHAR2(50),
"CREATE_TIME" DATETIME(6),
"UPDATE_TIME" DATETIME(6),
"REMARK" VARCHAR2(2000),
NOT CLUSTER PRIMARY KEY("ID"),
CONSTRAINT "FK_BD_PERSON_JOB_GROUP_ID" FOREIGN KEY("GROUP_ID") REFERENCES "ORG_GROUP"("ID") ON DELETE CASCADE ,
CONSTRAINT "FK_BD_PERSON_JOB_DEPT_ID" FOREIGN KEY("DEPARTMENT_ID") REFERENCES "ORG_DEPARTMENT"("ID") ON DELETE CASCADE ,
CONSTRAINT "FK_BD_PERSON_JOB_PSN_DOC_ID" FOREIGN KEY("PERSON_DOC_ID") REFERENCES "BD_PERSON_DOC"("ID") ON DELETE CASCADE ,
CONSTRAINT "FK_BD_PERSON_JOB_ORG_ID" FOREIGN KEY("ORGANIZATION_ID") REFERENCES "ORG_ORGANIZATION"("ID") ON DELETE CASCADE )  ;
COMMENT ON TABLE "BD_PERSON_JOB" IS '基础数据-人员工作信息';
COMMENT ON COLUMN "BD_PERSON_JOB"."DATA_VERSION" IS '数据版本';
COMMENT ON COLUMN "BD_PERSON_JOB"."DEPARTMENT_ID" IS '所在部门主键';
COMMENT ON COLUMN "BD_PERSON_JOB"."END_DUTY_DATE" IS '任职结束日期';
COMMENT ON COLUMN "BD_PERSON_JOB"."GROUP_ID" IS '任职集团主键';
COMMENT ON COLUMN "BD_PERSON_JOB"."ID" IS '主键';
COMMENT ON COLUMN "BD_PERSON_JOB"."IN_DUTY_DATE" IS '任职开始日期';
COMMENT ON COLUMN "BD_PERSON_JOB"."IS_MAIN_JOB" IS '是否主职';
COMMENT ON COLUMN "BD_PERSON_JOB"."JOB_ID" IS '职务主键';
COMMENT ON COLUMN "BD_PERSON_JOB"."JOB_NAME" IS '职务称谓';
COMMENT ON COLUMN "BD_PERSON_JOB"."ORGANIZATION_ID" IS '任职组织主键';
COMMENT ON COLUMN "BD_PERSON_JOB"."PERSON_CODE" IS '员工编号';
COMMENT ON COLUMN "BD_PERSON_JOB"."PERSON_DOC_ID" IS '人员档案主键';
COMMENT ON COLUMN "BD_PERSON_JOB"."POST_ID" IS '岗位主键';
COMMENT ON COLUMN "BD_PERSON_JOB"."SORT_INDEX" IS '排序号';
COMMENT ON COLUMN "BD_PERSON_JOB"."CREATE_TIME" IS '创建时间';
COMMENT ON COLUMN "BD_PERSON_JOB"."CREATE_USER" IS '创建用户id';
COMMENT ON COLUMN "BD_PERSON_JOB"."REMARK" IS '备注';
COMMENT ON COLUMN "BD_PERSON_JOB"."UPDATE_TIME" IS '更新时间';


CREATE TABLE "FILE_INFO"
(
"ID" VARCHAR2(50) NOT NULL,
"FILE_NAME" VARCHAR2(200),
"FORM_ID" VARCHAR2(50),
"UPLOADER_ID" VARCHAR2(50),
"UPLOAD_TIME" DATETIME(6),
"SECRET_LEVEL" INTEGER,
"MD5" VARCHAR2(50),
"CHUNKS" BIGINT,
"SHARED_FILE_INFO_ID" VARCHAR2(50),
"IMAGE_ROTATION_ANGLE" INTEGER,
"IS_NEED_REVIEW" NUMBER(1,0),
"DATA_VERSION" INTEGER,
"FILE_SIZE" BIGINT,
"CONTENT_TYPE" VARCHAR2(200),
"ENCRYPTED_SIZE" BIGINT,
"FILE_CONFIGURATION_ID" VARCHAR2(50),
"SHARED_FILE_CONFIG_ID" VARCHAR2(50),
"FILE_REPOSITORY_ID" VARCHAR2(50),
NOT CLUSTER PRIMARY KEY("ID"))  ;
COMMENT ON TABLE "FILE_INFO" IS '附件管理-文件信息';
COMMENT ON COLUMN "FILE_INFO"."CHUNKS" IS '文件切片数量';
COMMENT ON COLUMN "FILE_INFO"."CONTENT_TYPE" IS '文件内容类型MIME';
COMMENT ON COLUMN "FILE_INFO"."DATA_VERSION" IS '数据版本';
COMMENT ON COLUMN "FILE_INFO"."ENCRYPTED_SIZE" IS '文件加密后大小';
COMMENT ON COLUMN "FILE_INFO"."FILE_CONFIGURATION_ID" IS '附件配置id';
COMMENT ON COLUMN "FILE_INFO"."FILE_NAME" IS '文件名';
COMMENT ON COLUMN "FILE_INFO"."FILE_SIZE" IS '文件大小';
COMMENT ON COLUMN "FILE_INFO"."FORM_ID" IS '关联表记录';
COMMENT ON COLUMN "FILE_INFO"."ID" IS '主键';
COMMENT ON COLUMN "FILE_INFO"."IMAGE_ROTATION_ANGLE" IS '图片旋转角度';
COMMENT ON COLUMN "FILE_INFO"."IS_NEED_REVIEW" IS '是否需要审查';
COMMENT ON COLUMN "FILE_INFO"."MD5" IS '文件md5';
COMMENT ON COLUMN "FILE_INFO"."SECRET_LEVEL" IS '文件密级';
COMMENT ON COLUMN "FILE_INFO"."SHARED_FILE_CONFIG_ID" IS '共享文件配置id';
COMMENT ON COLUMN "FILE_INFO"."SHARED_FILE_INFO_ID" IS '共享文件id';
COMMENT ON COLUMN "FILE_INFO"."UPLOADER_ID" IS '上传人id';
COMMENT ON COLUMN "FILE_INFO"."UPLOAD_TIME" IS '上传时间';
COMMENT ON COLUMN "FILE_INFO"."FILE_REPOSITORY_ID" IS '文件存储库id';

CREATE TABLE "FILE_CHUNK_INFO"
(
"ID" VARCHAR2(50) NOT NULL,
"FILE_INFO_ID" VARCHAR2(50),
"CHUNK_PATH" VARCHAR2(2000),
"CHUNK_SIZE" BIGINT,
"IS_ENCRYPTED" NUMBER(1,0),
"ENCRYPTED_SIZE" BIGINT,
"CHUNK_INDEX" INTEGER,
NOT CLUSTER PRIMARY KEY("ID"),
CONSTRAINT "UK_FILE_CHUNK_INFO_INDEX" UNIQUE("FILE_INFO_ID", "CHUNK_INDEX"))  ;
COMMENT ON TABLE "FILE_CHUNK_INFO" IS '附件管理-切片信息';
COMMENT ON COLUMN "FILE_CHUNK_INFO"."CHUNK_INDEX" IS '切片序号';
COMMENT ON COLUMN "FILE_CHUNK_INFO"."CHUNK_PATH" IS '切片路径';
COMMENT ON COLUMN "FILE_CHUNK_INFO"."CHUNK_SIZE" IS '切片大小';
COMMENT ON COLUMN "FILE_CHUNK_INFO"."ENCRYPTED_SIZE" IS '加密后大小';
COMMENT ON COLUMN "FILE_CHUNK_INFO"."FILE_INFO_ID" IS '所属文件id';
COMMENT ON COLUMN "FILE_CHUNK_INFO"."ID" IS '切片id';
COMMENT ON COLUMN "FILE_CHUNK_INFO"."IS_ENCRYPTED" IS '是否加密';



CREATE TABLE "FILE_CONFIGURATION"
(
"ID" VARCHAR2(50) NOT NULL,
"CONFIGURATION_TYPE" INTEGER,
"GROUP_ID" VARCHAR2(50),
"APP_ID" VARCHAR2(50),
"CONFIGURATION_KEY" VARCHAR2(50) NOT NULL,
"GROUP_DATASOURCE_ID" VARCHAR2(50),
"TABLE_NAME" VARCHAR2(50),
"ACCEPT" VARCHAR2(200),
"FILE_NUM_LIMIT" INTEGER,
"FILE_SINGLE_SIZE_LIMIT" BIGINT,
"FILE_SIZE_LIMIT" BIGINT,
"IS_ENABLE_ENCRYPT" NUMBER(1,0),
"IS_ENABLE_SECRET_LEVEL" NUMBER(1,0),
"IS_ALLOW_UPLOAD" NUMBER(1,0),
"IS_ALLOW_DELETE" NUMBER(1,0),
"IS_ALLOW_DOWNLOAD" NUMBER(1,0),
"UPLOAD_OPERATION_KEY" VARCHAR2(50),
"DELETE_OPERATION_KEY" VARCHAR2(50),
"DOWNLOAD_OPERATION_KEY" VARCHAR2(50),
"IS_ENABLE_DOWNLOAD_TOKEN" NUMBER(1,0),
"IS_ENABLE_USER_SEPARATE" NUMBER(1,0),
"FILE_REPOSITORY_ID" VARCHAR2(50),
"SUB_DIR_FORMAT" VARCHAR2(50),
"IS_ENABLE_IMAGE_COMPRESS" INTEGER,
"COMPRESSED_IMAGE_WIDTH" INTEGER,
"COMPRESSED_IMAGE_HEIGHT" INTEGER,
"COMPRESS_IMAGE_SIZE" BIGINT,
"IS_ENABLE_PREVIEW" NUMBER(1,0),
"IS_ENABLE_REVIEW" NUMBER(1,0),
"SIGN" VARCHAR2(50),
"CREATE_USER" VARCHAR2(50),
"CREATE_TIME" DATETIME(6),
"UPDATE_TIME" DATETIME(6),
"REMARK" VARCHAR2(200),
"DATA_VERSION" INTEGER DEFAULT 0,
"IS_ALLOW_UPLOAD_API" VARCHAR2(50),
"IS_ALLOW_DOWNLOAD_API" VARCHAR2(50),
"IS_ALLOW_DELETE_API" VARCHAR2(50),
"IS_ENABLE_EVT_FILE_DELETING" NUMBER(1, 0),
"IS_ENABLE_EVT_FILE_DOWNLOADING" NUMBER(1, 0),
"IS_ENABLE_EVT_FILE_UPLOADING" NUMBER(1, 0),
"IS_ENABLE_EVT_FILE_UPLOADED" NUMBER(1, 0),
"IS_ENABLE_EVT_FILE_DOWNLOADED" NUMBER(1, 0),
"DOWNLOAD_AUTH_CODE" VARCHAR2(50),
"UPLOAD_AUTH_CODE" VARCHAR2(50),
"DELETE_AUTH_CODE" VARCHAR2(50),
NOT CLUSTER PRIMARY KEY("ID"),
CONSTRAINT "UK_FILE_CONFIGURATION_APP_KEY" UNIQUE("APP_ID", "CONFIGURATION_KEY"))  ;
COMMENT ON TABLE "FILE_CONFIGURATION" IS '附件管理-附件配置';
COMMENT ON COLUMN "FILE_CONFIGURATION"."ACCEPT" IS '允许上传的文件类型';
COMMENT ON COLUMN "FILE_CONFIGURATION"."APP_ID" IS '集团应用id';
COMMENT ON COLUMN "FILE_CONFIGURATION"."COMPRESSED_IMAGE_HEIGHT" IS '图片压缩高度';
COMMENT ON COLUMN "FILE_CONFIGURATION"."COMPRESSED_IMAGE_WIDTH" IS '图片压缩宽度';
COMMENT ON COLUMN "FILE_CONFIGURATION"."COMPRESS_IMAGE_SIZE" IS '启用图片压缩的图片大小';
COMMENT ON COLUMN "FILE_CONFIGURATION"."CONFIGURATION_KEY" IS '配置标识';
COMMENT ON COLUMN "FILE_CONFIGURATION"."CONFIGURATION_TYPE" IS '配置类型（0-租户级1-集团级2-应用级3-表单级）';
COMMENT ON COLUMN "FILE_CONFIGURATION"."CREATE_TIME" IS '创建时间';
COMMENT ON COLUMN "FILE_CONFIGURATION"."CREATE_USER" IS '创建用户id';
COMMENT ON COLUMN "FILE_CONFIGURATION"."DATA_VERSION" IS '数据版本';
COMMENT ON COLUMN "FILE_CONFIGURATION"."DELETE_OPERATION_KEY" IS '允许删除权限标识';
COMMENT ON COLUMN "FILE_CONFIGURATION"."DOWNLOAD_OPERATION_KEY" IS '允许下载权限标识';
COMMENT ON COLUMN "FILE_CONFIGURATION"."FILE_NUM_LIMIT" IS '允许上传文件的最大数量';
COMMENT ON COLUMN "FILE_CONFIGURATION"."FILE_REPOSITORY_ID" IS '指定文件存储库id';
COMMENT ON COLUMN "FILE_CONFIGURATION"."FILE_SINGLE_SIZE_LIMIT" IS '允许上传的最大单个文件大小';
COMMENT ON COLUMN "FILE_CONFIGURATION"."FILE_SIZE_LIMIT" IS '允许上传文件的总大小';
COMMENT ON COLUMN "FILE_CONFIGURATION"."GROUP_DATASOURCE_ID" IS '关联数据源id';
COMMENT ON COLUMN "FILE_CONFIGURATION"."GROUP_ID" IS '集团id';
COMMENT ON COLUMN "FILE_CONFIGURATION"."ID" IS '主键';
COMMENT ON COLUMN "FILE_CONFIGURATION"."IS_ALLOW_DELETE" IS '是否允许删除';
COMMENT ON COLUMN "FILE_CONFIGURATION"."IS_ALLOW_DELETE_API" IS '允许删除验证API';
COMMENT ON COLUMN "FILE_CONFIGURATION"."IS_ALLOW_DOWNLOAD" IS '是否允许下载';
COMMENT ON COLUMN "FILE_CONFIGURATION"."IS_ALLOW_DOWNLOAD_API" IS '允许下载验证API';
COMMENT ON COLUMN "FILE_CONFIGURATION"."IS_ALLOW_UPLOAD" IS '是否允许上传';
COMMENT ON COLUMN "FILE_CONFIGURATION"."IS_ALLOW_UPLOAD_API" IS '允许上传验证API';
COMMENT ON COLUMN "FILE_CONFIGURATION"."IS_ENABLE_DOWNLOAD_TOKEN" IS '是否通过临时Token下载';
COMMENT ON COLUMN "FILE_CONFIGURATION"."IS_ENABLE_ENCRYPT" IS '是否启用文件加密保存0不1是';
COMMENT ON COLUMN "FILE_CONFIGURATION"."IS_ENABLE_IMAGE_COMPRESS" IS '是否启用图片压缩上传';
COMMENT ON COLUMN "FILE_CONFIGURATION"."IS_ENABLE_PREVIEW" IS '是否启用文件预览';
COMMENT ON COLUMN "FILE_CONFIGURATION"."IS_ENABLE_REVIEW" IS '是否启用附件审查';
COMMENT ON COLUMN "FILE_CONFIGURATION"."IS_ENABLE_SECRET_LEVEL" IS '是否允许设置文件密级';
COMMENT ON COLUMN "FILE_CONFIGURATION"."IS_ENABLE_USER_SEPARATE" IS '是否禁止删除他人上传文件';
COMMENT ON COLUMN "FILE_CONFIGURATION"."REMARK" IS '备注';
COMMENT ON COLUMN "FILE_CONFIGURATION"."SIGN" IS '数据签名';
COMMENT ON COLUMN "FILE_CONFIGURATION"."SUB_DIR_FORMAT" IS '存储路径生成规则';
COMMENT ON COLUMN "FILE_CONFIGURATION"."TABLE_NAME" IS '关联表名';
COMMENT ON COLUMN "FILE_CONFIGURATION"."UPDATE_TIME" IS '更新时间';
COMMENT ON COLUMN "FILE_CONFIGURATION"."UPLOAD_OPERATION_KEY" IS '上传操作标识';
COMMENT ON COLUMN "FILE_CONFIGURATION"."IS_ENABLE_EVT_FILE_DELETING" is '是否启用事件文件删除前';
COMMENT ON COLUMN "FILE_CONFIGURATION"."IS_ENABLE_EVT_FILE_DOWNLOADING" is '是否启用事件文件下载前';
COMMENT ON COLUMN "FILE_CONFIGURATION"."IS_ENABLE_EVT_FILE_UPLOADING" is '是否启用事件文件上传前';
COMMENT ON COLUMN "FILE_CONFIGURATION"."IS_ENABLE_EVT_FILE_UPLOADED" is '是否启用事件文件上传后（不影响文件上传到服务器）';
COMMENT ON COLUMN "FILE_CONFIGURATION"."IS_ENABLE_EVT_FILE_DOWNLOADED" is '是否启用文件下载后事件';
COMMENT ON COLUMN "FILE_CONFIGURATION"."DOWNLOAD_AUTH_CODE" is '下载权限标识';
COMMENT ON COLUMN "FILE_CONFIGURATION"."UPLOAD_AUTH_CODE" is '上传权限标识';
COMMENT ON COLUMN "FILE_CONFIGURATION"."DELETE_AUTH_CODE" is '删除权限标识';


CREATE TABLE "FILE_REPOSITORY"
(
"ID" VARCHAR2(50) NOT NULL,
"REPOSITORY_KEY" VARCHAR2(50) NOT NULL,
"REPOSITORY_TYPE" INTEGER,
"MAX_SIZE" BIGINT,
"USED_SIZE" BIGINT,
"WARNING_SIZE" BIGINT,
"STORAGE_BASE_DIRECTORY" VARCHAR2(100),
"OSS_PROVIDER" VARCHAR2(50),
"FTP_SERVER_ADDRESS" VARCHAR2(50),
"FTP_USER_NAME" VARCHAR2(50),
"FTP_PASSWORD" VARCHAR2(50),
"CREATE_USER" VARCHAR2(50),
"CREATE_TIME" DATETIME(6),
"UPDATE_TIME" DATETIME(6),
"DATA_VERSION" INTEGER,
"REMARK" VARCHAR2(200),
NOT CLUSTER PRIMARY KEY("ID"))  ;
COMMENT ON TABLE "FILE_REPOSITORY" IS '附件管理-文件存储库';
COMMENT ON COLUMN "FILE_REPOSITORY"."CREATE_TIME" IS '创建时间';
COMMENT ON COLUMN "FILE_REPOSITORY"."CREATE_USER" IS '创建人id';
COMMENT ON COLUMN "FILE_REPOSITORY"."DATA_VERSION" IS '数据版本';
COMMENT ON COLUMN "FILE_REPOSITORY"."FTP_PASSWORD" IS 'FTP登录密码';
COMMENT ON COLUMN "FILE_REPOSITORY"."FTP_SERVER_ADDRESS" IS 'FTP服务器';
COMMENT ON COLUMN "FILE_REPOSITORY"."FTP_USER_NAME" IS 'FTP登录用户名';
COMMENT ON COLUMN "FILE_REPOSITORY"."ID" IS '主键';
COMMENT ON COLUMN "FILE_REPOSITORY"."MAX_SIZE" IS '存储库最大容量';
COMMENT ON COLUMN "FILE_REPOSITORY"."OSS_PROVIDER" IS 'OSS提供程序';
COMMENT ON COLUMN "FILE_REPOSITORY"."REMARK" IS '备注';
COMMENT ON COLUMN "FILE_REPOSITORY"."REPOSITORY_KEY" IS '存储库标识';
COMMENT ON COLUMN "FILE_REPOSITORY"."REPOSITORY_TYPE" IS '存储库类型（0-文件，1-OSS，2-FTP）';
COMMENT ON COLUMN "FILE_REPOSITORY"."STORAGE_BASE_DIRECTORY" IS '存储根路径';
COMMENT ON COLUMN "FILE_REPOSITORY"."UPDATE_TIME" IS '更新时间';
COMMENT ON COLUMN "FILE_REPOSITORY"."USED_SIZE" IS '已占用空间';
COMMENT ON COLUMN "FILE_REPOSITORY"."WARNING_SIZE" IS '存储空间不足预警阀值';


CREATE TABLE "META_TABLE"
(
"ID" VARCHAR2(50) NOT NULL,
"NAME" VARCHAR2(50),
"CAPTION" VARCHAR2(500),
"REMARK" VARCHAR2(500),
"APP_ID" VARCHAR2(50),
NOT CLUSTER PRIMARY KEY("ID"),
CONSTRAINT "FK_META_TABLE_APP_ID" FOREIGN KEY("APP_ID") REFERENCES "SYS_GROUP_APP"("ID") ON DELETE CASCADE )  ;
COMMENT ON TABLE "META_TABLE" IS '数据表';
COMMENT ON COLUMN "META_TABLE"."APP_ID" IS '应用程序';
COMMENT ON COLUMN "META_TABLE"."CAPTION" IS '标题';
COMMENT ON COLUMN "META_TABLE"."ID" IS '主键';
COMMENT ON COLUMN "META_TABLE"."NAME" IS '表名';
COMMENT ON COLUMN "META_TABLE"."REMARK" IS '备注';


CREATE TABLE "META_INDEX"
(
"ID" VARCHAR2(50) NOT NULL,
"TBL_ID" VARCHAR2(50),
"NAME" VARCHAR2(50),
"COLS" VARCHAR2(500),
"IS_UNIQUE" NUMBER(1,0),
"ALERT_MSG" VARCHAR2(500),
NOT CLUSTER PRIMARY KEY("ID"),
CONSTRAINT "FK_META_INDEX_TBL_ID" FOREIGN KEY("TBL_ID") REFERENCES "META_TABLE"("ID") ON DELETE CASCADE )  ;
COMMENT ON TABLE "META_INDEX" IS '索引信息';
COMMENT ON COLUMN "META_INDEX"."ALERT_MSG" IS '违例消息';
COMMENT ON COLUMN "META_INDEX"."COLS" IS '包含列';
COMMENT ON COLUMN "META_INDEX"."ID" IS '主键';
COMMENT ON COLUMN "META_INDEX"."IS_UNIQUE" IS '是否唯一';
COMMENT ON COLUMN "META_INDEX"."NAME" IS '名称';
COMMENT ON COLUMN "META_INDEX"."TBL_ID" IS '数据表';




CREATE TABLE "META_ASSOCIATION"
(
"ID" VARCHAR2(50) NOT NULL,
"NAME" VARCHAR2(50),
"TABLE_ID" VARCHAR2(50),
"REF_INDEX_ID" VARCHAR2(50),
"DELETE_ACTION" VARCHAR2(50),
"COLUMNS" VARCHAR2(4000),
"REF_TABLE_ID" VARCHAR2(50),
NOT CLUSTER PRIMARY KEY("ID"),
CONSTRAINT "FK_META_ASS_REF_INDEX_ID" FOREIGN KEY("REF_INDEX_ID") REFERENCES "META_INDEX"("ID") ON DELETE CASCADE ,
CONSTRAINT "FK_META_ASS_REF_TABLE_ID" FOREIGN KEY("REF_TABLE_ID") REFERENCES "META_TABLE"("ID") ON DELETE CASCADE ,
CONSTRAINT "FK_META_ASSOCIATION_TABLE_ID" FOREIGN KEY("TABLE_ID") REFERENCES "META_TABLE"("ID") ON DELETE CASCADE )  ;
COMMENT ON TABLE "META_ASSOCIATION" IS '数据关联定义';
COMMENT ON COLUMN "META_ASSOCIATION"."COLUMNS" IS '外键列';
COMMENT ON COLUMN "META_ASSOCIATION"."DELETE_ACTION" IS '引用值删除时';
COMMENT ON COLUMN "META_ASSOCIATION"."ID" IS '主键';
COMMENT ON COLUMN "META_ASSOCIATION"."NAME" IS '关联名';
COMMENT ON COLUMN "META_ASSOCIATION"."REF_INDEX_ID" IS '引用索引ID';
COMMENT ON COLUMN "META_ASSOCIATION"."REF_TABLE_ID" IS '引用表id';
COMMENT ON COLUMN "META_ASSOCIATION"."TABLE_ID" IS '表Id';



CREATE TABLE "META_COLUMN"
(
"ID" VARCHAR2(50) NOT NULL,
"TBL_ID" VARCHAR2(50),
"NAME" VARCHAR2(50),
"CAPTION" VARCHAR2(500),
"DATA_TYPE" VARCHAR2(50),
"DATA_SIZE" INTEGER,
"DATA_SCALE" INTEGER,
"NULLABLE" NUMBER(1,0),
"DEFAULT_VALUE" VARCHAR2(100),
"REMARK" VARCHAR2(500),
"IS_SYSCOL" NUMBER(1,0) DEFAULT 0,
"SORT_INDEX" INTEGER,
"DICT_ID" VARCHAR2(50),
"REF_ID" VARCHAR2(50),
"EMPTY_TEXT" VARCHAR2(4000),
"MIN_NUMBER_VALUE" NUMBER(18,10),
"MAX_NUMBER_VALUE" NUMBER(18,10),
"MIN_DATE_VALUE" DATE,
"MAX_DATE_VALUE" DATE,
"STRING_REGEX" VARCHAR2(4000),
"STRING_REGEX_IGNORE_CASE" NUMBER(1,0),
"STRING_REGEX_FAIL_MSG" VARCHAR2(4000),
"ENABLE_MULTI_SELECTION" NUMBER(1,0),
"FORCE_SELECTION" NUMBER(1,0) DEFAULT 1,
"ALLOW_EDIT" NUMBER(1,0),
"MIN_LENGTH" NUMBER(28,0),
"COMPARE_FIELD" VARCHAR2(4000),
"COMPARE_OPERATOR" VARCHAR2(50),
"COMPARE_FAIL_MSG" VARCHAR2(4000),
"STRING_FORMAT" VARCHAR2(50),
"MULTI_SEL_SEPERATOR" VARCHAR2(100) DEFAULT ',',
"REF_TBL_ID" VARCHAR2(50),
"SHOW_TIME" NUMBER(1,0),
"DATE_TIME_FORMAT" VARCHAR2(100) DEFAULT 'yyyy-MM-dd',
NOT CLUSTER PRIMARY KEY("ID"),
CONSTRAINT "FK_META_COLUMN_TBL_ID" FOREIGN KEY("TBL_ID") REFERENCES "META_TABLE"("ID") ON DELETE CASCADE ,
CONSTRAINT "FK_META_COLUMN_REF_TBL_ID" FOREIGN KEY("REF_TBL_ID") REFERENCES "META_TABLE"("ID") ON DELETE SET NULL )  ;
COMMENT ON TABLE "META_COLUMN" IS '数据列';
COMMENT ON COLUMN "META_COLUMN"."ALLOW_EDIT" IS '允许编辑';
COMMENT ON COLUMN "META_COLUMN"."CAPTION" IS '列标题';
COMMENT ON COLUMN "META_COLUMN"."COMPARE_FAIL_MSG" IS '验证失败消息';
COMMENT ON COLUMN "META_COLUMN"."COMPARE_FIELD" IS '比较字段';
COMMENT ON COLUMN "META_COLUMN"."COMPARE_OPERATOR" IS '比较操作';
COMMENT ON COLUMN "META_COLUMN"."DATA_SCALE" IS '精度';
COMMENT ON COLUMN "META_COLUMN"."DATA_SIZE" IS '最大长度';
COMMENT ON COLUMN "META_COLUMN"."DATA_TYPE" IS '数据类型';
COMMENT ON COLUMN "META_COLUMN"."DATE_TIME_FORMAT" IS '日期格式';
COMMENT ON COLUMN "META_COLUMN"."DEFAULT_VALUE" IS '缺省值';
COMMENT ON COLUMN "META_COLUMN"."DICT_ID" IS '枚举字典';
COMMENT ON COLUMN "META_COLUMN"."EMPTY_TEXT" IS '空值注释';
COMMENT ON COLUMN "META_COLUMN"."ENABLE_MULTI_SELECTION" IS '允许多选';
COMMENT ON COLUMN "META_COLUMN"."FORCE_SELECTION" IS '强制选择';
COMMENT ON COLUMN "META_COLUMN"."ID" IS '主键';
COMMENT ON COLUMN "META_COLUMN"."IS_SYSCOL" IS '是否系统字段';
COMMENT ON COLUMN "META_COLUMN"."MAX_DATE_VALUE" IS '最大值';
COMMENT ON COLUMN "META_COLUMN"."MAX_NUMBER_VALUE" IS '最大值';
COMMENT ON COLUMN "META_COLUMN"."MIN_DATE_VALUE" IS '最小值';
COMMENT ON COLUMN "META_COLUMN"."MIN_LENGTH" IS '最短长度';
COMMENT ON COLUMN "META_COLUMN"."MIN_NUMBER_VALUE" IS '最小值';
COMMENT ON COLUMN "META_COLUMN"."MULTI_SEL_SEPERATOR" IS '多选值分隔符';
COMMENT ON COLUMN "META_COLUMN"."NAME" IS '列名';
COMMENT ON COLUMN "META_COLUMN"."NULLABLE" IS '能否为空';
COMMENT ON COLUMN "META_COLUMN"."REF_ID" IS '引用字典';
COMMENT ON COLUMN "META_COLUMN"."REF_TBL_ID" IS '引用表';
COMMENT ON COLUMN "META_COLUMN"."REMARK" IS '备注';
COMMENT ON COLUMN "META_COLUMN"."SHOW_TIME" IS '显示时间';
COMMENT ON COLUMN "META_COLUMN"."SORT_INDEX" IS '序号';
COMMENT ON COLUMN "META_COLUMN"."STRING_FORMAT" IS '预设格式';
COMMENT ON COLUMN "META_COLUMN"."STRING_REGEX" IS '正则表达式';
COMMENT ON COLUMN "META_COLUMN"."STRING_REGEX_FAIL_MSG" IS '验证失败提示';
COMMENT ON COLUMN "META_COLUMN"."STRING_REGEX_IGNORE_CASE" IS '忽略大小写';
COMMENT ON COLUMN "META_COLUMN"."TBL_ID" IS '数据表';


CREATE TABLE "META_VIEW"
(
"ID" VARCHAR2(50) NOT NULL,
"NAME" VARCHAR2(50),
"CAPTION" VARCHAR2(50),
"REMARK" VARCHAR2(500),
"APP_ID" VARCHAR2(50),
"SQLSTR" CLOB,
NOT CLUSTER PRIMARY KEY("ID"),
CONSTRAINT "FK_META_VIEW_APP_ID" FOREIGN KEY("APP_ID") REFERENCES "SYS_GROUP_APP"("ID") ON DELETE CASCADE )  ;
COMMENT ON TABLE "META_VIEW" IS '视图';
COMMENT ON COLUMN "META_VIEW"."APP_ID" IS '应用程序';
COMMENT ON COLUMN "META_VIEW"."CAPTION" IS '标题';
COMMENT ON COLUMN "META_VIEW"."ID" IS '主键';
COMMENT ON COLUMN "META_VIEW"."NAME" IS '视图名称';
COMMENT ON COLUMN "META_VIEW"."REMARK" IS '备注';
COMMENT ON COLUMN "META_VIEW"."SQLSTR" IS '视图SQL';


CREATE TABLE "META_VIEW_COL"
(
"ID" VARCHAR2(50) NOT NULL,
"NAME" VARCHAR2(50),
"CAPTION" VARCHAR2(2000),
"VIEW_ID" VARCHAR2(50),
"IS_SYSCOL" NUMBER(1,0),
"SORT_INDEX" INTEGER,
"DICT_ID" VARCHAR2(50),
"DATA_TYPE" VARCHAR2(50),
NOT CLUSTER PRIMARY KEY("ID"),
CONSTRAINT "FK_META_VIEW_COL_VIEW_ID" FOREIGN KEY("VIEW_ID") REFERENCES "META_VIEW"("ID") ON DELETE CASCADE )  ;
COMMENT ON TABLE "META_VIEW_COL" IS '视图列';
COMMENT ON COLUMN "META_VIEW_COL"."CAPTION" IS '标题';
COMMENT ON COLUMN "META_VIEW_COL"."DATA_TYPE" IS '数据类型';
COMMENT ON COLUMN "META_VIEW_COL"."DICT_ID" IS '字典';
COMMENT ON COLUMN "META_VIEW_COL"."ID" IS '主键';
COMMENT ON COLUMN "META_VIEW_COL"."IS_SYSCOL" IS '是否系统列';
COMMENT ON COLUMN "META_VIEW_COL"."NAME" IS '名称';
COMMENT ON COLUMN "META_VIEW_COL"."SORT_INDEX" IS '序号';
COMMENT ON COLUMN "META_VIEW_COL"."VIEW_ID" IS '视图';


CREATE TABLE "ORG_ADMIN_ORG"
(
"ID" VARCHAR2(50) NOT NULL,
"PARENT_ID" VARCHAR2(50),
"ORGANIZATION_ID" VARCHAR2(50) NOT NULL,
"VERSION_ID" VARCHAR2(50),
"NAME" VARCHAR2(200) NOT NULL,
"SHORT_NAME" VARCHAR2(50),
"CREATE_USER" VARCHAR2(50),
"CREATE_TIME" DATETIME(6),
"UPDATE_TIME" VARCHAR2(50),
"GROUP_ID" VARCHAR2(50) NOT NULL,
"CODE" VARCHAR2(50),
"DATA_VERSION" INTEGER DEFAULT 0,
NOT CLUSTER PRIMARY KEY("ID"),
CONSTRAINT "FK_ORG_ADMIN_ORG_ORG_ID" FOREIGN KEY("ORGANIZATION_ID") REFERENCES "ORG_ORGANIZATION"("ID") ON DELETE CASCADE ,
CONSTRAINT "FK_ORG_ADMIN_ORG_GROUP_ID" FOREIGN KEY("GROUP_ID") REFERENCES "ORG_GROUP"("ID") ON DELETE CASCADE ,
CONSTRAINT "UK_ORG_ADMIN_ORG_CODE" UNIQUE("CODE"))  ;
COMMENT ON TABLE "ORG_ADMIN_ORG" IS '组织-行政组织';
COMMENT ON COLUMN "ORG_ADMIN_ORG"."CODE" IS '编码';
COMMENT ON COLUMN "ORG_ADMIN_ORG"."CREATE_TIME" IS '创建时间';
COMMENT ON COLUMN "ORG_ADMIN_ORG"."CREATE_USER" IS '创建人id';
COMMENT ON COLUMN "ORG_ADMIN_ORG"."DATA_VERSION" IS '数据版本';
COMMENT ON COLUMN "ORG_ADMIN_ORG"."GROUP_ID" IS '所属集团主键';
COMMENT ON COLUMN "ORG_ADMIN_ORG"."ID" IS '主键';
COMMENT ON COLUMN "ORG_ADMIN_ORG"."NAME" IS '名称';
COMMENT ON COLUMN "ORG_ADMIN_ORG"."ORGANIZATION_ID" IS '所属组织主键';
COMMENT ON COLUMN "ORG_ADMIN_ORG"."PARENT_ID" IS '上级行政组织主键';
COMMENT ON COLUMN "ORG_ADMIN_ORG"."SHORT_NAME" IS '简称';
COMMENT ON COLUMN "ORG_ADMIN_ORG"."UPDATE_TIME" IS '更新时间';
COMMENT ON COLUMN "ORG_ADMIN_ORG"."VERSION_ID" IS '版本主键';


CREATE TABLE "ORG_ADMIN_ORG_V"
(
"ID" VARCHAR2(50) NOT NULL,
"PARENT_ID" VARCHAR2(50),
"ORGANIZATION_ID" VARCHAR2(50) NOT NULL,
"ADMIN_ORG_ID" VARCHAR2(50),
"NAME" VARCHAR2(200) NOT NULL,
"SHORT_NAME" VARCHAR2(50),
"CREATE_USER" VARCHAR2(50),
"CREATE_TIME" DATETIME(6),
"UPDATE_TIME" VARCHAR2(50),
"VERSION_NO" VARCHAR2(50),
"VERSION_NAME" VARCHAR2(50),
"VERSION_BEGIN_DATE" DATE,
"VERSION_END_DATE" DATE,
"GROUP_ID" VARCHAR2(50) NOT NULL,
"IS_LAST_VERSION" NUMBER(1,0),
"CODE" VARCHAR2(50),
"VERSION_BEGIN_USER_ID" VARCHAR2(50),
"VERSION_END_USER_ID" VARCHAR2(50),
NOT CLUSTER PRIMARY KEY("ID"),
CONSTRAINT "FK_ORG_ADMIN_ORG_V_GROUP_ID" FOREIGN KEY("GROUP_ID") REFERENCES "ORG_GROUP"("ID") ON DELETE CASCADE )  ;
COMMENT ON TABLE "ORG_ADMIN_ORG_V" IS '组织-行政组织版本';
COMMENT ON COLUMN "ORG_ADMIN_ORG_V"."ADMIN_ORG_ID" IS '行政组织主键';
COMMENT ON COLUMN "ORG_ADMIN_ORG_V"."CODE" IS '编码';
COMMENT ON COLUMN "ORG_ADMIN_ORG_V"."CREATE_TIME" IS '创建时间';
COMMENT ON COLUMN "ORG_ADMIN_ORG_V"."CREATE_USER" IS '创建人id';
COMMENT ON COLUMN "ORG_ADMIN_ORG_V"."GROUP_ID" IS '所属集团主键';
COMMENT ON COLUMN "ORG_ADMIN_ORG_V"."ID" IS '主键';
COMMENT ON COLUMN "ORG_ADMIN_ORG_V"."IS_LAST_VERSION" IS '是否最新版本';
COMMENT ON COLUMN "ORG_ADMIN_ORG_V"."NAME" IS '名称';
COMMENT ON COLUMN "ORG_ADMIN_ORG_V"."ORGANIZATION_ID" IS '所属组织主键';
COMMENT ON COLUMN "ORG_ADMIN_ORG_V"."PARENT_ID" IS '上级行政组织主键';
COMMENT ON COLUMN "ORG_ADMIN_ORG_V"."SHORT_NAME" IS '简称';
COMMENT ON COLUMN "ORG_ADMIN_ORG_V"."UPDATE_TIME" IS '更新时间';
COMMENT ON COLUMN "ORG_ADMIN_ORG_V"."VERSION_BEGIN_DATE" IS '版本生效日期';
COMMENT ON COLUMN "ORG_ADMIN_ORG_V"."VERSION_BEGIN_USER_ID" IS '版本启用人主键';
COMMENT ON COLUMN "ORG_ADMIN_ORG_V"."VERSION_END_DATE" IS '版本失效日期';
COMMENT ON COLUMN "ORG_ADMIN_ORG_V"."VERSION_END_USER_ID" IS '版本停用人主键';
COMMENT ON COLUMN "ORG_ADMIN_ORG_V"."VERSION_NAME" IS '版本名称';
COMMENT ON COLUMN "ORG_ADMIN_ORG_V"."VERSION_NO" IS '版本编号';


CREATE TABLE "ORG_ASSET_ORG"
(
"ID" VARCHAR2(50) NOT NULL,
"PARENT_ID" VARCHAR2(50),
"ORGANIZATION_ID" VARCHAR2(50),
"VERSION_ID" VARCHAR2(50),
"NAME" VARCHAR2(200),
"SHORT_NAME" VARCHAR2(50),
"CREATE_USER" VARCHAR2(50),
"CREATE_TIME" DATETIME(6),
"UPDATE_TIME" VARCHAR2(50),
"GROUP_ID" VARCHAR2(50),
"FINANCE_ID" VARCHAR2(50),
"CODE" VARCHAR2(50),
"DATA_VERSION" INTEGER DEFAULT 0,
NOT CLUSTER PRIMARY KEY("ID"),
CONSTRAINT "FK_ORG_ASSET_ORG_ORG_ID" FOREIGN KEY("ORGANIZATION_ID") REFERENCES "ORG_ORGANIZATION"("ID") ON DELETE CASCADE ,
CONSTRAINT "FK_ORG_ASSET_ORG_GROUP_ID" FOREIGN KEY("GROUP_ID") REFERENCES "ORG_GROUP"("ID") ON DELETE CASCADE ,
CONSTRAINT "UK_ORG_ASSET_ORG_CODE" UNIQUE("CODE"))  ;
COMMENT ON TABLE "ORG_ASSET_ORG" IS '组织-资产组织';
COMMENT ON COLUMN "ORG_ASSET_ORG"."CODE" IS '编码';
COMMENT ON COLUMN "ORG_ASSET_ORG"."CREATE_TIME" IS '创建时间';
COMMENT ON COLUMN "ORG_ASSET_ORG"."CREATE_USER" IS '创建人id';
COMMENT ON COLUMN "ORG_ASSET_ORG"."DATA_VERSION" IS '数据版本';
COMMENT ON COLUMN "ORG_ASSET_ORG"."FINANCE_ID" IS '默认财务组织主键';
COMMENT ON COLUMN "ORG_ASSET_ORG"."GROUP_ID" IS '所属集团主键';
COMMENT ON COLUMN "ORG_ASSET_ORG"."ID" IS '主键';
COMMENT ON COLUMN "ORG_ASSET_ORG"."NAME" IS '名称';
COMMENT ON COLUMN "ORG_ASSET_ORG"."ORGANIZATION_ID" IS '所属组织主键';
COMMENT ON COLUMN "ORG_ASSET_ORG"."PARENT_ID" IS '上级资产组织主键';
COMMENT ON COLUMN "ORG_ASSET_ORG"."SHORT_NAME" IS '简称';
COMMENT ON COLUMN "ORG_ASSET_ORG"."UPDATE_TIME" IS '更新时间';
COMMENT ON COLUMN "ORG_ASSET_ORG"."VERSION_ID" IS '版本主键';


CREATE TABLE "ORG_ASSET_ORG_V"
(
"ID" VARCHAR2(50) NOT NULL,
"PARENT_ID" VARCHAR2(50),
"ORGANIZATION_ID" VARCHAR2(50),
"ASSET_ORG_ID" VARCHAR2(50),
"NAME" VARCHAR2(200),
"SHORT_NAME" VARCHAR2(50),
"CREATE_USER" VARCHAR2(50),
"CREATE_TIME" DATETIME(6),
"UPDATE_TIME" VARCHAR2(50),
"GROUP_ID" VARCHAR2(50),
"FINANCE_ID" VARCHAR2(50),
"IS_LAST_VERSION" NUMBER(1,0),
"CODE" VARCHAR2(50),
"VERSION_NO" VARCHAR2(50),
"VERSION_NAME" VARCHAR2(50),
"VERSION_BEGIN_DATE" DATE,
"VERSION_END_DATE" DATE,
"VERSION_BEGIN_USER_ID" VARCHAR2(50),
"VERSION_END_USER_ID" VARCHAR2(50),
NOT CLUSTER PRIMARY KEY("ID"),
CONSTRAINT "FK_ORG_ASSET_ORG_V_GROUP_ID" FOREIGN KEY("GROUP_ID") REFERENCES "ORG_GROUP"("ID") ON DELETE CASCADE )  ;
COMMENT ON TABLE "ORG_ASSET_ORG_V" IS '组织-资产组织版本';
COMMENT ON COLUMN "ORG_ASSET_ORG_V"."ASSET_ORG_ID" IS '资产组织主键';
COMMENT ON COLUMN "ORG_ASSET_ORG_V"."CODE" IS '编码';
COMMENT ON COLUMN "ORG_ASSET_ORG_V"."CREATE_TIME" IS '创建时间';
COMMENT ON COLUMN "ORG_ASSET_ORG_V"."CREATE_USER" IS '创建人id';
COMMENT ON COLUMN "ORG_ASSET_ORG_V"."FINANCE_ID" IS '默认财务组织主键';
COMMENT ON COLUMN "ORG_ASSET_ORG_V"."GROUP_ID" IS '所属集团主键';
COMMENT ON COLUMN "ORG_ASSET_ORG_V"."ID" IS '主键';
COMMENT ON COLUMN "ORG_ASSET_ORG_V"."IS_LAST_VERSION" IS '是否最新版本';
COMMENT ON COLUMN "ORG_ASSET_ORG_V"."NAME" IS '名称';
COMMENT ON COLUMN "ORG_ASSET_ORG_V"."ORGANIZATION_ID" IS '所属组织主键';
COMMENT ON COLUMN "ORG_ASSET_ORG_V"."PARENT_ID" IS '上级资产组织主键';
COMMENT ON COLUMN "ORG_ASSET_ORG_V"."SHORT_NAME" IS '简称';
COMMENT ON COLUMN "ORG_ASSET_ORG_V"."UPDATE_TIME" IS '更新时间';
COMMENT ON COLUMN "ORG_ASSET_ORG_V"."VERSION_BEGIN_DATE" IS '版本启用日期';
COMMENT ON COLUMN "ORG_ASSET_ORG_V"."VERSION_BEGIN_USER_ID" IS '版本启用人主键';
COMMENT ON COLUMN "ORG_ASSET_ORG_V"."VERSION_END_DATE" IS '版本停用日期';
COMMENT ON COLUMN "ORG_ASSET_ORG_V"."VERSION_END_USER_ID" IS '版本停用人主键';
COMMENT ON COLUMN "ORG_ASSET_ORG_V"."VERSION_NAME" IS '版本名称';
COMMENT ON COLUMN "ORG_ASSET_ORG_V"."VERSION_NO" IS '版本编号';



CREATE TABLE "ORG_FACTORY_ORG"
(
"ID" VARCHAR2(50) NOT NULL,
"ORGANIZATION_ID" VARCHAR2(50) NOT NULL,
"VERSION_ID" VARCHAR2(50),
"NAME" VARCHAR2(200) NOT NULL,
"SHORT_NAME" VARCHAR2(50),
"CREATE_USER" VARCHAR2(50),
"CREATE_TIME" DATETIME(6),
"UPDATE_TIME" DATETIME(6),
"GROUP_ID" VARCHAR2(50) NOT NULL,
"CODE" VARCHAR2(50),
"DATA_VERSION" INTEGER DEFAULT 0,
NOT CLUSTER PRIMARY KEY("ID"),
CONSTRAINT "FK_ORG_FACTORY_ORG_ORG_ID" FOREIGN KEY("ORGANIZATION_ID") REFERENCES "ORG_ORGANIZATION"("ID") ON DELETE CASCADE ,
CONSTRAINT "FK_ORG_FACTORY_ORG_GROUP_ID" FOREIGN KEY("GROUP_ID") REFERENCES "ORG_GROUP"("ID") ON DELETE CASCADE ,
CONSTRAINT "UK_ORG_FACTORY_ORG_CODE" UNIQUE("CODE"))  ;
COMMENT ON TABLE "ORG_FACTORY_ORG" IS '组织-工厂组织';
COMMENT ON COLUMN "ORG_FACTORY_ORG"."CODE" IS '编码';
COMMENT ON COLUMN "ORG_FACTORY_ORG"."CREATE_TIME" IS '创建时间';
COMMENT ON COLUMN "ORG_FACTORY_ORG"."CREATE_USER" IS '创建人id';
COMMENT ON COLUMN "ORG_FACTORY_ORG"."DATA_VERSION" IS '数据版本';
COMMENT ON COLUMN "ORG_FACTORY_ORG"."GROUP_ID" IS '所属集团主键';
COMMENT ON COLUMN "ORG_FACTORY_ORG"."ID" IS '主键';
COMMENT ON COLUMN "ORG_FACTORY_ORG"."NAME" IS '名称';
COMMENT ON COLUMN "ORG_FACTORY_ORG"."ORGANIZATION_ID" IS '所属组织主键';
COMMENT ON COLUMN "ORG_FACTORY_ORG"."SHORT_NAME" IS '简称';
COMMENT ON COLUMN "ORG_FACTORY_ORG"."UPDATE_TIME" IS '更新时间';
COMMENT ON COLUMN "ORG_FACTORY_ORG"."VERSION_ID" IS '版本主键';


CREATE TABLE "ORG_FACTORY_ORG_V"
(
"ID" VARCHAR2(50) NOT NULL,
"ORGANIZATION_ID" VARCHAR2(50) NOT NULL,
"FACTORY_ORG_ID" VARCHAR2(50),
"NAME" VARCHAR2(200) NOT NULL,
"SHORT_NAME" VARCHAR2(50),
"CREATE_USER" VARCHAR2(50),
"CREATE_TIME" DATETIME(6),
"UPDATE_TIME" VARCHAR2(50),
"VERSION_NO" VARCHAR2(50),
"VERSION_NAME" VARCHAR2(50),
"VERSION_BEGIN_DATE" DATE,
"VERSION_END_DATE" DATE,
"GROUP_ID" VARCHAR2(50) NOT NULL,
"IS_LAST_VERSION" NUMBER(1,0),
"CODE" VARCHAR2(50),
"VERSION_BEGIN_USER_ID" VARCHAR2(50),
"VERSION_END_USER_ID" VARCHAR2(50),
NOT CLUSTER PRIMARY KEY("ID"),
CONSTRAINT "FK_ORG_FACTORY_ORG_V_GROUP_ID" FOREIGN KEY("GROUP_ID") REFERENCES "ORG_GROUP"("ID") ON DELETE CASCADE )  ;
COMMENT ON TABLE "ORG_FACTORY_ORG_V" IS '组织-工厂组织版本';
COMMENT ON COLUMN "ORG_FACTORY_ORG_V"."CODE" IS '编码';
COMMENT ON COLUMN "ORG_FACTORY_ORG_V"."CREATE_TIME" IS '创建时间';
COMMENT ON COLUMN "ORG_FACTORY_ORG_V"."CREATE_USER" IS '创建人id';
COMMENT ON COLUMN "ORG_FACTORY_ORG_V"."FACTORY_ORG_ID" IS '工厂组织主键';
COMMENT ON COLUMN "ORG_FACTORY_ORG_V"."GROUP_ID" IS '所属集团主键';
COMMENT ON COLUMN "ORG_FACTORY_ORG_V"."ID" IS '主键';
COMMENT ON COLUMN "ORG_FACTORY_ORG_V"."IS_LAST_VERSION" IS '是否最新版本';
COMMENT ON COLUMN "ORG_FACTORY_ORG_V"."NAME" IS '名称';
COMMENT ON COLUMN "ORG_FACTORY_ORG_V"."ORGANIZATION_ID" IS '所属组织主键';
COMMENT ON COLUMN "ORG_FACTORY_ORG_V"."SHORT_NAME" IS '简称';
COMMENT ON COLUMN "ORG_FACTORY_ORG_V"."UPDATE_TIME" IS '更新时间';
COMMENT ON COLUMN "ORG_FACTORY_ORG_V"."VERSION_BEGIN_DATE" IS '版本生效日期';
COMMENT ON COLUMN "ORG_FACTORY_ORG_V"."VERSION_BEGIN_USER_ID" IS '版本启用人主键';
COMMENT ON COLUMN "ORG_FACTORY_ORG_V"."VERSION_END_DATE" IS '版本失效日期';
COMMENT ON COLUMN "ORG_FACTORY_ORG_V"."VERSION_END_USER_ID" IS '版本停用人主键';
COMMENT ON COLUMN "ORG_FACTORY_ORG_V"."VERSION_NAME" IS '版本名称';
COMMENT ON COLUMN "ORG_FACTORY_ORG_V"."VERSION_NO" IS '版本编号';



CREATE TABLE "ORG_FINANCE_ORG"
(
"ID" VARCHAR2(50) NOT NULL,
"PARENT_ID" VARCHAR2(50),
"ORGANIZATION_ID" VARCHAR2(50),
"VERSION_ID" VARCHAR2(50),
"NAME" VARCHAR2(200),
"SHORT_NAME" VARCHAR2(50),
"CREATE_USER" VARCHAR2(50),
"CREATE_TIME" DATETIME(6),
"UPDATE_TIME" DATETIME(6),
"GROUP_ID" VARCHAR2(50),
"TAX_PAYER_CODE" VARCHAR2(50),
"TAX_PAYER_CODE_V" VARCHAR2(50),
"IS_TAX_ORG" NUMBER(1,0),
"CODE" VARCHAR2(50),
"DATA_VERSION" INTEGER DEFAULT 0,
NOT CLUSTER PRIMARY KEY("ID"),
CONSTRAINT "FK_ORG_FINANCE_ORG_GROUP_ID" FOREIGN KEY("GROUP_ID") REFERENCES "ORG_GROUP"("ID") ON DELETE CASCADE ,
CONSTRAINT "UK_ORG_FINANCE_ORG_CODE" UNIQUE("CODE"))  ;
COMMENT ON TABLE "ORG_FINANCE_ORG" IS '组织-财务组织';
COMMENT ON COLUMN "ORG_FINANCE_ORG"."CODE" IS '编码';
COMMENT ON COLUMN "ORG_FINANCE_ORG"."CREATE_TIME" IS '创建时间';
COMMENT ON COLUMN "ORG_FINANCE_ORG"."CREATE_USER" IS '创建人id';
COMMENT ON COLUMN "ORG_FINANCE_ORG"."DATA_VERSION" IS '数据版本';
COMMENT ON COLUMN "ORG_FINANCE_ORG"."GROUP_ID" IS '所属集团主键';
COMMENT ON COLUMN "ORG_FINANCE_ORG"."ID" IS '主键';
COMMENT ON COLUMN "ORG_FINANCE_ORG"."IS_TAX_ORG" IS '是否税务组织';
COMMENT ON COLUMN "ORG_FINANCE_ORG"."NAME" IS '名称';
COMMENT ON COLUMN "ORG_FINANCE_ORG"."ORGANIZATION_ID" IS '所属组织主键';
COMMENT ON COLUMN "ORG_FINANCE_ORG"."PARENT_ID" IS '上级财务组织主键';
COMMENT ON COLUMN "ORG_FINANCE_ORG"."SHORT_NAME" IS '简称';
COMMENT ON COLUMN "ORG_FINANCE_ORG"."TAX_PAYER_CODE" IS '纳税人识别号';
COMMENT ON COLUMN "ORG_FINANCE_ORG"."TAX_PAYER_CODE_V" IS '纳税人识别号';
COMMENT ON COLUMN "ORG_FINANCE_ORG"."UPDATE_TIME" IS '更新时间';
COMMENT ON COLUMN "ORG_FINANCE_ORG"."VERSION_ID" IS '版本主键';


CREATE TABLE "ORG_FINANCE_ORG_V"
(
"ID" VARCHAR2(50) NOT NULL,
"PARENT_ID" VARCHAR2(50),
"ORGANIZATION_ID" VARCHAR2(50),
"FINANCE_ORG_ID" VARCHAR2(50),
"NAME" VARCHAR2(200),
"SHORT_NAME" VARCHAR2(50),
"CREATE_USER" VARCHAR2(50),
"CREATE_TIME" DATETIME(6),
"UPDATE_TIME" VARCHAR2(50),
"GROUP_ID" VARCHAR2(50),
"IS_TAX_ORG" NUMBER(1,0),
"IS_LAST_VERSION" NUMBER(1,0),
"VERSION_BEGIN_USER_ID" VARCHAR2(50),
"VERSION_END_USER_ID" VARCHAR2(50),
NOT CLUSTER PRIMARY KEY("ID"),
CONSTRAINT "FK_ORG_FINANCE_ORG_V_GROUP_ID" FOREIGN KEY("GROUP_ID") REFERENCES "ORG_GROUP"("ID") ON DELETE CASCADE )  ;
COMMENT ON TABLE "ORG_FINANCE_ORG_V" IS '组织-财务组织版本';
COMMENT ON COLUMN "ORG_FINANCE_ORG_V"."CREATE_TIME" IS '创建时间';
COMMENT ON COLUMN "ORG_FINANCE_ORG_V"."CREATE_USER" IS '创建人id';
COMMENT ON COLUMN "ORG_FINANCE_ORG_V"."FINANCE_ORG_ID" IS '财务组织主键';
COMMENT ON COLUMN "ORG_FINANCE_ORG_V"."GROUP_ID" IS '所属集团主键';
COMMENT ON COLUMN "ORG_FINANCE_ORG_V"."ID" IS '主键';
COMMENT ON COLUMN "ORG_FINANCE_ORG_V"."IS_LAST_VERSION" IS '是否最新版本';
COMMENT ON COLUMN "ORG_FINANCE_ORG_V"."IS_TAX_ORG" IS '是否税务组织';
COMMENT ON COLUMN "ORG_FINANCE_ORG_V"."NAME" IS '名称';
COMMENT ON COLUMN "ORG_FINANCE_ORG_V"."ORGANIZATION_ID" IS '所属组织主键';
COMMENT ON COLUMN "ORG_FINANCE_ORG_V"."PARENT_ID" IS '上级财务组织主键';
COMMENT ON COLUMN "ORG_FINANCE_ORG_V"."SHORT_NAME" IS '简称';
COMMENT ON COLUMN "ORG_FINANCE_ORG_V"."UPDATE_TIME" IS '更新时间';
COMMENT ON COLUMN "ORG_FINANCE_ORG_V"."VERSION_BEGIN_USER_ID" IS '版本启用人主键';
COMMENT ON COLUMN "ORG_FINANCE_ORG_V"."VERSION_END_USER_ID" IS '版本停用人主键';


CREATE TABLE "ORG_HR_ORG"
(
"ID" VARCHAR2(50) NOT NULL,
"PARENT_ID" VARCHAR2(50),
"GROUP_ID" VARCHAR2(50),
"ORGANIZATION_ID" VARCHAR2(50),
"CODE" VARCHAR2(50),
"NAME" VARCHAR2(200),
"SHORT_NAME" VARCHAR2(50),
"VERSION_ID" VARCHAR2(50),
"CREATE_USER" VARCHAR2(50),
"CREATE_TIME" DATETIME(6),
"UPDATE_TIME" DATETIME(6),
"DATA_VERSION" INTEGER DEFAULT 0,
NOT CLUSTER PRIMARY KEY("ID"),
CONSTRAINT "FK_ORG_HR_ORG_GROUP_ID" FOREIGN KEY("GROUP_ID") REFERENCES "ORG_GROUP"("ID") ON DELETE CASCADE ,
CONSTRAINT "FK_ORG_HR_ORG_CODE" UNIQUE("CODE"),
CONSTRAINT "FK_ORG_HR_ORG_ORG_ID" FOREIGN KEY("ORGANIZATION_ID") REFERENCES "ORG_ORGANIZATION"("ID") ON DELETE CASCADE )  ;
COMMENT ON TABLE "ORG_HR_ORG" IS '组织-人力资源组织';
COMMENT ON COLUMN "ORG_HR_ORG"."CODE" IS '编码';
COMMENT ON COLUMN "ORG_HR_ORG"."CREATE_TIME" IS '创建时间';
COMMENT ON COLUMN "ORG_HR_ORG"."CREATE_USER" IS '创建人id';
COMMENT ON COLUMN "ORG_HR_ORG"."DATA_VERSION" IS '数据版本';
COMMENT ON COLUMN "ORG_HR_ORG"."GROUP_ID" IS '所属集团主键';
COMMENT ON COLUMN "ORG_HR_ORG"."ID" IS '主键';
COMMENT ON COLUMN "ORG_HR_ORG"."NAME" IS '名称';
COMMENT ON COLUMN "ORG_HR_ORG"."ORGANIZATION_ID" IS '所属组织主键';
COMMENT ON COLUMN "ORG_HR_ORG"."PARENT_ID" IS '上级人力资源组织主键';
COMMENT ON COLUMN "ORG_HR_ORG"."SHORT_NAME" IS '简称';
COMMENT ON COLUMN "ORG_HR_ORG"."UPDATE_TIME" IS '更新时间';
COMMENT ON COLUMN "ORG_HR_ORG"."VERSION_ID" IS '版本主键';


CREATE TABLE "ORG_HR_ORG_V"
(
"ID" VARCHAR2(50) NOT NULL,
"PARENT_ID" VARCHAR2(50),
"GROUP_ID" VARCHAR2(50),
"ORGANIZATION_ID" VARCHAR2(50),
"CODE" VARCHAR2(50),
"NAME" VARCHAR2(200),
"SHORT_NAME" VARCHAR2(50),
"HR_ORG_ID" VARCHAR2(50),
"CREATE_USER" VARCHAR2(50),
"CREATE_TIME" DATETIME(6),
"UPDATE_TIME" DATETIME(6),
"VERSION_NAME" VARCHAR2(50),
"VERSION_BEGIN_DATE" DATE,
"VERSION_END_DATE" DATE,
"VERSION_NO" VARCHAR2(50),
"IS_LAST_VERSION" NUMBER(1,0),
"VERSION_BEGIN_USER_ID" VARCHAR2(50),
"VERSION_END_USER_ID" VARCHAR2(50),
NOT CLUSTER PRIMARY KEY("ID"),
CONSTRAINT "FK_ORG_HR_ORG_V_GROUP_ID" FOREIGN KEY("GROUP_ID") REFERENCES "ORG_GROUP"("ID") ON DELETE CASCADE );
COMMENT ON TABLE "ORG_HR_ORG_V" IS '组织-人力资源组织版本';
COMMENT ON COLUMN "ORG_HR_ORG_V"."CODE" IS '编码';
COMMENT ON COLUMN "ORG_HR_ORG_V"."CREATE_TIME" IS '创建时间';
COMMENT ON COLUMN "ORG_HR_ORG_V"."CREATE_USER" IS '创建人id';
COMMENT ON COLUMN "ORG_HR_ORG_V"."GROUP_ID" IS '所属集团主键';
COMMENT ON COLUMN "ORG_HR_ORG_V"."HR_ORG_ID" IS '人力资源组织主键';
COMMENT ON COLUMN "ORG_HR_ORG_V"."ID" IS '主键';
COMMENT ON COLUMN "ORG_HR_ORG_V"."IS_LAST_VERSION" IS '是否最新版本';
COMMENT ON COLUMN "ORG_HR_ORG_V"."NAME" IS '名称';
COMMENT ON COLUMN "ORG_HR_ORG_V"."ORGANIZATION_ID" IS '所属组织主键';
COMMENT ON COLUMN "ORG_HR_ORG_V"."PARENT_ID" IS '上级人力资源组织主键';
COMMENT ON COLUMN "ORG_HR_ORG_V"."SHORT_NAME" IS '简称';
COMMENT ON COLUMN "ORG_HR_ORG_V"."UPDATE_TIME" IS '更新时间';
COMMENT ON COLUMN "ORG_HR_ORG_V"."VERSION_BEGIN_DATE" IS '版本生效日期';
COMMENT ON COLUMN "ORG_HR_ORG_V"."VERSION_BEGIN_USER_ID" IS '版本启用人主键';
COMMENT ON COLUMN "ORG_HR_ORG_V"."VERSION_END_DATE" IS '版本失效日期';
COMMENT ON COLUMN "ORG_HR_ORG_V"."VERSION_END_USER_ID" IS '版本停用人主键';
COMMENT ON COLUMN "ORG_HR_ORG_V"."VERSION_NAME" IS '版本名称';
COMMENT ON COLUMN "ORG_HR_ORG_V"."VERSION_NO" IS '版本编号';


CREATE TABLE "ORG_MAINTAIN_ORG"
(
"ID" VARCHAR2(50) NOT NULL,
"FINANCE_ORG_ID" VARCHAR2(50),
"ORGANIZATION_ID" VARCHAR2(50) NOT NULL,
"VERSION_ID" VARCHAR2(50),
"NAME" VARCHAR2(200) NOT NULL,
"SHORT_NAME" VARCHAR2(50),
"CREATE_USER" VARCHAR2(50),
"CREATE_TIME" DATETIME(6),
"UPDATE_TIME" VARCHAR2(50),
"GROUP_ID" VARCHAR2(50) NOT NULL,
"CODE" VARCHAR2(50),
"REMARK" VARCHAR2(2000),
"DATA_VERSION" INTEGER DEFAULT 0,
NOT CLUSTER PRIMARY KEY("ID"),
CONSTRAINT "FK_ORG_MAINTAIN_ORG_ORG_ID" FOREIGN KEY("ORGANIZATION_ID") REFERENCES "ORG_ORGANIZATION"("ID") ON DELETE CASCADE ,
CONSTRAINT "FK_ORG_MAINTAIN_ORG_GROUP_ID" FOREIGN KEY("GROUP_ID") REFERENCES "ORG_GROUP"("ID") ON DELETE CASCADE ,
CONSTRAINT "UK_ORG_MAINTAIN_ORG_CODE" UNIQUE("CODE"))  ;
COMMENT ON TABLE "ORG_MAINTAIN_ORG" IS '组织-维修组织';
COMMENT ON COLUMN "ORG_MAINTAIN_ORG"."CODE" IS '编码';
COMMENT ON COLUMN "ORG_MAINTAIN_ORG"."CREATE_TIME" IS '创建时间';
COMMENT ON COLUMN "ORG_MAINTAIN_ORG"."CREATE_USER" IS '创建人id';
COMMENT ON COLUMN "ORG_MAINTAIN_ORG"."DATA_VERSION" IS '数据版本';
COMMENT ON COLUMN "ORG_MAINTAIN_ORG"."FINANCE_ORG_ID" IS '默认财务组织主键';
COMMENT ON COLUMN "ORG_MAINTAIN_ORG"."GROUP_ID" IS '所属集团主键';
COMMENT ON COLUMN "ORG_MAINTAIN_ORG"."ID" IS '主键';
COMMENT ON COLUMN "ORG_MAINTAIN_ORG"."NAME" IS '名称';
COMMENT ON COLUMN "ORG_MAINTAIN_ORG"."ORGANIZATION_ID" IS '所属组织主键';
COMMENT ON COLUMN "ORG_MAINTAIN_ORG"."REMARK" IS '备注';
COMMENT ON COLUMN "ORG_MAINTAIN_ORG"."SHORT_NAME" IS '简称';
COMMENT ON COLUMN "ORG_MAINTAIN_ORG"."UPDATE_TIME" IS '更新时间';
COMMENT ON COLUMN "ORG_MAINTAIN_ORG"."VERSION_ID" IS '版本主键';


CREATE TABLE "ORG_MAINTAIN_ORG_V"
(
"ID" VARCHAR2(50) NOT NULL,
"FINANCE_ORG_ID" VARCHAR2(50),
"ORGANIZATION_ID" VARCHAR2(50) NOT NULL,
"MAINTAIN_ORG_ID" VARCHAR2(50),
"NAME" VARCHAR2(200) NOT NULL,
"SHORT_NAME" VARCHAR2(50),
"CREATE_USER" VARCHAR2(50),
"CREATE_TIME" DATETIME(6),
"UPDATE_TIME" VARCHAR2(50),
"VERSION_NO" VARCHAR2(50),
"VERSION_NAME" VARCHAR2(50),
"VERSION_BEGIN_DATE" DATE,
"VERSION_END_DATE" DATE,
"GROUP_ID" VARCHAR2(50) NOT NULL,
"IS_LAST_VERSION" NUMBER(1,0),
"CODE" VARCHAR2(50),
"VERSION_BEGIN_USER_ID" VARCHAR2(50),
"VERSION_END_USER_ID" VARCHAR2(50),
"REMARK" VARCHAR2(2000),
NOT CLUSTER PRIMARY KEY("ID"),
CONSTRAINT "FK_ORG_MAINTAIN_ORG_V_GID" FOREIGN KEY("GROUP_ID") REFERENCES "ORG_GROUP"("ID") ON DELETE CASCADE )  ;
COMMENT ON TABLE "ORG_MAINTAIN_ORG_V" IS '组织-维修组织版本';
COMMENT ON COLUMN "ORG_MAINTAIN_ORG_V"."CODE" IS '编码';
COMMENT ON COLUMN "ORG_MAINTAIN_ORG_V"."CREATE_TIME" IS '创建时间';
COMMENT ON COLUMN "ORG_MAINTAIN_ORG_V"."CREATE_USER" IS '创建人id';
COMMENT ON COLUMN "ORG_MAINTAIN_ORG_V"."FINANCE_ORG_ID" IS '默认财务组织主键';
COMMENT ON COLUMN "ORG_MAINTAIN_ORG_V"."GROUP_ID" IS '所属集团主键';
COMMENT ON COLUMN "ORG_MAINTAIN_ORG_V"."ID" IS '主键';
COMMENT ON COLUMN "ORG_MAINTAIN_ORG_V"."IS_LAST_VERSION" IS '是否最新版本';
COMMENT ON COLUMN "ORG_MAINTAIN_ORG_V"."MAINTAIN_ORG_ID" IS '维修组织主键';
COMMENT ON COLUMN "ORG_MAINTAIN_ORG_V"."NAME" IS '名称';
COMMENT ON COLUMN "ORG_MAINTAIN_ORG_V"."ORGANIZATION_ID" IS '所属组织主键';
COMMENT ON COLUMN "ORG_MAINTAIN_ORG_V"."REMARK" IS '备注';
COMMENT ON COLUMN "ORG_MAINTAIN_ORG_V"."SHORT_NAME" IS '简称';
COMMENT ON COLUMN "ORG_MAINTAIN_ORG_V"."UPDATE_TIME" IS '更新时间';
COMMENT ON COLUMN "ORG_MAINTAIN_ORG_V"."VERSION_BEGIN_DATE" IS '版本生效日期';
COMMENT ON COLUMN "ORG_MAINTAIN_ORG_V"."VERSION_BEGIN_USER_ID" IS '版本启用人主键';
COMMENT ON COLUMN "ORG_MAINTAIN_ORG_V"."VERSION_END_DATE" IS '版本失效日期';
COMMENT ON COLUMN "ORG_MAINTAIN_ORG_V"."VERSION_END_USER_ID" IS '版本停用人主键';
COMMENT ON COLUMN "ORG_MAINTAIN_ORG_V"."VERSION_NAME" IS '版本名称';
COMMENT ON COLUMN "ORG_MAINTAIN_ORG_V"."VERSION_NO" IS '版本编号';


CREATE TABLE "ORG_ORGANIZATION_TYPE"
(
"ID" VARCHAR2(50) NOT NULL,
"IS_CORPORATION" NUMBER(1,0),
"IS_PROJECT" NUMBER(1,0),
"IS_ASSET" NUMBER(1,0),
"IS_SALES" NUMBER(1,0),
"IS_STOCK" NUMBER(1,0),
"IS_PURCHASE" NUMBER(1,0),
"IS_QC" NUMBER(1,0),
"IS_TRAFFIC" NUMBER(1,0),
"IS_MAINTAIN" NUMBER(1,0),
"IS_HR" NUMBER(1,0),
"IS_ADMINISTRATION" NUMBER(1,0),
"IS_FACTORY" NUMBER(1,0),
"IS_GROUP" NUMBER(1,0),
"IS_FINANCE" NUMBER(1,0),
"DATA_VERSION" INTEGER DEFAULT 0,
"IS_DEPARTMENT" NUMBER(1,0),
NOT CLUSTER PRIMARY KEY("ID"),
CONSTRAINT "FK_ORG_ORGANIZATION_TYPE_ID" FOREIGN KEY("ID") REFERENCES "ORG_ORGANIZATION"("ID") ON DELETE CASCADE )  ;
COMMENT ON TABLE "ORG_ORGANIZATION_TYPE" IS '组织-组织-职能';
COMMENT ON COLUMN "ORG_ORGANIZATION_TYPE"."DATA_VERSION" IS '数据版本';
COMMENT ON COLUMN "ORG_ORGANIZATION_TYPE"."ID" IS '主键';
COMMENT ON COLUMN "ORG_ORGANIZATION_TYPE"."IS_ADMINISTRATION" IS '是否行政组织';
COMMENT ON COLUMN "ORG_ORGANIZATION_TYPE"."IS_ASSET" IS '是否固定资产组织';
COMMENT ON COLUMN "ORG_ORGANIZATION_TYPE"."IS_CORPORATION" IS '是否法人公司组织';
COMMENT ON COLUMN "ORG_ORGANIZATION_TYPE"."IS_DEPARTMENT" IS '是否部门';
COMMENT ON COLUMN "ORG_ORGANIZATION_TYPE"."IS_FACTORY" IS '是否工厂组织';
COMMENT ON COLUMN "ORG_ORGANIZATION_TYPE"."IS_FINANCE" IS '是否财务组织';
COMMENT ON COLUMN "ORG_ORGANIZATION_TYPE"."IS_GROUP" IS '是否集团组织';
COMMENT ON COLUMN "ORG_ORGANIZATION_TYPE"."IS_HR" IS '是否人力资源组织';
COMMENT ON COLUMN "ORG_ORGANIZATION_TYPE"."IS_MAINTAIN" IS '是否维修组织';
COMMENT ON COLUMN "ORG_ORGANIZATION_TYPE"."IS_PROJECT" IS '是否项目组织';
COMMENT ON COLUMN "ORG_ORGANIZATION_TYPE"."IS_PURCHASE" IS '是否采购组织';
COMMENT ON COLUMN "ORG_ORGANIZATION_TYPE"."IS_QC" IS '是否质检组织';
COMMENT ON COLUMN "ORG_ORGANIZATION_TYPE"."IS_SALES" IS '是否销售组织';
COMMENT ON COLUMN "ORG_ORGANIZATION_TYPE"."IS_STOCK" IS '是否库存组织';
COMMENT ON COLUMN "ORG_ORGANIZATION_TYPE"."IS_TRAFFIC" IS '是否物流组织';





CREATE TABLE "ORG_ORGANIZATION_V_TYPE"
(
"ID" VARCHAR2(50) NOT NULL,
"IS_CORPORATION" NUMBER(1,0),
"IS_PROJECT" NUMBER(1,0),
"IS_ASSET" NUMBER(1,0),
"IS_SALES" NUMBER(1,0),
"IS_STOCK" NUMBER(1,0),
"IS_PURCHASE" NUMBER(1,0),
"IS_QC" NUMBER(1,0),
"IS_TRAFFIC" NUMBER(1,0),
"IS_MAINTAIN" NUMBER(1,0),
"IS_HR" NUMBER(1,0),
"IS_ADMINISTRATION" NUMBER(1,0),
"IS_FACTORY" NUMBER(1,0),
"IS_GROUP" NUMBER(1,0),
"IS_FINANCE" NUMBER(1,0),
"IS_DEPARTMENT" NUMBER(1,0),
"DATA_VERSION" INTEGER DEFAULT 0,
NOT CLUSTER PRIMARY KEY("ID"),
CONSTRAINT "FK_ORG_ORGANIZATION_V_TYPE_ID" FOREIGN KEY("ID") REFERENCES "ORG_ORGANIZATION_V"("ID") ON DELETE CASCADE )  ;
COMMENT ON TABLE "ORG_ORGANIZATION_V_TYPE" IS '组织-组织-职能';
COMMENT ON COLUMN "ORG_ORGANIZATION_V_TYPE"."ID" IS '主键';
COMMENT ON COLUMN "ORG_ORGANIZATION_V_TYPE"."IS_ADMINISTRATION" IS '是否行政组织';
COMMENT ON COLUMN "ORG_ORGANIZATION_V_TYPE"."IS_ASSET" IS '是否固定资产组织';
COMMENT ON COLUMN "ORG_ORGANIZATION_V_TYPE"."IS_CORPORATION" IS '是否法人公司组织';
COMMENT ON COLUMN "ORG_ORGANIZATION_V_TYPE"."IS_DEPARTMENT" IS '是否部门';
COMMENT ON COLUMN "ORG_ORGANIZATION_V_TYPE"."IS_FACTORY" IS '是否工厂组织';
COMMENT ON COLUMN "ORG_ORGANIZATION_V_TYPE"."IS_FINANCE" IS '是否财务组织';
COMMENT ON COLUMN "ORG_ORGANIZATION_V_TYPE"."IS_GROUP" IS '是否集团组织';
COMMENT ON COLUMN "ORG_ORGANIZATION_V_TYPE"."IS_HR" IS '是否人力资源组织';
COMMENT ON COLUMN "ORG_ORGANIZATION_V_TYPE"."IS_MAINTAIN" IS '是否维修组织';
COMMENT ON COLUMN "ORG_ORGANIZATION_V_TYPE"."IS_PROJECT" IS '是否项目组织';
COMMENT ON COLUMN "ORG_ORGANIZATION_V_TYPE"."IS_PURCHASE" IS '是否采购组织';
COMMENT ON COLUMN "ORG_ORGANIZATION_V_TYPE"."IS_QC" IS '是否质检组织';
COMMENT ON COLUMN "ORG_ORGANIZATION_V_TYPE"."IS_SALES" IS '是否销售组织';
COMMENT ON COLUMN "ORG_ORGANIZATION_V_TYPE"."IS_STOCK" IS '是否库存组织';
COMMENT ON COLUMN "ORG_ORGANIZATION_V_TYPE"."IS_TRAFFIC" IS '是否物流组织';
COMMENT ON COLUMN "ORG_ORGANIZATION_V_TYPE"."DATA_VERSION" IS '数据版本';


CREATE TABLE "ORG_PROJECT_ORG"
(
"ID" VARCHAR2(50) NOT NULL,
"PARENT_ID" VARCHAR2(50),
"ORGANIZATION_ID" VARCHAR2(50) NOT NULL,
"VERSION_ID" VARCHAR2(50),
"NAME" VARCHAR2(200) NOT NULL,
"SHORT_NAME" VARCHAR2(50),
"CREATE_USER" VARCHAR2(50),
"CREATE_TIME" DATETIME(6),
"UPDATE_TIME" VARCHAR2(50),
"GROUP_ID" VARCHAR2(50) NOT NULL,
"CODE" VARCHAR2(50),
"REMARK" VARCHAR2(2000),
"DATA_VERSION" INTEGER DEFAULT 0,
NOT CLUSTER PRIMARY KEY("ID"),
CONSTRAINT "FK_ORG_PROJECT_ORG_ORG_ID" FOREIGN KEY("ORGANIZATION_ID") REFERENCES "ORG_ORGANIZATION"("ID") ON DELETE CASCADE ,
CONSTRAINT "FK_ORG_PROJECT_ORG_GROUP_ID" FOREIGN KEY("GROUP_ID") REFERENCES "ORG_GROUP"("ID") ON DELETE CASCADE ,
CONSTRAINT "UK_ORG_PROJECT_ORG_CODE" UNIQUE("CODE"))  ;
COMMENT ON TABLE "ORG_PROJECT_ORG" IS '组织-项目组织';
COMMENT ON COLUMN "ORG_PROJECT_ORG"."CODE" IS '编码';
COMMENT ON COLUMN "ORG_PROJECT_ORG"."CREATE_TIME" IS '创建时间';
COMMENT ON COLUMN "ORG_PROJECT_ORG"."CREATE_USER" IS '创建人id';
COMMENT ON COLUMN "ORG_PROJECT_ORG"."DATA_VERSION" IS '数据版本';
COMMENT ON COLUMN "ORG_PROJECT_ORG"."GROUP_ID" IS '所属集团主键';
COMMENT ON COLUMN "ORG_PROJECT_ORG"."ID" IS '主键';
COMMENT ON COLUMN "ORG_PROJECT_ORG"."NAME" IS '名称';
COMMENT ON COLUMN "ORG_PROJECT_ORG"."ORGANIZATION_ID" IS '所属组织主键';
COMMENT ON COLUMN "ORG_PROJECT_ORG"."PARENT_ID" IS '上级项目组织主键';
COMMENT ON COLUMN "ORG_PROJECT_ORG"."REMARK" IS '备注';
COMMENT ON COLUMN "ORG_PROJECT_ORG"."SHORT_NAME" IS '简称';
COMMENT ON COLUMN "ORG_PROJECT_ORG"."UPDATE_TIME" IS '更新时间';
COMMENT ON COLUMN "ORG_PROJECT_ORG"."VERSION_ID" IS '版本主键';


CREATE TABLE "ORG_PROJECT_ORG_V"
(
"ID" VARCHAR2(50) NOT NULL,
"PARENT_ID" VARCHAR2(50),
"ORGANIZATION_ID" VARCHAR2(50) NOT NULL,
"PROJECT_ORG_ID" VARCHAR2(50),
"NAME" VARCHAR2(200) NOT NULL,
"SHORT_NAME" VARCHAR2(50),
"CREATE_USER" VARCHAR2(50),
"CREATE_TIME" DATETIME(6),
"UPDATE_TIME" VARCHAR2(50),
"VERSION_NO" VARCHAR2(50),
"VERSION_NAME" VARCHAR2(50),
"VERSION_BEGIN_DATE" DATE,
"VERSION_END_DATE" DATE,
"GROUP_ID" VARCHAR2(50) NOT NULL,
"IS_LAST_VERSION" NUMBER(1,0),
"CODE" VARCHAR2(50),
"VERSION_BEGIN_USER_ID" VARCHAR2(50),
"VERSION_END_USER_ID" VARCHAR2(50),
"REMARK" VARCHAR2(2000),
NOT CLUSTER PRIMARY KEY("ID"),
CONSTRAINT "FK_ORG_PROJECT_ORG_V_GROUP_ID" FOREIGN KEY("GROUP_ID") REFERENCES "ORG_GROUP"("ID") ON DELETE CASCADE )  ;
COMMENT ON TABLE "ORG_PROJECT_ORG_V" IS '组织-项目组织版本';
COMMENT ON COLUMN "ORG_PROJECT_ORG_V"."CODE" IS '编码';
COMMENT ON COLUMN "ORG_PROJECT_ORG_V"."CREATE_TIME" IS '创建时间';
COMMENT ON COLUMN "ORG_PROJECT_ORG_V"."CREATE_USER" IS '创建人id';
COMMENT ON COLUMN "ORG_PROJECT_ORG_V"."GROUP_ID" IS '所属集团主键';
COMMENT ON COLUMN "ORG_PROJECT_ORG_V"."ID" IS '主键';
COMMENT ON COLUMN "ORG_PROJECT_ORG_V"."IS_LAST_VERSION" IS '是否最新版本';
COMMENT ON COLUMN "ORG_PROJECT_ORG_V"."NAME" IS '名称';
COMMENT ON COLUMN "ORG_PROJECT_ORG_V"."ORGANIZATION_ID" IS '所属组织主键';
COMMENT ON COLUMN "ORG_PROJECT_ORG_V"."PARENT_ID" IS '上级项目组织主键';
COMMENT ON COLUMN "ORG_PROJECT_ORG_V"."PROJECT_ORG_ID" IS '项目组织主键';
COMMENT ON COLUMN "ORG_PROJECT_ORG_V"."REMARK" IS '备注';
COMMENT ON COLUMN "ORG_PROJECT_ORG_V"."SHORT_NAME" IS '简称';
COMMENT ON COLUMN "ORG_PROJECT_ORG_V"."UPDATE_TIME" IS '更新时间';
COMMENT ON COLUMN "ORG_PROJECT_ORG_V"."VERSION_BEGIN_DATE" IS '版本生效日期';
COMMENT ON COLUMN "ORG_PROJECT_ORG_V"."VERSION_BEGIN_USER_ID" IS '版本启用人主键';
COMMENT ON COLUMN "ORG_PROJECT_ORG_V"."VERSION_END_DATE" IS '版本失效日期';
COMMENT ON COLUMN "ORG_PROJECT_ORG_V"."VERSION_END_USER_ID" IS '版本停用人主键';
COMMENT ON COLUMN "ORG_PROJECT_ORG_V"."VERSION_NAME" IS '版本名称';
COMMENT ON COLUMN "ORG_PROJECT_ORG_V"."VERSION_NO" IS '版本编号';


CREATE TABLE "ORG_PURCHASE_ORG"
(
"ID" VARCHAR2(50) NOT NULL,
"PARENT_ID" VARCHAR2(50),
"ORGANIZATION_ID" VARCHAR2(50),
"VERSION_ID" VARCHAR2(50),
"NAME" VARCHAR2(200),
"SHORT_NAME" VARCHAR2(50),
"CREATE_USER" VARCHAR2(50),
"CREATE_TIME" DATETIME(6),
"UPDATE_TIME" VARCHAR2(50),
"GROUP_ID" VARCHAR2(50),
"CODE" VARCHAR2(50),
"REMARK" VARCHAR2(2000),
"DATA_VERSION" INTEGER DEFAULT 0,
NOT CLUSTER PRIMARY KEY("ID"),
CONSTRAINT "FK_ORG_PURCHASE_ORG_ORG_ID" FOREIGN KEY("ORGANIZATION_ID") REFERENCES "ORG_ORGANIZATION"("ID") ON DELETE CASCADE ,
CONSTRAINT "FK_ORG_PURCHASE_ORG_GROUP_ID" FOREIGN KEY("GROUP_ID") REFERENCES "ORG_GROUP"("ID") ON DELETE CASCADE ,
CONSTRAINT "FK_ORG_PURCHASE_ORG_CODE" UNIQUE("CODE"))  ;
COMMENT ON TABLE "ORG_PURCHASE_ORG" IS '组织-采购组织';
COMMENT ON COLUMN "ORG_PURCHASE_ORG"."CODE" IS '编码';
COMMENT ON COLUMN "ORG_PURCHASE_ORG"."CREATE_TIME" IS '创建时间';
COMMENT ON COLUMN "ORG_PURCHASE_ORG"."CREATE_USER" IS '创建人id';
COMMENT ON COLUMN "ORG_PURCHASE_ORG"."DATA_VERSION" IS '数据版本';
COMMENT ON COLUMN "ORG_PURCHASE_ORG"."GROUP_ID" IS '所属集团主键';
COMMENT ON COLUMN "ORG_PURCHASE_ORG"."ID" IS '主键';
COMMENT ON COLUMN "ORG_PURCHASE_ORG"."NAME" IS '名称';
COMMENT ON COLUMN "ORG_PURCHASE_ORG"."ORGANIZATION_ID" IS '所属组织主键';
COMMENT ON COLUMN "ORG_PURCHASE_ORG"."PARENT_ID" IS '上级采购组织主键';
COMMENT ON COLUMN "ORG_PURCHASE_ORG"."REMARK" IS '备注';
COMMENT ON COLUMN "ORG_PURCHASE_ORG"."SHORT_NAME" IS '简称';
COMMENT ON COLUMN "ORG_PURCHASE_ORG"."UPDATE_TIME" IS '更新时间';
COMMENT ON COLUMN "ORG_PURCHASE_ORG"."VERSION_ID" IS '版本主键';


CREATE TABLE "ORG_PURCHASE_ORG_V"
(
"ID" VARCHAR2(50) NOT NULL,
"PARENT_ID" VARCHAR2(50),
"ORGANIZATION_ID" VARCHAR2(50),
"PURCHASE_ORG_ID" VARCHAR2(50),
"NAME" VARCHAR2(200),
"SHORT_NAME" VARCHAR2(50),
"CREATE_USER" VARCHAR2(50),
"CREATE_TIME" DATETIME(6),
"UPDATE_TIME" VARCHAR2(50),
"GROUP_ID" VARCHAR2(50),
"IS_LAST_VERSION" NUMBER(1,0),
"VERSION_BEGIN_USER_ID" VARCHAR2(50),
"VERSION_END_USER_ID" VARCHAR2(50),
"REMARK" VARCHAR2(2000),
NOT CLUSTER PRIMARY KEY("ID"),
CONSTRAINT "FK_ORG_PURCHASE_ORG_V_GID" FOREIGN KEY("GROUP_ID") REFERENCES "ORG_GROUP"("ID") ON DELETE CASCADE )  ;
COMMENT ON TABLE "ORG_PURCHASE_ORG_V" IS '组织-采购组织版本';
COMMENT ON COLUMN "ORG_PURCHASE_ORG_V"."CREATE_TIME" IS '创建时间';
COMMENT ON COLUMN "ORG_PURCHASE_ORG_V"."CREATE_USER" IS '创建人id';
COMMENT ON COLUMN "ORG_PURCHASE_ORG_V"."GROUP_ID" IS '所属集团主键';
COMMENT ON COLUMN "ORG_PURCHASE_ORG_V"."ID" IS '主键';
COMMENT ON COLUMN "ORG_PURCHASE_ORG_V"."IS_LAST_VERSION" IS '是否最新版本';
COMMENT ON COLUMN "ORG_PURCHASE_ORG_V"."NAME" IS '名称';
COMMENT ON COLUMN "ORG_PURCHASE_ORG_V"."ORGANIZATION_ID" IS '所属组织主键';
COMMENT ON COLUMN "ORG_PURCHASE_ORG_V"."PARENT_ID" IS '上级采购组织主键';
COMMENT ON COLUMN "ORG_PURCHASE_ORG_V"."PURCHASE_ORG_ID" IS '采购组织主键';
COMMENT ON COLUMN "ORG_PURCHASE_ORG_V"."REMARK" IS '备注';
COMMENT ON COLUMN "ORG_PURCHASE_ORG_V"."SHORT_NAME" IS '简称';
COMMENT ON COLUMN "ORG_PURCHASE_ORG_V"."UPDATE_TIME" IS '更新时间';
COMMENT ON COLUMN "ORG_PURCHASE_ORG_V"."VERSION_BEGIN_USER_ID" IS '版本启用人主键';
COMMENT ON COLUMN "ORG_PURCHASE_ORG_V"."VERSION_END_USER_ID" IS '版本停用人主键';


CREATE TABLE "ORG_SALES_ORG"
(
"ID" VARCHAR2(50) NOT NULL,
"PARENT_ID" VARCHAR2(50),
"ORGANIZATION_ID" VARCHAR2(50) NOT NULL,
"VERSION_ID" VARCHAR2(50),
"NAME" VARCHAR2(200) NOT NULL,
"SHORT_NAME" VARCHAR2(50),
"CREATE_USER" VARCHAR2(50),
"CREATE_TIME" DATETIME(6),
"UPDATE_TIME" VARCHAR2(50),
"GROUP_ID" VARCHAR2(50) NOT NULL,
"CODE" VARCHAR2(50),
"REMARK" VARCHAR2(2000),
"DATA_VERSION" INTEGER DEFAULT 0,
NOT CLUSTER PRIMARY KEY("ID"),
CONSTRAINT "FK_ORG_SALES_ORG_ORG_ID" FOREIGN KEY("ORGANIZATION_ID") REFERENCES "ORG_ORGANIZATION"("ID") ON DELETE CASCADE ,
CONSTRAINT "FK_ORG_SALES_ORG_GROUP_ID" FOREIGN KEY("GROUP_ID") REFERENCES "ORG_GROUP"("ID") ON DELETE CASCADE ,
CONSTRAINT "UK_ORG_SALES_ORG_CODE" UNIQUE("CODE"))  ;
COMMENT ON TABLE "ORG_SALES_ORG" IS '组织-销售组织';
COMMENT ON COLUMN "ORG_SALES_ORG"."CODE" IS '编码';
COMMENT ON COLUMN "ORG_SALES_ORG"."CREATE_TIME" IS '创建时间';
COMMENT ON COLUMN "ORG_SALES_ORG"."CREATE_USER" IS '创建人id';
COMMENT ON COLUMN "ORG_SALES_ORG"."DATA_VERSION" IS '数据版本';
COMMENT ON COLUMN "ORG_SALES_ORG"."GROUP_ID" IS '所属集团主键';
COMMENT ON COLUMN "ORG_SALES_ORG"."ID" IS '主键';
COMMENT ON COLUMN "ORG_SALES_ORG"."NAME" IS '名称';
COMMENT ON COLUMN "ORG_SALES_ORG"."ORGANIZATION_ID" IS '所属组织主键';
COMMENT ON COLUMN "ORG_SALES_ORG"."PARENT_ID" IS '上级销售组织主键';
COMMENT ON COLUMN "ORG_SALES_ORG"."REMARK" IS '备注';
COMMENT ON COLUMN "ORG_SALES_ORG"."SHORT_NAME" IS '简称';
COMMENT ON COLUMN "ORG_SALES_ORG"."UPDATE_TIME" IS '更新时间';
COMMENT ON COLUMN "ORG_SALES_ORG"."VERSION_ID" IS '版本主键';


CREATE TABLE "ORG_SALES_ORG_V"
(
"ID" VARCHAR2(50) NOT NULL,
"PARENT_ID" VARCHAR2(50),
"ORGANIZATION_ID" VARCHAR2(50) NOT NULL,
"SALES_ORG_ID" VARCHAR2(50),
"NAME" VARCHAR2(200) NOT NULL,
"SHORT_NAME" VARCHAR2(50),
"CREATE_USER" VARCHAR2(50),
"CREATE_TIME" DATETIME(6),
"UPDATE_TIME" VARCHAR2(50),
"VERSION_NO" VARCHAR2(50),
"VERSION_NAME" VARCHAR2(50),
"VERSION_BEGIN_DATE" DATE,
"VERSION_END_DATE" DATE,
"GROUP_ID" VARCHAR2(50) NOT NULL,
"IS_LAST_VERSION" NUMBER(1,0),
"CODE" VARCHAR2(50),
"VERSION_BEGIN_USER_ID" VARCHAR2(50),
"VERSION_END_USER_ID" VARCHAR2(50),
"REMARK" VARCHAR2(2000),
NOT CLUSTER PRIMARY KEY("ID"),
CONSTRAINT "FK_ORG_SALES_ORG_V_GROUP_ID" FOREIGN KEY("GROUP_ID") REFERENCES "ORG_GROUP"("ID") ON DELETE CASCADE )  ;
COMMENT ON TABLE "ORG_SALES_ORG_V" IS '组织-销售组织版本';
COMMENT ON COLUMN "ORG_SALES_ORG_V"."CODE" IS '编码';
COMMENT ON COLUMN "ORG_SALES_ORG_V"."CREATE_TIME" IS '创建时间';
COMMENT ON COLUMN "ORG_SALES_ORG_V"."CREATE_USER" IS '创建人id';
COMMENT ON COLUMN "ORG_SALES_ORG_V"."GROUP_ID" IS '所属集团主键';
COMMENT ON COLUMN "ORG_SALES_ORG_V"."ID" IS '主键';
COMMENT ON COLUMN "ORG_SALES_ORG_V"."IS_LAST_VERSION" IS '是否最新版本';
COMMENT ON COLUMN "ORG_SALES_ORG_V"."NAME" IS '名称';
COMMENT ON COLUMN "ORG_SALES_ORG_V"."ORGANIZATION_ID" IS '所属组织主键';
COMMENT ON COLUMN "ORG_SALES_ORG_V"."PARENT_ID" IS '上级销售组织主键';
COMMENT ON COLUMN "ORG_SALES_ORG_V"."REMARK" IS '备注';
COMMENT ON COLUMN "ORG_SALES_ORG_V"."SALES_ORG_ID" IS '销售组织主键';
COMMENT ON COLUMN "ORG_SALES_ORG_V"."SHORT_NAME" IS '简称';
COMMENT ON COLUMN "ORG_SALES_ORG_V"."UPDATE_TIME" IS '更新时间';
COMMENT ON COLUMN "ORG_SALES_ORG_V"."VERSION_BEGIN_DATE" IS '版本生效日期';
COMMENT ON COLUMN "ORG_SALES_ORG_V"."VERSION_BEGIN_USER_ID" IS '版本启用人主键';
COMMENT ON COLUMN "ORG_SALES_ORG_V"."VERSION_END_DATE" IS '版本失效日期';
COMMENT ON COLUMN "ORG_SALES_ORG_V"."VERSION_END_USER_ID" IS '版本停用人主键';
COMMENT ON COLUMN "ORG_SALES_ORG_V"."VERSION_NAME" IS '版本名称';
COMMENT ON COLUMN "ORG_SALES_ORG_V"."VERSION_NO" IS '版本编号';


CREATE TABLE "ORG_STOCK_ORG"
(
"ID" VARCHAR2(50) NOT NULL,
"FINANCE_ORG_ID" VARCHAR2(50),
"ORGANIZATION_ID" VARCHAR2(50) NOT NULL,
"VERSION_ID" VARCHAR2(50),
"NAME" VARCHAR2(200) NOT NULL,
"SHORT_NAME" VARCHAR2(50),
"CREATE_USER" VARCHAR2(50),
"CREATE_TIME" DATETIME(6),
"UPDATE_TIME" VARCHAR2(50),
"GROUP_ID" VARCHAR2(50) NOT NULL,
"CODE" VARCHAR2(50),
"REMARK" VARCHAR2(2000),
"DATA_VERSION" INTEGER DEFAULT 0,
NOT CLUSTER PRIMARY KEY("ID"),
CONSTRAINT "FK_ORG_STOCK_ORG_GROUP_ID" FOREIGN KEY("GROUP_ID") REFERENCES "ORG_GROUP"("ID") ON DELETE CASCADE ,
CONSTRAINT "UK_ORG_STOCK_ORG_CODE" UNIQUE("CODE"))  ;
COMMENT ON TABLE "ORG_STOCK_ORG" IS '组织-库存组织';
COMMENT ON COLUMN "ORG_STOCK_ORG"."CODE" IS '编码';
COMMENT ON COLUMN "ORG_STOCK_ORG"."CREATE_TIME" IS '创建时间';
COMMENT ON COLUMN "ORG_STOCK_ORG"."CREATE_USER" IS '创建人id';
COMMENT ON COLUMN "ORG_STOCK_ORG"."DATA_VERSION" IS '数据版本';
COMMENT ON COLUMN "ORG_STOCK_ORG"."FINANCE_ORG_ID" IS '所属财务组织主键';
COMMENT ON COLUMN "ORG_STOCK_ORG"."GROUP_ID" IS '所属集团主键';
COMMENT ON COLUMN "ORG_STOCK_ORG"."ID" IS '主键';
COMMENT ON COLUMN "ORG_STOCK_ORG"."NAME" IS '名称';
COMMENT ON COLUMN "ORG_STOCK_ORG"."ORGANIZATION_ID" IS '所属组织主键';
COMMENT ON COLUMN "ORG_STOCK_ORG"."REMARK" IS '备注';
COMMENT ON COLUMN "ORG_STOCK_ORG"."SHORT_NAME" IS '简称';
COMMENT ON COLUMN "ORG_STOCK_ORG"."UPDATE_TIME" IS '更新时间';
COMMENT ON COLUMN "ORG_STOCK_ORG"."VERSION_ID" IS '版本主键';


CREATE TABLE "ORG_STOCK_ORG_V"
(
"ID" VARCHAR2(50) NOT NULL,
"FINANCE_ORG_ID" VARCHAR2(50),
"ORGANIZATION_ID" VARCHAR2(50) NOT NULL,
"STOCK_ORG_ID" VARCHAR2(50),
"NAME" VARCHAR2(200) NOT NULL,
"SHORT_NAME" VARCHAR2(50),
"CREATE_USER" VARCHAR2(50),
"CREATE_TIME" DATETIME(6),
"UPDATE_TIME" VARCHAR2(50),
"VERSION_NO" VARCHAR2(50),
"VERSION_NAME" VARCHAR2(50),
"VERSION_BEGIN_DATE" DATE,
"VERSION_END_DATE" DATE,
"GROUP_ID" VARCHAR2(50) NOT NULL,
"IS_LAST_VERSION" NUMBER(1,0),
"CODE" VARCHAR2(50),
"VERSION_BEGIN_USER_ID" VARCHAR2(50),
"VERSION_END_USER_ID" VARCHAR2(50),
"REMARK" VARCHAR2(2000),
NOT CLUSTER PRIMARY KEY("ID"),
CONSTRAINT "FK_ORG_STOCK_ORG_V_GROUP_ID" FOREIGN KEY("GROUP_ID") REFERENCES "ORG_GROUP"("ID") ON DELETE CASCADE )  ;
COMMENT ON TABLE "ORG_STOCK_ORG_V" IS '组织-库存组织版本';
COMMENT ON COLUMN "ORG_STOCK_ORG_V"."CODE" IS '编码';
COMMENT ON COLUMN "ORG_STOCK_ORG_V"."CREATE_TIME" IS '创建时间';
COMMENT ON COLUMN "ORG_STOCK_ORG_V"."CREATE_USER" IS '创建人id';
COMMENT ON COLUMN "ORG_STOCK_ORG_V"."FINANCE_ORG_ID" IS '所属财务组织主键';
COMMENT ON COLUMN "ORG_STOCK_ORG_V"."GROUP_ID" IS '所属集团主键';
COMMENT ON COLUMN "ORG_STOCK_ORG_V"."ID" IS '主键';
COMMENT ON COLUMN "ORG_STOCK_ORG_V"."IS_LAST_VERSION" IS '是否最新版本';
COMMENT ON COLUMN "ORG_STOCK_ORG_V"."NAME" IS '名称';
COMMENT ON COLUMN "ORG_STOCK_ORG_V"."ORGANIZATION_ID" IS '所属组织主键';
COMMENT ON COLUMN "ORG_STOCK_ORG_V"."REMARK" IS '备注';
COMMENT ON COLUMN "ORG_STOCK_ORG_V"."SHORT_NAME" IS '简称';
COMMENT ON COLUMN "ORG_STOCK_ORG_V"."STOCK_ORG_ID" IS '库存组织主键';
COMMENT ON COLUMN "ORG_STOCK_ORG_V"."UPDATE_TIME" IS '更新时间';
COMMENT ON COLUMN "ORG_STOCK_ORG_V"."VERSION_BEGIN_DATE" IS '版本生效日期';
COMMENT ON COLUMN "ORG_STOCK_ORG_V"."VERSION_BEGIN_USER_ID" IS '版本启用人主键';
COMMENT ON COLUMN "ORG_STOCK_ORG_V"."VERSION_END_DATE" IS '版本失效日期';
COMMENT ON COLUMN "ORG_STOCK_ORG_V"."VERSION_END_USER_ID" IS '版本停用人主键';
COMMENT ON COLUMN "ORG_STOCK_ORG_V"."VERSION_NAME" IS '版本名称';
COMMENT ON COLUMN "ORG_STOCK_ORG_V"."VERSION_NO" IS '版本编号';

CREATE TABLE "ORG_TRAFFIC_ORG"
(
"ID" VARCHAR2(50) NOT NULL,
"FINANCE_ORG_ID" VARCHAR2(50),
"ORGANIZATION_ID" VARCHAR2(50) NOT NULL,
"VERSION_ID" VARCHAR2(50),
"NAME" VARCHAR2(200) NOT NULL,
"SHORT_NAME" VARCHAR2(50),
"CREATE_USER" VARCHAR2(50),
"CREATE_TIME" DATETIME(6),
"UPDATE_TIME" VARCHAR2(50),
"GROUP_ID" VARCHAR2(50) NOT NULL,
"CODE" VARCHAR2(50),
"REMARK" VARCHAR2(2000),
"DATA_VERSION" INTEGER DEFAULT 0,
NOT CLUSTER PRIMARY KEY("ID"),
CONSTRAINT "FK_ORG_TRAFFIC_ORG_GROUP_ID" FOREIGN KEY("GROUP_ID") REFERENCES "ORG_GROUP"("ID") ON DELETE CASCADE ,
CONSTRAINT "UK_ORG_TRAFFIC_ORG_CODE" UNIQUE("CODE"))  ;
COMMENT ON TABLE "ORG_TRAFFIC_ORG" IS '组织-物流组织';
COMMENT ON COLUMN "ORG_TRAFFIC_ORG"."CODE" IS '编码';
COMMENT ON COLUMN "ORG_TRAFFIC_ORG"."CREATE_TIME" IS '创建时间';
COMMENT ON COLUMN "ORG_TRAFFIC_ORG"."CREATE_USER" IS '创建人id';
COMMENT ON COLUMN "ORG_TRAFFIC_ORG"."DATA_VERSION" IS '数据版本';
COMMENT ON COLUMN "ORG_TRAFFIC_ORG"."FINANCE_ORG_ID" IS '默认财务组织主键';
COMMENT ON COLUMN "ORG_TRAFFIC_ORG"."GROUP_ID" IS '所属集团主键';
COMMENT ON COLUMN "ORG_TRAFFIC_ORG"."ID" IS '主键';
COMMENT ON COLUMN "ORG_TRAFFIC_ORG"."NAME" IS '名称';
COMMENT ON COLUMN "ORG_TRAFFIC_ORG"."ORGANIZATION_ID" IS '所属组织主键';
COMMENT ON COLUMN "ORG_TRAFFIC_ORG"."REMARK" IS '备注';
COMMENT ON COLUMN "ORG_TRAFFIC_ORG"."SHORT_NAME" IS '简称';
COMMENT ON COLUMN "ORG_TRAFFIC_ORG"."UPDATE_TIME" IS '更新时间';
COMMENT ON COLUMN "ORG_TRAFFIC_ORG"."VERSION_ID" IS '版本主键';


CREATE TABLE "ORG_TRAFFIC_ORG_V"
(
"ID" VARCHAR2(50) NOT NULL,
"FINANCE_ORG_ID" VARCHAR2(50),
"ORGANIZATION_ID" VARCHAR2(50) NOT NULL,
"TRAFFIC_ORG_ID" VARCHAR2(50),
"NAME" VARCHAR2(200) NOT NULL,
"SHORT_NAME" VARCHAR2(50),
"CREATE_USER" VARCHAR2(50),
"CREATE_TIME" DATETIME(6),
"UPDATE_TIME" VARCHAR2(50),
"VERSION_NO" VARCHAR2(50),
"VERSION_NAME" VARCHAR2(50),
"VERSION_BEGIN_DATE" DATE,
"VERSION_END_DATE" DATE,
"GROUP_ID" VARCHAR2(50) NOT NULL,
"IS_LAST_VERSION" NUMBER(1,0),
"CODE" VARCHAR2(50),
"VERSION_BEGIN_USER_ID" VARCHAR2(50),
"VERSION_END_USER_ID" VARCHAR2(50),
"REMARK" VARCHAR2(2000),
NOT CLUSTER PRIMARY KEY("ID"),
CONSTRAINT "FK_ORG_TRAFFIC_ORG_V_GROUP_ID" FOREIGN KEY("GROUP_ID") REFERENCES "ORG_GROUP"("ID") ON DELETE CASCADE )  ;
COMMENT ON TABLE "ORG_TRAFFIC_ORG_V" IS '组织-物流组织版本';
COMMENT ON COLUMN "ORG_TRAFFIC_ORG_V"."CODE" IS '编码';
COMMENT ON COLUMN "ORG_TRAFFIC_ORG_V"."CREATE_TIME" IS '创建时间';
COMMENT ON COLUMN "ORG_TRAFFIC_ORG_V"."CREATE_USER" IS '创建人id';
COMMENT ON COLUMN "ORG_TRAFFIC_ORG_V"."FINANCE_ORG_ID" IS '默认财务组织主键';
COMMENT ON COLUMN "ORG_TRAFFIC_ORG_V"."GROUP_ID" IS '所属集团主键';
COMMENT ON COLUMN "ORG_TRAFFIC_ORG_V"."ID" IS '主键';
COMMENT ON COLUMN "ORG_TRAFFIC_ORG_V"."IS_LAST_VERSION" IS '是否最新版本';
COMMENT ON COLUMN "ORG_TRAFFIC_ORG_V"."NAME" IS '名称';
COMMENT ON COLUMN "ORG_TRAFFIC_ORG_V"."ORGANIZATION_ID" IS '所属组织主键';
COMMENT ON COLUMN "ORG_TRAFFIC_ORG_V"."REMARK" IS '备注';
COMMENT ON COLUMN "ORG_TRAFFIC_ORG_V"."SHORT_NAME" IS '简称';
COMMENT ON COLUMN "ORG_TRAFFIC_ORG_V"."TRAFFIC_ORG_ID" IS '物流组织主键';
COMMENT ON COLUMN "ORG_TRAFFIC_ORG_V"."UPDATE_TIME" IS '更新时间';
COMMENT ON COLUMN "ORG_TRAFFIC_ORG_V"."VERSION_BEGIN_DATE" IS '版本生效日期';
COMMENT ON COLUMN "ORG_TRAFFIC_ORG_V"."VERSION_BEGIN_USER_ID" IS '版本启用人主键';
COMMENT ON COLUMN "ORG_TRAFFIC_ORG_V"."VERSION_END_DATE" IS '版本失效日期';
COMMENT ON COLUMN "ORG_TRAFFIC_ORG_V"."VERSION_END_USER_ID" IS '版本停用人主键';
COMMENT ON COLUMN "ORG_TRAFFIC_ORG_V"."VERSION_NAME" IS '版本名称';
COMMENT ON COLUMN "ORG_TRAFFIC_ORG_V"."VERSION_NO" IS '版本编号';


CREATE TABLE "SYS_AUDIT_LOG_COUNT"
(
"ID" VARCHAR2(50) NOT NULL,
"COUNT" VARCHAR2(100),
NOT CLUSTER PRIMARY KEY("ID"))  ;
COMMENT ON TABLE "SYS_AUDIT_LOG_COUNT" IS '日志数量记录表';
COMMENT ON COLUMN "SYS_AUDIT_LOG_COUNT"."COUNT" IS '日志记录数量';
COMMENT ON COLUMN "SYS_AUDIT_LOG_COUNT"."ID" IS '主键';


CREATE TABLE "SYS_DICT"
(
"ID" VARCHAR2(50) DEFAULT SYS_GUID() NOT NULL,
"TYPE" VARCHAR2(50),
"NAME" VARCHAR2(50),
"EXPLAIN" VARCHAR2(50),
"APP_ID" VARCHAR2(50),
"DATA_VERSION" INTEGER DEFAULT 0,
NOT CLUSTER PRIMARY KEY("ID"),
CONSTRAINT "FK_SYS_DICT_APP_ID" FOREIGN KEY("APP_ID") REFERENCES "SYS_GROUP_APP"("ID") ON DELETE CASCADE  ON UPDATE CASCADE  WITH INDEX )  ;
COMMENT ON TABLE "SYS_DICT" IS '字典类型';
COMMENT ON COLUMN "SYS_DICT"."APP_ID" IS '集团应用id';
COMMENT ON COLUMN "SYS_DICT"."DATA_VERSION" IS '数据版本';
COMMENT ON COLUMN "SYS_DICT"."EXPLAIN" IS '说明';
COMMENT ON COLUMN "SYS_DICT"."ID" IS '标号';
COMMENT ON COLUMN "SYS_DICT"."NAME" IS '名称';
COMMENT ON COLUMN "SYS_DICT"."TYPE" IS '类型';



CREATE TABLE "SYS_DICT_VALUE"
(
"ID" VARCHAR2(50) DEFAULT SYS_GUID() NOT NULL,
"TYPE_ID" VARCHAR2(50) NOT NULL,
"DICT_NAME" VARCHAR2(2000),
"SORT_INDEX" INTEGER DEFAULT 9999,
"APP_ID" VARCHAR2(50),
"TYPE" VARCHAR2(50),
"DATA_VERSION" INTEGER DEFAULT 0,
"DICT_VALUE" VARCHAR2(2000),
"PARENT_ID" VARCHAR2(50),
"SORT_PATH" VARCHAR2(2000),
"REMARK" VARCHAR2(2000),
NOT CLUSTER PRIMARY KEY("ID"),
CONSTRAINT "FK_SYS_DICT_VALUE_TYPE_ID" FOREIGN KEY("TYPE_ID") REFERENCES "SYS_DICT"("ID") ON DELETE CASCADE  ON UPDATE CASCADE  WITH INDEX )  ;
COMMENT ON TABLE "SYS_DICT_VALUE" IS '字典数据表';
COMMENT ON COLUMN "SYS_DICT_VALUE"."APP_ID" IS '应用id';
COMMENT ON COLUMN "SYS_DICT_VALUE"."DATA_VERSION" IS '数据版本';
COMMENT ON COLUMN "SYS_DICT_VALUE"."DICT_NAME" IS '字典名称';
COMMENT ON COLUMN "SYS_DICT_VALUE"."DICT_VALUE" IS '字典数据';
COMMENT ON COLUMN "SYS_DICT_VALUE"."ID" IS '标号';
COMMENT ON COLUMN "SYS_DICT_VALUE"."PARENT_ID" IS '父节点id';
COMMENT ON COLUMN "SYS_DICT_VALUE"."SORT_INDEX" IS '显示顺序';
COMMENT ON COLUMN "SYS_DICT_VALUE"."SORT_PATH" IS '排序路径';
COMMENT ON COLUMN "SYS_DICT_VALUE"."TYPE" IS '类型';
COMMENT ON COLUMN "SYS_DICT_VALUE"."TYPE_ID" IS '类型编号';
COMMENT ON COLUMN "SYS_DICT_VALUE"."REMARK" IS '备注';


CREATE TABLE "SYS_FORM_ITEM_TIP"
(
"ID" VARCHAR2(50) NOT NULL,
"FORM_ID" VARCHAR2(50),
"FORM_TITLE" VARCHAR2(50),
"DATA_NAME" VARCHAR2(50) NOT NULL,
"DATA_FIELD" VARCHAR2(50),
"TIP" VARCHAR2(2000),
"MENU_ID" VARCHAR2(50),
"MENU_NAME" VARCHAR2(50),
"DATA_VERSION" INTEGER DEFAULT 0,
NOT CLUSTER PRIMARY KEY("ID"))  ;
COMMENT ON TABLE "SYS_FORM_ITEM_TIP" IS '表单字段提示信息表';
COMMENT ON COLUMN "SYS_FORM_ITEM_TIP"."DATA_FIELD" IS '字段名称';
COMMENT ON COLUMN "SYS_FORM_ITEM_TIP"."DATA_NAME" IS '字段数据name';
COMMENT ON COLUMN "SYS_FORM_ITEM_TIP"."DATA_VERSION" IS '数据版本';
COMMENT ON COLUMN "SYS_FORM_ITEM_TIP"."FORM_ID" IS '表单id';
COMMENT ON COLUMN "SYS_FORM_ITEM_TIP"."FORM_TITLE" IS '表单标题';
COMMENT ON COLUMN "SYS_FORM_ITEM_TIP"."ID" IS '主键';
COMMENT ON COLUMN "SYS_FORM_ITEM_TIP"."MENU_ID" IS '菜单编号';
COMMENT ON COLUMN "SYS_FORM_ITEM_TIP"."MENU_NAME" IS '菜单名称';
COMMENT ON COLUMN "SYS_FORM_ITEM_TIP"."TIP" IS '提示信息';


CREATE TABLE "SYS_MESSAGE"
(
"ID" VARCHAR2(50) NOT NULL,
"TITLE" VARCHAR2(500),
"CONTENT" VARCHAR2(2000),
"URL" VARCHAR2(200),
"APP_ID" VARCHAR2(50),
"TYPE" VARCHAR2(50),
"CREATE_TIME" DATETIME(6),
"CREATE_USER" VARCHAR2(50),
"REMARK" VARCHAR2(2000),
"RECEIVE_USERS" CLOB,
"BUSINESS_TYPE" VARCHAR2(500),
"HANDLER_MSG_TYPE" VARCHAR2(500),
"DATA_VERSION" INTEGER DEFAULT 0,
NOT CLUSTER PRIMARY KEY("ID"),
CONSTRAINT "FK_SYS_MESSAGE_APP_ID" FOREIGN KEY("APP_ID") REFERENCES "SYS_GROUP_APP"("ID") ON DELETE CASCADE )  ;
COMMENT ON TABLE "SYS_MESSAGE" IS '系统消息表';
COMMENT ON COLUMN "SYS_MESSAGE"."APP_ID" IS '发送应用id';
COMMENT ON COLUMN "SYS_MESSAGE"."CONTENT" IS '消息内容';
COMMENT ON COLUMN "SYS_MESSAGE"."CREATE_TIME" IS '创建时间';
COMMENT ON COLUMN "SYS_MESSAGE"."CREATE_USER" IS '创建人';
COMMENT ON COLUMN "SYS_MESSAGE"."DATA_VERSION" IS '数据版本';
COMMENT ON COLUMN "SYS_MESSAGE"."ID" IS '主键';
COMMENT ON COLUMN "SYS_MESSAGE"."RECEIVE_USERS" IS '接受人id集合';
COMMENT ON COLUMN "SYS_MESSAGE"."REMARK" IS '备注';
COMMENT ON COLUMN "SYS_MESSAGE"."TITLE" IS '消息标题';
COMMENT ON COLUMN "SYS_MESSAGE"."TYPE" IS '消息类型';
COMMENT ON COLUMN "SYS_MESSAGE"."URL" IS '消息推送路径';
COMMENT ON COLUMN "SYS_MESSAGE"."BUSINESS_TYPE" IS '消息业务类型';
COMMENT ON COLUMN "SYS_MESSAGE"."HANDLER_MSG_TYPE" IS '消息处理类型';



CREATE TABLE "SYS_MSG_READ"
(
"ID" VARCHAR2(50) NOT NULL,
"USER_ID" VARCHAR2(50),
"MSG_ID" VARCHAR2(50),
NOT CLUSTER PRIMARY KEY("ID"),
CONSTRAINT "FK_SYS_MSG_READ_MSG_ID" FOREIGN KEY("MSG_ID") REFERENCES "SYS_MESSAGE"("ID") ON DELETE CASCADE ,
CONSTRAINT "FK_SYS_MSG_READ_USER_ID" FOREIGN KEY("USER_ID") REFERENCES "SYS_USER"("ID") ON DELETE CASCADE )  ;
COMMENT ON TABLE "SYS_MSG_READ" IS '消息已读表';
COMMENT ON COLUMN "SYS_MSG_READ"."ID" IS '主键';
COMMENT ON COLUMN "SYS_MSG_READ"."MSG_ID" IS '消息id';
COMMENT ON COLUMN "SYS_MSG_READ"."USER_ID" IS '用户id';

CREATE TABLE "SYS_MSG_UNREAD"
(
"ID" VARCHAR2(50) NOT NULL,
"USER_ID" VARCHAR2(50),
"MSG_ID" VARCHAR2(50),
NOT CLUSTER PRIMARY KEY("ID"),
CONSTRAINT "FK_SYS_MSG_UNREAD_MSG_ID" FOREIGN KEY("MSG_ID") REFERENCES "SYS_MESSAGE"("ID") ON DELETE CASCADE ,
CONSTRAINT "FK_SYS_MSG_UNREAD_USER_ID" FOREIGN KEY("USER_ID") REFERENCES "SYS_USER"("ID") ON DELETE CASCADE )  ;
COMMENT ON TABLE "SYS_MSG_UNREAD" IS '消息未读表';
COMMENT ON COLUMN "SYS_MSG_UNREAD"."ID" IS '主键';
COMMENT ON COLUMN "SYS_MSG_UNREAD"."MSG_ID" IS '消息id';
COMMENT ON COLUMN "SYS_MSG_UNREAD"."USER_ID" IS '用户id';

CREATE TABLE "SYS_MSG_SEND_TYPE"
(
"ID" VARCHAR2(50) NOT NULL,
"CHANNEL_NAME" VARCHAR2(50),
"SEND_MODE" VARCHAR2(50),
NOT CLUSTER PRIMARY KEY("ID"))  ;
COMMENT ON TABLE "SYS_MSG_SEND_TYPE" IS '消息发送方式';
COMMENT ON COLUMN "SYS_MSG_SEND_TYPE"."ID" IS '主键';
COMMENT ON COLUMN "SYS_MSG_SEND_TYPE"."CHANNEL_NAME" IS '频道名称';
COMMENT ON COLUMN "SYS_MSG_SEND_TYPE"."SEND_MODE" IS '发送方式';


CREATE TABLE "SYS_MSG_TYPE_EXTEND"
(
"ID" VARCHAR2(50) NOT NULL,
"NAME" VARCHAR2(200),
"APP_ID" VARCHAR2(50),
"URL" VARCHAR2(200),
NOT CLUSTER PRIMARY KEY("ID"))  ;
COMMENT ON TABLE "SYS_MSG_TYPE_EXTEND" IS '消息拓展类型';
COMMENT ON COLUMN "SYS_MSG_TYPE_EXTEND"."APP_ID" IS '应用标识';
COMMENT ON COLUMN "SYS_MSG_TYPE_EXTEND"."ID" IS '主键';
COMMENT ON COLUMN "SYS_MSG_TYPE_EXTEND"."NAME" IS '类型名称';
COMMENT ON COLUMN "SYS_MSG_TYPE_EXTEND"."URL" IS '消息实现请求路径';


CREATE TABLE "SYS_WAIT_GRANT_AUTH"
(
"ID" VARCHAR2(50) NOT NULL,
"ACTIVATE_ID" VARCHAR2(50),
"TYPE" NUMBER(1,0),
NOT CLUSTER PRIMARY KEY("ID"))  ;
COMMENT ON TABLE "SYS_WAIT_GRANT_AUTH" IS '待激活的用户或角色表';
COMMENT ON COLUMN "SYS_WAIT_GRANT_AUTH"."ACTIVATE_ID" IS '用户主键或角色主键';
COMMENT ON COLUMN "SYS_WAIT_GRANT_AUTH"."ID" IS '主键';
COMMENT ON COLUMN "SYS_WAIT_GRANT_AUTH"."TYPE" IS '0为用户1为角色';


--  quartz自带表结构 + QRTZ_CONFIG

CREATE TABLE "QRTZ_JOB_DETAILS"
(
"SCHED_NAME" VARCHAR2(120) NOT NULL,
"JOB_NAME" VARCHAR2(200) NOT NULL,
"JOB_GROUP" VARCHAR2(200) NOT NULL,
"DESCRIPTION" VARCHAR2(250),
"JOB_CLASS_NAME" VARCHAR2(250) NOT NULL,
"IS_DURABLE" VARCHAR2(1) NOT NULL,
"IS_NONCONCURRENT" VARCHAR2(1) NOT NULL,
"IS_UPDATE_DATA" VARCHAR2(1) NOT NULL,
"REQUESTS_RECOVERY" VARCHAR2(1) NOT NULL,
"JOB_DATA" BLOB,
NOT CLUSTER PRIMARY KEY("SCHED_NAME", "JOB_NAME", "JOB_GROUP"))  ;

CREATE TABLE "QRTZ_TRIGGERS"
(
"SCHED_NAME" VARCHAR2(120) NOT NULL,
"TRIGGER_NAME" VARCHAR2(200) NOT NULL,
"TRIGGER_GROUP" VARCHAR2(200) NOT NULL,
"JOB_NAME" VARCHAR2(200) NOT NULL,
"JOB_GROUP" VARCHAR2(200) NOT NULL,
"DESCRIPTION" VARCHAR2(250),
"NEXT_FIRE_TIME" NUMBER(13,0),
"PREV_FIRE_TIME" NUMBER(13,0),
"PRIORITY" NUMBER(13,0),
"TRIGGER_STATE" VARCHAR2(16) NOT NULL,
"TRIGGER_TYPE" VARCHAR2(8) NOT NULL,
"START_TIME" NUMBER(13,0) NOT NULL,
"END_TIME" NUMBER(13,0),
"CALENDAR_NAME" VARCHAR2(200),
"MISFIRE_INSTR" NUMBER(2,0),
"JOB_DATA" BLOB,
NOT CLUSTER PRIMARY KEY("SCHED_NAME", "TRIGGER_NAME", "TRIGGER_GROUP"),
CONSTRAINT "QRTZ_TRIGGER_TO_JOBS_FK" FOREIGN KEY("SCHED_NAME", "JOB_NAME", "JOB_GROUP") REFERENCES "QRTZ_JOB_DETAILS"("SCHED_NAME", "JOB_NAME", "JOB_GROUP") WITH INDEX )  ;


CREATE TABLE "QRTZ_BLOB_TRIGGERS"
(
"SCHED_NAME" VARCHAR2(120) NOT NULL,
"TRIGGER_NAME" VARCHAR2(200) NOT NULL,
"TRIGGER_GROUP" VARCHAR2(200) NOT NULL,
"BLOB_DATA" BLOB,
NOT CLUSTER PRIMARY KEY("SCHED_NAME", "TRIGGER_NAME", "TRIGGER_GROUP"),
CONSTRAINT "QRTZ_BLOB_TRIG_TO_TRIG_FK" FOREIGN KEY("SCHED_NAME", "TRIGGER_NAME", "TRIGGER_GROUP") REFERENCES "QRTZ_TRIGGERS"("SCHED_NAME", "TRIGGER_NAME", "TRIGGER_GROUP"))  ;

CREATE TABLE "QRTZ_CALENDARS"
(
"SCHED_NAME" VARCHAR2(120) NOT NULL,
"CALENDAR_NAME" VARCHAR2(50) NOT NULL,
"CALENDAR" BLOB NOT NULL,
NOT CLUSTER PRIMARY KEY("SCHED_NAME", "CALENDAR_NAME"))  ;

CREATE TABLE "QRTZ_CONFIG"
(
"ID" VARCHAR2(50) NOT NULL,
"CONFIG" CLOB,
NOT CLUSTER PRIMARY KEY("ID"))  ;
COMMENT ON TABLE "QRTZ_CONFIG" IS '批处理任务配置';
COMMENT ON COLUMN "QRTZ_CONFIG"."CONFIG" IS '任务配置';
COMMENT ON COLUMN "QRTZ_CONFIG"."ID" IS '主键';

CREATE TABLE "QRTZ_CRON_TRIGGERS"
(
"SCHED_NAME" VARCHAR2(120) NOT NULL,
"TRIGGER_NAME" VARCHAR2(200) NOT NULL,
"TRIGGER_GROUP" VARCHAR2(200) NOT NULL,
"CRON_EXPRESSION" VARCHAR2(120) NOT NULL,
"TIME_ZONE_ID" VARCHAR2(80),
NOT CLUSTER PRIMARY KEY("SCHED_NAME", "TRIGGER_NAME", "TRIGGER_GROUP"),
CONSTRAINT "QRTZ_CRON_TRIG_TO_TRIG_FK" FOREIGN KEY("SCHED_NAME", "TRIGGER_NAME", "TRIGGER_GROUP") REFERENCES "QRTZ_TRIGGERS"("SCHED_NAME", "TRIGGER_NAME", "TRIGGER_GROUP"))  ;

CREATE TABLE "QRTZ_FIRED_TRIGGERS"
(
"SCHED_NAME" VARCHAR2(120) NOT NULL,
"ENTRY_ID" VARCHAR2(95) NOT NULL,
"TRIGGER_NAME" VARCHAR2(200) NOT NULL,
"TRIGGER_GROUP" VARCHAR2(200) NOT NULL,
"INSTANCE_NAME" VARCHAR2(200) NOT NULL,
"FIRED_TIME" NUMBER(13,0) NOT NULL,
"SCHED_TIME" NUMBER(13,0) NOT NULL,
"PRIORITY" NUMBER(13,0) NOT NULL,
"STATE" VARCHAR2(16) NOT NULL,
"JOB_NAME" VARCHAR2(200),
"JOB_GROUP" VARCHAR2(200),
"IS_NONCONCURRENT" VARCHAR2(1),
"REQUESTS_RECOVERY" VARCHAR2(1),
NOT CLUSTER PRIMARY KEY("SCHED_NAME", "ENTRY_ID"))  ;

CREATE TABLE "QRTZ_LOCKS"
(
"SCHED_NAME" VARCHAR2(120) NOT NULL,
"LOCK_NAME" VARCHAR2(40) NOT NULL,
NOT CLUSTER PRIMARY KEY("SCHED_NAME", "LOCK_NAME"))  ;

CREATE TABLE "QRTZ_PAUSED_TRIGGER_GRPS"
(
"SCHED_NAME" VARCHAR2(120) NOT NULL,
"TRIGGER_GROUP" VARCHAR2(200) NOT NULL,
NOT CLUSTER PRIMARY KEY("SCHED_NAME", "TRIGGER_GROUP"))  ;

CREATE TABLE "QRTZ_SCHEDULER_STATE"
(
"SCHED_NAME" VARCHAR2(120) NOT NULL,
"INSTANCE_NAME" VARCHAR2(200) NOT NULL,
"LAST_CHECKIN_TIME" NUMBER(13,0) NOT NULL,
"CHECKIN_INTERVAL" NUMBER(13,0) NOT NULL,
NOT CLUSTER PRIMARY KEY("SCHED_NAME", "INSTANCE_NAME"))  ;

CREATE TABLE "QRTZ_SIMPLE_TRIGGERS"
(
"SCHED_NAME" VARCHAR2(120) NOT NULL,
"TRIGGER_NAME" VARCHAR2(200) NOT NULL,
"TRIGGER_GROUP" VARCHAR2(200) NOT NULL,
"REPEAT_COUNT" NUMBER(7,0) NOT NULL,
"REPEAT_INTERVAL" NUMBER(12,0) NOT NULL,
"TIMES_TRIGGERED" NUMBER(10,0) NOT NULL,
NOT CLUSTER PRIMARY KEY("SCHED_NAME", "TRIGGER_NAME", "TRIGGER_GROUP"),
CONSTRAINT "QRTZ_SIMPLE_TRIG_TO_TRIG_FK" FOREIGN KEY("SCHED_NAME", "TRIGGER_NAME", "TRIGGER_GROUP") REFERENCES "QRTZ_TRIGGERS"("SCHED_NAME", "TRIGGER_NAME", "TRIGGER_GROUP"))  ;

CREATE TABLE "QRTZ_SIMPROP_TRIGGERS"
(
"SCHED_NAME" VARCHAR2(120) NOT NULL,
"TRIGGER_NAME" VARCHAR2(200) NOT NULL,
"TRIGGER_GROUP" VARCHAR2(200) NOT NULL,
"STR_PROP_1" VARCHAR2(512),
"STR_PROP_2" VARCHAR2(512),
"STR_PROP_3" VARCHAR2(512),
"INT_PROP_1" NUMBER(10,0),
"INT_PROP_2" NUMBER(10,0),
"LONG_PROP_1" NUMBER(13,0),
"LONG_PROP_2" NUMBER(13,0),
"DEC_PROP_1" NUMBER(13,4),
"DEC_PROP_2" NUMBER(13,4),
"BOOL_PROP_1" VARCHAR2(1),
"BOOL_PROP_2" VARCHAR2(1),
NOT CLUSTER PRIMARY KEY("SCHED_NAME", "TRIGGER_NAME", "TRIGGER_GROUP"),
CONSTRAINT "QRTZ_SIMPROP_TRIG_TO_TRIG_FK" FOREIGN KEY("SCHED_NAME", "TRIGGER_NAME", "TRIGGER_GROUP") REFERENCES "QRTZ_TRIGGERS"("SCHED_NAME", "TRIGGER_NAME", "TRIGGER_GROUP"))  ;


CREATE TABLE "SYS_JOB_CALENDAR"
(
"ID" VARCHAR2(50) NOT NULL,
"STATE" NUMBER(1,0) DEFAULT 0,
"ORGANIZATION_ID" VARCHAR2(50),
"YEAR" VARCHAR2(10),
"MONTH" VARCHAR2(10),
"DAY" VARCHAR2(10),
NOT CLUSTER PRIMARY KEY("ID"),
CONSTRAINT "FK_CALENDAR_ORG_ID" FOREIGN KEY("ORGANIZATION_ID") REFERENCES "ORG_ORGANIZATION"("ID") ON DELETE CASCADE )  ;
COMMENT ON TABLE "SYS_JOB_CALENDAR" IS '工作日表';
COMMENT ON COLUMN "SYS_JOB_CALENDAR"."DAY" IS '日';
COMMENT ON COLUMN "SYS_JOB_CALENDAR"."ID" IS '主键';
COMMENT ON COLUMN "SYS_JOB_CALENDAR"."MONTH" IS '月';
COMMENT ON COLUMN "SYS_JOB_CALENDAR"."ORGANIZATION_ID" IS '业务单元ID';
COMMENT ON COLUMN "SYS_JOB_CALENDAR"."STATE" IS '状态 (0为工作日，1为休息日)';
COMMENT ON COLUMN "SYS_JOB_CALENDAR"."YEAR" IS '年';




/**
sysUser
 */
insert into "SYS_USER" ("ID","USER_NAME") values ('webservice','webservice');
/**
sysPasswordPolicy
*/
insert into "SYS_PASSWORD_POLICY" ("ID","LEN","FAILURE_TIMES","START_USE_TIME","CHANGE_NUM",
"CREATE_USER","CREATE_TIME","UPDATE_TIME","SECRET_LEVEL","USE_MAX_TIME","USE_MIN_TIME","LOCK_MINUTES",
"RESET_FAILURE_TIMES_TIME","REMARK","DATA_VERSION") values ('bdpolicy-1', 8, 5, null, 5, null, null, null, 0, 20, 1, 15, 15, null, 0);
insert into "SYS_PASSWORD_POLICY" ("ID","LEN","FAILURE_TIMES","START_USE_TIME","CHANGE_NUM",
"CREATE_USER","CREATE_TIME","UPDATE_TIME","SECRET_LEVEL","USE_MAX_TIME","USE_MIN_TIME","LOCK_MINUTES",
"RESET_FAILURE_TIMES_TIME","REMARK","DATA_VERSION") values ('bdpolicy-2', 8, 5, null, 5, null, null, null, 0, 20, 1, 15, 15, null, 0);
insert into "SYS_PASSWORD_POLICY" ("ID","LEN","FAILURE_TIMES","START_USE_TIME","CHANGE_NUM",
"CREATE_USER","CREATE_TIME","UPDATE_TIME","SECRET_LEVEL","USE_MAX_TIME","USE_MIN_TIME","LOCK_MINUTES",
"RESET_FAILURE_TIMES_TIME","REMARK","DATA_VERSION") values ('bdpolicy-3', 8, 5, null, 5, null, null, null, 0, 20, 1, 15, 15, null, 0);
insert into "SYS_PASSWORD_POLICY" ("ID","LEN","FAILURE_TIMES","START_USE_TIME","CHANGE_NUM",
"CREATE_USER","CREATE_TIME","UPDATE_TIME","SECRET_LEVEL","USE_MAX_TIME","USE_MIN_TIME","LOCK_MINUTES",
"RESET_FAILURE_TIMES_TIME","REMARK","DATA_VERSION") values ('bdpolicy-4', 8, 5, null, 5, null, null, null, 0, 20, 1, 15, 15, null, 0);
insert into "SYS_PASSWORD_POLICY" ("ID","LEN","FAILURE_TIMES","START_USE_TIME","CHANGE_NUM",
"CREATE_USER","CREATE_TIME","UPDATE_TIME","SECRET_LEVEL","USE_MAX_TIME","USE_MIN_TIME","LOCK_MINUTES",
"RESET_FAILURE_TIMES_TIME","REMARK","DATA_VERSION") values ('bdpolicy-5', 8, 5, null, 5, null, null, null, 0, 20, 1, 15, 15, null, 0);

/**
appLib
*/
/**
insert into "BD_APP_LIB" ("ID","NAME","VERSION","SORT_INDEX","ICON","DATA_VERSION") values ('platform', 'Ace平台', '1.0.0', 1, 'fa fa-th-large', 0);
*/

/**
app
*/
insert into "SYS_GROUP_APP" ("ID","NAME","VERSION","ICON","SORT_INDEX","REMARK","CREATE_USER","CREATE_TIME","UPDATE_TIME","SECRET_LEVEL","GROUP_ID","DATASOURCE_ID","IS_3_ADMIN","DATA_VERSION","IS_MAIN_APP") values ('platform', 'ace平台', '1.0', null, null, null, null, null, null, null, null, null, 1, 0, 0);

/**
role
*/
insert into "SYS_ROLE" ("ID","NAME","EXPLAIN","ROLE_TYPE","CREATE_TIME","CREATE_USER","UPDATE_TIME","REMARK","APP_ID","DATA_VERSION") values ('groupadmin', '集团系统管理员', null, 11, null, null, null, null, 'platform', 0);
insert into "SYS_ROLE" ("ID","NAME","EXPLAIN","ROLE_TYPE","CREATE_TIME","CREATE_USER","UPDATE_TIME","REMARK","APP_ID","DATA_VERSION") values ('groupsec', '集团安全保密员', null, 22, null, null, null, null, 'platform', 0);
insert into "SYS_ROLE" ("ID","NAME","EXPLAIN","ROLE_TYPE","CREATE_TIME","CREATE_USER","UPDATE_TIME","REMARK","APP_ID","DATA_VERSION") values ('groupauditor', '集团安全审计员', null, 33, null, null, null, null, 'platform', 0);
insert into "SYS_ROLE" ("ID","NAME","EXPLAIN","ROLE_TYPE","CREATE_TIME","CREATE_USER","UPDATE_TIME","REMARK","APP_ID","DATA_VERSION") values ('appadmin', '应用系统管理员', null, 111, null, null, null, null, 'platform', 0);
insert into "SYS_ROLE" ("ID","NAME","EXPLAIN","ROLE_TYPE","CREATE_TIME","CREATE_USER","UPDATE_TIME","REMARK","APP_ID","DATA_VERSION") values ('appsec', '应用安全保密员', null, 222, null, null, null, null, 'platform', 0);
insert into "SYS_ROLE" ("ID","NAME","EXPLAIN","ROLE_TYPE","CREATE_TIME","CREATE_USER","UPDATE_TIME","REMARK","APP_ID","DATA_VERSION") values ('appauditor', '应用安全审计员', null, 333, null, null, null, null, 'platform', 0);
insert into "SYS_ROLE" ("ID","NAME","EXPLAIN","ROLE_TYPE","CREATE_TIME","CREATE_USER","UPDATE_TIME","REMARK","APP_ID","DATA_VERSION") values ('admin', '租户系统管理员', null, 1, null, null, null, null, 'platform', 0);
insert into "SYS_ROLE" ("ID","NAME","EXPLAIN","ROLE_TYPE","CREATE_TIME","CREATE_USER","UPDATE_TIME","REMARK","APP_ID","DATA_VERSION") values ('sec', '租户安全保密员', null, 2, null, null, null, null, 'platform', 0);
insert into "SYS_ROLE" ("ID","NAME","EXPLAIN","ROLE_TYPE","CREATE_TIME","CREATE_USER","UPDATE_TIME","REMARK","APP_ID","DATA_VERSION") values ('auditor', '租户安全审计员', null, 3, null, null, null, null, 'platform', 0);

/**
auth
*/
insert into "SYS_AUTH" ("ID","NAME","APP_ID","REMARK","SORT_INDEX","PARENT_ID","CREATE_USER","CREATE_TIME","UPDATE_TIME","SORT_PATH","IS_ORG_ADMIN","IS_USER_GROUP_ADMIN","CODE","DATA_VERSION") values ('bc316279a4a9416a8e20019821e640af', '组织架构管理', 'platform', null, 1, '0', null, null, null, '0001', 0, 0, null, 0);
insert into "SYS_AUTH" ("ID","NAME","APP_ID","REMARK","SORT_INDEX","PARENT_ID","CREATE_USER","CREATE_TIME","UPDATE_TIME","SORT_PATH","IS_ORG_ADMIN","IS_USER_GROUP_ADMIN","CODE","DATA_VERSION") values ('e3b15ac90286450fbe5a721c9f542451', '系统管理', 'platform', null, 2, '0', null, null, null, '0002', 0, 0, null, 0);
insert into "SYS_AUTH" ("ID","NAME","APP_ID","REMARK","SORT_INDEX","PARENT_ID","CREATE_USER","CREATE_TIME","UPDATE_TIME","SORT_PATH","IS_ORG_ADMIN","IS_USER_GROUP_ADMIN","CODE","DATA_VERSION") values ('8df5766a29644f50bceee1228964e1cc', '集团管理', 'platform', null, 1, 'bc316279a4a9416a8e20019821e640af', null, null, null, '00010001', 0, 0, 'platForm.orgSructureManage.GroupManage', 0);
insert into "SYS_AUTH" ("ID","NAME","APP_ID","REMARK","SORT_INDEX","PARENT_ID","CREATE_USER","CREATE_TIME","UPDATE_TIME","SORT_PATH","IS_ORG_ADMIN","IS_USER_GROUP_ADMIN","CODE","DATA_VERSION") values ('a16344b1790e41e98615f6cd19587573', '业务单元', 'platform', null, 2, 'bc316279a4a9416a8e20019821e640af', null, null, null, '00010002', 0, 0, 'platForm.orgSructureManage.BusinessUnitManage', 0);
insert into "SYS_AUTH" ("ID","NAME","APP_ID","REMARK","SORT_INDEX","PARENT_ID","CREATE_USER","CREATE_TIME","UPDATE_TIME","SORT_PATH","IS_ORG_ADMIN","IS_USER_GROUP_ADMIN","CODE","DATA_VERSION") values ('5e80ace300d54486814ee84c1fb29a3a', '部门管理', 'platform', null, 3, 'bc316279a4a9416a8e20019821e640af', null, null, null, '00010003', 0, 0, 'platForm.orgDepartmentManage.orgDepartment', 0);
insert into "SYS_AUTH" ("ID","NAME","APP_ID","REMARK","SORT_INDEX","PARENT_ID","CREATE_USER","CREATE_TIME","UPDATE_TIME","SORT_PATH","IS_ORG_ADMIN","IS_USER_GROUP_ADMIN","CODE","DATA_VERSION") values ('a16344b1790e41e98615f6cd19587571', '人员管理', 'platform', null, 4, 'bc316279a4a9416a8e20019821e640af', null, null, null, '00010004', 0, 0, 'platForm.orgSructureManage.PersonnelManage', 0);
insert into "SYS_AUTH" ("ID","NAME","APP_ID","REMARK","SORT_INDEX","PARENT_ID","CREATE_USER","CREATE_TIME","UPDATE_TIME","SORT_PATH","IS_ORG_ADMIN","IS_USER_GROUP_ADMIN","CODE","DATA_VERSION") values ('5fc1b8842fa04faea8f39beb866fd511', '集团三员管理', 'platform', null, 1, 'e3b15ac90286450fbe5a721c9f542451', null, null, null, '00020001', 0, 0, 'platForm.threeManage.GroupThreeManage', 0);
insert into "SYS_AUTH" ("ID","NAME","APP_ID","REMARK","SORT_INDEX","PARENT_ID","CREATE_USER","CREATE_TIME","UPDATE_TIME","SORT_PATH","IS_ORG_ADMIN","IS_USER_GROUP_ADMIN","CODE","DATA_VERSION") values ('b50cbc8a2b0645729848403093f4246f', '用户管理', 'platform', null, 2, 'e3b15ac90286450fbe5a721c9f542451', null, null, null, '00020002', 0, 0, 'platForm.userManage.user', 0);
insert into "SYS_AUTH" ("ID","NAME","APP_ID","REMARK","SORT_INDEX","PARENT_ID","CREATE_USER","CREATE_TIME","UPDATE_TIME","SORT_PATH","IS_ORG_ADMIN","IS_USER_GROUP_ADMIN","CODE","DATA_VERSION") values ('39e1b3ec3d6e483b86c4923ea64cfeee', '数据源管理', 'platform', null, 4, '11316279a4a9416a8e20019821e640af', null, null, null, '00030004', 0, 0, 'platForm.groupDataSource.dataSource', 0);
insert into "SYS_AUTH" ("ID","NAME","APP_ID","REMARK","SORT_INDEX","PARENT_ID","CREATE_USER","CREATE_TIME","UPDATE_TIME","SORT_PATH","IS_ORG_ADMIN","IS_USER_GROUP_ADMIN","CODE","DATA_VERSION") values ('11316279a4a9416a8e20019821e640af', '配置管理', 'platform', null, 3, '0', null, null, null, '0003', 0, 0, null, 0);
insert into "SYS_AUTH" ("ID","NAME","APP_ID","REMARK","SORT_INDEX","PARENT_ID","CREATE_USER","CREATE_TIME","UPDATE_TIME","SORT_PATH","IS_ORG_ADMIN","IS_USER_GROUP_ADMIN","CODE","DATA_VERSION") values ('ac2a8ce16a614324b5ed4e9c24e7e904', '系统配置项管理', 'platform', null, 1, '11316279a4a9416a8e20019821e640af', null, null, null, '00030001', 0, 0, 'platForm.configManage.ConfigManage', 0);
insert into "SYS_AUTH" ("ID","NAME","APP_ID","REMARK","SORT_INDEX","PARENT_ID","CREATE_USER","CREATE_TIME","UPDATE_TIME","SORT_PATH","IS_ORG_ADMIN","IS_USER_GROUP_ADMIN","CODE","DATA_VERSION") values ('ffc03579b06a4b7fae6c51c9ff48b311', '附件配置项管理', 'platform', null, 2, '11316279a4a9416a8e20019821e640af', null, null, null, '00030002', 0, 0, 'platForm.fileConfigManage.fileConfig', 0);
insert into "SYS_AUTH" ("ID","NAME","APP_ID","REMARK","SORT_INDEX","PARENT_ID","CREATE_USER","CREATE_TIME","UPDATE_TIME","SORT_PATH","IS_ORG_ADMIN","IS_USER_GROUP_ADMIN","CODE","DATA_VERSION") values ('ffc03579b06a4b7fae6c51c9ff48b312', '附件存储库管理', 'platform', null, 3, '11316279a4a9416a8e20019821e640af', null, null, null, '00030003', 0, 0, 'platForm.fileRepositoryManage.fileRepository', 0);
insert into "SYS_AUTH" ("ID","NAME","APP_ID","REMARK","SORT_INDEX","PARENT_ID","CREATE_USER","CREATE_TIME","UPDATE_TIME","SORT_PATH","IS_ORG_ADMIN","IS_USER_GROUP_ADMIN","CODE","DATA_VERSION") values ('04d7893c4a4d4345b18b0789af13753f', '日志管理', 'platform', null, 4, 'e3b15ac90286450fbe5a721c9f542451', null, null, null, '00020004', 0, 0, null, 0);
insert into "SYS_AUTH" ("ID","NAME","APP_ID","REMARK","SORT_INDEX","PARENT_ID","CREATE_USER","CREATE_TIME","UPDATE_TIME","SORT_PATH","IS_ORG_ADMIN","IS_USER_GROUP_ADMIN","CODE","DATA_VERSION") values ('4c8c4bc4726b40b7a570fa1d2ba49f47', '安全审计日志', 'platform', null, 1, '04d7893c4a4d4345b18b0789af13753f', null, null, null, '000200040001', 0, 0, 'platForm.auditLogManage.AuditLog', 0);
insert into "SYS_AUTH" ("ID","NAME","APP_ID","REMARK","SORT_INDEX","PARENT_ID","CREATE_USER","CREATE_TIME","UPDATE_TIME","SORT_PATH","IS_ORG_ADMIN","IS_USER_GROUP_ADMIN","CODE","DATA_VERSION") values ('8bc5761a4d8d49e680515bc50f4baad1', '菜单管理', 'platform', null, 6, '11316279a4a9416a8e20019821e640af', null, null, null, '00030006', 0, 0, 'platForm.menuManage.Menu', 0);
insert into "SYS_AUTH" ("ID","NAME","APP_ID","REMARK","SORT_INDEX","PARENT_ID","CREATE_USER","CREATE_TIME","UPDATE_TIME","SORT_PATH","IS_ORG_ADMIN","IS_USER_GROUP_ADMIN","CODE","DATA_VERSION") values ('39e1b3ec3d6e483b86c4923ea64cfdd0', '权限定义', 'platform', null, 7, '11316279a4a9416a8e20019821e640af', null, null, null, '00030007', 0, 0, 'platForm.authManage.Auth', 0);
insert into "SYS_AUTH" ("ID","NAME","APP_ID","REMARK","SORT_INDEX","PARENT_ID","CREATE_USER","CREATE_TIME","UPDATE_TIME","SORT_PATH","IS_ORG_ADMIN","IS_USER_GROUP_ADMIN","CODE","DATA_VERSION") values ('67e1114e83214aeb8a3ec0a6822fdd30', '应用三员管理', 'platform', null, 6, 'e3b15ac90286450fbe5a721c9f542451', null, null, null, '00020006', 0, 0, 'platForm.threeManage.AppThreeManage', 0);
insert into "SYS_AUTH" ("ID","NAME","APP_ID","REMARK","SORT_INDEX","PARENT_ID","CREATE_USER","CREATE_TIME","UPDATE_TIME","SORT_PATH","IS_ORG_ADMIN","IS_USER_GROUP_ADMIN","CODE","DATA_VERSION") values ('ac2a8ce16a614324b5ed4e9c24e7e905', '应用管理', 'platform', null, 5, '11316279a4a9416a8e20019821e640af', null, null, null, '00030005', 0, 0, 'platForm.groupAppManage.GroupApp', 0);
insert into "SYS_AUTH" ("ID","NAME","APP_ID","REMARK","SORT_INDEX","PARENT_ID","CREATE_USER","CREATE_TIME","UPDATE_TIME","SORT_PATH","IS_ORG_ADMIN","IS_USER_GROUP_ADMIN","CODE","DATA_VERSION") values ('131e140bc2bd4361af5ee488f92b22ad', '字典管理', 'platform', null, 7, 'e3b15ac90286450fbe5a721c9f542451', null, null, null, '00020007', 0, 0, 'platForm.dictManage.dict', 0);
insert into "SYS_AUTH" ("ID","NAME","APP_ID","REMARK","SORT_INDEX","PARENT_ID","CREATE_USER","CREATE_TIME","UPDATE_TIME","SORT_PATH","IS_ORG_ADMIN","IS_USER_GROUP_ADMIN","CODE","DATA_VERSION") values ('8d4d2caee7f548889988da2747dfaa4a', '角色管理', 'platform', null, 8, 'e3b15ac90286450fbe5a721c9f542451', null, null, null, '00020008', 0, 0, 'platForm.roleManage.Role', 0);
insert into "SYS_AUTH" ("ID","NAME","APP_ID","REMARK","SORT_INDEX","PARENT_ID","CREATE_USER","CREATE_TIME","UPDATE_TIME","SORT_PATH","IS_ORG_ADMIN","IS_USER_GROUP_ADMIN","CODE","DATA_VERSION") values ('11erb3ec3d6e483b86c4923ea64cfdd0', '授权管理', 'platform', null, 9, 'e3b15ac90286450fbe5a721c9f542451', null, null, null, '00020009', 0, 0, null, 0);
insert into "SYS_AUTH" ("ID","NAME","APP_ID","REMARK","SORT_INDEX","PARENT_ID","CREATE_USER","CREATE_TIME","UPDATE_TIME","SORT_PATH","IS_ORG_ADMIN","IS_USER_GROUP_ADMIN","CODE","DATA_VERSION") values ('334qb3ec3d6e483b86c4923ea64cfdd0', '用户授权', 'platform', null, 1, '11erb3ec3d6e483b86c4923ea64cfdd0', null, null, null, '000200090001', 0, 0, 'platForm.grantAuthManage.UserGrantAuth', 0);
insert into "SYS_AUTH" ("ID","NAME","APP_ID","REMARK","SORT_INDEX","PARENT_ID","CREATE_USER","CREATE_TIME","UPDATE_TIME","SORT_PATH","IS_ORG_ADMIN","IS_USER_GROUP_ADMIN","CODE","DATA_VERSION") values ('456wb3ec3d6e483b86c4923ea64cfdd0', '角色授权', 'platform', null, 2, '11erb3ec3d6e483b86c4923ea64cfdd0', null, null, null, '000200090002', 0, 0, 'platForm.grantAuthManage.RoleGrantAuth', 0);
insert into "SYS_AUTH" ("ID","NAME","APP_ID","REMARK","SORT_INDEX","PARENT_ID","CREATE_USER","CREATE_TIME","UPDATE_TIME","SORT_PATH","IS_ORG_ADMIN","IS_USER_GROUP_ADMIN","CODE","DATA_VERSION") values ('67yub3ec3d6e483b86c4923ea64cfdd0', '权限授权', 'platform', null, 3, '11erb3ec3d6e483b86c4923ea64cfdd0', null, null, null, '000200090003', 0, 0, 'platForm.grantAuthManage.AuthGrantUserAndRole', 0);
insert into "SYS_AUTH" ("ID","NAME","APP_ID","REMARK","SORT_INDEX","PARENT_ID","CREATE_USER","CREATE_TIME","UPDATE_TIME","SORT_PATH","IS_ORG_ADMIN","IS_USER_GROUP_ADMIN","CODE","DATA_VERSION") values ('8df5766a29644f50bceee1228964e111', '集团管理维护', 'platform', null, 1, '8df5766a29644f50bceee1228964e1cc', null, null, null, '000100010001', 0, 0, 'platForm.orgSructureManage.GroupManage.Maintain', 0);
insert into "SYS_AUTH" ("ID","NAME","APP_ID","REMARK","SORT_INDEX","PARENT_ID","CREATE_USER","CREATE_TIME","UPDATE_TIME","SORT_PATH","IS_ORG_ADMIN","IS_USER_GROUP_ADMIN","CODE","DATA_VERSION") values ('5e80ace300d54486814ee84c1fb29111', '部门管理维护', 'platform', null, 1, '5e80ace300d54486814ee84c1fb29a3a', null, null, null, '000100030001', 0, 0, 'platForm.orgDepartmentManage.orgDepartment.Maintain', 0);
insert into "SYS_AUTH" ("ID","NAME","APP_ID","REMARK","SORT_INDEX","PARENT_ID","CREATE_USER","CREATE_TIME","UPDATE_TIME","SORT_PATH","IS_ORG_ADMIN","IS_USER_GROUP_ADMIN","CODE","DATA_VERSION") values ('a16344b1790e41e98615f6cd19587111', '业务单元维护', 'platform', null, 1, 'a16344b1790e41e98615f6cd19587573', null, null, null, '000100020001', 0, 0, 'platForm.orgSructureManage.BusinessUnitManage.Maintain', 0);
insert into "SYS_AUTH" ("ID","NAME","APP_ID","REMARK","SORT_INDEX","PARENT_ID","CREATE_USER","CREATE_TIME","UPDATE_TIME","SORT_PATH","IS_ORG_ADMIN","IS_USER_GROUP_ADMIN","CODE","DATA_VERSION") values ('a16344b1790e41e98615f6cd19587112', '人员管理维护', 'platform', null, 1, 'a16344b1790e41e98615f6cd19587571', null, null, null, '000100040001', 0, 0, 'platForm.orgSructureManage.PersonnelManage.Maintain', 0);
insert into "SYS_AUTH" ("ID","NAME","APP_ID","REMARK","SORT_INDEX","PARENT_ID","CREATE_USER","CREATE_TIME","UPDATE_TIME","SORT_PATH","IS_ORG_ADMIN","IS_USER_GROUP_ADMIN","CODE","DATA_VERSION") values ('b50cbc8a2b0645729848403093f42111', '用户管理维护', 'platform', null, 1, 'b50cbc8a2b0645729848403093f4246f', null, null, null, '000200020001', 0, 0, 'platForm.userManage.user.Maintain', 0);
insert into "SYS_AUTH" ("ID","NAME","APP_ID","REMARK","SORT_INDEX","PARENT_ID","CREATE_USER","CREATE_TIME","UPDATE_TIME","SORT_PATH","IS_ORG_ADMIN","IS_USER_GROUP_ADMIN","CODE","DATA_VERSION") values ('5fc1b8842fa04faea8f39beb866fd111', '集团三员管理维护', 'platform', null, 1, '5fc1b8842fa04faea8f39beb866fd511', null, null, null, '000200010001', 0, 0, 'platForm.threeManage.GroupThreeManage.Maintain', 0);
insert into "SYS_AUTH" ("ID","NAME","APP_ID","REMARK","SORT_INDEX","PARENT_ID","CREATE_USER","CREATE_TIME","UPDATE_TIME","SORT_PATH","IS_ORG_ADMIN","IS_USER_GROUP_ADMIN","CODE","DATA_VERSION") values ('5fc1b8842fa04faea8f39beb866fd112', '集团三员管控集团范围', 'platform', null, 2, '5fc1b8842fa04faea8f39beb866fd511', null, null, null, '000200010002', 0, 0, 'platForm.threeManage.GroupThreeManage.GroupControlDomain', 0);
insert into "SYS_AUTH" ("ID","NAME","APP_ID","REMARK","SORT_INDEX","PARENT_ID","CREATE_USER","CREATE_TIME","UPDATE_TIME","SORT_PATH","IS_ORG_ADMIN","IS_USER_GROUP_ADMIN","CODE","DATA_VERSION") values ('39e1b3ec3d6e483b86c4923ea64cf111', '数据源管理维护', 'platform', null, 1, '39e1b3ec3d6e483b86c4923ea64cfeee', null, null, null, '000300040001', 0, 0, 'platForm.groupDataSource.dataSource.Maintain', 0);
insert into "SYS_AUTH" ("ID","NAME","APP_ID","REMARK","SORT_INDEX","PARENT_ID","CREATE_USER","CREATE_TIME","UPDATE_TIME","SORT_PATH","IS_ORG_ADMIN","IS_USER_GROUP_ADMIN","CODE","DATA_VERSION") values ('67e1114e83214aeb8a3ec0a6822fd111', '应用三员管理维护', 'platform', null, 1, '67e1114e83214aeb8a3ec0a6822fdd30', null, null, null, '000200050001', 0, 0, 'platForm.threeManage.AppThreeManage.Maintain', 0);
insert into "SYS_AUTH" ("ID","NAME","APP_ID","REMARK","SORT_INDEX","PARENT_ID","CREATE_USER","CREATE_TIME","UPDATE_TIME","SORT_PATH","IS_ORG_ADMIN","IS_USER_GROUP_ADMIN","CODE","DATA_VERSION") values ('67e1114e83214aeb8a3ec0a6822fd112', '应用三员管控应用，组织，用户组范围', 'platform', null, 2, '67e1114e83214aeb8a3ec0a6822fdd30', null, null, null, '000200050002', 0, 0, 'platForm.threeManage.AppThreeManage.AppControlDomain', 0);
insert into "SYS_AUTH" ("ID","NAME","APP_ID","REMARK","SORT_INDEX","PARENT_ID","CREATE_USER","CREATE_TIME","UPDATE_TIME","SORT_PATH","IS_ORG_ADMIN","IS_USER_GROUP_ADMIN","CODE","DATA_VERSION") values ('ac2a8ce16a614324b5ed4e9c24e7e111', '应用管理维护', 'platform', null, 1, 'ac2a8ce16a614324b5ed4e9c24e7e905', null, null, null, '000300050001', 0, 0, 'platForm.groupAppManage.GroupApp.Maintain', 0);
insert into "SYS_AUTH" ("ID","NAME","APP_ID","REMARK","SORT_INDEX","PARENT_ID","CREATE_USER","CREATE_TIME","UPDATE_TIME","SORT_PATH","IS_ORG_ADMIN","IS_USER_GROUP_ADMIN","CODE","DATA_VERSION") values ('131e140bc2bd4361af5ee488f92b2111', '字典管理维护', 'platform', null, 1, '131e140bc2bd4361af5ee488f92b22ad', null, null, null, '000200070001', 0, 0, 'platForm.dictManage.dict.Maintain', 0);
insert into "SYS_AUTH" ("ID","NAME","APP_ID","REMARK","SORT_INDEX","PARENT_ID","CREATE_USER","CREATE_TIME","UPDATE_TIME","SORT_PATH","IS_ORG_ADMIN","IS_USER_GROUP_ADMIN","CODE","DATA_VERSION") values ('8d4d2caee7f548889988da2747dfa111', '角色管理维护', 'platform', null, 1, '8d4d2caee7f548889988da2747dfaa4a', null, null, null, '000200080001', 0, 0, 'platForm.roleManage.Role.Maintain', 0);
insert into "SYS_AUTH" ("ID","NAME","APP_ID","REMARK","SORT_INDEX","PARENT_ID","CREATE_USER","CREATE_TIME","UPDATE_TIME","SORT_PATH","IS_ORG_ADMIN","IS_USER_GROUP_ADMIN","CODE","DATA_VERSION") values ('334qb3ec3d6e483b86c4923ea64cf111', '用户授权保存', 'platform', null, 1, '334qb3ec3d6e483b86c4923ea64cfdd0', null, null, null, '0002000900010001', 0, 0, 'platForm.grantAuthManage.UserGrantAuth.Save', 0);
insert into "SYS_AUTH" ("ID","NAME","APP_ID","REMARK","SORT_INDEX","PARENT_ID","CREATE_USER","CREATE_TIME","UPDATE_TIME","SORT_PATH","IS_ORG_ADMIN","IS_USER_GROUP_ADMIN","CODE","DATA_VERSION") values ('334qb3ec3d6e483b86c4923ea64cf112', '用户授权激活', 'platform', null, 2, '334qb3ec3d6e483b86c4923ea64cfdd0', null, null, null, '0002000900010002', 0, 0, 'platForm.grantAuthManage.UserGrantAuth.Active', 0);
insert into "SYS_AUTH" ("ID","NAME","APP_ID","REMARK","SORT_INDEX","PARENT_ID","CREATE_USER","CREATE_TIME","UPDATE_TIME","SORT_PATH","IS_ORG_ADMIN","IS_USER_GROUP_ADMIN","CODE","DATA_VERSION") values ('334qb3ec3d6e483b86c4923ea64cf113', '指定用户权限管控的组织范围', 'platform', null, 3, '334qb3ec3d6e483b86c4923ea64cfdd0', null, null, null, '0002000900010003', 0, 0, 'platForm.grantAuthManage.UserGrantAuth.OrgControlDomain', 0);
insert into "SYS_AUTH" ("ID","NAME","APP_ID","REMARK","SORT_INDEX","PARENT_ID","CREATE_USER","CREATE_TIME","UPDATE_TIME","SORT_PATH","IS_ORG_ADMIN","IS_USER_GROUP_ADMIN","CODE","DATA_VERSION") values ('334qb3ec3d6e483b86c4923ea64cf114', '指定用户权限管控的用户组范围', 'platform', null, 4, '334qb3ec3d6e483b86c4923ea64cfdd0', null, null, null, '0002000900010004', 0, 0, 'platForm.grantAuthManage.UserGrantAuth.UserGropuControlDomain', 0);
insert into "SYS_AUTH" ("ID","NAME","APP_ID","REMARK","SORT_INDEX","PARENT_ID","CREATE_USER","CREATE_TIME","UPDATE_TIME","SORT_PATH","IS_ORG_ADMIN","IS_USER_GROUP_ADMIN","CODE","DATA_VERSION") values ('456wb3ec3d6e483b86c4923ea64cf111', '角色授权保存', 'platform', null, 1, '456wb3ec3d6e483b86c4923ea64cfdd0', null, null, null, '0002000900020001', 0, 0, 'platForm.grantAuthManage.RoleGrantAuth.Save', 0);
insert into "SYS_AUTH" ("ID","NAME","APP_ID","REMARK","SORT_INDEX","PARENT_ID","CREATE_USER","CREATE_TIME","UPDATE_TIME","SORT_PATH","IS_ORG_ADMIN","IS_USER_GROUP_ADMIN","CODE","DATA_VERSION") values ('456wb3ec3d6e483b86c4923ea64cf112', '角色授权激活', 'platform', null, 2, '456wb3ec3d6e483b86c4923ea64cfdd0', null, null, null, '0002000900020002', 0, 0, 'platForm.grantAuthManage.RoleGrantAuth.Active', 0);
insert into "SYS_AUTH" ("ID","NAME","APP_ID","REMARK","SORT_INDEX","PARENT_ID","CREATE_USER","CREATE_TIME","UPDATE_TIME","SORT_PATH","IS_ORG_ADMIN","IS_USER_GROUP_ADMIN","CODE","DATA_VERSION") values ('67yub3ec3d6e483b86c4923ea64cf111', '权限授权保存', 'platform', null, 1, '67yub3ec3d6e483b86c4923ea64cfdd0', null, null, null, '0002000900030001', 0, 0, 'platForm.grantAuthManage.AuthGrantUserAndRole.Save', 0);
insert into "SYS_AUTH" ("ID","NAME","APP_ID","REMARK","SORT_INDEX","PARENT_ID","CREATE_USER","CREATE_TIME","UPDATE_TIME","SORT_PATH","IS_ORG_ADMIN","IS_USER_GROUP_ADMIN","CODE","DATA_VERSION") values ('67yub3ec3d6e483b86c4923ea64cf112', '权限授权激活', 'platform', null, 2, '67yub3ec3d6e483b86c4923ea64cfdd0', null, null, null, '0002000900030002', 0, 0, 'platForm.grantAuthManage.AuthGrantUserAndRole.Active', 0);
insert into "SYS_AUTH" ("ID","NAME","APP_ID","REMARK","SORT_INDEX","PARENT_ID","CREATE_USER","CREATE_TIME","UPDATE_TIME","SORT_PATH","IS_ORG_ADMIN","IS_USER_GROUP_ADMIN","CODE","DATA_VERSION") values ('ac2a8ce16a614324b5ed4e9c24e71111', '租户配置项维护', 'platform', null, 1, 'ac2a8ce16a614324b5ed4e9c24e7e904', null, null, null, '000300010001', 0, 0, 'platForm.configManage.ConfigManage.TenantMaintain', 0);
insert into "SYS_AUTH" ("ID","NAME","APP_ID","REMARK","SORT_INDEX","PARENT_ID","CREATE_USER","CREATE_TIME","UPDATE_TIME","SORT_PATH","IS_ORG_ADMIN","IS_USER_GROUP_ADMIN","CODE","DATA_VERSION") values ('ac2a8ce16a614324b5ed4e9c24e71112', '集团配置项维护', 'platform', null, 2, 'ac2a8ce16a614324b5ed4e9c24e7e904', null, null, null, '000300010002', 0, 0, 'platForm.configManage.ConfigManage.GroupMaintain', 0);
insert into "SYS_AUTH" ("ID","NAME","APP_ID","REMARK","SORT_INDEX","PARENT_ID","CREATE_USER","CREATE_TIME","UPDATE_TIME","SORT_PATH","IS_ORG_ADMIN","IS_USER_GROUP_ADMIN","CODE","DATA_VERSION") values ('ac2a8ce16a614324b5ed4e9c24e71113', '应用配置项维护', 'platform', null, 3, 'ac2a8ce16a614324b5ed4e9c24e7e904', null, null, null, '000300010003', 0, 0, 'platForm.configManage.ConfigManage.AppMaintain', 0);
insert into "SYS_AUTH" ("ID","NAME","APP_ID","REMARK","SORT_INDEX","PARENT_ID","CREATE_USER","CREATE_TIME","UPDATE_TIME","SORT_PATH","IS_ORG_ADMIN","IS_USER_GROUP_ADMIN","CODE","DATA_VERSION") values ('ffc03579b06a4b7fae6c51c9ff481111', '附件租户配置项维护', 'platform', null, 1, 'ffc03579b06a4b7fae6c51c9ff48b311', null, null, null, '000300020001', 0, 0, 'platForm.fileConfigManage.fileConfig.TenantMaintain', 0);
insert into "SYS_AUTH" ("ID","NAME","APP_ID","REMARK","SORT_INDEX","PARENT_ID","CREATE_USER","CREATE_TIME","UPDATE_TIME","SORT_PATH","IS_ORG_ADMIN","IS_USER_GROUP_ADMIN","CODE","DATA_VERSION") values ('ffc03579b06a4b7fae6c51c9ff481112', '附件集团配置项维护', 'platform', null, 2, 'ffc03579b06a4b7fae6c51c9ff48b311', null, null, null, '000300020002', 0, 0, 'platForm.fileConfigManage.fileConfig.GroupMaintain', 0);
insert into "SYS_AUTH" ("ID","NAME","APP_ID","REMARK","SORT_INDEX","PARENT_ID","CREATE_USER","CREATE_TIME","UPDATE_TIME","SORT_PATH","IS_ORG_ADMIN","IS_USER_GROUP_ADMIN","CODE","DATA_VERSION") values ('ffc03579b06a4b7fae6c51c9ff481113', '附件应用配置项维护', 'platform', null, 3, 'ffc03579b06a4b7fae6c51c9ff48b311', null, null, null, '000300020003', 0, 0, 'platForm.fileConfigManage.fileConfig.AppMaintain', 0);
insert into "SYS_AUTH" ("ID","NAME","APP_ID","REMARK","SORT_INDEX","PARENT_ID","CREATE_USER","CREATE_TIME","UPDATE_TIME","SORT_PATH","IS_ORG_ADMIN","IS_USER_GROUP_ADMIN","CODE","DATA_VERSION") values ('ffc03579b06a4b7fae6c51c9ff482111', '附件存储库维护', 'platform', null, 1, 'ffc03579b06a4b7fae6c51c9ff48b312', null, null, null, '000300030001', 0, 0, 'platForm.fileRepositoryManage.fileRepository.Maintain', 0);
insert into "SYS_AUTH" ("ID","NAME","APP_ID","REMARK","SORT_INDEX","PARENT_ID","CREATE_USER","CREATE_TIME","UPDATE_TIME","SORT_PATH","IS_ORG_ADMIN","IS_USER_GROUP_ADMIN","CODE","DATA_VERSION") values ('8bc5761a4d8d49e680515bc50f4ba111', '菜单管理维护', 'platform', null, 1, '8bc5761a4d8d49e680515bc50f4baad1', null, null, null, '000300060001', 0, 0, 'platForm.menuManage.Menu.Maintain', 0);
insert into "SYS_AUTH" ("ID","NAME","APP_ID","REMARK","SORT_INDEX","PARENT_ID","CREATE_USER","CREATE_TIME","UPDATE_TIME","SORT_PATH","IS_ORG_ADMIN","IS_USER_GROUP_ADMIN","CODE","DATA_VERSION") values ('39e1b3ec3d6e483b86c4923ea64c1111', '权限管理维护', 'platform', null, 1, '39e1b3ec3d6e483b86c4923ea64cfdd0', null, null, null, '000300070001', 0, 0, 'platForm.authManage.Auth.Maintain', 0);
insert into "SYS_AUTH" ("ID","NAME","APP_ID","REMARK","SORT_INDEX","PARENT_ID","CREATE_USER","CREATE_TIME","UPDATE_TIME","SORT_PATH","IS_ORG_ADMIN","IS_USER_GROUP_ADMIN","CODE","DATA_VERSION") values ('39e1b3ec3d6e483b86c4923ea64c1112', '指定权限绑定api资源权限', 'platform', null, 2, '39e1b3ec3d6e483b86c4923ea64cfdd0', null, null, null, '000300070002', 0, 0, 'platForm.authManage.Auth.ApiDoMain', 0);
insert into "SYS_AUTH" ("ID","NAME","APP_ID","REMARK","SORT_INDEX","PARENT_ID","CREATE_USER","CREATE_TIME","UPDATE_TIME","SORT_PATH","IS_ORG_ADMIN","IS_USER_GROUP_ADMIN","CODE","DATA_VERSION") values ('8d4d2caee7f548889988da2747dfa112', '指定下级角色', 'platform', null, 2, '8d4d2caee7f548889988da2747dfaa4a', null, null, null, '000200080002', 0, 0, 'platForm.roleManage.Role.ChildRole', 0);
insert into "SYS_AUTH" ("ID","NAME","APP_ID","REMARK","SORT_INDEX","PARENT_ID","CREATE_USER","CREATE_TIME","UPDATE_TIME","SORT_PATH","IS_ORG_ADMIN","IS_USER_GROUP_ADMIN","CODE","DATA_VERSION") values ('8d4d2caee7f548889988da2747dfa113', '指定互斥角色', 'platform', null, 3, '8d4d2caee7f548889988da2747dfaa4a', null, null, null, '000200080003', 0, 0, 'platForm.roleManage.Role.MutexRole', 0);
insert into "SYS_AUTH" ("ID","NAME","APP_ID","REMARK","SORT_INDEX","PARENT_ID","CREATE_USER","CREATE_TIME","UPDATE_TIME","SORT_PATH","IS_ORG_ADMIN","IS_USER_GROUP_ADMIN","CODE","DATA_VERSION") values ('8d4d2caee7f548889988da2747dfa114', '分配角色用户权限', 'platform', null, 4, '8d4d2caee7f548889988da2747dfaa4a', null, null, null, '000200080004', 0, 0, 'platForm.roleManage.Role.UserRole', 0);
insert into "SYS_AUTH" ("ID","NAME","APP_ID","REMARK","SORT_INDEX","PARENT_ID","CREATE_USER","CREATE_TIME","UPDATE_TIME","SORT_PATH","IS_ORG_ADMIN","IS_USER_GROUP_ADMIN","CODE","DATA_VERSION") values ('e3b15ac90286450fbe5a721c9f542433', '首页', 'platform', null, 0, '0', null, null, null, '0000', 0, 0, 'platForm.home.Home', 0);
insert into "SYS_AUTH" ("ID","NAME","APP_ID","REMARK","SORT_INDEX","PARENT_ID","CREATE_USER","CREATE_TIME","UPDATE_TIME","SORT_PATH","IS_ORG_ADMIN","IS_USER_GROUP_ADMIN","CODE","DATA_VERSION") values ('e3b15ac90286450fbe5a721c9f542344', '服务管理', 'platform', null, 4, '0', null, null, null, '0004', 0, 0, 'NULL', 0);
insert into "SYS_AUTH" ("ID","NAME","APP_ID","REMARK","SORT_INDEX","PARENT_ID","CREATE_USER","CREATE_TIME","UPDATE_TIME","SORT_PATH","IS_ORG_ADMIN","IS_USER_GROUP_ADMIN","CODE","DATA_VERSION") values ('12315ac90286450fbe5a721c9f542344', '服务配置管理', 'platform', null, 2, 'e3b15ac90286450fbe5a721c9f542344', null, null, null, '00040002', 0, 0, 'platForm.nacos.NacosConfigs', 0);
insert into "SYS_AUTH" ("ID","NAME","APP_ID","REMARK","SORT_INDEX","PARENT_ID","CREATE_USER","CREATE_TIME","UPDATE_TIME","SORT_PATH","IS_ORG_ADMIN","IS_USER_GROUP_ADMIN","CODE","DATA_VERSION") values ('23315ac90286450fbe5a721c9f542344', '服务命名空间', 'platform', null, 1, 'e3b15ac90286450fbe5a721c9f542344', null, null, null, '00040001', 0, 0, 'platForm.nacos.NacosNamespace', 0);
insert into "SYS_AUTH" ("ID","NAME","APP_ID","REMARK","SORT_INDEX","PARENT_ID","CREATE_USER","CREATE_TIME","UPDATE_TIME","SORT_PATH","IS_ORG_ADMIN","IS_USER_GROUP_ADMIN","CODE","DATA_VERSION") values ('34415ac90286450fbe5a721c9f542344', '服务列表管理', 'platform', null, 3, 'e3b15ac90286450fbe5a721c9f542344', null, null, null, '00040003', 0, 0, 'platForm.nacos.NacosService', 0);
insert into "SYS_AUTH" ("ID","NAME","APP_ID","REMARK","SORT_INDEX","PARENT_ID","CREATE_USER","CREATE_TIME","UPDATE_TIME","SORT_PATH","IS_ORG_ADMIN","IS_USER_GROUP_ADMIN","CODE","DATA_VERSION") values ('12315ac90286450fbe5a721c9f54ddd1', '服务配置管理维护', 'platform', null, 1, '12315ac90286450fbe5a721c9f542344', null, null, null, '000400020001', 0, 0, 'platForm.nacos.NacosConfigs.Maintain', 0);
insert into "SYS_AUTH" ("ID","NAME","APP_ID","REMARK","SORT_INDEX","PARENT_ID","CREATE_USER","CREATE_TIME","UPDATE_TIME","SORT_PATH","IS_ORG_ADMIN","IS_USER_GROUP_ADMIN","CODE","DATA_VERSION") values ('23315ac90286450fbe5a721c9f54ddd2', '服务命名空间维护', 'platform', null, 1, '23315ac90286450fbe5a721c9f542344', null, null, null, '000400010001', 0, 0, 'platForm.nacos.NacosNamespace.Maintain', 0);
insert into "SYS_AUTH" ("ID","NAME","APP_ID","REMARK","SORT_INDEX","PARENT_ID","CREATE_USER","CREATE_TIME","UPDATE_TIME","SORT_PATH","IS_ORG_ADMIN","IS_USER_GROUP_ADMIN","CODE","DATA_VERSION") values ('34415ac90286450fbe5a721c9f54ddd3', '服务列表管理维护', 'platform', null, 1, '34415ac90286450fbe5a721c9f542344', null, null, null, '000400030001', 0, 0, 'platForm.nacos.NacosService.Maintain', 0);
insert into "SYS_AUTH" ("ID","NAME","APP_ID","REMARK","SORT_INDEX","PARENT_ID","CREATE_USER","CREATE_TIME","UPDATE_TIME","SORT_PATH","IS_ORG_ADMIN","IS_USER_GROUP_ADMIN","CODE","DATA_VERSION") values ('77yub3ec3d6e483b86c4923ea6411111', '授权激活', 'platform', null, 4, '11erb3ec3d6e483b86c4923ea64cfdd0', null, null, null, '000200090004', 0, 0, 'platForm.grantAuthManage.AuthGrantActive', 0);
insert into "SYS_AUTH" ("ID","NAME","APP_ID","REMARK","SORT_INDEX","PARENT_ID","CREATE_USER","CREATE_TIME","UPDATE_TIME","SORT_PATH","IS_ORG_ADMIN","IS_USER_GROUP_ADMIN","CODE","DATA_VERSION") values ('22316279a4a9416a8e20019821e640af', '定时任务', 'platform', null, 8, '11316279a4a9416a8e20019821e640af', null, null, null, '00030008', 0, 0, 'platform.quartzManage.Schedule', 0);
insert into "SYS_AUTH" ("ID","NAME","APP_ID","REMARK","SORT_INDEX","PARENT_ID","CREATE_USER","CREATE_TIME","UPDATE_TIME","SORT_PATH","IS_ORG_ADMIN","IS_USER_GROUP_ADMIN","CODE","DATA_VERSION") values ('11116279a4a9416a8e20019821e61111', '工作日历', 'platform', null, 10, 'e3b15ac90286450fbe5a721c9f542451', null, null, null, '00020010', 0, 0, 'platform.jobCalendarManage.JobCalendar', 0);
insert into "SYS_AUTH" ("ID","NAME","APP_ID","REMARK","SORT_INDEX","PARENT_ID","CREATE_USER","CREATE_TIME","UPDATE_TIME","SORT_PATH","IS_ORG_ADMIN","IS_USER_GROUP_ADMIN","CODE","DATA_VERSION") values ('33336279a4a9416a8e20019821e63333', '消息通道配置管理', 'platform', null, 9, '11316279a4a9416a8e20019821e640af', null, null, null, '00030009', 0, 0, 'platform.msgSendManage.MsgSend', 0);
insert into "SYS_AUTH" ("ID","NAME","APP_ID","REMARK","SORT_INDEX","PARENT_ID","CREATE_USER","CREATE_TIME","UPDATE_TIME","SORT_PATH","IS_ORG_ADMIN","IS_USER_GROUP_ADMIN","CODE","DATA_VERSION") values ('3333ba3204344d37929abd4ad9a12222', '工作流程', 'platform', null, 5, '0', null, null, null, '0005', 0, 0, null, 0);
insert into "SYS_AUTH" ("ID","NAME","APP_ID","REMARK","SORT_INDEX","PARENT_ID","CREATE_USER","CREATE_TIME","UPDATE_TIME","SORT_PATH","IS_ORG_ADMIN","IS_USER_GROUP_ADMIN","CODE","DATA_VERSION") values ('3456ba3204344d37929abd4ad9a15678', '流程定义', 'platform', null, 1, '3333ba3204344d37929abd4ad9a12222', null, null, null, '00050001', 0, 0, 'processDefinition.ProcessList', 0);
insert into "SYS_AUTH" ("ID","NAME","APP_ID","REMARK","SORT_INDEX","PARENT_ID","CREATE_USER","CREATE_TIME","UPDATE_TIME","SORT_PATH","IS_ORG_ADMIN","IS_USER_GROUP_ADMIN","CODE","DATA_VERSION") values ('7756ba3204344d37929abd4ad9a15699', '全局变量', 'platform', null, 2, '3333ba3204344d37929abd4ad9a12222', null, null, null, '00050002', 0, 0, 'globalVariantManage.GlobalVariant', 0);
insert into "SYS_AUTH" ("ID","NAME","APP_ID","REMARK","SORT_INDEX","PARENT_ID","CREATE_USER","CREATE_TIME","UPDATE_TIME","SORT_PATH","IS_ORG_ADMIN","IS_USER_GROUP_ADMIN","CODE","DATA_VERSION") values ('1116ba3204344d37929abd4ad9a15222', '全局规则', 'platform', null, 3, '3333ba3204344d37929abd4ad9a12222', null, null, null, '00050003', 0, 0, 'globalRuleManage.GlobalRule', 0);

/**
menu
*/
insert into "SYS_MENU" ("ID","NAME","PARENT_ID","APP_ID","PARENT_NAME","URL","TYPE","ICON","AUTH_ID","BTN_AUTH","IS_LEAF","SORT_INDEX","ALL_ORDER","SORT_PATH","OPEN_STYLE","CLOSE_NOTICE","CREATE_USER","CREATE_TIME","UPDATE_TIME","LEAF","MENU_AUTH","REMARK","DATA_VERSION","IS_IFRAME") values ('bc316279a4a9416a8e20019821e640af', '组织架构管理', '0', 'platform', '一级菜单', null, 0, 'iconfont icon-sitemap', 'bc316279a4a9416a8e20019821e640af', null, null, 1, null, '0001', null, null, null, null, null, null, null, null, 0, 0);
insert into "SYS_MENU" ("ID","NAME","PARENT_ID","APP_ID","PARENT_NAME","URL","TYPE","ICON","AUTH_ID","BTN_AUTH","IS_LEAF","SORT_INDEX","ALL_ORDER","SORT_PATH","OPEN_STYLE","CLOSE_NOTICE","CREATE_USER","CREATE_TIME","UPDATE_TIME","LEAF","MENU_AUTH","REMARK","DATA_VERSION","IS_IFRAME") values ('e3b15ac90286450fbe5a721c9f542451', '系统管理', '0', 'platform', '一级菜单', null, 0, 'iconfont icon-laptop', 'e3b15ac90286450fbe5a721c9f542451', null, null, 2, null, '0002', null, null, null, null, null, null, null, null, 0, 0);
insert into "SYS_MENU" ("ID","NAME","PARENT_ID","APP_ID","PARENT_NAME","URL","TYPE","ICON","AUTH_ID","BTN_AUTH","IS_LEAF","SORT_INDEX","ALL_ORDER","SORT_PATH","OPEN_STYLE","CLOSE_NOTICE","CREATE_USER","CREATE_TIME","UPDATE_TIME","LEAF","MENU_AUTH","REMARK","DATA_VERSION","IS_IFRAME") values ('8df5766a29644f50bceee1228964e1cc', '集团管理', 'bc316279a4a9416a8e20019821e640af', 'platform', '组织架构管理', 'orgSructureManage/views/GroupManage', 1, 'iconfont icon-loufang', '8df5766a29644f50bceee1228964e1cc', null, null, 1, null, '00010001', null, null, null, null, null, null, null, null, 0, 0);
insert into "SYS_MENU" ("ID","NAME","PARENT_ID","APP_ID","PARENT_NAME","URL","TYPE","ICON","AUTH_ID","BTN_AUTH","IS_LEAF","SORT_INDEX","ALL_ORDER","SORT_PATH","OPEN_STYLE","CLOSE_NOTICE","CREATE_USER","CREATE_TIME","UPDATE_TIME","LEAF","MENU_AUTH","REMARK","DATA_VERSION","IS_IFRAME") values ('a16344b1790e41e98615f6cd19587573', '业务单元', 'bc316279a4a9416a8e20019821e640af', 'platform', '组织架构管理', 'orgSructureManage/views/BusinessUnitManage', 1, 'iconfont icon-appstore-fill', 'a16344b1790e41e98615f6cd19587573', null, null, 2, null, '00010002', null, null, null, null, null, null, null, null, 0, 0);
insert into "SYS_MENU" ("ID","NAME","PARENT_ID","APP_ID","PARENT_NAME","URL","TYPE","ICON","AUTH_ID","BTN_AUTH","IS_LEAF","SORT_INDEX","ALL_ORDER","SORT_PATH","OPEN_STYLE","CLOSE_NOTICE","CREATE_USER","CREATE_TIME","UPDATE_TIME","LEAF","MENU_AUTH","REMARK","DATA_VERSION","IS_IFRAME") values ('5e80ace300d54486814ee84c1fb29a3a', '部门管理', 'bc316279a4a9416a8e20019821e640af', 'platform', '组织架构管理', 'orgDepartmentManage/views/orgDepartment', 1, 'iconfont icon-th-list', '5e80ace300d54486814ee84c1fb29a3a', null, null, 3, null, '00010003', null, null, null, null, null, null, null, null, 0, 0);
insert into "SYS_MENU" ("ID","NAME","PARENT_ID","APP_ID","PARENT_NAME","URL","TYPE","ICON","AUTH_ID","BTN_AUTH","IS_LEAF","SORT_INDEX","ALL_ORDER","SORT_PATH","OPEN_STYLE","CLOSE_NOTICE","CREATE_USER","CREATE_TIME","UPDATE_TIME","LEAF","MENU_AUTH","REMARK","DATA_VERSION","IS_IFRAME") values ('a16344b1790e41e98615f6cd19587571', '人员管理', 'bc316279a4a9416a8e20019821e640af', 'platform', '组织架构管理', 'orgSructureManage/views/PersonnelManage', 1, 'iconfont icon-users-cog', 'a16344b1790e41e98615f6cd19587571', null, null, 4, null, '00010004', null, null, null, null, null, null, null, null, 0, 0);
insert into "SYS_MENU" ("ID","NAME","PARENT_ID","APP_ID","PARENT_NAME","URL","TYPE","ICON","AUTH_ID","BTN_AUTH","IS_LEAF","SORT_INDEX","ALL_ORDER","SORT_PATH","OPEN_STYLE","CLOSE_NOTICE","CREATE_USER","CREATE_TIME","UPDATE_TIME","LEAF","MENU_AUTH","REMARK","DATA_VERSION","IS_IFRAME") values ('5fc1b8842fa04faea8f39beb866fd511', '集团三员管理', 'e3b15ac90286450fbe5a721c9f542451', 'platform', '系统管理', 'threeManage/views/GroupThreeManage', 1, 'iconfont icon-user-tie', '5fc1b8842fa04faea8f39beb866fd511', null, null, 1, null, '00020001', null, null, null, null, null, null, null, null, 0, 0);
insert into "SYS_MENU" ("ID","NAME","PARENT_ID","APP_ID","PARENT_NAME","URL","TYPE","ICON","AUTH_ID","BTN_AUTH","IS_LEAF","SORT_INDEX","ALL_ORDER","SORT_PATH","OPEN_STYLE","CLOSE_NOTICE","CREATE_USER","CREATE_TIME","UPDATE_TIME","LEAF","MENU_AUTH","REMARK","DATA_VERSION","IS_IFRAME") values ('b50cbc8a2b0645729848403093f4246f', '用户管理', 'e3b15ac90286450fbe5a721c9f542451', 'platform', '系统管理', 'userManage/views/user', 1, 'iconfont icon-users-cog', 'b50cbc8a2b0645729848403093f4246f', null, null, 2, null, '00020002', null, null, null, null, null, null, null, null, 0, 0);
insert into "SYS_MENU" ("ID","NAME","PARENT_ID","APP_ID","PARENT_NAME","URL","TYPE","ICON","AUTH_ID","BTN_AUTH","IS_LEAF","SORT_INDEX","ALL_ORDER","SORT_PATH","OPEN_STYLE","CLOSE_NOTICE","CREATE_USER","CREATE_TIME","UPDATE_TIME","LEAF","MENU_AUTH","REMARK","DATA_VERSION","IS_IFRAME") values ('39e1b3ec3d6e483b86c4923ea64cfeee', '数据源管理', '11316279a4a9416a8e20019821e640af', 'platform', '配置管理', 'groupDataSource/views/dataSource', 1, 'iconfont icon-server', '39e1b3ec3d6e483b86c4923ea64cfeee', null, null, 4, null, '00030004', null, null, null, null, null, null, null, null, 0, 0);
insert into "SYS_MENU" ("ID","NAME","PARENT_ID","APP_ID","PARENT_NAME","URL","TYPE","ICON","AUTH_ID","BTN_AUTH","IS_LEAF","SORT_INDEX","ALL_ORDER","SORT_PATH","OPEN_STYLE","CLOSE_NOTICE","CREATE_USER","CREATE_TIME","UPDATE_TIME","LEAF","MENU_AUTH","REMARK","DATA_VERSION","IS_IFRAME") values ('11316279a4a9416a8e20019821e640af', '配置管理', '0', 'platform', '一级菜单', null, 0, 'el-icon-s-grid', '11316279a4a9416a8e20019821e640af', null, null, 3, null, '0003', null, null, null, null, null, null, null, null, 0, 0);
insert into "SYS_MENU" ("ID","NAME","PARENT_ID","APP_ID","PARENT_NAME","URL","TYPE","ICON","AUTH_ID","BTN_AUTH","IS_LEAF","SORT_INDEX","ALL_ORDER","SORT_PATH","OPEN_STYLE","CLOSE_NOTICE","CREATE_USER","CREATE_TIME","UPDATE_TIME","LEAF","MENU_AUTH","REMARK","DATA_VERSION","IS_IFRAME") values ('ac2a8ce16a614324b5ed4e9c24e7e904', '系统配置项管理', '11316279a4a9416a8e20019821e640af', 'platform', '配置管理', 'configManage/views/ConfigManage', 1, 'iconfont icon-cogs', 'ac2a8ce16a614324b5ed4e9c24e7e904', null, null, 1, null, '00030001', null, null, null, null, null, null, null, null, 0, 0);
insert into "SYS_MENU" ("ID","NAME","PARENT_ID","APP_ID","PARENT_NAME","URL","TYPE","ICON","AUTH_ID","BTN_AUTH","IS_LEAF","SORT_INDEX","ALL_ORDER","SORT_PATH","OPEN_STYLE","CLOSE_NOTICE","CREATE_USER","CREATE_TIME","UPDATE_TIME","LEAF","MENU_AUTH","REMARK","DATA_VERSION","IS_IFRAME") values ('ffc03579b06a4b7fae6c51c9ff48b311', '附件配置项管理', '11316279a4a9416a8e20019821e640af', 'platform', '配置管理', 'fileConfigManage/views/fileConfig', 1, 'iconfont icon-file-invoice', 'ffc03579b06a4b7fae6c51c9ff48b311', null, null, 2, null, '00030002', null, null, null, null, null, null, null, null, 0, 0);
insert into "SYS_MENU" ("ID","NAME","PARENT_ID","APP_ID","PARENT_NAME","URL","TYPE","ICON","AUTH_ID","BTN_AUTH","IS_LEAF","SORT_INDEX","ALL_ORDER","SORT_PATH","OPEN_STYLE","CLOSE_NOTICE","CREATE_USER","CREATE_TIME","UPDATE_TIME","LEAF","MENU_AUTH","REMARK","DATA_VERSION","IS_IFRAME") values ('ffc03579b06a4b7fae6c51c9ff48b312', '附件存储库管理', '11316279a4a9416a8e20019821e640af', 'platform', '配置管理', 'fileRepositoryManage/views/fileRepository', 1, 'iconfont icon-inbox', 'ffc03579b06a4b7fae6c51c9ff48b312', null, null, 3, null, '00030003', null, null, null, null, null, null, null, null, 0, 0);
insert into "SYS_MENU" ("ID","NAME","PARENT_ID","APP_ID","PARENT_NAME","URL","TYPE","ICON","AUTH_ID","BTN_AUTH","IS_LEAF","SORT_INDEX","ALL_ORDER","SORT_PATH","OPEN_STYLE","CLOSE_NOTICE","CREATE_USER","CREATE_TIME","UPDATE_TIME","LEAF","MENU_AUTH","REMARK","DATA_VERSION","IS_IFRAME") values ('04d7893c4a4d4345b18b0789af13753f', '日志管理', 'e3b15ac90286450fbe5a721c9f542451', 'platform', '系统管理', null, 0, 'iconfont icon-clipboard-list', '04d7893c4a4d4345b18b0789af13753f', null, null, 4, null, '00020004', null, null, null, null, null, null, null, null, 0, 0);
insert into "SYS_MENU" ("ID","NAME","PARENT_ID","APP_ID","PARENT_NAME","URL","TYPE","ICON","AUTH_ID","BTN_AUTH","IS_LEAF","SORT_INDEX","ALL_ORDER","SORT_PATH","OPEN_STYLE","CLOSE_NOTICE","CREATE_USER","CREATE_TIME","UPDATE_TIME","LEAF","MENU_AUTH","REMARK","DATA_VERSION","IS_IFRAME") values ('4c8c4bc4726b40b7a570fa1d2ba49f47', '安全审计日志', '04d7893c4a4d4345b18b0789af13753f', 'platform', '日志管理', 'auditLogManage/views/AuditLog', 1, 'iconfont icon-clipboard-check', '4c8c4bc4726b40b7a570fa1d2ba49f47', null, null, 1, null, '000200040001', null, null, null, null, null, null, null, null, 0, 0);
insert into "SYS_MENU" ("ID","NAME","PARENT_ID","APP_ID","PARENT_NAME","URL","TYPE","ICON","AUTH_ID","BTN_AUTH","IS_LEAF","SORT_INDEX","ALL_ORDER","SORT_PATH","OPEN_STYLE","CLOSE_NOTICE","CREATE_USER","CREATE_TIME","UPDATE_TIME","LEAF","MENU_AUTH","REMARK","DATA_VERSION","IS_IFRAME") values ('8bc5761a4d8d49e680515bc50f4baad1', '菜单管理', '11316279a4a9416a8e20019821e640af', 'platform', '配置管理', 'menuManage/views/Menu', 1, 'iconfont icon-list-ul', '8bc5761a4d8d49e680515bc50f4baad1', null, null, 6, null, '00030006', null, null, null, null, null, null, null, null, 0, 0);
insert into "SYS_MENU" ("ID","NAME","PARENT_ID","APP_ID","PARENT_NAME","URL","TYPE","ICON","AUTH_ID","BTN_AUTH","IS_LEAF","SORT_INDEX","ALL_ORDER","SORT_PATH","OPEN_STYLE","CLOSE_NOTICE","CREATE_USER","CREATE_TIME","UPDATE_TIME","LEAF","MENU_AUTH","REMARK","DATA_VERSION","IS_IFRAME") values ('39e1b3ec3d6e483b86c4923ea64cfdd0', '权限定义', '11316279a4a9416a8e20019821e640af', 'platform', '配置管理', 'authManage/views/Auth', 1, 'iconfont icon-setting-permissions', '39e1b3ec3d6e483b86c4923ea64cfdd0', null, null, 7, null, '00030007', null, null, null, null, null, null, null, null, 0, 0);
insert into "SYS_MENU" ("ID","NAME","PARENT_ID","APP_ID","PARENT_NAME","URL","TYPE","ICON","AUTH_ID","BTN_AUTH","IS_LEAF","SORT_INDEX","ALL_ORDER","SORT_PATH","OPEN_STYLE","CLOSE_NOTICE","CREATE_USER","CREATE_TIME","UPDATE_TIME","LEAF","MENU_AUTH","REMARK","DATA_VERSION","IS_IFRAME") values ('67e1114e83214aeb8a3ec0a6822fdd30', '应用三员管理', 'e3b15ac90286450fbe5a721c9f542451', 'platform', '系统管理', 'threeManage/views/AppThreeManage', 1, 'iconfont icon-users', '67e1114e83214aeb8a3ec0a6822fdd30', null, null, 6, null, '00020006', null, null, null, null, null, null, null, null, 0, 0);
insert into "SYS_MENU" ("ID","NAME","PARENT_ID","APP_ID","PARENT_NAME","URL","TYPE","ICON","AUTH_ID","BTN_AUTH","IS_LEAF","SORT_INDEX","ALL_ORDER","SORT_PATH","OPEN_STYLE","CLOSE_NOTICE","CREATE_USER","CREATE_TIME","UPDATE_TIME","LEAF","MENU_AUTH","REMARK","DATA_VERSION","IS_IFRAME") values ('ac2a8ce16a614324b5ed4e9c24e7e905', '应用管理', '11316279a4a9416a8e20019821e640af', 'platform', '配置管理', 'groupAppManage/views/GroupApp', 1, 'iconfont icon-box', 'ac2a8ce16a614324b5ed4e9c24e7e905', null, null, 5, null, '00030005', null, null, null, null, null, null, null, null, 0, 0);
insert into "SYS_MENU" ("ID","NAME","PARENT_ID","APP_ID","PARENT_NAME","URL","TYPE","ICON","AUTH_ID","BTN_AUTH","IS_LEAF","SORT_INDEX","ALL_ORDER","SORT_PATH","OPEN_STYLE","CLOSE_NOTICE","CREATE_USER","CREATE_TIME","UPDATE_TIME","LEAF","MENU_AUTH","REMARK","DATA_VERSION","IS_IFRAME") values ('131e140bc2bd4361af5ee488f92b22ad', '字典维护', 'e3b15ac90286450fbe5a721c9f542451', 'platform', '系统管理', 'dictManage/views/dict', 1, 'iconfont icon-atlas', '131e140bc2bd4361af5ee488f92b22ad', null, null, 7, null, '00020007', null, null, null, null, null, null, null, null, 0, 0);
insert into "SYS_MENU" ("ID","NAME","PARENT_ID","APP_ID","PARENT_NAME","URL","TYPE","ICON","AUTH_ID","BTN_AUTH","IS_LEAF","SORT_INDEX","ALL_ORDER","SORT_PATH","OPEN_STYLE","CLOSE_NOTICE","CREATE_USER","CREATE_TIME","UPDATE_TIME","LEAF","MENU_AUTH","REMARK","DATA_VERSION","IS_IFRAME") values ('8d4d2caee7f548889988da2747dfaa4a', '角色管理', 'e3b15ac90286450fbe5a721c9f542451', 'platform', '系统管理', 'roleManage/views/Role', 1, 'iconfont icon-user-circle', '8d4d2caee7f548889988da2747dfaa4a', null, null, 8, null, '00020008', null, null, null, null, null, null, null, null, 0, 0);
insert into "SYS_MENU" ("ID","NAME","PARENT_ID","APP_ID","PARENT_NAME","URL","TYPE","ICON","AUTH_ID","BTN_AUTH","IS_LEAF","SORT_INDEX","ALL_ORDER","SORT_PATH","OPEN_STYLE","CLOSE_NOTICE","CREATE_USER","CREATE_TIME","UPDATE_TIME","LEAF","MENU_AUTH","REMARK","DATA_VERSION","IS_IFRAME") values ('11erb3ec3d6e483b86c4923ea64cfdd0', '授权管理', 'e3b15ac90286450fbe5a721c9f542451', 'platform', '系统管理', null, 0, 'iconfont icon-user-shield', '11erb3ec3d6e483b86c4923ea64cfdd0', null, null, 9, null, '00020009', null, null, null, null, null, null, null, null, 0, 0);
insert into "SYS_MENU" ("ID","NAME","PARENT_ID","APP_ID","PARENT_NAME","URL","TYPE","ICON","AUTH_ID","BTN_AUTH","IS_LEAF","SORT_INDEX","ALL_ORDER","SORT_PATH","OPEN_STYLE","CLOSE_NOTICE","CREATE_USER","CREATE_TIME","UPDATE_TIME","LEAF","MENU_AUTH","REMARK","DATA_VERSION","IS_IFRAME") values ('334qb3ec3d6e483b86c4923ea64cfdd0', '用户授权', '11erb3ec3d6e483b86c4923ea64cfdd0', 'platform', '授权管理', 'grantAuthManage/views/UserGrantAuth', 1, 'iconfont icon-user-shield', '334qb3ec3d6e483b86c4923ea64cfdd0', null, null, 1, null, '000200090001', null, null, null, null, null, null, null, null, 0, 0);
insert into "SYS_MENU" ("ID","NAME","PARENT_ID","APP_ID","PARENT_NAME","URL","TYPE","ICON","AUTH_ID","BTN_AUTH","IS_LEAF","SORT_INDEX","ALL_ORDER","SORT_PATH","OPEN_STYLE","CLOSE_NOTICE","CREATE_USER","CREATE_TIME","UPDATE_TIME","LEAF","MENU_AUTH","REMARK","DATA_VERSION","IS_IFRAME") values ('456wb3ec3d6e483b86c4923ea64cfdd0', '角色授权', '11erb3ec3d6e483b86c4923ea64cfdd0', 'platform', '授权管理', 'grantAuthManage/views/RoleGrantAuth', 1, 'iconfont icon-street-view', '456wb3ec3d6e483b86c4923ea64cfdd0', null, null, 2, null, '000200090002', null, null, null, null, null, null, null, null, 0, 0);
insert into "SYS_MENU" ("ID","NAME","PARENT_ID","APP_ID","PARENT_NAME","URL","TYPE","ICON","AUTH_ID","BTN_AUTH","IS_LEAF","SORT_INDEX","ALL_ORDER","SORT_PATH","OPEN_STYLE","CLOSE_NOTICE","CREATE_USER","CREATE_TIME","UPDATE_TIME","LEAF","MENU_AUTH","REMARK","DATA_VERSION","IS_IFRAME") values ('67yub3ec3d6e483b86c4923ea64cfdd0', '权限授权', '11erb3ec3d6e483b86c4923ea64cfdd0', 'platform', '授权管理', 'grantAuthManage/views/AuthGrantUserAndRole', 1, 'iconfont icon-setting-permissions', '67yub3ec3d6e483b86c4923ea64cfdd0', null, null, 3, null, '000200090003', null, null, null, null, null, null, null, null, 0, 0);
insert into "SYS_MENU" ("ID","NAME","PARENT_ID","APP_ID","PARENT_NAME","URL","TYPE","ICON","AUTH_ID","BTN_AUTH","IS_LEAF","SORT_INDEX","ALL_ORDER","SORT_PATH","OPEN_STYLE","CLOSE_NOTICE","CREATE_USER","CREATE_TIME","UPDATE_TIME","LEAF","MENU_AUTH","REMARK","DATA_VERSION","IS_IFRAME") values ('e3b15ac90286450fbe5a721c9f542433', '首页', '0', 'platform', '一级菜单', 'home/views/Home', 1, 'iconfont icon-home', 'e3b15ac90286450fbe5a721c9f542433', null, null, 0, null, '0000', null, null, null, null, null, null, null, null, 0, 0);
insert into "SYS_MENU" ("ID","NAME","PARENT_ID","APP_ID","PARENT_NAME","URL","TYPE","ICON","AUTH_ID","BTN_AUTH","IS_LEAF","SORT_INDEX","ALL_ORDER","SORT_PATH","OPEN_STYLE","CLOSE_NOTICE","CREATE_USER","CREATE_TIME","UPDATE_TIME","LEAF","MENU_AUTH","REMARK","DATA_VERSION","IS_IFRAME") values ('e3b15ac90286450fbe5a721c9f542344', '服务管理', '0', 'platform', '一级菜单', null, 0, 'fa fa-server', 'e3b15ac90286450fbe5a721c9f542344', null, null, 4, null, '0004', null, null, null, null, null, null, null, null, 0, 0);
insert into "SYS_MENU" ("ID","NAME","PARENT_ID","APP_ID","PARENT_NAME","URL","TYPE","ICON","AUTH_ID","BTN_AUTH","IS_LEAF","SORT_INDEX","ALL_ORDER","SORT_PATH","OPEN_STYLE","CLOSE_NOTICE","CREATE_USER","CREATE_TIME","UPDATE_TIME","LEAF","MENU_AUTH","REMARK","DATA_VERSION","IS_IFRAME") values ('12315ac90286450fbe5a721c9f542344', '服务配置管理', 'e3b15ac90286450fbe5a721c9f542344', 'platform', '服务管理', 'nacos/views/NacosConfigs', 1, 'fa fa-cogs', '12315ac90286450fbe5a721c9f542344', null, null, 2, null, '00040002', null, null, null, null, null, null, null, null, 0, 0);
insert into "SYS_MENU" ("ID","NAME","PARENT_ID","APP_ID","PARENT_NAME","URL","TYPE","ICON","AUTH_ID","BTN_AUTH","IS_LEAF","SORT_INDEX","ALL_ORDER","SORT_PATH","OPEN_STYLE","CLOSE_NOTICE","CREATE_USER","CREATE_TIME","UPDATE_TIME","LEAF","MENU_AUTH","REMARK","DATA_VERSION","IS_IFRAME") values ('23315ac90286450fbe5a721c9f542344', '服务命名空间', 'e3b15ac90286450fbe5a721c9f542344', 'platform', '服务管理', 'nacos/views/NacosNamespace', 1, 'fa fa-cube', '23315ac90286450fbe5a721c9f542344', null, null, 1, null, '00040001', null, null, null, null, null, null, null, null, 0, 0);
insert into "SYS_MENU" ("ID","NAME","PARENT_ID","APP_ID","PARENT_NAME","URL","TYPE","ICON","AUTH_ID","BTN_AUTH","IS_LEAF","SORT_INDEX","ALL_ORDER","SORT_PATH","OPEN_STYLE","CLOSE_NOTICE","CREATE_USER","CREATE_TIME","UPDATE_TIME","LEAF","MENU_AUTH","REMARK","DATA_VERSION","IS_IFRAME") values ('34415ac90286450fbe5a721c9f542344', '服务列表管理', 'e3b15ac90286450fbe5a721c9f542344', 'platform', '服务管理', 'nacos/views/NacosService', 1, 'fa fa-cubes', '34415ac90286450fbe5a721c9f542344', null, null, 3, null, '00040003', null, null, null, null, null, null, null, null, 0, 0);
insert into "SYS_MENU" ("ID","NAME","PARENT_ID","APP_ID","PARENT_NAME","URL","TYPE","ICON","AUTH_ID","BTN_AUTH","IS_LEAF","SORT_INDEX","ALL_ORDER","SORT_PATH","OPEN_STYLE","CLOSE_NOTICE","CREATE_USER","CREATE_TIME","UPDATE_TIME","LEAF","MENU_AUTH","REMARK","DATA_VERSION","IS_IFRAME") values ('77yub3ec3d6e483b86c4923ea6411111', '授权激活', '11erb3ec3d6e483b86c4923ea64cfdd0', 'platform', '授权管理', 'grantAuthManage/views/AuthGrantActive', 1, 'iconfont icon-setting-permissions', '77yub3ec3d6e483b86c4923ea6411111', null, null, 4, null, '000200090004', null, null, null, null, null, null, null, null, 0, 0);
insert into "SYS_MENU" ("ID","NAME","PARENT_ID","APP_ID","PARENT_NAME","URL","TYPE","ICON","AUTH_ID","BTN_AUTH","IS_LEAF","SORT_INDEX","ALL_ORDER","SORT_PATH","OPEN_STYLE","CLOSE_NOTICE","CREATE_USER","CREATE_TIME","UPDATE_TIME","LEAF","MENU_AUTH","REMARK","DATA_VERSION","IS_IFRAME") values ('22316279a4a9416a8e20019821e640af', '定时任务', '11316279a4a9416a8e20019821e640af', 'platform', '配置管理', 'quartzManage/views/Schedule', 1, 'el-icon-message-solid', '22316279a4a9416a8e20019821e640af', null, null, 8, null, '00030008', null, null, null, null, null, null, null, null, 0, 0);
insert into "SYS_MENU" ("ID","NAME","PARENT_ID","APP_ID","PARENT_NAME","URL","TYPE","ICON","AUTH_ID","BTN_AUTH","IS_LEAF","SORT_INDEX","ALL_ORDER","SORT_PATH","OPEN_STYLE","CLOSE_NOTICE","CREATE_USER","CREATE_TIME","UPDATE_TIME","LEAF","MENU_AUTH","REMARK","DATA_VERSION","IS_IFRAME") values ('11116279a4a9416a8e20019821e61111', '工作日历', 'e3b15ac90286450fbe5a721c9f542451', 'platform', '系统管理', 'jobCalendarManage/views/JobCalendar', 1, 'el-icon-date', '11116279a4a9416a8e20019821e61111', null, null, 10, null, '00020010', null, null, null, null, null, null, null, null, 0, 0);
insert into "SYS_MENU" ("ID","NAME","PARENT_ID","APP_ID","PARENT_NAME","URL","TYPE","ICON","AUTH_ID","BTN_AUTH","IS_LEAF","SORT_INDEX","ALL_ORDER","SORT_PATH","OPEN_STYLE","CLOSE_NOTICE","CREATE_USER","CREATE_TIME","UPDATE_TIME","LEAF","MENU_AUTH","REMARK","DATA_VERSION","IS_IFRAME") values ('33336279a4a9416a8e20019821e63333', '消息通道配置管理', '11316279a4a9416a8e20019821e640af', 'platform', '配置管理', 'msgSendManage/views/MsgSend', 1, 'el-icon-message', '33336279a4a9416a8e20019821e63333', null, null, 9, null, '00030009', null, null, null, null, null, null, null, null, 0, 0);
insert into "SYS_MENU" ("ID","NAME","PARENT_ID","APP_ID","PARENT_NAME","URL","TYPE","ICON","AUTH_ID","BTN_AUTH","IS_LEAF","SORT_INDEX","ALL_ORDER","SORT_PATH","OPEN_STYLE","CLOSE_NOTICE","CREATE_USER","CREATE_TIME","UPDATE_TIME","LEAF","MENU_AUTH","REMARK","DATA_VERSION","IS_IFRAME") values ('3333ba3204344d37929abd4ad9a12222', '工作流程', '0', 'platform', '一级菜单', null, 0, 'fa fa-cubes', '3333ba3204344d37929abd4ad9a12222', null, null, 5, null, '0005', null, null, null, null, null, null, null, null, 0, 0);
insert into "SYS_MENU" ("ID","NAME","PARENT_ID","APP_ID","PARENT_NAME","URL","TYPE","ICON","AUTH_ID","BTN_AUTH","IS_LEAF","SORT_INDEX","ALL_ORDER","SORT_PATH","OPEN_STYLE","CLOSE_NOTICE","CREATE_USER","CREATE_TIME","UPDATE_TIME","LEAF","MENU_AUTH","REMARK","DATA_VERSION","IS_IFRAME") values ('3456ba3204344d37929abd4ad9a15678', '流程定义', '3333ba3204344d37929abd4ad9a12222', 'platform', '工作流程', 'processDefinition/views/ProcessList', 1, 'fa fa-cube', '3456ba3204344d37929abd4ad9a15678', null, null, 1, null, '00050001', null, null, null, null, null, null, null, null, 0, 0);
insert into "SYS_MENU" ("ID","NAME","PARENT_ID","APP_ID","PARENT_NAME","URL","TYPE","ICON","AUTH_ID","BTN_AUTH","IS_LEAF","SORT_INDEX","ALL_ORDER","SORT_PATH","OPEN_STYLE","CLOSE_NOTICE","CREATE_USER","CREATE_TIME","UPDATE_TIME","LEAF","MENU_AUTH","REMARK","DATA_VERSION","IS_IFRAME") values ('7756ba3204344d37929abd4ad9a15699', '全局变量', '3333ba3204344d37929abd4ad9a12222', 'platform', '工作流程', 'globalVariantManage/views/GlobalVariant', 1, 'fa fa-cog', '7756ba3204344d37929abd4ad9a15699', null, null, 2, null, '00050002', null, null, null, null, null, null, null, null, 0, 0);
insert into "SYS_MENU" ("ID","NAME","PARENT_ID","APP_ID","PARENT_NAME","URL","TYPE","ICON","AUTH_ID","BTN_AUTH","IS_LEAF","SORT_INDEX","ALL_ORDER","SORT_PATH","OPEN_STYLE","CLOSE_NOTICE","CREATE_USER","CREATE_TIME","UPDATE_TIME","LEAF","MENU_AUTH","REMARK","DATA_VERSION","IS_IFRAME") values ('1116ba3204344d37929abd4ad9a15222', '全局规则', '3333ba3204344d37929abd4ad9a12222', 'platform', '工作流程', 'globalRuleManage/views/GlobalRule', 1, 'fa fa-bolt', '1116ba3204344d37929abd4ad9a15222', null, null, 3, null, '00050003', null, null, null, null, null, null, null, null, 0, 0);

/**
authRole
*/
insert into "SYS_AUTH_ROLE" ("ID","AUTH_ID","ROLE_ID","SIGN","IS_REVOKE","CREATE_USER","CREATE_TIME","UPDATE_TIME","REMARK") values ('12323fe2ef32403dbf9dc989d0651111', '5fc1b8842fa04faea8f39beb866fd511', 'admin', null, 0, null, null, null, null);
insert into "SYS_AUTH_ROLE" ("ID","AUTH_ID","ROLE_ID","SIGN","IS_REVOKE","CREATE_USER","CREATE_TIME","UPDATE_TIME","REMARK") values ('12323fe2ef32403dbf9dc989d0651112', '5fc1b8842fa04faea8f39beb866fd111', 'admin', null, 0, null, null, null, null);
insert into "SYS_AUTH_ROLE" ("ID","AUTH_ID","ROLE_ID","SIGN","IS_REVOKE","CREATE_USER","CREATE_TIME","UPDATE_TIME","REMARK") values ('12323fe2ef32403dbf9dc989d0651113', '5fc1b8842fa04faea8f39beb866fd112', 'admin', null, 0, null, null, null, null);
insert into "SYS_AUTH_ROLE" ("ID","AUTH_ID","ROLE_ID","SIGN","IS_REVOKE","CREATE_USER","CREATE_TIME","UPDATE_TIME","REMARK") values ('12323fe2ef32403dbf9dc989d0651114', '8df5766a29644f50bceee1228964e1cc', 'admin', null, 0, null, null, null, null);
insert into "SYS_AUTH_ROLE" ("ID","AUTH_ID","ROLE_ID","SIGN","IS_REVOKE","CREATE_USER","CREATE_TIME","UPDATE_TIME","REMARK") values ('12323fe2ef32403dbf9dc989d0651115', '8df5766a29644f50bceee1228964e111', 'admin', null, 0, null, null, null, null);
insert into "SYS_AUTH_ROLE" ("ID","AUTH_ID","ROLE_ID","SIGN","IS_REVOKE","CREATE_USER","CREATE_TIME","UPDATE_TIME","REMARK") values ('12323fe2ef32403dbf9dc989d0651116', 'ac2a8ce16a614324b5ed4e9c24e7e904', 'admin', null, 0, null, null, null, null);
insert into "SYS_AUTH_ROLE" ("ID","AUTH_ID","ROLE_ID","SIGN","IS_REVOKE","CREATE_USER","CREATE_TIME","UPDATE_TIME","REMARK") values ('12323fe2ef32403dbf9dc989d0651117', 'ac2a8ce16a614324b5ed4e9c24e71111', 'admin', null, 0, null, null, null, null);
insert into "SYS_AUTH_ROLE" ("ID","AUTH_ID","ROLE_ID","SIGN","IS_REVOKE","CREATE_USER","CREATE_TIME","UPDATE_TIME","REMARK") values ('12323fe2ef32403dbf9dc989d0651118', 'ffc03579b06a4b7fae6c51c9ff48b311', 'admin', null, 0, null, null, null, null);
insert into "SYS_AUTH_ROLE" ("ID","AUTH_ID","ROLE_ID","SIGN","IS_REVOKE","CREATE_USER","CREATE_TIME","UPDATE_TIME","REMARK") values ('12323fe2ef32403dbf9dc989d0651119', 'ffc03579b06a4b7fae6c51c9ff481111', 'admin', null, 0, null, null, null, null);
insert into "SYS_AUTH_ROLE" ("ID","AUTH_ID","ROLE_ID","SIGN","IS_REVOKE","CREATE_USER","CREATE_TIME","UPDATE_TIME","REMARK") values ('12323fe2ef32403dbf9dc989d0651120', 'ffc03579b06a4b7fae6c51c9ff48b312', 'admin', null, 0, null, null, null, null);
insert into "SYS_AUTH_ROLE" ("ID","AUTH_ID","ROLE_ID","SIGN","IS_REVOKE","CREATE_USER","CREATE_TIME","UPDATE_TIME","REMARK") values ('12323fe2ef32403dbf9dc989d0651121', 'ffc03579b06a4b7fae6c51c9ff482111', 'admin', null, 0, null, null, null, null);
insert into "SYS_AUTH_ROLE" ("ID","AUTH_ID","ROLE_ID","SIGN","IS_REVOKE","CREATE_USER","CREATE_TIME","UPDATE_TIME","REMARK") values ('12323fe2ef32403dbf9dc989d0651122', '4c8c4bc4726b40b7a570fa1d2ba49f47', 'sec', null, 0, null, null, null, null);
insert into "SYS_AUTH_ROLE" ("ID","AUTH_ID","ROLE_ID","SIGN","IS_REVOKE","CREATE_USER","CREATE_TIME","UPDATE_TIME","REMARK") values ('12323fe2ef32403dbf9dc989d0651123', '4c8c4bc4726b40b7a570fa1d2ba49f47', 'auditor', null, 0, null, null, null, null);
insert into "SYS_AUTH_ROLE" ("ID","AUTH_ID","ROLE_ID","SIGN","IS_REVOKE","CREATE_USER","CREATE_TIME","UPDATE_TIME","REMARK") values ('12323fe2ef32403dbf9dc989d0651124', '67e1114e83214aeb8a3ec0a6822fdd30', 'groupadmin', null, 0, null, null, null, null);
insert into "SYS_AUTH_ROLE" ("ID","AUTH_ID","ROLE_ID","SIGN","IS_REVOKE","CREATE_USER","CREATE_TIME","UPDATE_TIME","REMARK") values ('12323fe2ef32403dbf9dc989d0651125', '67e1114e83214aeb8a3ec0a6822fd111', 'groupadmin', null, 0, null, null, null, null);
insert into "SYS_AUTH_ROLE" ("ID","AUTH_ID","ROLE_ID","SIGN","IS_REVOKE","CREATE_USER","CREATE_TIME","UPDATE_TIME","REMARK") values ('12323fe2ef32403dbf9dc989d0651126', '67e1114e83214aeb8a3ec0a6822fd112', 'groupadmin', null, 0, null, null, null, null);
insert into "SYS_AUTH_ROLE" ("ID","AUTH_ID","ROLE_ID","SIGN","IS_REVOKE","CREATE_USER","CREATE_TIME","UPDATE_TIME","REMARK") values ('12323fe2ef32403dbf9dc989d0651129', 'ac2a8ce16a614324b5ed4e9c24e7e905', 'groupadmin', null, 0, null, null, null, null);
insert into "SYS_AUTH_ROLE" ("ID","AUTH_ID","ROLE_ID","SIGN","IS_REVOKE","CREATE_USER","CREATE_TIME","UPDATE_TIME","REMARK") values ('12323fe2ef32403dbf9dc989d0651130', 'ac2a8ce16a614324b5ed4e9c24e7e111', 'groupadmin', null, 0, null, null, null, null);
insert into "SYS_AUTH_ROLE" ("ID","AUTH_ID","ROLE_ID","SIGN","IS_REVOKE","CREATE_USER","CREATE_TIME","UPDATE_TIME","REMARK") values ('12323fe2ef32403dbf9dc989d0651131', 'a16344b1790e41e98615f6cd19587573', 'groupadmin', null, 0, null, null, null, null);
insert into "SYS_AUTH_ROLE" ("ID","AUTH_ID","ROLE_ID","SIGN","IS_REVOKE","CREATE_USER","CREATE_TIME","UPDATE_TIME","REMARK") values ('12323fe2ef32403dbf9dc989d0651132', 'a16344b1790e41e98615f6cd19587111', 'groupadmin', null, 0, null, null, null, null);
insert into "SYS_AUTH_ROLE" ("ID","AUTH_ID","ROLE_ID","SIGN","IS_REVOKE","CREATE_USER","CREATE_TIME","UPDATE_TIME","REMARK") values ('12323fe2ef32403dbf9dc989d0651133', '5e80ace300d54486814ee84c1fb29a3a', 'groupadmin', null, 0, null, null, null, null);
insert into "SYS_AUTH_ROLE" ("ID","AUTH_ID","ROLE_ID","SIGN","IS_REVOKE","CREATE_USER","CREATE_TIME","UPDATE_TIME","REMARK") values ('12323fe2ef32403dbf9dc989d0651134', '5e80ace300d54486814ee84c1fb29111', 'groupadmin', null, 0, null, null, null, null);
insert into "SYS_AUTH_ROLE" ("ID","AUTH_ID","ROLE_ID","SIGN","IS_REVOKE","CREATE_USER","CREATE_TIME","UPDATE_TIME","REMARK") values ('12323fe2ef32403dbf9dc989d0651135', 'a16344b1790e41e98615f6cd19587571', 'groupadmin', null, 0, null, null, null, null);
insert into "SYS_AUTH_ROLE" ("ID","AUTH_ID","ROLE_ID","SIGN","IS_REVOKE","CREATE_USER","CREATE_TIME","UPDATE_TIME","REMARK") values ('12323fe2ef32403dbf9dc989d0651136', 'a16344b1790e41e98615f6cd19587112', 'groupadmin', null, 0, null, null, null, null);
insert into "SYS_AUTH_ROLE" ("ID","AUTH_ID","ROLE_ID","SIGN","IS_REVOKE","CREATE_USER","CREATE_TIME","UPDATE_TIME","REMARK") values ('12323fe2ef32403dbf9dc989d0651137', 'b50cbc8a2b0645729848403093f4246f', 'groupadmin', null, 0, null, null, null, null);
insert into "SYS_AUTH_ROLE" ("ID","AUTH_ID","ROLE_ID","SIGN","IS_REVOKE","CREATE_USER","CREATE_TIME","UPDATE_TIME","REMARK") values ('12323fe2ef32403dbf9dc989d0651138', 'b50cbc8a2b0645729848403093f42111', 'groupadmin', null, 0, null, null, null, null);
insert into "SYS_AUTH_ROLE" ("ID","AUTH_ID","ROLE_ID","SIGN","IS_REVOKE","CREATE_USER","CREATE_TIME","UPDATE_TIME","REMARK") values ('12323fe2ef32403dbf9dc989d0651139', '39e1b3ec3d6e483b86c4923ea64cfeee', 'groupadmin', null, 0, null, null, null, null);
insert into "SYS_AUTH_ROLE" ("ID","AUTH_ID","ROLE_ID","SIGN","IS_REVOKE","CREATE_USER","CREATE_TIME","UPDATE_TIME","REMARK") values ('12323fe2ef32403dbf9dc989d0651140', '39e1b3ec3d6e483b86c4923ea64cf111', 'groupadmin', null, 0, null, null, null, null);
insert into "SYS_AUTH_ROLE" ("ID","AUTH_ID","ROLE_ID","SIGN","IS_REVOKE","CREATE_USER","CREATE_TIME","UPDATE_TIME","REMARK") values ('12323fe2ef32403dbf9dc989d0651141', 'ac2a8ce16a614324b5ed4e9c24e7e904', 'groupadmin', null, 0, null, null, null, null);
insert into "SYS_AUTH_ROLE" ("ID","AUTH_ID","ROLE_ID","SIGN","IS_REVOKE","CREATE_USER","CREATE_TIME","UPDATE_TIME","REMARK") values ('12323fe2ef32403dbf9dc989d0651142', 'ac2a8ce16a614324b5ed4e9c24e71112', 'groupadmin', null, 0, null, null, null, null);
insert into "SYS_AUTH_ROLE" ("ID","AUTH_ID","ROLE_ID","SIGN","IS_REVOKE","CREATE_USER","CREATE_TIME","UPDATE_TIME","REMARK") values ('12323fe2ef32403dbf9dc989d0651143', 'ffc03579b06a4b7fae6c51c9ff48b311', 'groupadmin', null, 0, null, null, null, null);
insert into "SYS_AUTH_ROLE" ("ID","AUTH_ID","ROLE_ID","SIGN","IS_REVOKE","CREATE_USER","CREATE_TIME","UPDATE_TIME","REMARK") values ('12323fe2ef32403dbf9dc989d0651144', 'ffc03579b06a4b7fae6c51c9ff481112', 'groupadmin', null, 0, null, null, null, null);
insert into "SYS_AUTH_ROLE" ("ID","AUTH_ID","ROLE_ID","SIGN","IS_REVOKE","CREATE_USER","CREATE_TIME","UPDATE_TIME","REMARK") values ('12323fe2ef32403dbf9dc989d0651145', '4c8c4bc4726b40b7a570fa1d2ba49f47', 'groupsec', null, 0, null, null, null, null);
insert into "SYS_AUTH_ROLE" ("ID","AUTH_ID","ROLE_ID","SIGN","IS_REVOKE","CREATE_USER","CREATE_TIME","UPDATE_TIME","REMARK") values ('12323fe2ef32403dbf9dc989d0651146', '4c8c4bc4726b40b7a570fa1d2ba49f47', 'groupauditor', null, 0, null, null, null, null);
insert into "SYS_AUTH_ROLE" ("ID","AUTH_ID","ROLE_ID","SIGN","IS_REVOKE","CREATE_USER","CREATE_TIME","UPDATE_TIME","REMARK") values ('12323fe2ef32403dbf9dc989d0651147', 'ac2a8ce16a614324b5ed4e9c24e7e904', 'appadmin', null, 0, null, null, null, null);
insert into "SYS_AUTH_ROLE" ("ID","AUTH_ID","ROLE_ID","SIGN","IS_REVOKE","CREATE_USER","CREATE_TIME","UPDATE_TIME","REMARK") values ('12323fe2ef32403dbf9dc989d0651148', 'ac2a8ce16a614324b5ed4e9c24e71113', 'appadmin', null, 0, null, null, null, null);
insert into "SYS_AUTH_ROLE" ("ID","AUTH_ID","ROLE_ID","SIGN","IS_REVOKE","CREATE_USER","CREATE_TIME","UPDATE_TIME","REMARK") values ('12323fe2ef32403dbf9dc989d0651149', 'ffc03579b06a4b7fae6c51c9ff48b311', 'appadmin', null, 0, null, null, null, null);
insert into "SYS_AUTH_ROLE" ("ID","AUTH_ID","ROLE_ID","SIGN","IS_REVOKE","CREATE_USER","CREATE_TIME","UPDATE_TIME","REMARK") values ('12323fe2ef32403dbf9dc989d0651150', 'ffc03579b06a4b7fae6c51c9ff481113', 'appadmin', null, 0, null, null, null, null);
insert into "SYS_AUTH_ROLE" ("ID","AUTH_ID","ROLE_ID","SIGN","IS_REVOKE","CREATE_USER","CREATE_TIME","UPDATE_TIME","REMARK") values ('12323fe2ef32403dbf9dc989d0651151', '131e140bc2bd4361af5ee488f92b22ad', 'appadmin', null, 0, null, null, null, null);
insert into "SYS_AUTH_ROLE" ("ID","AUTH_ID","ROLE_ID","SIGN","IS_REVOKE","CREATE_USER","CREATE_TIME","UPDATE_TIME","REMARK") values ('12323fe2ef32403dbf9dc989d0651152', '131e140bc2bd4361af5ee488f92b2111', 'appadmin', null, 0, null, null, null, null);
insert into "SYS_AUTH_ROLE" ("ID","AUTH_ID","ROLE_ID","SIGN","IS_REVOKE","CREATE_USER","CREATE_TIME","UPDATE_TIME","REMARK") values ('12323fe2ef32403dbf9dc989d0651153', '8bc5761a4d8d49e680515bc50f4baad1', 'appadmin', null, 0, null, null, null, null);
insert into "SYS_AUTH_ROLE" ("ID","AUTH_ID","ROLE_ID","SIGN","IS_REVOKE","CREATE_USER","CREATE_TIME","UPDATE_TIME","REMARK") values ('12323fe2ef32403dbf9dc989d0651154', '8bc5761a4d8d49e680515bc50f4ba111', 'appadmin', null, 0, null, null, null, null);
insert into "SYS_AUTH_ROLE" ("ID","AUTH_ID","ROLE_ID","SIGN","IS_REVOKE","CREATE_USER","CREATE_TIME","UPDATE_TIME","REMARK") values ('12323fe2ef32403dbf9dc989d0651155', '39e1b3ec3d6e483b86c4923ea64cfdd0', 'appadmin', null, 0, null, null, null, null);
insert into "SYS_AUTH_ROLE" ("ID","AUTH_ID","ROLE_ID","SIGN","IS_REVOKE","CREATE_USER","CREATE_TIME","UPDATE_TIME","REMARK") values ('12323fe2ef32403dbf9dc989d0651156', '39e1b3ec3d6e483b86c4923ea64c1111', 'appadmin', null, 0, null, null, null, null);
insert into "SYS_AUTH_ROLE" ("ID","AUTH_ID","ROLE_ID","SIGN","IS_REVOKE","CREATE_USER","CREATE_TIME","UPDATE_TIME","REMARK") values ('12323fe2ef32403dbf9dc989d0651157', '8d4d2caee7f548889988da2747dfaa4a', 'appadmin', null, 0, null, null, null, null);
insert into "SYS_AUTH_ROLE" ("ID","AUTH_ID","ROLE_ID","SIGN","IS_REVOKE","CREATE_USER","CREATE_TIME","UPDATE_TIME","REMARK") values ('12323fe2ef32403dbf9dc989d0651158', '39e1b3ec3d6e483b86c4923ea64c1112', 'appadmin', null, 0, null, null, null, null);
insert into "SYS_AUTH_ROLE" ("ID","AUTH_ID","ROLE_ID","SIGN","IS_REVOKE","CREATE_USER","CREATE_TIME","UPDATE_TIME","REMARK") values ('12323fe2ef32403dbf9dc989d0651159', '8d4d2caee7f548889988da2747dfa111', 'appadmin', null, 0, null, null, null, null);
insert into "SYS_AUTH_ROLE" ("ID","AUTH_ID","ROLE_ID","SIGN","IS_REVOKE","CREATE_USER","CREATE_TIME","UPDATE_TIME","REMARK") values ('12323fe2ef32403dbf9dc989d0651160', '8d4d2caee7f548889988da2747dfa112', 'appadmin', null, 0, null, null, null, null);
insert into "SYS_AUTH_ROLE" ("ID","AUTH_ID","ROLE_ID","SIGN","IS_REVOKE","CREATE_USER","CREATE_TIME","UPDATE_TIME","REMARK") values ('12323fe2ef32403dbf9dc989d0651161', '8d4d2caee7f548889988da2747dfa113', 'appadmin', null, 0, null, null, null, null);
insert into "SYS_AUTH_ROLE" ("ID","AUTH_ID","ROLE_ID","SIGN","IS_REVOKE","CREATE_USER","CREATE_TIME","UPDATE_TIME","REMARK") values ('12323fe2ef32403dbf9dc989d0651162', '8d4d2caee7f548889988da2747dfa114', 'appadmin', null, 0, null, null, null, null);
insert into "SYS_AUTH_ROLE" ("ID","AUTH_ID","ROLE_ID","SIGN","IS_REVOKE","CREATE_USER","CREATE_TIME","UPDATE_TIME","REMARK") values ('12323fe2ef32403dbf9dc989d0651164', '334qb3ec3d6e483b86c4923ea64cf112', 'appadmin', null, 0, null, null, null, null);
insert into "SYS_AUTH_ROLE" ("ID","AUTH_ID","ROLE_ID","SIGN","IS_REVOKE","CREATE_USER","CREATE_TIME","UPDATE_TIME","REMARK") values ('12323fe2ef32403dbf9dc989d0651165', '334qb3ec3d6e483b86c4923ea64cfdd0', 'appsec', null, 0, null, null, null, null);
insert into "SYS_AUTH_ROLE" ("ID","AUTH_ID","ROLE_ID","SIGN","IS_REVOKE","CREATE_USER","CREATE_TIME","UPDATE_TIME","REMARK") values ('12323fe2ef32403dbf9dc989d0651166', '334qb3ec3d6e483b86c4923ea64cf111', 'appsec', null, 0, null, null, null, null);
insert into "SYS_AUTH_ROLE" ("ID","AUTH_ID","ROLE_ID","SIGN","IS_REVOKE","CREATE_USER","CREATE_TIME","UPDATE_TIME","REMARK") values ('12323fe2ef32403dbf9dc989d0651167', '334qb3ec3d6e483b86c4923ea64cf113', 'appsec', null, 0, null, null, null, null);
insert into "SYS_AUTH_ROLE" ("ID","AUTH_ID","ROLE_ID","SIGN","IS_REVOKE","CREATE_USER","CREATE_TIME","UPDATE_TIME","REMARK") values ('12323fe2ef32403dbf9dc989d0651168', '334qb3ec3d6e483b86c4923ea64cf114', 'appsec', null, 0, null, null, null, null);
insert into "SYS_AUTH_ROLE" ("ID","AUTH_ID","ROLE_ID","SIGN","IS_REVOKE","CREATE_USER","CREATE_TIME","UPDATE_TIME","REMARK") values ('12323fe2ef32403dbf9dc989d0651170', '456wb3ec3d6e483b86c4923ea64cf112', 'appadmin', null, 0, null, null, null, null);
insert into "SYS_AUTH_ROLE" ("ID","AUTH_ID","ROLE_ID","SIGN","IS_REVOKE","CREATE_USER","CREATE_TIME","UPDATE_TIME","REMARK") values ('12323fe2ef32403dbf9dc989d0651171', '456wb3ec3d6e483b86c4923ea64cfdd0', 'appsec', null, 0, null, null, null, null);
insert into "SYS_AUTH_ROLE" ("ID","AUTH_ID","ROLE_ID","SIGN","IS_REVOKE","CREATE_USER","CREATE_TIME","UPDATE_TIME","REMARK") values ('12323fe2ef32403dbf9dc989d0651172', '456wb3ec3d6e483b86c4923ea64cf111', 'appsec', null, 0, null, null, null, null);
insert into "SYS_AUTH_ROLE" ("ID","AUTH_ID","ROLE_ID","SIGN","IS_REVOKE","CREATE_USER","CREATE_TIME","UPDATE_TIME","REMARK") values ('12323fe2ef32403dbf9dc989d0651174', '67yub3ec3d6e483b86c4923ea64cf112', 'appadmin', null, 0, null, null, null, null);
insert into "SYS_AUTH_ROLE" ("ID","AUTH_ID","ROLE_ID","SIGN","IS_REVOKE","CREATE_USER","CREATE_TIME","UPDATE_TIME","REMARK") values ('12323fe2ef32403dbf9dc989d0651175', '67yub3ec3d6e483b86c4923ea64cfdd0', 'appsec', null, 0, null, null, null, null);
insert into "SYS_AUTH_ROLE" ("ID","AUTH_ID","ROLE_ID","SIGN","IS_REVOKE","CREATE_USER","CREATE_TIME","UPDATE_TIME","REMARK") values ('12323fe2ef32403dbf9dc989d0651176', '67yub3ec3d6e483b86c4923ea64cf111', 'appsec', null, 0, null, null, null, null);
insert into "SYS_AUTH_ROLE" ("ID","AUTH_ID","ROLE_ID","SIGN","IS_REVOKE","CREATE_USER","CREATE_TIME","UPDATE_TIME","REMARK") values ('12323fe2ef32403dbf9dc989d0651177', '4c8c4bc4726b40b7a570fa1d2ba49f47', 'appsec', null, 0, null, null, null, null);
insert into "SYS_AUTH_ROLE" ("ID","AUTH_ID","ROLE_ID","SIGN","IS_REVOKE","CREATE_USER","CREATE_TIME","UPDATE_TIME","REMARK") values ('12323fe2ef32403dbf9dc989d0651178', '4c8c4bc4726b40b7a570fa1d2ba49f47', 'appauditor', null, 0, null, null, null, null);
insert into "SYS_AUTH_ROLE" ("ID","AUTH_ID","ROLE_ID","SIGN","IS_REVOKE","CREATE_USER","CREATE_TIME","UPDATE_TIME","REMARK") values ('12323fe2ef32403dbf9dc989d0651179', 'bc316279a4a9416a8e20019821e640af', 'admin', null, 0, null, null, null, null);
insert into "SYS_AUTH_ROLE" ("ID","AUTH_ID","ROLE_ID","SIGN","IS_REVOKE","CREATE_USER","CREATE_TIME","UPDATE_TIME","REMARK") values ('12323fe2ef32403dbf9dc989d0651180', 'e3b15ac90286450fbe5a721c9f542451', 'admin', null, 0, null, null, null, null);
insert into "SYS_AUTH_ROLE" ("ID","AUTH_ID","ROLE_ID","SIGN","IS_REVOKE","CREATE_USER","CREATE_TIME","UPDATE_TIME","REMARK") values ('12323fe2ef32403dbf9dc989d0651181', '11316279a4a9416a8e20019821e640af', 'admin', null, 0, null, null, null, null);
insert into "SYS_AUTH_ROLE" ("ID","AUTH_ID","ROLE_ID","SIGN","IS_REVOKE","CREATE_USER","CREATE_TIME","UPDATE_TIME","REMARK") values ('12323fe2ef32403dbf9dc989d0651182', 'e3b15ac90286450fbe5a721c9f542451', 'sec', null, 0, null, null, null, null);
insert into "SYS_AUTH_ROLE" ("ID","AUTH_ID","ROLE_ID","SIGN","IS_REVOKE","CREATE_USER","CREATE_TIME","UPDATE_TIME","REMARK") values ('12323fe2ef32403dbf9dc989d0651183', 'e3b15ac90286450fbe5a721c9f542451', 'auditor', null, 0, null, null, null, null);
insert into "SYS_AUTH_ROLE" ("ID","AUTH_ID","ROLE_ID","SIGN","IS_REVOKE","CREATE_USER","CREATE_TIME","UPDATE_TIME","REMARK") values ('12323fe2ef32403dbf9dc989d0651184', 'bc316279a4a9416a8e20019821e640af', 'groupadmin', null, 0, null, null, null, null);
insert into "SYS_AUTH_ROLE" ("ID","AUTH_ID","ROLE_ID","SIGN","IS_REVOKE","CREATE_USER","CREATE_TIME","UPDATE_TIME","REMARK") values ('12323fe2ef32403dbf9dc989d0651185', 'e3b15ac90286450fbe5a721c9f542451', 'groupadmin', null, 0, null, null, null, null);
insert into "SYS_AUTH_ROLE" ("ID","AUTH_ID","ROLE_ID","SIGN","IS_REVOKE","CREATE_USER","CREATE_TIME","UPDATE_TIME","REMARK") values ('12323fe2ef32403dbf9dc989d0651186', '11316279a4a9416a8e20019821e640af', 'groupadmin', null, 0, null, null, null, null);
insert into "SYS_AUTH_ROLE" ("ID","AUTH_ID","ROLE_ID","SIGN","IS_REVOKE","CREATE_USER","CREATE_TIME","UPDATE_TIME","REMARK") values ('12323fe2ef32403dbf9dc989d0651187', 'e3b15ac90286450fbe5a721c9f542451', 'groupsec', null, 0, null, null, null, null);
insert into "SYS_AUTH_ROLE" ("ID","AUTH_ID","ROLE_ID","SIGN","IS_REVOKE","CREATE_USER","CREATE_TIME","UPDATE_TIME","REMARK") values ('12323fe2ef32403dbf9dc989d0651188', 'e3b15ac90286450fbe5a721c9f542451', 'groupauditor', null, 0, null, null, null, null);
insert into "SYS_AUTH_ROLE" ("ID","AUTH_ID","ROLE_ID","SIGN","IS_REVOKE","CREATE_USER","CREATE_TIME","UPDATE_TIME","REMARK") values ('12323fe2ef32403dbf9dc989d0651189', '11316279a4a9416a8e20019821e640af', 'appadmin', null, 0, null, null, null, null);
insert into "SYS_AUTH_ROLE" ("ID","AUTH_ID","ROLE_ID","SIGN","IS_REVOKE","CREATE_USER","CREATE_TIME","UPDATE_TIME","REMARK") values ('12323fe2ef32403dbf9dc989d0651190', 'e3b15ac90286450fbe5a721c9f542451', 'appadmin', null, 0, null, null, null, null);
insert into "SYS_AUTH_ROLE" ("ID","AUTH_ID","ROLE_ID","SIGN","IS_REVOKE","CREATE_USER","CREATE_TIME","UPDATE_TIME","REMARK") values ('12323fe2ef32403dbf9dc989d0651192', '11erb3ec3d6e483b86c4923ea64cfdd0', 'appadmin', null, 0, null, null, null, null);
insert into "SYS_AUTH_ROLE" ("ID","AUTH_ID","ROLE_ID","SIGN","IS_REVOKE","CREATE_USER","CREATE_TIME","UPDATE_TIME","REMARK") values ('12323fe2ef32403dbf9dc989d0651193', '04d7893c4a4d4345b18b0789af13753f', 'appsec', null, 0, null, null, null, null);
insert into "SYS_AUTH_ROLE" ("ID","AUTH_ID","ROLE_ID","SIGN","IS_REVOKE","CREATE_USER","CREATE_TIME","UPDATE_TIME","REMARK") values ('12323fe2ef32403dbf9dc989d0651194', 'e3b15ac90286450fbe5a721c9f542451', 'appsec', null, 0, null, null, null, null);
insert into "SYS_AUTH_ROLE" ("ID","AUTH_ID","ROLE_ID","SIGN","IS_REVOKE","CREATE_USER","CREATE_TIME","UPDATE_TIME","REMARK") values ('12323fe2ef32403dbf9dc989d0651195', '11erb3ec3d6e483b86c4923ea64cfdd0', 'appsec', null, 0, null, null, null, null);
insert into "SYS_AUTH_ROLE" ("ID","AUTH_ID","ROLE_ID","SIGN","IS_REVOKE","CREATE_USER","CREATE_TIME","UPDATE_TIME","REMARK") values ('12323fe2ef32403dbf9dc989d0651196', '04d7893c4a4d4345b18b0789af13753f', 'appauditor', null, 0, null, null, null, null);
insert into "SYS_AUTH_ROLE" ("ID","AUTH_ID","ROLE_ID","SIGN","IS_REVOKE","CREATE_USER","CREATE_TIME","UPDATE_TIME","REMARK") values ('12323fe2ef32403dbf9dc989d0651197', 'e3b15ac90286450fbe5a721c9f542451', 'appauditor', null, 0, null, null, null, null);
insert into "SYS_AUTH_ROLE" ("ID","AUTH_ID","ROLE_ID","SIGN","IS_REVOKE","CREATE_USER","CREATE_TIME","UPDATE_TIME","REMARK") values ('12323fe2ef32403dbf9dc989d0651198', '04d7893c4a4d4345b18b0789af13753f', 'sec', null, 0, null, null, null, null);
insert into "SYS_AUTH_ROLE" ("ID","AUTH_ID","ROLE_ID","SIGN","IS_REVOKE","CREATE_USER","CREATE_TIME","UPDATE_TIME","REMARK") values ('12323fe2ef32403dbf9dc989d0651199', '04d7893c4a4d4345b18b0789af13753f', 'groupsec', null, 0, null, null, null, null);
insert into "SYS_AUTH_ROLE" ("ID","AUTH_ID","ROLE_ID","SIGN","IS_REVOKE","CREATE_USER","CREATE_TIME","UPDATE_TIME","REMARK") values ('12323fe2ef32403dbf9dc989d0651200', '04d7893c4a4d4345b18b0789af13753f', 'groupauditor', null, 0, null, null, null, null);
insert into "SYS_AUTH_ROLE" ("ID","AUTH_ID","ROLE_ID","SIGN","IS_REVOKE","CREATE_USER","CREATE_TIME","UPDATE_TIME","REMARK") values ('12323fe2ef32403dbf9dc989d0651201', '04d7893c4a4d4345b18b0789af13753f', 'auditor', null, 0, null, null, null, null);
insert into "SYS_AUTH_ROLE" ("ID","AUTH_ID","ROLE_ID","SIGN","IS_REVOKE","CREATE_USER","CREATE_TIME","UPDATE_TIME","REMARK") values ('12323fe2ef32403dbf9dc989d0651202', '8bc5761a4d8d49e680515bc50f4baad1', 'groupadmin', null, 0, null, null, null, null);
insert into "SYS_AUTH_ROLE" ("ID","AUTH_ID","ROLE_ID","SIGN","IS_REVOKE","CREATE_USER","CREATE_TIME","UPDATE_TIME","REMARK") values ('12323fe2ef32403dbf9dc989d0651203', '39e1b3ec3d6e483b86c4923ea64cfdd0', 'groupadmin', null, 0, null, null, null, null);
insert into "SYS_AUTH_ROLE" ("ID","AUTH_ID","ROLE_ID","SIGN","IS_REVOKE","CREATE_USER","CREATE_TIME","UPDATE_TIME","REMARK") values ('12323fe2ef32403dbf9dc989d0651204', '8bc5761a4d8d49e680515bc50f4ba111', 'groupadmin', null, 0, null, null, null, null);
insert into "SYS_AUTH_ROLE" ("ID","AUTH_ID","ROLE_ID","SIGN","IS_REVOKE","CREATE_USER","CREATE_TIME","UPDATE_TIME","REMARK") values ('12323fe2ef32403dbf9dc989d0651205', '39e1b3ec3d6e483b86c4923ea64c1111', 'groupadmin', null, 0, null, null, null, null);
insert into "SYS_AUTH_ROLE" ("ID","AUTH_ID","ROLE_ID","SIGN","IS_REVOKE","CREATE_USER","CREATE_TIME","UPDATE_TIME","REMARK") values ('12323fe2ef32403dbf9dc989d0651206', '39e1b3ec3d6e483b86c4923ea64c1112', 'groupadmin', null, 0, null, null, null, null);
insert into "SYS_AUTH_ROLE" ("ID","AUTH_ID","ROLE_ID","SIGN","IS_REVOKE","CREATE_USER","CREATE_TIME","UPDATE_TIME","REMARK") values ('12323fe2ef32403dbf9dc989d0651207', 'e3b15ac90286450fbe5a721c9f542433', 'admin', null, 0, null, null, null, null);
insert into "SYS_AUTH_ROLE" ("ID","AUTH_ID","ROLE_ID","SIGN","IS_REVOKE","CREATE_USER","CREATE_TIME","UPDATE_TIME","REMARK") values ('12323fe2ef32403dbf9dc989d0651208', 'e3b15ac90286450fbe5a721c9f542433', 'sec', null, 0, null, null, null, null);
insert into "SYS_AUTH_ROLE" ("ID","AUTH_ID","ROLE_ID","SIGN","IS_REVOKE","CREATE_USER","CREATE_TIME","UPDATE_TIME","REMARK") values ('12323fe2ef32403dbf9dc989d0651209', 'e3b15ac90286450fbe5a721c9f542433', 'auditor', null, 0, null, null, null, null);
insert into "SYS_AUTH_ROLE" ("ID","AUTH_ID","ROLE_ID","SIGN","IS_REVOKE","CREATE_USER","CREATE_TIME","UPDATE_TIME","REMARK") values ('12323fe2ef32403dbf9dc989d0651210', 'e3b15ac90286450fbe5a721c9f542433', 'groupadmin', null, 0, null, null, null, null);
insert into "SYS_AUTH_ROLE" ("ID","AUTH_ID","ROLE_ID","SIGN","IS_REVOKE","CREATE_USER","CREATE_TIME","UPDATE_TIME","REMARK") values ('12323fe2ef32403dbf9dc989d0651211', 'e3b15ac90286450fbe5a721c9f542433', 'groupsec', null, 0, null, null, null, null);
insert into "SYS_AUTH_ROLE" ("ID","AUTH_ID","ROLE_ID","SIGN","IS_REVOKE","CREATE_USER","CREATE_TIME","UPDATE_TIME","REMARK") values ('12323fe2ef32403dbf9dc989d0651212', 'e3b15ac90286450fbe5a721c9f542433', 'groupauditor', null, 0, null, null, null, null);
insert into "SYS_AUTH_ROLE" ("ID","AUTH_ID","ROLE_ID","SIGN","IS_REVOKE","CREATE_USER","CREATE_TIME","UPDATE_TIME","REMARK") values ('12323fe2ef32403dbf9dc989d0651213', 'e3b15ac90286450fbe5a721c9f542433', 'appadmin', null, 0, null, null, null, null);
insert into "SYS_AUTH_ROLE" ("ID","AUTH_ID","ROLE_ID","SIGN","IS_REVOKE","CREATE_USER","CREATE_TIME","UPDATE_TIME","REMARK") values ('12323fe2ef32403dbf9dc989d0651214', 'e3b15ac90286450fbe5a721c9f542433', 'appsec', null, 0, null, null, null, null);
insert into "SYS_AUTH_ROLE" ("ID","AUTH_ID","ROLE_ID","SIGN","IS_REVOKE","CREATE_USER","CREATE_TIME","UPDATE_TIME","REMARK") values ('12323fe2ef32403dbf9dc989d0651215', 'e3b15ac90286450fbe5a721c9f542433', 'appauditor', null, 0, null, null, null, null);
insert into "SYS_AUTH_ROLE" ("ID","AUTH_ID","ROLE_ID","SIGN","IS_REVOKE","CREATE_USER","CREATE_TIME","UPDATE_TIME","REMARK") values ('12323fe2ef32403dbf9dc989d0651216', 'e3b15ac90286450fbe5a721c9f542344', 'admin', null, 0, null, null, null, null);
insert into "SYS_AUTH_ROLE" ("ID","AUTH_ID","ROLE_ID","SIGN","IS_REVOKE","CREATE_USER","CREATE_TIME","UPDATE_TIME","REMARK") values ('12323fe2ef32403dbf9dc989d0651217', '12315ac90286450fbe5a721c9f542344', 'admin', null, 0, null, null, null, null);
insert into "SYS_AUTH_ROLE" ("ID","AUTH_ID","ROLE_ID","SIGN","IS_REVOKE","CREATE_USER","CREATE_TIME","UPDATE_TIME","REMARK") values ('12323fe2ef32403dbf9dc989d0651218', '23315ac90286450fbe5a721c9f542344', 'admin', null, 0, null, null, null, null);
insert into "SYS_AUTH_ROLE" ("ID","AUTH_ID","ROLE_ID","SIGN","IS_REVOKE","CREATE_USER","CREATE_TIME","UPDATE_TIME","REMARK") values ('12323fe2ef32403dbf9dc989d0651219', '34415ac90286450fbe5a721c9f542344', 'admin', null, 0, null, null, null, null);
insert into "SYS_AUTH_ROLE" ("ID","AUTH_ID","ROLE_ID","SIGN","IS_REVOKE","CREATE_USER","CREATE_TIME","UPDATE_TIME","REMARK") values ('12323fe2ef32403dbf9dc989d0651220', '12315ac90286450fbe5a721c9f54ddd1', 'admin', null, 0, null, null, null, null);
insert into "SYS_AUTH_ROLE" ("ID","AUTH_ID","ROLE_ID","SIGN","IS_REVOKE","CREATE_USER","CREATE_TIME","UPDATE_TIME","REMARK") values ('12323fe2ef32403dbf9dc989d0651221', '23315ac90286450fbe5a721c9f54ddd2', 'admin', null, 0, null, null, null, null);
insert into "SYS_AUTH_ROLE" ("ID","AUTH_ID","ROLE_ID","SIGN","IS_REVOKE","CREATE_USER","CREATE_TIME","UPDATE_TIME","REMARK") values ('12323fe2ef32403dbf9dc989d0651222', '34415ac90286450fbe5a721c9f54ddd3', 'admin', null, 0, null, null, null, null);
insert into "SYS_AUTH_ROLE" ("ID","AUTH_ID","ROLE_ID","SIGN","IS_REVOKE","CREATE_USER","CREATE_TIME","UPDATE_TIME","REMARK") values ('12323fe2ef32403dbf9dc989d0651223', '77yub3ec3d6e483b86c4923ea6411111', 'appadmin', null, 0, null, null, null, null);
insert into "SYS_AUTH_ROLE" ("ID","AUTH_ID","ROLE_ID","SIGN","IS_REVOKE","CREATE_USER","CREATE_TIME","UPDATE_TIME","REMARK") values ('12323fe2ef32403dbf9dc989d0651224', '22316279a4a9416a8e20019821e640af', 'appadmin', null, 0, null, null, null, null);
insert into "SYS_AUTH_ROLE" ("ID","AUTH_ID","ROLE_ID","SIGN","IS_REVOKE","CREATE_USER","CREATE_TIME","UPDATE_TIME","REMARK") values ('12323fe2ef32403dbf9dc989d0651225', '11116279a4a9416a8e20019821e61111', 'groupadmin', null, 0, null, null, null, null);
insert into "SYS_AUTH_ROLE" ("ID","AUTH_ID","ROLE_ID","SIGN","IS_REVOKE","CREATE_USER","CREATE_TIME","UPDATE_TIME","REMARK") values ('12323fe2ef32403dbf9dc989d0651226', '33336279a4a9416a8e20019821e63333', 'admin', null, 0, null, null, null, null);
insert into "SYS_AUTH_ROLE" ("ID","AUTH_ID","ROLE_ID","SIGN","IS_REVOKE","CREATE_USER","CREATE_TIME","UPDATE_TIME","REMARK") values ('12323fe2ef32403dbf9dc989d0651227', '3333ba3204344d37929abd4ad9a12222', 'appadmin', null, 0, null, null, null, null);
insert into "SYS_AUTH_ROLE" ("ID","AUTH_ID","ROLE_ID","SIGN","IS_REVOKE","CREATE_USER","CREATE_TIME","UPDATE_TIME","REMARK") values ('12323fe2ef32403dbf9dc989d0651228', '3456ba3204344d37929abd4ad9a15678', 'appadmin', null, 0, null, null, null, null);
insert into "SYS_AUTH_ROLE" ("ID","AUTH_ID","ROLE_ID","SIGN","IS_REVOKE","CREATE_USER","CREATE_TIME","UPDATE_TIME","REMARK") values ('12323fe2ef32403dbf9dc989d0651229', '7756ba3204344d37929abd4ad9a15699', 'appadmin', null, 0, null, null, null, null);
insert into "SYS_AUTH_ROLE" ("ID","AUTH_ID","ROLE_ID","SIGN","IS_REVOKE","CREATE_USER","CREATE_TIME","UPDATE_TIME","REMARK") values ('12323fe2ef32403dbf9dc989d0651230', '1116ba3204344d37929abd4ad9a15222', 'appadmin', null, 0, null, null, null, null);

/**
authRole_LV
*/
insert into "SYS_AUTH_ROLE_LV" ("ID","VERSION_NO","IS_LAST_VERSION","VERSION_BEGIN_TIME","VERSION_END_TIME","VERSION_BEGIN_USER_ID","VERSION_END_USER_ID","ROLE_ID") values ('admin', 1, 1, null, null, null, null, 'admin');
insert into "SYS_AUTH_ROLE_LV" ("ID","VERSION_NO","IS_LAST_VERSION","VERSION_BEGIN_TIME","VERSION_END_TIME","VERSION_BEGIN_USER_ID","VERSION_END_USER_ID","ROLE_ID") values ('appadmin', 1, 1, null, null, null, null, 'appadmin');
insert into "SYS_AUTH_ROLE_LV" ("ID","VERSION_NO","IS_LAST_VERSION","VERSION_BEGIN_TIME","VERSION_END_TIME","VERSION_BEGIN_USER_ID","VERSION_END_USER_ID","ROLE_ID") values ('appauditor', 1, 1, null, null, null, null, 'appauditor');
insert into "SYS_AUTH_ROLE_LV" ("ID","VERSION_NO","IS_LAST_VERSION","VERSION_BEGIN_TIME","VERSION_END_TIME","VERSION_BEGIN_USER_ID","VERSION_END_USER_ID","ROLE_ID") values ('appsec', 1, 1, null, null, null, null, 'appsec');
insert into "SYS_AUTH_ROLE_LV" ("ID","VERSION_NO","IS_LAST_VERSION","VERSION_BEGIN_TIME","VERSION_END_TIME","VERSION_BEGIN_USER_ID","VERSION_END_USER_ID","ROLE_ID") values ('auditor', 1, 1, null, null, null, null, 'auditor');
insert into "SYS_AUTH_ROLE_LV" ("ID","VERSION_NO","IS_LAST_VERSION","VERSION_BEGIN_TIME","VERSION_END_TIME","VERSION_BEGIN_USER_ID","VERSION_END_USER_ID","ROLE_ID") values ('groupadmin', 1, 1, null, null, null, null, 'groupadmin');
insert into "SYS_AUTH_ROLE_LV" ("ID","VERSION_NO","IS_LAST_VERSION","VERSION_BEGIN_TIME","VERSION_END_TIME","VERSION_BEGIN_USER_ID","VERSION_END_USER_ID","ROLE_ID") values ('groupauditor', 1, 1, null, null, null, null, 'groupauditor');
insert into "SYS_AUTH_ROLE_LV" ("ID","VERSION_NO","IS_LAST_VERSION","VERSION_BEGIN_TIME","VERSION_END_TIME","VERSION_BEGIN_USER_ID","VERSION_END_USER_ID","ROLE_ID") values ('groupsec', 1, 1, null, null, null, null, 'groupsec');
insert into "SYS_AUTH_ROLE_LV" ("ID","VERSION_NO","IS_LAST_VERSION","VERSION_BEGIN_TIME","VERSION_END_TIME","VERSION_BEGIN_USER_ID","VERSION_END_USER_ID","ROLE_ID") values ('sec', 1, 1, null, null, null, null, 'sec');


/**
authRole_V
*/
insert into "SYS_AUTH_ROLE_V" ("ID","AUTH_ID","ROLE_ID","SIGN","IS_REVOKE","CREATE_USER","CREATE_TIME","UPDATE_TIME","REMARK","LV_ID") values ('A9F70485-0733-30C6-B229-5ED50026EA82', '5fc1b8842fa04faea8f39beb866fd511', 'admin', null, 0, null, null, null, null, 'admin');
insert into "SYS_AUTH_ROLE_V" ("ID","AUTH_ID","ROLE_ID","SIGN","IS_REVOKE","CREATE_USER","CREATE_TIME","UPDATE_TIME","REMARK","LV_ID") values ('BFA8BDDD-03E9-5BF0-B721-732D873AF563', '5fc1b8842fa04faea8f39beb866fd111', 'admin', null, 0, null, null, null, null, 'admin');
insert into "SYS_AUTH_ROLE_V" ("ID","AUTH_ID","ROLE_ID","SIGN","IS_REVOKE","CREATE_USER","CREATE_TIME","UPDATE_TIME","REMARK","LV_ID") values ('5B295CFD-0733-30C6-CC30-C0C0022A3D4A', '5fc1b8842fa04faea8f39beb866fd112', 'admin', null, 0, null, null, null, null, 'admin');
insert into "SYS_AUTH_ROLE_V" ("ID","AUTH_ID","ROLE_ID","SIGN","IS_REVOKE","CREATE_USER","CREATE_TIME","UPDATE_TIME","REMARK","LV_ID") values ('2537703A-DC2E-5454-AFFA-4D97433A703B', '8df5766a29644f50bceee1228964e1cc', 'admin', null, 0, null, null, null, null, 'admin');
insert into "SYS_AUTH_ROLE_V" ("ID","AUTH_ID","ROLE_ID","SIGN","IS_REVOKE","CREATE_USER","CREATE_TIME","UPDATE_TIME","REMARK","LV_ID") values ('18B00EFA-0733-30C6-A6AA-405F1A301F06', '8df5766a29644f50bceee1228964e111', 'admin', null, 0, null, null, null, null, 'admin');
insert into "SYS_AUTH_ROLE_V" ("ID","AUTH_ID","ROLE_ID","SIGN","IS_REVOKE","CREATE_USER","CREATE_TIME","UPDATE_TIME","REMARK","LV_ID") values ('907AB189-433F-2439-EB2C-2C9A4E36CC19', 'ac2a8ce16a614324b5ed4e9c24e7e904', 'admin', null, 0, null, null, null, null, 'admin');
insert into "SYS_AUTH_ROLE_V" ("ID","AUTH_ID","ROLE_ID","SIGN","IS_REVOKE","CREATE_USER","CREATE_TIME","UPDATE_TIME","REMARK","LV_ID") values ('5CB67D83-0733-30C6-47BD-309D1472DF32', 'ac2a8ce16a614324b5ed4e9c24e71111', 'admin', null, 0, null, null, null, null, 'admin');
insert into "SYS_AUTH_ROLE_V" ("ID","AUTH_ID","ROLE_ID","SIGN","IS_REVOKE","CREATE_USER","CREATE_TIME","UPDATE_TIME","REMARK","LV_ID") values ('A727ACC5-DC2E-5454-BFAB-308BE022512C', 'ffc03579b06a4b7fae6c51c9ff48b311', 'admin', null, 0, null, null, null, null, 'admin');
insert into "SYS_AUTH_ROLE_V" ("ID","AUTH_ID","ROLE_ID","SIGN","IS_REVOKE","CREATE_USER","CREATE_TIME","UPDATE_TIME","REMARK","LV_ID") values ('C127D7E2-7538-4F65-C63D-DE107A293837', 'ffc03579b06a4b7fae6c51c9ff48b312', 'admin', null, 0, null, null, null, null, 'admin');
insert into "SYS_AUTH_ROLE_V" ("ID","AUTH_ID","ROLE_ID","SIGN","IS_REVOKE","CREATE_USER","CREATE_TIME","UPDATE_TIME","REMARK","LV_ID") values ('E037A12E-0733-30C6-322B-8298D6BE21FA', 'ffc03579b06a4b7fae6c51c9ff482111', 'admin', null, 0, null, null, null, null, 'admin');
insert into "SYS_AUTH_ROLE_V" ("ID","AUTH_ID","ROLE_ID","SIGN","IS_REVOKE","CREATE_USER","CREATE_TIME","UPDATE_TIME","REMARK","LV_ID") values ('55261A67-DC2E-5454-1AE2-9CA6E1B65D96', 'bc316279a4a9416a8e20019821e640af', 'admin', null, 0, null, null, null, null, 'admin');
insert into "SYS_AUTH_ROLE_V" ("ID","AUTH_ID","ROLE_ID","SIGN","IS_REVOKE","CREATE_USER","CREATE_TIME","UPDATE_TIME","REMARK","LV_ID") values ('6B65BF71-0733-30C6-783B-3967836BDF37', 'e3b15ac90286450fbe5a721c9f542451', 'admin', null, 0, null, null, null, null, 'admin');
insert into "SYS_AUTH_ROLE_V" ("ID","AUTH_ID","ROLE_ID","SIGN","IS_REVOKE","CREATE_USER","CREATE_TIME","UPDATE_TIME","REMARK","LV_ID") values ('342A4588-433F-2439-E034-A192D035C7E0', '11316279a4a9416a8e20019821e640af', 'admin', null, 0, null, null, null, null, 'admin');
insert into "SYS_AUTH_ROLE_V" ("ID","AUTH_ID","ROLE_ID","SIGN","IS_REVOKE","CREATE_USER","CREATE_TIME","UPDATE_TIME","REMARK","LV_ID") values ('7825AE25-0733-30C6-DDE7-0F8A59B9D047', 'e3b15ac90286450fbe5a721c9f542433', 'admin', null, 0, null, null, null, null, 'admin');
insert into "SYS_AUTH_ROLE_V" ("ID","AUTH_ID","ROLE_ID","SIGN","IS_REVOKE","CREATE_USER","CREATE_TIME","UPDATE_TIME","REMARK","LV_ID") values ('BAE41FDD-DC2E-5454-4DBC-CBE186B4731D', 'e3b15ac90286450fbe5a721c9f542344', 'admin', null, 0, null, null, null, null, 'admin');
insert into "SYS_AUTH_ROLE_V" ("ID","AUTH_ID","ROLE_ID","SIGN","IS_REVOKE","CREATE_USER","CREATE_TIME","UPDATE_TIME","REMARK","LV_ID") values ('3039C68C-0733-30C6-4FB2-69C9A2260DC1', '12315ac90286450fbe5a721c9f542344', 'admin', null, 0, null, null, null, null, 'admin');
insert into "SYS_AUTH_ROLE_V" ("ID","AUTH_ID","ROLE_ID","SIGN","IS_REVOKE","CREATE_USER","CREATE_TIME","UPDATE_TIME","REMARK","LV_ID") values ('DDE9B8F6-A436-5545-38A0-AADEF031BCF0', '23315ac90286450fbe5a721c9f542344', 'admin', null, 0, null, null, null, null, 'admin');
insert into "SYS_AUTH_ROLE_V" ("ID","AUTH_ID","ROLE_ID","SIGN","IS_REVOKE","CREATE_USER","CREATE_TIME","UPDATE_TIME","REMARK","LV_ID") values ('D9782F7C-7936-73B1-6EB6-41972035A262', '34415ac90286450fbe5a721c9f542344', 'admin', null, 0, null, null, null, null, 'admin');
insert into "SYS_AUTH_ROLE_V" ("ID","AUTH_ID","ROLE_ID","SIGN","IS_REVOKE","CREATE_USER","CREATE_TIME","UPDATE_TIME","REMARK","LV_ID") values ('E926CF2A-CA7F-5100-A96C-DF69AE248883', '12315ac90286450fbe5a721c9f54ddd1', 'admin', null, 0, null, null, null, null, 'admin');
insert into "SYS_AUTH_ROLE_V" ("ID","AUTH_ID","ROLE_ID","SIGN","IS_REVOKE","CREATE_USER","CREATE_TIME","UPDATE_TIME","REMARK","LV_ID") values ('38B57498-7936-73B1-CE20-91BE803CB063', '23315ac90286450fbe5a721c9f54ddd2', 'admin', null, 0, null, null, null, null, 'admin');
insert into "SYS_AUTH_ROLE_V" ("ID","AUTH_ID","ROLE_ID","SIGN","IS_REVOKE","CREATE_USER","CREATE_TIME","UPDATE_TIME","REMARK","LV_ID") values ('7E23A37F-783B-3DB7-DABE-43EA223F60EA', '34415ac90286450fbe5a721c9f54ddd3', 'admin', null, 0, null, null, null, null, 'admin');
insert into "SYS_AUTH_ROLE_V" ("ID","AUTH_ID","ROLE_ID","SIGN","IS_REVOKE","CREATE_USER","CREATE_TIME","UPDATE_TIME","REMARK","LV_ID") values ('F17B9B58-7936-73B1-A525-C6E17A205691', '4c8c4bc4726b40b7a570fa1d2ba49f47', 'sec', null, 0, null, null, null, null, 'sec');
insert into "SYS_AUTH_ROLE_V" ("ID","AUTH_ID","ROLE_ID","SIGN","IS_REVOKE","CREATE_USER","CREATE_TIME","UPDATE_TIME","REMARK","LV_ID") values ('E0337EEC-CA7F-5100-53B7-A8FBD220D110', 'e3b15ac90286450fbe5a721c9f542451', 'sec', null, 0, null, null, null, null, 'sec');
insert into "SYS_AUTH_ROLE_V" ("ID","AUTH_ID","ROLE_ID","SIGN","IS_REVOKE","CREATE_USER","CREATE_TIME","UPDATE_TIME","REMARK","LV_ID") values ('B5A1FD97-7936-73B1-2864-FDB45A293E3F', '04d7893c4a4d4345b18b0789af13753f', 'sec', null, 0, null, null, null, null, 'sec');
insert into "SYS_AUTH_ROLE_V" ("ID","AUTH_ID","ROLE_ID","SIGN","IS_REVOKE","CREATE_USER","CREATE_TIME","UPDATE_TIME","REMARK","LV_ID") values ('9D31365F-95EC-15CF-6936-DE4D4F3E3B01', 'e3b15ac90286450fbe5a721c9f542433', 'sec', null, 0, null, null, null, null, 'sec');
insert into "SYS_AUTH_ROLE_V" ("ID","AUTH_ID","ROLE_ID","SIGN","IS_REVOKE","CREATE_USER","CREATE_TIME","UPDATE_TIME","REMARK","LV_ID") values ('B8304C21-7936-73B1-D824-6B54AFB23321', '4c8c4bc4726b40b7a570fa1d2ba49f47', 'auditor', null, 0, null, null, null, null, 'auditor');
insert into "SYS_AUTH_ROLE_V" ("ID","AUTH_ID","ROLE_ID","SIGN","IS_REVOKE","CREATE_USER","CREATE_TIME","UPDATE_TIME","REMARK","LV_ID") values ('C220AA26-CA7F-5100-4E36-AFB7E1B8DA9E', 'e3b15ac90286450fbe5a721c9f542451', 'auditor', null, 0, null, null, null, null, 'auditor');
insert into "SYS_AUTH_ROLE_V" ("ID","AUTH_ID","ROLE_ID","SIGN","IS_REVOKE","CREATE_USER","CREATE_TIME","UPDATE_TIME","REMARK","LV_ID") values ('72336B23-7936-73B1-8220-41F7BB2AC5DB', '04d7893c4a4d4345b18b0789af13753f', 'auditor', null, 0, null, null, null, null, 'auditor');
insert into "SYS_AUTH_ROLE_V" ("ID","AUTH_ID","ROLE_ID","SIGN","IS_REVOKE","CREATE_USER","CREATE_TIME","UPDATE_TIME","REMARK","LV_ID") values ('5633F20F-783B-3DB7-5524-BB65B0223167', 'e3b15ac90286450fbe5a721c9f542433', 'auditor', null, 0, null, null, null, null, 'auditor');
insert into "SYS_AUTH_ROLE_V" ("ID","AUTH_ID","ROLE_ID","SIGN","IS_REVOKE","CREATE_USER","CREATE_TIME","UPDATE_TIME","REMARK","LV_ID") values ('C9A1A78E-7936-73B1-21B1-810849A3EFB1', '67e1114e83214aeb8a3ec0a6822fdd30', 'groupadmin', null, 0, null, null, null, null, 'groupadmin');
insert into "SYS_AUTH_ROLE_V" ("ID","AUTH_ID","ROLE_ID","SIGN","IS_REVOKE","CREATE_USER","CREATE_TIME","UPDATE_TIME","REMARK","LV_ID") values ('B4E93225-CA7F-5100-1821-769C5CBB3E6F', '67e1114e83214aeb8a3ec0a6822fd111', 'groupadmin', null, 0, null, null, null, null, 'groupadmin');
insert into "SYS_AUTH_ROLE_V" ("ID","AUTH_ID","ROLE_ID","SIGN","IS_REVOKE","CREATE_USER","CREATE_TIME","UPDATE_TIME","REMARK","LV_ID") values ('5C3AC517-7936-73B1-15EB-24CA1033DFB0', '67e1114e83214aeb8a3ec0a6822fd112', 'groupadmin', null, 0, null, null, null, null, 'groupadmin');
insert into "SYS_AUTH_ROLE_V" ("ID","AUTH_ID","ROLE_ID","SIGN","IS_REVOKE","CREATE_USER","CREATE_TIME","UPDATE_TIME","REMARK","LV_ID") values ('FF6637AA-7CBD-27BB-64A8-B799E5EAC8BA', 'ac2a8ce16a614324b5ed4e9c24e7e905', 'groupadmin', null, 0, null, null, null, null, 'groupadmin');
insert into "SYS_AUTH_ROLE_V" ("ID","AUTH_ID","ROLE_ID","SIGN","IS_REVOKE","CREATE_USER","CREATE_TIME","UPDATE_TIME","REMARK","LV_ID") values ('2035FF38-7936-73B1-A26C-2BF755262885', 'ac2a8ce16a614324b5ed4e9c24e7e111', 'groupadmin', null, 0, null, null, null, null, 'groupadmin');
insert into "SYS_AUTH_ROLE_V" ("ID","AUTH_ID","ROLE_ID","SIGN","IS_REVOKE","CREATE_USER","CREATE_TIME","UPDATE_TIME","REMARK","LV_ID") values ('4BA4F9F9-CA7F-5100-38AA-8EF2F6B75728', 'a16344b1790e41e98615f6cd19587573', 'groupadmin', null, 0, null, null, null, null, 'groupadmin');
insert into "SYS_AUTH_ROLE_V" ("ID","AUTH_ID","ROLE_ID","SIGN","IS_REVOKE","CREATE_USER","CREATE_TIME","UPDATE_TIME","REMARK","LV_ID") values ('23259E2C-7936-73B1-FAFE-8A8452643E99', 'a16344b1790e41e98615f6cd19587111', 'groupadmin', null, 0, null, null, null, null, 'groupadmin');
insert into "SYS_AUTH_ROLE_V" ("ID","AUTH_ID","ROLE_ID","SIGN","IS_REVOKE","CREATE_USER","CREATE_TIME","UPDATE_TIME","REMARK","LV_ID") values ('9DE0131D-783B-3DB7-B327-55614E242353', '5e80ace300d54486814ee84c1fb29a3a', 'groupadmin', null, 0, null, null, null, null, 'groupadmin');
insert into "SYS_AUTH_ROLE_V" ("ID","AUTH_ID","ROLE_ID","SIGN","IS_REVOKE","CREATE_USER","CREATE_TIME","UPDATE_TIME","REMARK","LV_ID") values ('72208165-7936-73B1-B0A0-632716226C22', '5e80ace300d54486814ee84c1fb29111', 'groupadmin', null, 0, null, null, null, null, 'groupadmin');
insert into "SYS_AUTH_ROLE_V" ("ID","AUTH_ID","ROLE_ID","SIGN","IS_REVOKE","CREATE_USER","CREATE_TIME","UPDATE_TIME","REMARK","LV_ID") values ('BDFEDE2F-CA7F-5100-B779-907355F9D445', 'a16344b1790e41e98615f6cd19587571', 'groupadmin', null, 0, null, null, null, null, 'groupadmin');
insert into "SYS_AUTH_ROLE_V" ("ID","AUTH_ID","ROLE_ID","SIGN","IS_REVOKE","CREATE_USER","CREATE_TIME","UPDATE_TIME","REMARK","LV_ID") values ('39218596-7936-73B1-442A-A435B9F8F85D', 'a16344b1790e41e98615f6cd19587112', 'groupadmin', null, 0, null, null, null, null, 'groupadmin');
insert into "SYS_AUTH_ROLE_V" ("ID","AUTH_ID","ROLE_ID","SIGN","IS_REVOKE","CREATE_USER","CREATE_TIME","UPDATE_TIME","REMARK","LV_ID") values ('9E79AA8B-95EC-15CF-092E-DB48BE36D801', 'b50cbc8a2b0645729848403093f4246f', 'groupadmin', null, 0, null, null, null, null, 'groupadmin');
insert into "SYS_AUTH_ROLE_V" ("ID","AUTH_ID","ROLE_ID","SIGN","IS_REVOKE","CREATE_USER","CREATE_TIME","UPDATE_TIME","REMARK","LV_ID") values ('B53FF307-7936-73B1-4C3E-2B6B86E5F5FB', 'b50cbc8a2b0645729848403093f42111', 'groupadmin', null, 0, null, null, null, null, 'groupadmin');
insert into "SYS_AUTH_ROLE_V" ("ID","AUTH_ID","ROLE_ID","SIGN","IS_REVOKE","CREATE_USER","CREATE_TIME","UPDATE_TIME","REMARK","LV_ID") values ('E0A722D4-CA7F-5100-72EC-FB01432EF2AF', '39e1b3ec3d6e483b86c4923ea64cfeee', 'groupadmin', null, 0, null, null, null, null, 'groupadmin');
insert into "SYS_AUTH_ROLE_V" ("ID","AUTH_ID","ROLE_ID","SIGN","IS_REVOKE","CREATE_USER","CREATE_TIME","UPDATE_TIME","REMARK","LV_ID") values ('A7A61995-7936-73B1-B9F5-B673702E049D', '39e1b3ec3d6e483b86c4923ea64cf111', 'groupadmin', null, 0, null, null, null, null, 'groupadmin');
insert into "SYS_AUTH_ROLE_V" ("ID","AUTH_ID","ROLE_ID","SIGN","IS_REVOKE","CREATE_USER","CREATE_TIME","UPDATE_TIME","REMARK","LV_ID") values ('2EB9A35E-783B-3DB7-737E-B21922378CB4', 'ac2a8ce16a614324b5ed4e9c24e7e904', 'groupadmin', null, 0, null, null, null, null, 'groupadmin');
insert into "SYS_AUTH_ROLE_V" ("ID","AUTH_ID","ROLE_ID","SIGN","IS_REVOKE","CREATE_USER","CREATE_TIME","UPDATE_TIME","REMARK","LV_ID") values ('3D331730-7936-73B1-8C3F-487F102089EE', 'ac2a8ce16a614324b5ed4e9c24e71112', 'groupadmin', null, 0, null, null, null, null, 'groupadmin');
insert into "SYS_AUTH_ROLE_V" ("ID","AUTH_ID","ROLE_ID","SIGN","IS_REVOKE","CREATE_USER","CREATE_TIME","UPDATE_TIME","REMARK","LV_ID") values ('26BA4AFC-CA7F-5100-6171-0E69A2329971', 'ffc03579b06a4b7fae6c51c9ff48b311', 'groupadmin', null, 0, null, null, null, null, 'groupadmin');
insert into "SYS_AUTH_ROLE_V" ("ID","AUTH_ID","ROLE_ID","SIGN","IS_REVOKE","CREATE_USER","CREATE_TIME","UPDATE_TIME","REMARK","LV_ID") values ('F1BC5622-7936-73B1-5E3A-0BDF9A353FA5', 'ffc03579b06a4b7fae6c51c9ff481112', 'groupadmin', null, 0, null, null, null, null, 'groupadmin');
insert into "SYS_AUTH_ROLE_V" ("ID","AUTH_ID","ROLE_ID","SIGN","IS_REVOKE","CREATE_USER","CREATE_TIME","UPDATE_TIME","REMARK","LV_ID") values ('7F2ED413-A436-5545-382E-1B346F39913B', 'bc316279a4a9416a8e20019821e640af', 'groupadmin', null, 0, null, null, null, null, 'groupadmin');
insert into "SYS_AUTH_ROLE_V" ("ID","AUTH_ID","ROLE_ID","SIGN","IS_REVOKE","CREATE_USER","CREATE_TIME","UPDATE_TIME","REMARK","LV_ID") values ('C2312F98-0AA2-85FC-6E3E-6AE5CBE2292A', 'e3b15ac90286450fbe5a721c9f542451', 'groupadmin', null, 0, null, null, null, null, 'groupadmin');
insert into "SYS_AUTH_ROLE_V" ("ID","AUTH_ID","ROLE_ID","SIGN","IS_REVOKE","CREATE_USER","CREATE_TIME","UPDATE_TIME","REMARK","LV_ID") values ('43F8DDFF-7BE3-A039-3120-7A525929F757', '11316279a4a9416a8e20019821e640af', 'groupadmin', null, 0, null, null, null, null, 'groupadmin');
insert into "SYS_AUTH_ROLE_V" ("ID","AUTH_ID","ROLE_ID","SIGN","IS_REVOKE","CREATE_USER","CREATE_TIME","UPDATE_TIME","REMARK","LV_ID") values ('BB673E8F-0AA2-85FC-F1F1-5AFCB926D32B', '8bc5761a4d8d49e680515bc50f4baad1', 'groupadmin', null, 0, null, null, null, null, 'groupadmin');
insert into "SYS_AUTH_ROLE_V" ("ID","AUTH_ID","ROLE_ID","SIGN","IS_REVOKE","CREATE_USER","CREATE_TIME","UPDATE_TIME","REMARK","LV_ID") values ('BB35DFE9-9A3E-95CD-DA3A-84BC02AF248C', '39e1b3ec3d6e483b86c4923ea64cfdd0', 'groupadmin', null, 0, null, null, null, null, 'groupadmin');
insert into "SYS_AUTH_ROLE_V" ("ID","AUTH_ID","ROLE_ID","SIGN","IS_REVOKE","CREATE_USER","CREATE_TIME","UPDATE_TIME","REMARK","LV_ID") values ('3D7BDADC-0AA2-85FC-C4E3-783C003386D0', '8bc5761a4d8d49e680515bc50f4ba111', 'groupadmin', null, 0, null, null, null, null, 'groupadmin');
insert into "SYS_AUTH_ROLE_V" ("ID","AUTH_ID","ROLE_ID","SIGN","IS_REVOKE","CREATE_USER","CREATE_TIME","UPDATE_TIME","REMARK","LV_ID") values ('6A2B1C03-7BE3-A039-3332-4350FD3EC2D8', '39e1b3ec3d6e483b86c4923ea64c1111', 'groupadmin', null, 0, null, null, null, null, 'groupadmin');
insert into "SYS_AUTH_ROLE_V" ("ID","AUTH_ID","ROLE_ID","SIGN","IS_REVOKE","CREATE_USER","CREATE_TIME","UPDATE_TIME","REMARK","LV_ID") values ('D63A3FC2-0AA2-85FC-8FF5-C5A7EDB0FFCE', '39e1b3ec3d6e483b86c4923ea64c1112', 'groupadmin', null, 0, null, null, null, null, 'groupadmin');
insert into "SYS_AUTH_ROLE_V" ("ID","AUTH_ID","ROLE_ID","SIGN","IS_REVOKE","CREATE_USER","CREATE_TIME","UPDATE_TIME","REMARK","LV_ID") values ('912D07DF-5B70-3FBD-86BD-750FA82A680D', 'e3b15ac90286450fbe5a721c9f542433', 'groupadmin', null, 0, null, null, null, null, 'groupadmin');
insert into "SYS_AUTH_ROLE_V" ("ID","AUTH_ID","ROLE_ID","SIGN","IS_REVOKE","CREATE_USER","CREATE_TIME","UPDATE_TIME","REMARK","LV_ID") values ('90366759-0AA2-85FC-7579-2BB1A5AF17B5', '4c8c4bc4726b40b7a570fa1d2ba49f47', 'groupsec', null, 0, null, null, null, null, 'groupsec');
insert into "SYS_AUTH_ROLE_V" ("ID","AUTH_ID","ROLE_ID","SIGN","IS_REVOKE","CREATE_USER","CREATE_TIME","UPDATE_TIME","REMARK","LV_ID") values ('4871A589-7BE3-A039-4CE2-7F41A7A6AE73', 'e3b15ac90286450fbe5a721c9f542451', 'groupsec', null, 0, null, null, null, null, 'groupsec');
insert into "SYS_AUTH_ROLE_V" ("ID","AUTH_ID","ROLE_ID","SIGN","IS_REVOKE","CREATE_USER","CREATE_TIME","UPDATE_TIME","REMARK","LV_ID") values ('43217E29-0AA2-85FC-F02E-01AC57B7AF49', '04d7893c4a4d4345b18b0789af13753f', 'groupsec', null, 0, null, null, null, null, 'groupsec');
insert into "SYS_AUTH_ROLE_V" ("ID","AUTH_ID","ROLE_ID","SIGN","IS_REVOKE","CREATE_USER","CREATE_TIME","UPDATE_TIME","REMARK","LV_ID") values ('1BA97692-9A3E-95CD-E3A9-60245C39107D', 'e3b15ac90286450fbe5a721c9f542433', 'groupsec', null, 0, null, null, null, null, 'groupsec');
insert into "SYS_AUTH_ROLE_V" ("ID","AUTH_ID","ROLE_ID","SIGN","IS_REVOKE","CREATE_USER","CREATE_TIME","UPDATE_TIME","REMARK","LV_ID") values ('EA2EEA66-0AA2-85FC-6430-DACBF423D358', '4c8c4bc4726b40b7a570fa1d2ba49f47', 'groupauditor', null, 0, null, null, null, null, 'groupauditor');
insert into "SYS_AUTH_ROLE_V" ("ID","AUTH_ID","ROLE_ID","SIGN","IS_REVOKE","CREATE_USER","CREATE_TIME","UPDATE_TIME","REMARK","LV_ID") values ('1333DE1E-7BE3-A039-BEBD-0B1D6C738B29', 'e3b15ac90286450fbe5a721c9f542451', 'groupauditor', null, 0, null, null, null, null, 'groupauditor');
insert into "SYS_AUTH_ROLE_V" ("ID","AUTH_ID","ROLE_ID","SIGN","IS_REVOKE","CREATE_USER","CREATE_TIME","UPDATE_TIME","REMARK","LV_ID") values ('BF2C14C1-0AA2-85FC-A834-1717172BA262', '04d7893c4a4d4345b18b0789af13753f', 'groupauditor', null, 0, null, null, null, null, 'groupauditor');
insert into "SYS_AUTH_ROLE_V" ("ID","AUTH_ID","ROLE_ID","SIGN","IS_REVOKE","CREATE_USER","CREATE_TIME","UPDATE_TIME","REMARK","LV_ID") values ('E235239C-4461-5569-6B2C-162F57B2AE9D', 'e3b15ac90286450fbe5a721c9f542433', 'groupauditor', null, 0, null, null, null, null, 'groupauditor');
insert into "SYS_AUTH_ROLE_V" ("ID","AUTH_ID","ROLE_ID","SIGN","IS_REVOKE","CREATE_USER","CREATE_TIME","UPDATE_TIME","REMARK","LV_ID") values ('ADB6D18B-0AA2-85FC-FEBC-ADD899F292D9', 'ac2a8ce16a614324b5ed4e9c24e7e904', 'appadmin', null, 0, null, null, null, null, 'appadmin');
insert into "SYS_AUTH_ROLE_V" ("ID","AUTH_ID","ROLE_ID","SIGN","IS_REVOKE","CREATE_USER","CREATE_TIME","UPDATE_TIME","REMARK","LV_ID") values ('32BDAB58-7BE3-A039-D7A7-63602F230FC8', 'ac2a8ce16a614324b5ed4e9c24e71113', 'appadmin', null, 0, null, null, null, null, 'appadmin');
insert into "SYS_AUTH_ROLE_V" ("ID","AUTH_ID","ROLE_ID","SIGN","IS_REVOKE","CREATE_USER","CREATE_TIME","UPDATE_TIME","REMARK","LV_ID") values ('2C6144DA-0AA2-85FC-936C-0DC37C34B059', 'ffc03579b06a4b7fae6c51c9ff48b311', 'appadmin', null, 0, null, null, null, null, 'appadmin');
insert into "SYS_AUTH_ROLE_V" ("ID","AUTH_ID","ROLE_ID","SIGN","IS_REVOKE","CREATE_USER","CREATE_TIME","UPDATE_TIME","REMARK","LV_ID") values ('F22A153A-9A3E-95CD-8F2A-C221AD290B03', 'ffc03579b06a4b7fae6c51c9ff481113', 'appadmin', null, 0, null, null, null, null, 'appadmin');
insert into "SYS_AUTH_ROLE_V" ("ID","AUTH_ID","ROLE_ID","SIGN","IS_REVOKE","CREATE_USER","CREATE_TIME","UPDATE_TIME","REMARK","LV_ID") values ('36FA8536-0AA2-85FC-D02C-0B5648B0E9FD', '131e140bc2bd4361af5ee488f92b22ad', 'appadmin', null, 0, null, null, null, null, 'appadmin');
insert into "SYS_AUTH_ROLE_V" ("ID","AUTH_ID","ROLE_ID","SIGN","IS_REVOKE","CREATE_USER","CREATE_TIME","UPDATE_TIME","REMARK","LV_ID") values ('C4247416-0AA2-85FC-F1A0-720CCA31CD0E', '8bc5761a4d8d49e680515bc50f4baad1', 'appadmin', null, 0, null, null, null, null, 'appadmin');
insert into "SYS_AUTH_ROLE_V" ("ID","AUTH_ID","ROLE_ID","SIGN","IS_REVOKE","CREATE_USER","CREATE_TIME","UPDATE_TIME","REMARK","LV_ID") values ('AE68D031-5B70-3FBD-52B3-27DFBD756081', '8bc5761a4d8d49e680515bc50f4ba111', 'appadmin', null, 0, null, null, null, null, 'appadmin');
insert into "SYS_AUTH_ROLE_V" ("ID","AUTH_ID","ROLE_ID","SIGN","IS_REVOKE","CREATE_USER","CREATE_TIME","UPDATE_TIME","REMARK","LV_ID") values ('E13F3C0C-0AA2-85FC-0B2B-98761038D310', '39e1b3ec3d6e483b86c4923ea64cfdd0', 'appadmin', null, 0, null, null, null, null, 'appadmin');
insert into "SYS_AUTH_ROLE_V" ("ID","AUTH_ID","ROLE_ID","SIGN","IS_REVOKE","CREATE_USER","CREATE_TIME","UPDATE_TIME","REMARK","LV_ID") values ('6C62ACC3-7BE3-A039-96BE-D00D64616455', '39e1b3ec3d6e483b86c4923ea64c1111', 'appadmin', null, 0, null, null, null, null, 'appadmin');
insert into "SYS_AUTH_ROLE_V" ("ID","AUTH_ID","ROLE_ID","SIGN","IS_REVOKE","CREATE_USER","CREATE_TIME","UPDATE_TIME","REMARK","LV_ID") values ('92A26209-0AA2-85FC-9D63-E2BBD0EA0E1A', '8d4d2caee7f548889988da2747dfaa4a', 'appadmin', null, 0, null, null, null, null, 'appadmin');
insert into "SYS_AUTH_ROLE_V" ("ID","AUTH_ID","ROLE_ID","SIGN","IS_REVOKE","CREATE_USER","CREATE_TIME","UPDATE_TIME","REMARK","LV_ID") values ('7DBB1FD1-9A3E-95CD-1C2C-FFB2943925F5', '39e1b3ec3d6e483b86c4923ea64c1112', 'appadmin', null, 0, null, null, null, null, 'appadmin');
insert into "SYS_AUTH_ROLE_V" ("ID","AUTH_ID","ROLE_ID","SIGN","IS_REVOKE","CREATE_USER","CREATE_TIME","UPDATE_TIME","REMARK","LV_ID") values ('AE39925D-0AA2-85FC-6A39-D2B143F6DECB', '8d4d2caee7f548889988da2747dfa111', 'appadmin', null, 0, null, null, null, null, 'appadmin');
insert into "SYS_AUTH_ROLE_V" ("ID","AUTH_ID","ROLE_ID","SIGN","IS_REVOKE","CREATE_USER","CREATE_TIME","UPDATE_TIME","REMARK","LV_ID") values ('9E60A97D-7BE3-A039-6C23-2CA546BE33A9', '8d4d2caee7f548889988da2747dfa112', 'appadmin', null, 0, null, null, null, null, 'appadmin');
insert into "SYS_AUTH_ROLE_V" ("ID","AUTH_ID","ROLE_ID","SIGN","IS_REVOKE","CREATE_USER","CREATE_TIME","UPDATE_TIME","REMARK","LV_ID") values ('4025633F-0AA2-85FC-F520-41806A3FB857', '8d4d2caee7f548889988da2747dfa113', 'appadmin', null, 0, null, null, null, null, 'appadmin');
insert into "SYS_AUTH_ROLE_V" ("ID","AUTH_ID","ROLE_ID","SIGN","IS_REVOKE","CREATE_USER","CREATE_TIME","UPDATE_TIME","REMARK","LV_ID") values ('B636F84F-A436-5545-9AB1-00C38FF43F47', '8d4d2caee7f548889988da2747dfa114', 'appadmin', null, 0, null, null, null, null, 'appadmin');
insert into "SYS_AUTH_ROLE_V" ("ID","AUTH_ID","ROLE_ID","SIGN","IS_REVOKE","CREATE_USER","CREATE_TIME","UPDATE_TIME","REMARK","LV_ID") values ('9E278319-7936-73B1-B0F1-771BA8FCAD9D', '334qb3ec3d6e483b86c4923ea64cf112', 'appadmin', null, 0, null, null, null, null, 'appadmin');
insert into "SYS_AUTH_ROLE_V" ("ID","AUTH_ID","ROLE_ID","SIGN","IS_REVOKE","CREATE_USER","CREATE_TIME","UPDATE_TIME","REMARK","LV_ID") values ('CBF34330-CA7F-5100-38B4-E9AE093C24C0', '456wb3ec3d6e483b86c4923ea64cf112', 'appadmin', null, 0, null, null, null, null, 'appadmin');
insert into "SYS_AUTH_ROLE_V" ("ID","AUTH_ID","ROLE_ID","SIGN","IS_REVOKE","CREATE_USER","CREATE_TIME","UPDATE_TIME","REMARK","LV_ID") values ('3FF3FCE8-7936-73B1-52FF-502B1E26D05E', '67yub3ec3d6e483b86c4923ea64cf112', 'appadmin', null, 0, null, null, null, null, 'appadmin');
insert into "SYS_AUTH_ROLE_V" ("ID","AUTH_ID","ROLE_ID","SIGN","IS_REVOKE","CREATE_USER","CREATE_TIME","UPDATE_TIME","REMARK","LV_ID") values ('F2EBF516-783B-3DB7-E628-33666C24132B', '11316279a4a9416a8e20019821e640af', 'appadmin', null, 0, null, null, null, null, 'appadmin');
insert into "SYS_AUTH_ROLE_V" ("ID","AUTH_ID","ROLE_ID","SIGN","IS_REVOKE","CREATE_USER","CREATE_TIME","UPDATE_TIME","REMARK","LV_ID") values ('DB31BA34-7936-73B1-D0AB-535607B1B052', 'e3b15ac90286450fbe5a721c9f542451', 'appadmin', null, 0, null, null, null, null, 'appadmin');
insert into "SYS_AUTH_ROLE_V" ("ID","AUTH_ID","ROLE_ID","SIGN","IS_REVOKE","CREATE_USER","CREATE_TIME","UPDATE_TIME","REMARK","LV_ID") values ('1E334B40-CA7F-5100-4F3D-32EFFFFA5D9A', '11erb3ec3d6e483b86c4923ea64cfdd0', 'appadmin', null, 0, null, null, null, null, 'appadmin');
insert into "SYS_AUTH_ROLE_V" ("ID","AUTH_ID","ROLE_ID","SIGN","IS_REVOKE","CREATE_USER","CREATE_TIME","UPDATE_TIME","REMARK","LV_ID") values ('B1ED9625-7936-73B1-1C3A-13D0082E2596', 'e3b15ac90286450fbe5a721c9f542433', 'appadmin', null, 0, null, null, null, null, 'appadmin');
insert into "SYS_AUTH_ROLE_V" ("ID","AUTH_ID","ROLE_ID","SIGN","IS_REVOKE","CREATE_USER","CREATE_TIME","UPDATE_TIME","REMARK","LV_ID") values ('913A51CD-95EC-15CF-F331-4D96EA3E2C54', '77yub3ec3d6e483b86c4923ea6411111', 'appadmin', null, 0, null, null, null, null, 'appadmin');
insert into "SYS_AUTH_ROLE_V" ("ID","AUTH_ID","ROLE_ID","SIGN","IS_REVOKE","CREATE_USER","CREATE_TIME","UPDATE_TIME","REMARK","LV_ID") values ('15A64284-7936-73B1-2F2C-A9C2D578C3E8', '334qb3ec3d6e483b86c4923ea64cfdd0', 'appsec', null, 0, null, null, null, null, 'appsec');
insert into "SYS_AUTH_ROLE_V" ("ID","AUTH_ID","ROLE_ID","SIGN","IS_REVOKE","CREATE_USER","CREATE_TIME","UPDATE_TIME","REMARK","LV_ID") values ('A6B11F09-CA7F-5100-32BF-4A166577AF9D', '334qb3ec3d6e483b86c4923ea64cf111', 'appsec', null, 0, null, null, null, null, 'appsec');
insert into "SYS_AUTH_ROLE_V" ("ID","AUTH_ID","ROLE_ID","SIGN","IS_REVOKE","CREATE_USER","CREATE_TIME","UPDATE_TIME","REMARK","LV_ID") values ('BFE83931-7936-73B1-9B23-09B183E06E5F', '334qb3ec3d6e483b86c4923ea64cf113', 'appsec', null, 0, null, null, null, null, 'appsec');
insert into "SYS_AUTH_ROLE_V" ("ID","AUTH_ID","ROLE_ID","SIGN","IS_REVOKE","CREATE_USER","CREATE_TIME","UPDATE_TIME","REMARK","LV_ID") values ('397F7ECC-783B-3DB7-93F1-98FB14687BFA', '334qb3ec3d6e483b86c4923ea64cf114', 'appsec', null, 0, null, null, null, null, 'appsec');
insert into "SYS_AUTH_ROLE_V" ("ID","AUTH_ID","ROLE_ID","SIGN","IS_REVOKE","CREATE_USER","CREATE_TIME","UPDATE_TIME","REMARK","LV_ID") values ('20BD6BBE-7936-73B1-517A-CB99C3A172A2', '456wb3ec3d6e483b86c4923ea64cfdd0', 'appsec', null, 0, null, null, null, null, 'appsec');
insert into "SYS_AUTH_ROLE_V" ("ID","AUTH_ID","ROLE_ID","SIGN","IS_REVOKE","CREATE_USER","CREATE_TIME","UPDATE_TIME","REMARK","LV_ID") values ('6FBC4199-CA7F-5100-E83E-86CE9932BF1B', '456wb3ec3d6e483b86c4923ea64cf111', 'appsec', null, 0, null, null, null, null, 'appsec');
insert into "SYS_AUTH_ROLE_V" ("ID","AUTH_ID","ROLE_ID","SIGN","IS_REVOKE","CREATE_USER","CREATE_TIME","UPDATE_TIME","REMARK","LV_ID") values ('82FBC331-7936-73B1-6B34-1BCBB9622743', '67yub3ec3d6e483b86c4923ea64cfdd0', 'appsec', null, 0, null, null, null, null, 'appsec');
insert into "SYS_AUTH_ROLE_V" ("ID","AUTH_ID","ROLE_ID","SIGN","IS_REVOKE","CREATE_USER","CREATE_TIME","UPDATE_TIME","REMARK","LV_ID") values ('40B90209-7CBD-27BB-5776-10A1EB2A741E', '67yub3ec3d6e483b86c4923ea64cf111', 'appsec', null, 0, null, null, null, null, 'appsec');
insert into "SYS_AUTH_ROLE_V" ("ID","AUTH_ID","ROLE_ID","SIGN","IS_REVOKE","CREATE_USER","CREATE_TIME","UPDATE_TIME","REMARK","LV_ID") values ('37A78430-7936-73B1-5E38-19637A260D11', '4c8c4bc4726b40b7a570fa1d2ba49f47', 'appsec', null, 0, null, null, null, null, 'appsec');
insert into "SYS_AUTH_ROLE_V" ("ID","AUTH_ID","ROLE_ID","SIGN","IS_REVOKE","CREATE_USER","CREATE_TIME","UPDATE_TIME","REMARK","LV_ID") values ('64EF23F1-CA7F-5100-1D2E-443E38B2617C', '04d7893c4a4d4345b18b0789af13753f', 'appsec', null, 0, null, null, null, null, 'appsec');
insert into "SYS_AUTH_ROLE_V" ("ID","AUTH_ID","ROLE_ID","SIGN","IS_REVOKE","CREATE_USER","CREATE_TIME","UPDATE_TIME","REMARK","LV_ID") values ('BEAF67F1-7936-73B1-C023-8474B4BAC5CB', 'e3b15ac90286450fbe5a721c9f542451', 'appsec', null, 0, null, null, null, null, 'appsec');
insert into "SYS_AUTH_ROLE_V" ("ID","AUTH_ID","ROLE_ID","SIGN","IS_REVOKE","CREATE_USER","CREATE_TIME","UPDATE_TIME","REMARK","LV_ID") values ('03A9EA7C-783B-3DB7-4CA9-1EB5BA26EE25', '11erb3ec3d6e483b86c4923ea64cfdd0', 'appsec', null, 0, null, null, null, null, 'appsec');
insert into "SYS_AUTH_ROLE_V" ("ID","AUTH_ID","ROLE_ID","SIGN","IS_REVOKE","CREATE_USER","CREATE_TIME","UPDATE_TIME","REMARK","LV_ID") values ('4035720F-7936-73B1-A624-E68B18AF00AE', 'e3b15ac90286450fbe5a721c9f542433', 'appsec', null, 0, null, null, null, null, 'appsec');
insert into "SYS_AUTH_ROLE_V" ("ID","AUTH_ID","ROLE_ID","SIGN","IS_REVOKE","CREATE_USER","CREATE_TIME","UPDATE_TIME","REMARK","LV_ID") values ('6B3EFCCD-CA7F-5100-F7AC-1C9ECD2E4A5E', '4c8c4bc4726b40b7a570fa1d2ba49f47', 'appauditor', null, 0, null, null, null, null, 'appauditor');
insert into "SYS_AUTH_ROLE_V" ("ID","AUTH_ID","ROLE_ID","SIGN","IS_REVOKE","CREATE_USER","CREATE_TIME","UPDATE_TIME","REMARK","LV_ID") values ('FB2696D6-7936-73B1-8239-E39DBD3078A3', '04d7893c4a4d4345b18b0789af13753f', 'appauditor', null, 0, null, null, null, null, 'appauditor');
insert into "SYS_AUTH_ROLE_V" ("ID","AUTH_ID","ROLE_ID","SIGN","IS_REVOKE","CREATE_USER","CREATE_TIME","UPDATE_TIME","REMARK","LV_ID") values ('80288C3F-95EC-15CF-D5BE-1A3ED9BD3DC2', 'e3b15ac90286450fbe5a721c9f542451', 'appauditor', null, 0, null, null, null, null, 'appauditor');
insert into "SYS_AUTH_ROLE_V" ("ID","AUTH_ID","ROLE_ID","SIGN","IS_REVOKE","CREATE_USER","CREATE_TIME","UPDATE_TIME","REMARK","LV_ID") values ('BF2433AD-7936-73B1-F7A1-886C8E275677', 'e3b15ac90286450fbe5a721c9f542433', 'appauditor', null, 0, null, null, null, null, 'appauditor');
insert into "SYS_AUTH_ROLE_V" ("ID","AUTH_ID","ROLE_ID","SIGN","IS_REVOKE","CREATE_USER","CREATE_TIME","UPDATE_TIME","REMARK","LV_ID") values ('A9F70485-0733-30C6-B229-5ED50026EQQQ', '22316279a4a9416a8e20019821e640af', 'appadmin', null, 0, null, null, null, null, 'appadmin');
insert into "SYS_AUTH_ROLE_V" ("ID","AUTH_ID","ROLE_ID","SIGN","IS_REVOKE","CREATE_USER","CREATE_TIME","UPDATE_TIME","REMARK","LV_ID") values ('11F70485-0733-30C6-B229-5ED50011EEEE', '11116279a4a9416a8e20019821e61111', 'groupadmin', null, 0, null, null, null, null, 'groupadmin');
insert into "SYS_AUTH_ROLE_V" ("ID","AUTH_ID","ROLE_ID","SIGN","IS_REVOKE","CREATE_USER","CREATE_TIME","UPDATE_TIME","REMARK","LV_ID") values ('EEE70485-0733-30C6-B229-5ED50011RRRR', '33336279a4a9416a8e20019821e63333', 'admin', null, 0, null, null, null, null, 'admin');
insert into "SYS_AUTH_ROLE_V" ("ID","AUTH_ID","ROLE_ID","SIGN","IS_REVOKE","CREATE_USER","CREATE_TIME","UPDATE_TIME","REMARK","LV_ID") values ('111B1F11-4029-B4A5-A03B-4D3154A66345', '3333ba3204344d37929abd4ad9a12222', 'appadmin', null, 0, null, null, null, null, 'appadmin');
insert into "SYS_AUTH_ROLE_V" ("ID","AUTH_ID","ROLE_ID","SIGN","IS_REVOKE","CREATE_USER","CREATE_TIME","UPDATE_TIME","REMARK","LV_ID") values ('123B1F11-4029-B4A5-A03B-4D3154A66312', '3456ba3204344d37929abd4ad9a15678', 'appadmin', null, 0, null, null, null, null, 'appadmin');
insert into "SYS_AUTH_ROLE_V" ("ID","AUTH_ID","ROLE_ID","SIGN","IS_REVOKE","CREATE_USER","CREATE_TIME","UPDATE_TIME","REMARK","LV_ID") values ('345B1F11-4029-B4A5-A03B-4D3154A66789', '7756ba3204344d37929abd4ad9a15699', 'appadmin', null, 0, null, null, null, null, 'appadmin');
insert into "SYS_AUTH_ROLE_V" ("ID","AUTH_ID","ROLE_ID","SIGN","IS_REVOKE","CREATE_USER","CREATE_TIME","UPDATE_TIME","REMARK","LV_ID") values ('235B1F11-4029-B4A5-A03B-4D3154A66744', '1116ba3204344d37929abd4ad9a15222', 'appadmin', null, 0, null, null, null, null, 'appadmin');

alter table "FILE_CONFIGURATION" alter column "IS_ALLOW_UPLOAD_API" rename to "ALLOW_UPLOAD_API";
alter table "FILE_CONFIGURATION" alter column "IS_ALLOW_DOWNLOAD_API" rename to "ALLOW_DOWNLOAD_API";
alter table "FILE_CONFIGURATION" alter column "IS_ALLOW_DELETE_API" rename to "ALLOW_DELETE_API";


/**
  2019/09/27:修改集团三员管理
 */
COMMENT ON COLUMN "SYS_USER"."USER_TYPE" IS '用户类型（0租户管理员,1集团管理员,11待激活的集团管理员,111未分配的集团管理员,2应用管理员,22待激活的应用管理员,222未分配的应用管理员,3普通用户）';

alter table "SYS_USER_ADMIN_ORG" add column("IS_ACTIVATED" NUMBER(1,0) DEFAULT 0);
alter table "SYS_USER_ADMIN_ORG" add column("ROLE_TYPE" NUMBER(10,0));
comment on column "SYS_USER_ADMIN_ORG"."IS_ACTIVATED" is '是否被激活，0没有，1是';
comment on column "SYS_USER_ADMIN_ORG"."ROLE_TYPE" is '角色类型（11集团系统管理员,22集团安全保密员,33集团安全审计员）';

delete from "SYS_AUTH" where ID in('5fc1b8842fa04faea8f39beb866fd111','5fc1b8842fa04faea8f39beb866fd112');
delete from "SYS_AUTH_ROLE_V" where AUTH_ID in ('5fc1b8842fa04faea8f39beb866fd111','5fc1b8842fa04faea8f39beb866fd112');

insert into "SYS_AUTH_ROLE" ("ID","AUTH_ID","ROLE_ID","SIGN","IS_REVOKE","CREATE_USER","CREATE_TIME","UPDATE_TIME","REMARK") values ('12323fe2ef32403dbf9dc989d0651231', '5fc1b8842fa04faea8f39beb866fd511', 'sec', null, 0, null, null, null, null);
insert into "SYS_AUTH_ROLE_V" ("ID","AUTH_ID","ROLE_ID","SIGN","IS_REVOKE","CREATE_USER","CREATE_TIME","UPDATE_TIME","REMARK","LV_ID") values ('67870485-0733-0000-B229-5ED50026EA82', '5fc1b8842fa04faea8f39beb866fd511', 'sec', null, 0, null, null, null, null, 'sec');

/**
  2019/09/28:修改应用三员管理
 */
alter table "SYS_AUTH_SCOPE_ORG" add column("IS_ACTIVATED" NUMBER(1,0) DEFAULT 0);
alter table "SYS_AUTH_SCOPE_ORG" add column("ROLE_TYPE" NUMBER(10,0));
comment on column "SYS_AUTH_SCOPE_ORG"."IS_ACTIVATED" is '是否被激活，0没有，1是';
comment on column "SYS_AUTH_SCOPE_ORG"."ROLE_TYPE" is '角色类型（111应用系统管理员,222应用安全保密员,333应用安全审计员）';

alter table "SYS_AUTH_SCOPE_APP" add column("IS_ACTIVATED" NUMBER(1,0) DEFAULT 0);
alter table "SYS_AUTH_SCOPE_APP" add column("ROLE_TYPE" NUMBER(10,0));
comment on column "SYS_AUTH_SCOPE_APP"."IS_ACTIVATED" is '是否被激活，0没有，1是';
comment on column "SYS_AUTH_SCOPE_APP"."ROLE_TYPE" is '角色类型（111应用系统管理员,222应用安全保密员,333应用安全审计员）';

alter table "SYS_AUTH_SCOPE_USER_GROUP" add column("IS_ACTIVATED" NUMBER(1,0) DEFAULT 0);
alter table "SYS_AUTH_SCOPE_USER_GROUP" add column("ROLE_TYPE" NUMBER(10,0));
comment on column "SYS_AUTH_SCOPE_USER_GROUP"."IS_ACTIVATED" is '是否被激活，0没有，1是';
comment on column "SYS_AUTH_SCOPE_USER_GROUP"."ROLE_TYPE" is '角色类型（111应用系统管理员,222应用安全保密员,333应用安全审计员）';

delete from "SYS_AUTH" where ID in('67e1114e83214aeb8a3ec0a6822fd111','67e1114e83214aeb8a3ec0a6822fd112');
delete from "SYS_AUTH_ROLE_V" where AUTH_ID in ('67e1114e83214aeb8a3ec0a6822fd111','67e1114e83214aeb8a3ec0a6822fd112');

insert into "SYS_AUTH_ROLE" ("ID","AUTH_ID","ROLE_ID","SIGN","IS_REVOKE","CREATE_USER","CREATE_TIME","UPDATE_TIME","REMARK") values ('12323fe2ef32403dbf9dc989d065rt78', '67e1114e83214aeb8a3ec0a6822fdd30', 'groupsec', null, 0, null, null, null, null);
insert into "SYS_AUTH_ROLE_V" ("ID","AUTH_ID","ROLE_ID","SIGN","IS_REVOKE","CREATE_USER","CREATE_TIME","UPDATE_TIME","REMARK","LV_ID") values ('67870485-0733-0000-ghuy-5ED50026EA82', '67e1114e83214aeb8a3ec0a6822fdd30', 'groupsec', null, 0, null, null, null, null, 'groupsec');

alter table "SYS_AUDIT_LOG" add column("GROUP_ID" VARCHAR2(50));
comment on column "SYS_AUDIT_LOG"."GROUP_ID" is '操作针对的集团';

alter table "SYS_AUDIT_LOG" add column("APP_ID" VARCHAR2(50));
comment on column "SYS_AUDIT_LOG"."APP_ID" is '操作针对的应用';

/**
   用户角色历史数据主表
 */
CREATE TABLE "SYS_USER_ROLE_LV"
(
"ID" VARCHAR2(50) NOT NULL,
"USER_ID" VARCHAR2(50),
"VERSION" INTEGER,
"CREATE_USER" VARCHAR2(50),
"CREATE_TIME" DATETIME(6),
"IS_LATEST" NUMBER(1,0),
"APP_ID" VARCHAR2(50),
NOT CLUSTER PRIMARY KEY("ID"),
CONSTRAINT "FK_SYS_USER_ROLE_LV_USER" FOREIGN KEY("USER_ID") REFERENCES "SYS_USER"("ID") ON DELETE CASCADE  WITH INDEX )  ;
COMMENT ON TABLE "SYS_USER_ROLE_LV" IS '用户角色历史数据主表';
COMMENT ON COLUMN "SYS_USER_ROLE_LV"."CREATE_TIME" IS '创建时间';
COMMENT ON COLUMN "SYS_USER_ROLE_LV"."CREATE_USER" IS '创建用户';
COMMENT ON COLUMN "SYS_USER_ROLE_LV"."ID" IS '主键';
COMMENT ON COLUMN "SYS_USER_ROLE_LV"."IS_LATEST" IS '是否最新';
COMMENT ON COLUMN "SYS_USER_ROLE_LV"."USER_ID" IS '用户ID';
COMMENT ON COLUMN "SYS_USER_ROLE_LV"."VERSION" IS '版本号';
COMMENT ON COLUMN "SYS_USER_ROLE_LV"."APP_ID" is '应用ID';

/**
   用户角色历史版本数据
 */
CREATE TABLE "SYS_USER_ROLE_V"
(
"ID" VARCHAR2(50) NOT NULL,
"ROLE_ID" VARCHAR2(50),
"LV_ID" VARCHAR2(50),
NOT CLUSTER PRIMARY KEY("ID"),
CONSTRAINT "FK_SYS_USER_ROLE_V_LV" FOREIGN KEY("LV_ID") REFERENCES "SYS_USER_ROLE_LV"("ID") ON DELETE CASCADE )  ;
COMMENT ON TABLE "SYS_USER_ROLE_V" IS '用户角色历史版本数据';
COMMENT ON COLUMN "SYS_USER_ROLE_V"."ID" IS '主键';
COMMENT ON COLUMN "SYS_USER_ROLE_V"."LV_ID" IS '主表ID';
COMMENT ON COLUMN "SYS_USER_ROLE_V"."ROLE_ID" IS '角色ID';


CREATE TABLE "BD_JOB"
(
"ID" VARCHAR2(50) NOT NULL,
"NAME" VARCHAR2(50),
"SORT_INDEX" INTEGER,
"DATA_VERSION" VARCHAR2(50) DEFAULT 0,
"GROUP_ID" VARCHAR2(50),
NOT CLUSTER PRIMARY KEY("ID"),
CONSTRAINT "FK_BD_JOB_GROUP_ID" FOREIGN KEY("GROUP_ID") REFERENCES "ORG_GROUP"("ID") ON DELETE CASCADE )  ;
COMMENT ON TABLE "BD_JOB" IS '职务表';
COMMENT ON COLUMN "BD_JOB"."DATA_VERSION" IS '数据版本';
COMMENT ON COLUMN "BD_JOB"."GROUP_ID" IS '集团ID';
COMMENT ON COLUMN "BD_JOB"."ID" IS '主键';
COMMENT ON COLUMN "BD_JOB"."NAME" IS '职务名称';
COMMENT ON COLUMN "BD_JOB"."SORT_INDEX" IS '排序号';

CREATE TABLE "BD_POST"
(
"ID" VARCHAR2(50) NOT NULL,
"NAME" VARCHAR2(50),
"DEPARTMENT_ID" VARCHAR2(50),
"GROUP_ID" VARCHAR2(50),
"ORGANIZATION_ID" VARCHAR2(50),
"DATA_VERSION" VARCHAR2(50) DEFAULT 0,
"SORT_INDEX" INTEGER DEFAULT 0,
NOT CLUSTER PRIMARY KEY("ID"),
CONSTRAINT "FK_BD_POST_GROUP_ID" FOREIGN KEY("GROUP_ID") REFERENCES "ORG_GROUP"("ID") ON DELETE CASCADE ,
CONSTRAINT "FK_BD_POST_ORG_ID" FOREIGN KEY("ORGANIZATION_ID") REFERENCES "ORG_ORGANIZATION"("ID") ON DELETE CASCADE ,
CONSTRAINT "FK_BD_POST_DEP_ID" FOREIGN KEY("DEPARTMENT_ID") REFERENCES "ORG_DEPARTMENT"("ID") ON DELETE CASCADE )  ;
COMMENT ON TABLE "BD_POST" IS '部门岗位表';
COMMENT ON COLUMN "BD_POST"."DATA_VERSION" IS '数据版本';
COMMENT ON COLUMN "BD_POST"."DEPARTMENT_ID" IS '所属部门主键';
COMMENT ON COLUMN "BD_POST"."GROUP_ID" IS '所属集团主键';
COMMENT ON COLUMN "BD_POST"."ID" IS '主键';
COMMENT ON COLUMN "BD_POST"."NAME" IS '岗位名称';
COMMENT ON COLUMN "BD_POST"."ORGANIZATION_ID" IS '所属业务单元主键';
COMMENT ON COLUMN "BD_POST"."SORT_INDEX" IS '排序号';


/**
  2019/10/08
 */
alter table "SYS_AUTH_USER" add column("APP_ID" VARCHAR2(50));
comment on column "SYS_AUTH_USER"."APP_ID" is '应用ID';
alter table "SYS_AUTH_USER_V" add column("APP_ID" VARCHAR2(50));
comment on column "SYS_AUTH_USER_V"."APP_ID" is '应用ID';

insert into "SYS_AUTH" ("ID","NAME","APP_ID","REMARK","SORT_INDEX","PARENT_ID","CREATE_USER","CREATE_TIME","UPDATE_TIME","SORT_PATH","IS_ORG_ADMIN","IS_USER_GROUP_ADMIN","CODE","DATA_VERSION") values ('tyuub3ec3d6e483b86c4923ea64cfwe5', '角色用户授予', 'platform', null, 5, '11erb3ec3d6e483b86c4923ea64cfdd0', null, null, null, '000200090005', 0, 0, 'roleManage.roleGrant', 0);

insert into "SYS_MENU" ("ID","NAME","PARENT_ID","APP_ID","PARENT_NAME","URL","TYPE","ICON","AUTH_ID","BTN_AUTH","IS_LEAF","SORT_INDEX","ALL_ORDER","SORT_PATH","OPEN_STYLE","CLOSE_NOTICE","CREATE_USER","CREATE_TIME","UPDATE_TIME","LEAF","MENU_AUTH","REMARK","DATA_VERSION","IS_IFRAME") values ('tyuub3ec3d6e483b86c4923ea64cfwe5', '角色用户授予', '11erb3ec3d6e483b86c4923ea64cfdd0', 'platform', '授权管理', 'roleManage/views/RoleGrant', 1, 'iconfont icon-setting-permissions', 'tyuub3ec3d6e483b86c4923ea64cfwe5', null, null, 5, null, '000200090005', null, null, null, null, null, null, null, null, 0, 0);

-- insert into "SYS_AUTH_ROLE" ("ID","AUTH_ID","ROLE_ID","SIGN","IS_REVOKE","CREATE_USER","CREATE_TIME","UPDATE_TIME","REMARK") values ('12323fe2ef32403dbf9dc989d0651233', 'tyuub3ec3d6e483b86c4923ea64cfwe5', 'appadmin', null, 0, null, null, null, null);
insert into "SYS_AUTH_ROLE" ("ID","AUTH_ID","ROLE_ID","SIGN","IS_REVOKE","CREATE_USER","CREATE_TIME","UPDATE_TIME","REMARK") values ('12323fe2ef32403dbf9dc989d0651234', 'tyuub3ec3d6e483b86c4923ea64cfwe5', 'appsec', null, 0, null, null, null, null);

-- insert into "SYS_AUTH_ROLE_V" ("ID","AUTH_ID","ROLE_ID","SIGN","IS_REVOKE","CREATE_USER","CREATE_TIME","UPDATE_TIME","REMARK","LV_ID") values ('3339dc7b6ba04f1fa8e4cc36be871222', 'tyuub3ec3d6e483b86c4923ea64cfwe5', 'appadmin', null, 0, null, null, null, null, 'appadmin');
insert into "SYS_AUTH_ROLE_V" ("ID","AUTH_ID","ROLE_ID","SIGN","IS_REVOKE","CREATE_USER","CREATE_TIME","UPDATE_TIME","REMARK","LV_ID") values ('4569dc7b6ba04f1fa8e4cc36be871234', 'tyuub3ec3d6e483b86c4923ea64cfwe5', 'appsec', null, 0, null, null, null, null, 'appsec');

insert into "SYS_AUTH_ROLE" ("ID","AUTH_ID","ROLE_ID","SIGN","IS_REVOKE","CREATE_USER","CREATE_TIME","UPDATE_TIME","REMARK") values ('12323fe2ef32403dbf9dc989d0651235', '04d7893c4a4d4345b18b0789af13753f', 'admin', null, 0, null, null, null, null);
insert into "SYS_AUTH_ROLE" ("ID","AUTH_ID","ROLE_ID","SIGN","IS_REVOKE","CREATE_USER","CREATE_TIME","UPDATE_TIME","REMARK") values ('12323fe2ef32403dbf9dc989d0651236', '04d7893c4a4d4345b18b0789af13753f', 'groupadmin', null, 0, null, null, null, null);
insert into "SYS_AUTH_ROLE" ("ID","AUTH_ID","ROLE_ID","SIGN","IS_REVOKE","CREATE_USER","CREATE_TIME","UPDATE_TIME","REMARK") values ('12323fe2ef32403dbf9dc989d0651237', '04d7893c4a4d4345b18b0789af13753f', 'appadmin', null, 0, null, null, null, null);
insert into "SYS_AUTH_ROLE" ("ID","AUTH_ID","ROLE_ID","SIGN","IS_REVOKE","CREATE_USER","CREATE_TIME","UPDATE_TIME","REMARK") values ('12323fe2ef32403dbf9dc989d0651238', '4c8c4bc4726b40b7a570fa1d2ba49f47', 'admin', null, 0, null, null, null, null);
insert into "SYS_AUTH_ROLE" ("ID","AUTH_ID","ROLE_ID","SIGN","IS_REVOKE","CREATE_USER","CREATE_TIME","UPDATE_TIME","REMARK") values ('12323fe2ef32403dbf9dc989d0651239', '4c8c4bc4726b40b7a570fa1d2ba49f47', 'groupadmin', null, 0, null, null, null, null);
insert into "SYS_AUTH_ROLE" ("ID","AUTH_ID","ROLE_ID","SIGN","IS_REVOKE","CREATE_USER","CREATE_TIME","UPDATE_TIME","REMARK") values ('12323fe2ef32403dbf9dc989d0651240', '4c8c4bc4726b40b7a570fa1d2ba49f47', 'appadmin', null, 0, null, null, null, null);


insert into "SYS_AUTH_ROLE_V" ("ID","AUTH_ID","ROLE_ID","SIGN","IS_REVOKE","CREATE_USER","CREATE_TIME","UPDATE_TIME","REMARK","LV_ID") values ('1569dc7b6ba04f1fa8e4cc36be871231', '04d7893c4a4d4345b18b0789af13753f', 'admin', null, 0, null, null, null, null, 'admin');
insert into "SYS_AUTH_ROLE_V" ("ID","AUTH_ID","ROLE_ID","SIGN","IS_REVOKE","CREATE_USER","CREATE_TIME","UPDATE_TIME","REMARK","LV_ID") values ('2569dc7b6ba04f1fa8e4cc36be871232', '04d7893c4a4d4345b18b0789af13753f', 'groupadmin', null, 0, null, null, null, null, 'groupadmin');
insert into "SYS_AUTH_ROLE_V" ("ID","AUTH_ID","ROLE_ID","SIGN","IS_REVOKE","CREATE_USER","CREATE_TIME","UPDATE_TIME","REMARK","LV_ID") values ('3569dc7b6ba04f1fa8e4cc36be871233', '04d7893c4a4d4345b18b0789af13753f', 'appadmin', null, 0, null, null, null, null, 'appadmin');
insert into "SYS_AUTH_ROLE_V" ("ID","AUTH_ID","ROLE_ID","SIGN","IS_REVOKE","CREATE_USER","CREATE_TIME","UPDATE_TIME","REMARK","LV_ID") values ('7569dc7b6ba04f1fa8e4cc36be871237', '4c8c4bc4726b40b7a570fa1d2ba49f47', 'admin', null, 0, null, null, null, null, 'admin');
insert into "SYS_AUTH_ROLE_V" ("ID","AUTH_ID","ROLE_ID","SIGN","IS_REVOKE","CREATE_USER","CREATE_TIME","UPDATE_TIME","REMARK","LV_ID") values ('8569dc7b6ba04f1fa8e4cc36be871238', '4c8c4bc4726b40b7a570fa1d2ba49f47', 'groupadmin', null, 0, null, null, null, null, 'groupadmin');
insert into "SYS_AUTH_ROLE_V" ("ID","AUTH_ID","ROLE_ID","SIGN","IS_REVOKE","CREATE_USER","CREATE_TIME","UPDATE_TIME","REMARK","LV_ID") values ('5569dc7b6ba04f1fa8e4cc36be871235', '4c8c4bc4726b40b7a570fa1d2ba49f47', 'appadmin', null, 0, null, null, null, null, 'appadmin');

/**
 2019/10/10:岗位管理，职务管理
 */
insert into "SYS_AUTH" ("ID","NAME","APP_ID","REMARK","SORT_INDEX","PARENT_ID","CREATE_USER","CREATE_TIME","UPDATE_TIME","SORT_PATH","IS_ORG_ADMIN","IS_USER_GROUP_ADMIN","CODE","DATA_VERSION") values ('a16344b1790e41e98615f6cd19587572', '岗位管理', 'platform', null, 20, 'bc316279a4a9416a8e20019821e640af', null, null, null, '00010020', 0, 0, 'orgSructureManage.PostManage', 0);
insert into "SYS_AUTH" ("ID","NAME","APP_ID","REMARK","SORT_INDEX","PARENT_ID","CREATE_USER","CREATE_TIME","UPDATE_TIME","SORT_PATH","IS_ORG_ADMIN","IS_USER_GROUP_ADMIN","CODE","DATA_VERSION") values ('a16344b1790e41e98615f6cd1958757r', '职务管理', 'platform', null, 21, 'bc316279a4a9416a8e20019821e640af', null, null, null, '00010021', 0, 0, 'orgSructureManage.JobManage', 0);

insert into "SYS_MENU" ("ID","NAME","PARENT_ID","APP_ID","PARENT_NAME","URL","TYPE","ICON","AUTH_ID","BTN_AUTH","IS_LEAF","SORT_INDEX","ALL_ORDER","SORT_PATH","OPEN_STYLE","CLOSE_NOTICE","CREATE_USER","CREATE_TIME","UPDATE_TIME","LEAF","MENU_AUTH","REMARK","DATA_VERSION","IS_IFRAME") values ('a16344b1790e41e98615f6cd19587572', '岗位管理', 'bc316279a4a9416a8e20019821e640af', 'platform', '组织架构管理', 'orgSructureManage/views/PostManage', 1, 'el-icon-user', 'a16344b1790e41e98615f6cd19587571', null, null, 20, null, '00010020', null, null, null, null, null, null, null, null, 0, 0);
insert into "SYS_MENU" ("ID","NAME","PARENT_ID","APP_ID","PARENT_NAME","URL","TYPE","ICON","AUTH_ID","BTN_AUTH","IS_LEAF","SORT_INDEX","ALL_ORDER","SORT_PATH","OPEN_STYLE","CLOSE_NOTICE","CREATE_USER","CREATE_TIME","UPDATE_TIME","LEAF","MENU_AUTH","REMARK","DATA_VERSION","IS_IFRAME") values ('a16344b1790e41e98615f6cd1958757r', '职务管理', 'bc316279a4a9416a8e20019821e640af', 'platform', '组织架构管理', 'orgSructureManage/views/JobManage', 1, 'el-icon-s-check', 'a16344b1790e41e98615f6cd19587571', null, null, 21, null, '00010021', null, null, null, null, null, null, null, null, 0, 0);

insert into "SYS_AUTH_ROLE" ("ID","AUTH_ID","ROLE_ID","SIGN","IS_REVOKE","CREATE_USER","CREATE_TIME","UPDATE_TIME","REMARK") values ('12323fe2ef32403dbf9dc989d0651241', 'a16344b1790e41e98615f6cd19587572', 'groupadmin', null, 0, null, null, null, null);
insert into "SYS_AUTH_ROLE" ("ID","AUTH_ID","ROLE_ID","SIGN","IS_REVOKE","CREATE_USER","CREATE_TIME","UPDATE_TIME","REMARK") values ('12323fe2ef32403dbf9dc989d0651242', 'a16344b1790e41e98615f6cd1958757r', 'groupadmin', null, 0, null, null, null, null);

insert into "SYS_AUTH_ROLE_V" ("ID","AUTH_ID","ROLE_ID","SIGN","IS_REVOKE","CREATE_USER","CREATE_TIME","UPDATE_TIME","REMARK","LV_ID") values ('7869dc7b6ba04f1fa8e4cc36be871278', 'a16344b1790e41e98615f6cd19587572', 'groupadmin', null, 0, null, null, null, null, 'groupadmin');
insert into "SYS_AUTH_ROLE_V" ("ID","AUTH_ID","ROLE_ID","SIGN","IS_REVOKE","CREATE_USER","CREATE_TIME","UPDATE_TIME","REMARK","LV_ID") values ('8969dc7b6ba04f1fa8e4cc36be871289', 'a16344b1790e41e98615f6cd1958757r', 'groupadmin', null, 0, null, null, null, null, 'groupadmin');




/**
 2019-10-15
 */



/**
2019/10/16: 工作日历菜单放在配置管理下
 */
UPDATE "SYS_MENU" SET PARENT_ID='11316279a4a9416a8e20019821e640af' , PARENT_NAME='配置管理' , SORT_INDEX=10 , SORT_PATH='00030010' WHERE ID='11116279a4a9416a8e20019821e61111';
UPDATE "SYS_AUTH" SET PARENT_ID='11316279a4a9416a8e20019821e640af' ,  SORT_INDEX=10 , SORT_PATH='00030010' WHERE ID='11116279a4a9416a8e20019821e61111';


/**
  2019/10/18:审计日志菜单序号修正
 */
update "SYS_MENU" set name='审计日志',url='auditLogManage/views/AuditLog',icon='iconfont icon-clipboard-check' where id = '04d7893c4a4d4345b18b0789af13753f';

update "SYS_AUTH" set name='审计日志',code='platForm.auditLogManage.AuditLog' where id = '04d7893c4a4d4345b18b0789af13753f';

delete from "SYS_MENU" where id='4c8c4bc4726b40b7a570fa1d2ba49f47';
delete from "SYS_AUTH" where id='4c8c4bc4726b40b7a570fa1d2ba49f47';
delete from "SYS_AUTH_ROLE_V" where auth_id ='4c8c4bc4726b40b7a570fa1d2ba49f47';

/**
  2019/10/21:添加报表菜单及权限
 */
insert into "SYS_AUTH" ("ID","NAME","APP_ID","REMARK","SORT_INDEX","PARENT_ID","CREATE_USER","CREATE_TIME","UPDATE_TIME","SORT_PATH","IS_ORG_ADMIN","IS_USER_GROUP_ADMIN","CODE","DATA_VERSION") values ('twerba3204344d37929abd4ad9a1dfgh', '数据展示', 'platform', null, 6, '0', null, null, null, '0006', 0, 0, null, 0);
insert into "SYS_AUTH" ("ID","NAME","APP_ID","REMARK","SORT_INDEX","PARENT_ID","CREATE_USER","CREATE_TIME","UPDATE_TIME","SORT_PATH","IS_ORG_ADMIN","IS_USER_GROUP_ADMIN","CODE","DATA_VERSION") values ('1234ba3204344d37929abd4ad9a1dgth', '业务类型', 'platform', null, 1, 'twerba3204344d37929abd4ad9a1dfgh', null, null, null, '00060001', 0, 0, 'reportType.ReportType', 0);
insert into "SYS_AUTH" ("ID","NAME","APP_ID","REMARK","SORT_INDEX","PARENT_ID","CREATE_USER","CREATE_TIME","UPDATE_TIME","SORT_PATH","IS_ORG_ADMIN","IS_USER_GROUP_ADMIN","CODE","DATA_VERSION") values ('2234ba3204344d37929abd4ad9a1dgth', '报表设计', 'platform', null, 2, 'twerba3204344d37929abd4ad9a1dfgh', null, null, null, '00060002', 0, 0, 'reportInfo.ReportList', 0);
insert into "SYS_AUTH" ("ID","NAME","APP_ID","REMARK","SORT_INDEX","PARENT_ID","CREATE_USER","CREATE_TIME","UPDATE_TIME","SORT_PATH","IS_ORG_ADMIN","IS_USER_GROUP_ADMIN","CODE","DATA_VERSION") values ('3234ba3204344d37929abd4ad9a1dgth', '报表浏览', 'platform', null, 3, 'twerba3204344d37929abd4ad9a1dfgh', null, null, null, '00060003', 0, 0, 'reportShow.ReportShow', 0);
insert into "SYS_AUTH" ("ID","NAME","APP_ID","REMARK","SORT_INDEX","PARENT_ID","CREATE_USER","CREATE_TIME","UPDATE_TIME","SORT_PATH","IS_ORG_ADMIN","IS_USER_GROUP_ADMIN","CODE","DATA_VERSION") values ('4234ba3204344d37929abd4ad9a1dgth', '仪表盘设计', 'platform', null, 4, 'twerba3204344d37929abd4ad9a1dfgh', null, null, null, '00060004', 0, 0, 'reportDsInfo.ReportList', 0);
insert into "SYS_AUTH" ("ID","NAME","APP_ID","REMARK","SORT_INDEX","PARENT_ID","CREATE_USER","CREATE_TIME","UPDATE_TIME","SORT_PATH","IS_ORG_ADMIN","IS_USER_GROUP_ADMIN","CODE","DATA_VERSION") values ('5234ba3204344d37929abd4ad9a1dgth', '仪表盘浏览', 'platform', null, 5, 'twerba3204344d37929abd4ad9a1dfgh', null, null, null, '00060005', 0, 0, 'reportDsShow.ReportDsShow', 0);

insert into "SYS_MENU" ("ID","NAME","PARENT_ID","APP_ID","PARENT_NAME","URL","TYPE","ICON","AUTH_ID","BTN_AUTH","IS_LEAF","SORT_INDEX","ALL_ORDER","SORT_PATH","OPEN_STYLE","CLOSE_NOTICE","CREATE_USER","CREATE_TIME","UPDATE_TIME","LEAF","MENU_AUTH","REMARK","DATA_VERSION","IS_IFRAME") values ('twerba3204344d37929abd4ad9a1dfgh', '数据展示', '0', 'platform', '一级菜单', null, 0, 'fa fa-bar-chart', 'twerba3204344d37929abd4ad9a1dfgh', null, null, 6, null, '0006', null, null, null, null, null, null, null, null, 0, 0);
insert into "SYS_MENU" ("ID","NAME","PARENT_ID","APP_ID","PARENT_NAME","URL","TYPE","ICON","AUTH_ID","BTN_AUTH","IS_LEAF","SORT_INDEX","ALL_ORDER","SORT_PATH","OPEN_STYLE","CLOSE_NOTICE","CREATE_USER","CREATE_TIME","UPDATE_TIME","LEAF","MENU_AUTH","REMARK","DATA_VERSION","IS_IFRAME") values ('1234ba3204344d37929abd4ad9a1dgth', '业务类型', 'twerba3204344d37929abd4ad9a1dfgh', 'platform', '数据展示', 'reportType/views/ReportType', 1, 'fa fa-align-justify', '1234ba3204344d37929abd4ad9a1dgth', null, null, 1, null, '00060001', null, null, null, null, null, null, null, null, 0, 0);
insert into "SYS_MENU" ("ID","NAME","PARENT_ID","APP_ID","PARENT_NAME","URL","TYPE","ICON","AUTH_ID","BTN_AUTH","IS_LEAF","SORT_INDEX","ALL_ORDER","SORT_PATH","OPEN_STYLE","CLOSE_NOTICE","CREATE_USER","CREATE_TIME","UPDATE_TIME","LEAF","MENU_AUTH","REMARK","DATA_VERSION","IS_IFRAME") values ('2234ba3204344d37929abd4ad9a1dgth', '报表设计', 'twerba3204344d37929abd4ad9a1dfgh', 'platform', '数据展示', 'reportInfo/views/ReportList', 1, 'fa fa-area-chart', '2234ba3204344d37929abd4ad9a1dgth', null, null, 2, null, '00060002', null, null, null, null, null, null, null, null, 0, 0);
insert into "SYS_MENU" ("ID","NAME","PARENT_ID","APP_ID","PARENT_NAME","URL","TYPE","ICON","AUTH_ID","BTN_AUTH","IS_LEAF","SORT_INDEX","ALL_ORDER","SORT_PATH","OPEN_STYLE","CLOSE_NOTICE","CREATE_USER","CREATE_TIME","UPDATE_TIME","LEAF","MENU_AUTH","REMARK","DATA_VERSION","IS_IFRAME") values ('3234ba3204344d37929abd4ad9a1dgth', '报表浏览', 'twerba3204344d37929abd4ad9a1dfgh', 'platform', '数据展示', 'reportShow/views/ReportShow', 1, 'fa fa-list', '3234ba3204344d37929abd4ad9a1dgth', null, null, 3, null, '00060003', null, null, null, null, null, null, null, null, 0, 0);
insert into "SYS_MENU" ("ID","NAME","PARENT_ID","APP_ID","PARENT_NAME","URL","TYPE","ICON","AUTH_ID","BTN_AUTH","IS_LEAF","SORT_INDEX","ALL_ORDER","SORT_PATH","OPEN_STYLE","CLOSE_NOTICE","CREATE_USER","CREATE_TIME","UPDATE_TIME","LEAF","MENU_AUTH","REMARK","DATA_VERSION","IS_IFRAME") values ('4234ba3204344d37929abd4ad9a1dgth', '仪表盘设计', 'twerba3204344d37929abd4ad9a1dfgh', 'platform', '数据展示', 'reportDsInfo/views/ReportDsList', 1, 'fa fa-pie-chart', '4234ba3204344d37929abd4ad9a1dgth', null, null, 4, null, '00060004', null, null, null, null, null, null, null, null, 0, 0);
insert into "SYS_MENU" ("ID","NAME","PARENT_ID","APP_ID","PARENT_NAME","URL","TYPE","ICON","AUTH_ID","BTN_AUTH","IS_LEAF","SORT_INDEX","ALL_ORDER","SORT_PATH","OPEN_STYLE","CLOSE_NOTICE","CREATE_USER","CREATE_TIME","UPDATE_TIME","LEAF","MENU_AUTH","REMARK","DATA_VERSION","IS_IFRAME") values ('5234ba3204344d37929abd4ad9a1dgth', '仪表盘浏览', 'twerba3204344d37929abd4ad9a1dfgh', 'platform', '数据展示', 'reportDsShow/views/ReportDsShow', 1, 'fa fa-list-ul', '5234ba3204344d37929abd4ad9a1dgth', null, null, 5, null, '00060005', null, null, null, null, null, null, null, null, 0, 0);


insert into "SYS_AUTH_ROLE" ("ID","AUTH_ID","ROLE_ID","SIGN","IS_REVOKE","CREATE_USER","CREATE_TIME","UPDATE_TIME","REMARK") values ('12323fe2ef32403dbf9dc989d0651243', 'twerba3204344d37929abd4ad9a1dfgh', 'appadmin', null, 0, null, null, null, null);
insert into "SYS_AUTH_ROLE" ("ID","AUTH_ID","ROLE_ID","SIGN","IS_REVOKE","CREATE_USER","CREATE_TIME","UPDATE_TIME","REMARK") values ('12323fe2ef32403dbf9dc989d0651244', '1234ba3204344d37929abd4ad9a1dgth', 'appadmin', null, 0, null, null, null, null);
insert into "SYS_AUTH_ROLE" ("ID","AUTH_ID","ROLE_ID","SIGN","IS_REVOKE","CREATE_USER","CREATE_TIME","UPDATE_TIME","REMARK") values ('12323fe2ef32403dbf9dc989d0651245', '2234ba3204344d37929abd4ad9a1dgth', 'appadmin', null, 0, null, null, null, null);
insert into "SYS_AUTH_ROLE" ("ID","AUTH_ID","ROLE_ID","SIGN","IS_REVOKE","CREATE_USER","CREATE_TIME","UPDATE_TIME","REMARK") values ('12323fe2ef32403dbf9dc989d0651246', '3234ba3204344d37929abd4ad9a1dgth', 'appadmin', null, 0, null, null, null, null);
insert into "SYS_AUTH_ROLE" ("ID","AUTH_ID","ROLE_ID","SIGN","IS_REVOKE","CREATE_USER","CREATE_TIME","UPDATE_TIME","REMARK") values ('12323fe2ef32403dbf9dc989d0651247', '4234ba3204344d37929abd4ad9a1dgth', 'appadmin', null, 0, null, null, null, null);
insert into "SYS_AUTH_ROLE" ("ID","AUTH_ID","ROLE_ID","SIGN","IS_REVOKE","CREATE_USER","CREATE_TIME","UPDATE_TIME","REMARK") values ('12323fe2ef32403dbf9dc989d0651248', '5234ba3204344d37929abd4ad9a1dgth', 'appadmin', null, 0, null, null, null, null);


insert into "SYS_AUTH_ROLE_V" ("ID","AUTH_ID","ROLE_ID","SIGN","IS_REVOKE","CREATE_USER","CREATE_TIME","UPDATE_TIME","REMARK","LV_ID") values ('12323fe2ef32403dbf9dc989d0651243', 'twerba3204344d37929abd4ad9a1dfgh', 'appadmin', null, 0, null, null, null, null, 'appadmin');
insert into "SYS_AUTH_ROLE_V" ("ID","AUTH_ID","ROLE_ID","SIGN","IS_REVOKE","CREATE_USER","CREATE_TIME","UPDATE_TIME","REMARK","LV_ID") values ('12323fe2ef32403dbf9dc989d0651244', '1234ba3204344d37929abd4ad9a1dgth', 'appadmin', null, 0, null, null, null, null, 'appadmin');
insert into "SYS_AUTH_ROLE_V" ("ID","AUTH_ID","ROLE_ID","SIGN","IS_REVOKE","CREATE_USER","CREATE_TIME","UPDATE_TIME","REMARK","LV_ID") values ('12323fe2ef32403dbf9dc989d0651245', '2234ba3204344d37929abd4ad9a1dgth', 'appadmin', null, 0, null, null, null, null, 'appadmin');
insert into "SYS_AUTH_ROLE_V" ("ID","AUTH_ID","ROLE_ID","SIGN","IS_REVOKE","CREATE_USER","CREATE_TIME","UPDATE_TIME","REMARK","LV_ID") values ('12323fe2ef32403dbf9dc989d0651246', '3234ba3204344d37929abd4ad9a1dgth', 'appadmin', null, 0, null, null, null, null, 'appadmin');
insert into "SYS_AUTH_ROLE_V" ("ID","AUTH_ID","ROLE_ID","SIGN","IS_REVOKE","CREATE_USER","CREATE_TIME","UPDATE_TIME","REMARK","LV_ID") values ('12323fe2ef32403dbf9dc989d0651247', '4234ba3204344d37929abd4ad9a1dgth', 'appadmin', null, 0, null, null, null, null, 'appadmin');
insert into "SYS_AUTH_ROLE_V" ("ID","AUTH_ID","ROLE_ID","SIGN","IS_REVOKE","CREATE_USER","CREATE_TIME","UPDATE_TIME","REMARK","LV_ID") values ('12323fe2ef32403dbf9dc989d0651248', '5234ba3204344d37929abd4ad9a1dgth', 'appadmin', null, 0, null, null, null, null, 'appadmin');




/**
2019/10/23
 */
delete from "SYS_AUTH" where ID IN ('8d4d2caee7f548889988da2747dfa114','8d4d2caee7f548889988da2747dfa111','8d4d2caee7f548889988da2747dfa112','8d4d2caee7f548889988da2747dfa113');
delete from "SYS_AUTH_ROLE_V" where AUTH_ID IN ('8d4d2caee7f548889988da2747dfa114','8d4d2caee7f548889988da2747dfa111','8d4d2caee7f548889988da2747dfa112','8d4d2caee7f548889988da2747dfa113');

insert into "SYS_AUTH_ROLE" ("ID","AUTH_ID","ROLE_ID","SIGN","IS_REVOKE","CREATE_USER","CREATE_TIME","UPDATE_TIME","REMARK") values ('vbnm3fe2ef32403dbf9dc989d06vbnm1', '8d4d2caee7f548889988da2747dfaa4a', 'appsec', null, 0, null, null, null, null);
insert into "SYS_AUTH_ROLE_V" ("ID","AUTH_ID","ROLE_ID","SIGN","IS_REVOKE","CREATE_USER","CREATE_TIME","UPDATE_TIME","REMARK","LV_ID") values ('6787ghjk-0733-0000-B229-5ED5rftyEA82', '8d4d2caee7f548889988da2747dfaa4a', 'appsec', null, 0, null, null, null, null, 'appsec');

/**
 2019/10/24
 */
delete from "SYS_MENU" where ID = '33336279a4a9416a8e20019821e63333';
delete from "SYS_AUTH" where ID = '33336279a4a9416a8e20019821e63333';
delete from "SYS_AUTH_ROLE_V" where AUTH_ID = '33336279a4a9416a8e20019821e63333';

insert into "SYS_AUTH" ("ID","NAME","APP_ID","REMARK","SORT_INDEX","PARENT_ID","CREATE_USER","CREATE_TIME","UPDATE_TIME","SORT_PATH","IS_ORG_ADMIN","IS_USER_GROUP_ADMIN","CODE","DATA_VERSION") values ('34116279a4a9416a8e20019821e61341', '消息配置', 'platform', null, 9, '11316279a4a9416a8e20019821e640af', null, null, null, '00030009', 0, 0, null, 0);
insert into "SYS_AUTH" ("ID","NAME","APP_ID","REMARK","SORT_INDEX","PARENT_ID","CREATE_USER","CREATE_TIME","UPDATE_TIME","SORT_PATH","IS_ORG_ADMIN","IS_USER_GROUP_ADMIN","CODE","DATA_VERSION") values ('45676279a4a9416a8e20019821e6ghjk', '消息通道', 'platform', null, 1, '34116279a4a9416a8e20019821e61341', null, null, null, '000300090001', 0, 0, 'platform.msgSendManage.MsgSend', 0);
insert into "SYS_AUTH" ("ID","NAME","APP_ID","REMARK","SORT_INDEX","PARENT_ID","CREATE_USER","CREATE_TIME","UPDATE_TIME","SORT_PATH","IS_ORG_ADMIN","IS_USER_GROUP_ADMIN","CODE","DATA_VERSION") values ('yut76279a4a9416a8e20019821e6g45t', '消息拓展', 'platform', null, 2, '34116279a4a9416a8e20019821e61341', null, null, null, '000300090002', 0, 0, 'platform.msgTypeExtend.MsgExtend', 0);

insert into "SYS_MENU" ("ID","NAME","PARENT_ID","APP_ID","PARENT_NAME","URL","TYPE","ICON","AUTH_ID","BTN_AUTH","IS_LEAF","SORT_INDEX","ALL_ORDER","SORT_PATH","OPEN_STYLE","CLOSE_NOTICE","CREATE_USER","CREATE_TIME","UPDATE_TIME","LEAF","MENU_AUTH","REMARK","DATA_VERSION","IS_IFRAME") values ('34116279a4a9416a8e20019821e61341', '消息配置', '11316279a4a9416a8e20019821e640af', 'platform', '配置管理', null, 0, 'el-icon-message', '34116279a4a9416a8e20019821e61341', null, null, 9, null, '00030009', null, null, null, null, null, null, null, null, 0, 0);
insert into "SYS_MENU" ("ID","NAME","PARENT_ID","APP_ID","PARENT_NAME","URL","TYPE","ICON","AUTH_ID","BTN_AUTH","IS_LEAF","SORT_INDEX","ALL_ORDER","SORT_PATH","OPEN_STYLE","CLOSE_NOTICE","CREATE_USER","CREATE_TIME","UPDATE_TIME","LEAF","MENU_AUTH","REMARK","DATA_VERSION","IS_IFRAME") values ('45676279a4a9416a8e20019821e6ghjk', '消息通道', '34116279a4a9416a8e20019821e61341', 'platform', '消息配置', 'msgSendManage/views/MsgSend', 1, 'fa fa-eraser', '45676279a4a9416a8e20019821e6ghjk', null, null, 1, null, '000300090001', null, null, null, null, null, null, null, null, 0, 0);
insert into "SYS_MENU" ("ID","NAME","PARENT_ID","APP_ID","PARENT_NAME","URL","TYPE","ICON","AUTH_ID","BTN_AUTH","IS_LEAF","SORT_INDEX","ALL_ORDER","SORT_PATH","OPEN_STYLE","CLOSE_NOTICE","CREATE_USER","CREATE_TIME","UPDATE_TIME","LEAF","MENU_AUTH","REMARK","DATA_VERSION","IS_IFRAME") values ('yut76279a4a9416a8e20019821e6g45t', '消息拓展', '34116279a4a9416a8e20019821e61341', 'platform', '消息配置', 'msgTypeExtend/views/MsgExtend', 1, 'fa fa-arrows-alt', 'yut76279a4a9416a8e20019821e6g45t', null, null, 2, null, '000300090002', null, null, null, null, null, null, null, null, 0, 0);

insert into "SYS_AUTH_ROLE" ("ID","AUTH_ID","ROLE_ID","SIGN","IS_REVOKE","CREATE_USER","CREATE_TIME","UPDATE_TIME","REMARK") values ('12323fe2ef32403dbf9dc989d0651249', '34116279a4a9416a8e20019821e61341', 'admin', null, 0, null, null, null, null);
insert into "SYS_AUTH_ROLE" ("ID","AUTH_ID","ROLE_ID","SIGN","IS_REVOKE","CREATE_USER","CREATE_TIME","UPDATE_TIME","REMARK") values ('12323fe2ef32403dbf9dc989d0651250', '45676279a4a9416a8e20019821e6ghjk', 'admin', null, 0, null, null, null, null);
insert into "SYS_AUTH_ROLE" ("ID","AUTH_ID","ROLE_ID","SIGN","IS_REVOKE","CREATE_USER","CREATE_TIME","UPDATE_TIME","REMARK") values ('12323fe2ef32403dbf9dc989d0651251', 'yut76279a4a9416a8e20019821e6g45t', 'admin', null, 0, null, null, null, null);

insert into "SYS_AUTH_ROLE_V" ("ID","AUTH_ID","ROLE_ID","SIGN","IS_REVOKE","CREATE_USER","CREATE_TIME","UPDATE_TIME","REMARK","LV_ID") values ('12323fe2ef32403dbf9dc989d0651249', '34116279a4a9416a8e20019821e61341', 'admin', null, 0, null, null, null, null, 'admin');
insert into "SYS_AUTH_ROLE_V" ("ID","AUTH_ID","ROLE_ID","SIGN","IS_REVOKE","CREATE_USER","CREATE_TIME","UPDATE_TIME","REMARK","LV_ID") values ('12323fe2ef32403dbf9dc989d0651250', '45676279a4a9416a8e20019821e6ghjk', 'admin', null, 0, null, null, null, null, 'admin');
insert into "SYS_AUTH_ROLE_V" ("ID","AUTH_ID","ROLE_ID","SIGN","IS_REVOKE","CREATE_USER","CREATE_TIME","UPDATE_TIME","REMARK","LV_ID") values ('12323fe2ef32403dbf9dc989d0651251', 'yut76279a4a9416a8e20019821e6g45t', 'admin', null, 0, null, null, null, null, 'admin');

insert into "SYS_MSG_SEND_TYPE" ("ID","CHANNEL_NAME","SEND_MODE") values ('83a409e3e03344b7a07eac38105ae5d5', 'default', 'msgSocket');


comment on column "FILE_CONFIGURATION"."DELETE_OPERATION_KEY" is '删除操作标识';
comment on column "FILE_CONFIGURATION"."DOWNLOAD_OPERATION_KEY" is '下载操作标识';
/**
2019/10/24
 */
/**alter table bd_person_id_type DROP CONSTRAINT UK_ORG_ORGANIZATION_PARENT_ID_SORTINDEX;*/
/**
2019/10/27
 */
insert into "SYS_MENU" ("ID","NAME","PARENT_ID","APP_ID","PARENT_NAME","URL","TYPE","ICON","AUTH_ID","BTN_AUTH","IS_LEAF","SORT_INDEX","ALL_ORDER","SORT_PATH","OPEN_STYLE","CLOSE_NOTICE","CREATE_USER","CREATE_TIME","UPDATE_TIME","LEAF","MENU_AUTH","REMARK","DATA_VERSION","IS_IFRAME") values ('a16344b1790e41e98615f6cd19587412', '证件类型管理', 'bc316279a4a9416a8e20019821e640af', 'platform', '组织架构管理', 'orgSructureManage/views/PersonIdTypeManage', 1, 'el-icon-bank-card', 'a16344b1790e41e98615f6cd19587572', null, null, 22, null, '00010022', null, null, null, null, null, null, null, null, 0, 0);



/**
  2019/11/1:修改菜单名称
 */
UPDATE "SYS_MENU" SET NAME='组织管理' WHERE ID='bc316279a4a9416a8e20019821e640af';
UPDATE  "SYS_MENU" SET NAME='集团三员' WHERE ID='5fc1b8842fa04faea8f39beb866fd511';
UPDATE  "SYS_MENU" SET NAME='系统配置' WHERE ID='ac2a8ce16a614324b5ed4e9c24e7e904';
UPDATE  "SYS_MENU" SET NAME='附件配置' WHERE ID='ffc03579b06a4b7fae6c51c9ff48b311';
UPDATE  "SYS_MENU" SET NAME='附件存储' WHERE ID='ffc03579b06a4b7fae6c51c9ff48b312';
UPDATE  "SYS_MENU" SET NAME='通道扩展' WHERE ID='yut76279a4a9416a8e20019821e6g45t';
UPDATE  "SYS_MENU" SET NAME='服务配置' WHERE ID='12315ac90286450fbe5a721c9f542344';
UPDATE  "SYS_MENU" SET NAME='命名空间' WHERE ID='23315ac90286450fbe5a721c9f542344';
UPDATE  "SYS_MENU" SET NAME='服务列表' WHERE ID='34415ac90286450fbe5a721c9f542344';

UPDATE  "SYS_MENU" SET NAME='证件管理' WHERE ID='a16344b1790e41e98615f6cd19587412';
UPDATE  "SYS_MENU" SET NAME='应用三员' WHERE ID='67e1114e83214aeb8a3ec0a6822fdd30';

alter table "SYS_CONFIG" add column("LONG_VALUE" CLOB);
comment on column "SYS_CONFIG"."LONG_VALUE" is '长型值，储存背景图片等';

UPDATE SYS_MENU SET PARENT_ID='11316279a4a9416a8e20019821e640af' , PARENT_NAME='配置管理' , SORT_INDEX=11 , SORT_PATH='00030011' WHERE ID='131e140bc2bd4361af5ee488f92b22ad';
UPDATE SYS_AUTH SET PARENT_ID='11316279a4a9416a8e20019821e640af' ,  SORT_INDEX=11 , SORT_PATH='00030011' WHERE ID='131e140bc2bd4361af5ee488f92b22ad';

alter table "SYS_DICT" add column("GROUP_ID" VARCHAR2(50));
alter table "SYS_DICT" add column("SCOPE" INTEGER);
comment on column "SYS_DICT"."GROUP_ID" is '集团ID';
comment on column "SYS_DICT"."SCOPE" is '配置范围 1租户 2集团 3应用';

alter table "SYS_DICT_VALUE" add column("GROUP_ID" VARCHAR2(50));
alter table "SYS_DICT_VALUE" add column("SCOPE" INTEGER);
comment on column "SYS_DICT_VALUE"."GROUP_ID" is '集团ID';
comment on column "SYS_DICT_VALUE"."SCOPE" is '配置范围 1租户 2集团 3应用';

insert into "SYS_AUTH_ROLE" ("ID","AUTH_ID","ROLE_ID","SIGN","IS_REVOKE","CREATE_USER","CREATE_TIME","UPDATE_TIME","REMARK") values ('12323fe2ef32403dbf9dc989d0651252', '131e140bc2bd4361af5ee488f92b22ad', 'admin', null, 0, null, null, null, null);
insert into "SYS_AUTH_ROLE" ("ID","AUTH_ID","ROLE_ID","SIGN","IS_REVOKE","CREATE_USER","CREATE_TIME","UPDATE_TIME","REMARK") values ('12323fe2ef32403dbf9dc989d0651253', '131e140bc2bd4361af5ee488f92b22ad', 'groupadmin', null, 0, null, null, null, null);

insert into "SYS_AUTH_ROLE_V" ("ID","AUTH_ID","ROLE_ID","SIGN","IS_REVOKE","CREATE_USER","CREATE_TIME","UPDATE_TIME","REMARK","LV_ID") values ('12323fe2ef32403dbf9dc989d0651252', '131e140bc2bd4361af5ee488f92b22ad', 'admin', null, 0, null, null, null, null, 'admin');
insert into "SYS_AUTH_ROLE_V" ("ID","AUTH_ID","ROLE_ID","SIGN","IS_REVOKE","CREATE_USER","CREATE_TIME","UPDATE_TIME","REMARK","LV_ID") values ('12323fe2ef32403dbf9dc989d0651253', '131e140bc2bd4361af5ee488f92b22ad', 'groupadmin', null, 0, null, null, null, null, 'groupadmin');


DELETE FROM SYS_AUTH WHERE ID = '131e140bc2bd4361af5ee488f92b2111';

insert into "SYS_AUTH" ("ID","NAME","APP_ID","REMARK","SORT_INDEX","PARENT_ID","CREATE_USER","CREATE_TIME","UPDATE_TIME","SORT_PATH","IS_ORG_ADMIN","IS_USER_GROUP_ADMIN","CODE","DATA_VERSION") values ('1160858109884c5095eed968472c0234', '租户级字典维护', 'platform', null, 1, '131e140bc2bd4361af5ee488f92b22ad', null, null, null, '000300110001', 0, 0, 'platForm.dictManage.Dict.TenantMaintain', 0);
insert into "SYS_AUTH" ("ID","NAME","APP_ID","REMARK","SORT_INDEX","PARENT_ID","CREATE_USER","CREATE_TIME","UPDATE_TIME","SORT_PATH","IS_ORG_ADMIN","IS_USER_GROUP_ADMIN","CODE","DATA_VERSION") values ('1160858109884c5095eed968472c0235', '集团级字典维护', 'platform', null, 2, '131e140bc2bd4361af5ee488f92b22ad', null, null, null, '000300110002', 0, 0, 'platForm.dictManage.Dict.GroupMaintain', 0);
insert into "SYS_AUTH" ("ID","NAME","APP_ID","REMARK","SORT_INDEX","PARENT_ID","CREATE_USER","CREATE_TIME","UPDATE_TIME","SORT_PATH","IS_ORG_ADMIN","IS_USER_GROUP_ADMIN","CODE","DATA_VERSION") values ('1160858109884c5095eed968472c0236', '应用级字典维护', 'platform', null, 3, '131e140bc2bd4361af5ee488f92b22ad', null, null, null, '000300110003', 0, 0, 'platForm.dictManage.Dict.AppMaintain', 0);

insert into "SYS_AUTH_ROLE" ("ID","AUTH_ID","ROLE_ID","SIGN","IS_REVOKE","CREATE_USER","CREATE_TIME","UPDATE_TIME","REMARK") values ('134757e07a3249d6ad180da0b4681111', '1160858109884c5095eed968472c0234', 'admin', null, 0, null, null, null, null);
insert into "SYS_AUTH_ROLE" ("ID","AUTH_ID","ROLE_ID","SIGN","IS_REVOKE","CREATE_USER","CREATE_TIME","UPDATE_TIME","REMARK") values ('134757e07a3249d6ad180da0b4681112', '1160858109884c5095eed968472c0235', 'groupadmin', null, 0, null, null, null, null);
insert into "SYS_AUTH_ROLE" ("ID","AUTH_ID","ROLE_ID","SIGN","IS_REVOKE","CREATE_USER","CREATE_TIME","UPDATE_TIME","REMARK") values ('134757e07a3249d6ad180da0b4681113', '1160858109884c5095eed968472c0236', 'appadmin', null, 0, null, null, null, null);

insert into "SYS_AUTH_ROLE_V" ("ID","AUTH_ID","ROLE_ID","SIGN","IS_REVOKE","CREATE_USER","CREATE_TIME","UPDATE_TIME","REMARK","LV_ID") values ('134757e07a3249d6ad180da0b4681111', '1160858109884c5095eed968472c0234', 'admin', null, 0, null, null, null, null, 'admin');
insert into "SYS_AUTH_ROLE_V" ("ID","AUTH_ID","ROLE_ID","SIGN","IS_REVOKE","CREATE_USER","CREATE_TIME","UPDATE_TIME","REMARK","LV_ID") values ('134757e07a3249d6ad180da0b4681112', '1160858109884c5095eed968472c0235', 'groupadmin', null, 0, null, null, null, null, 'groupadmin');
insert into "SYS_AUTH_ROLE_V" ("ID","AUTH_ID","ROLE_ID","SIGN","IS_REVOKE","CREATE_USER","CREATE_TIME","UPDATE_TIME","REMARK","LV_ID") values ('134757e07a3249d6ad180da0b4681113', '1160858109884c5095eed968472c0236', 'appadmin', null, 0, null, null, null, null, 'appadmin');

alter table "SYS_DICT" DROP CONSTRAINT FK_SYS_DICT_APP_ID;
alter table "SYS_MENU" DROP CONSTRAINT FK_SYS_MENU_AUTH_ID;

/**
2019/11/7
 */

alter table BD_POST add column("TYPE_ID" VARCHAR2(50));
comment on column "BD_POST"."TYPE_ID" is '岗位类别主键';
/**
2019/11/8
 */
DELETE FROM SYS_AUTH WHERE ID IN ('ffc03579b06a4b7fae6c51c9ff481111','ffc03579b06a4b7fae6c51c9ff481112','ffc03579b06a4b7fae6c51c9ff481113');
DELETE FROM SYS_AUTH_ROLE_V WHERE AUTH_ID='ffc03579b06a4b7fae6c51c9ff481111' AND ROLE_ID='admin';
DELETE FROM SYS_AUTH_ROLE_V WHERE AUTH_ID='ffc03579b06a4b7fae6c51c9ff481112' AND ROLE_ID='groupadmin';
DELETE FROM SYS_AUTH_ROLE_V WHERE AUTH_ID='ffc03579b06a4b7fae6c51c9ff481113' AND ROLE_ID='appadmin';
DELETE FROM SYS_AUTH_ROLE_V WHERE AUTH_ID='ffc03579b06a4b7fae6c51c9ff48b311' AND ROLE_ID='admin';
DELETE FROM SYS_AUTH_ROLE_V WHERE AUTH_ID='ffc03579b06a4b7fae6c51c9ff48b311' AND ROLE_ID='groupadmin';

/**
2019/11/11
 */
alter table "SYS_GROUP_DATASOURCE" add column("NAME" VARCHAR2(50));
comment on column "SYS_GROUP_DATASOURCE"."NAME" is '数据源名称';
/**
2019/11/13
 */
insert into "SYS_CONFIG" ("NAME","VALUE","REMARK","CREATE_TIME","UPDATE_TIME","SORT_INDEX","ID","CREATE_USER","APP_ID","GROUP_ID","DATA_VERSION","SCOPE","TYPE","LONG_VALUE") values ('platformName', '企业管理平台', '平台名称', null, null, 2, 'platformName', null, '', '', 0, 1, null, null);


alter table "SYS_WAIT_GRANT_AUTH" add column("APP_ID" VARCHAR2(50));
comment on column "SYS_WAIT_GRANT_AUTH"."APP_ID" is '应用ID';
alter table SYS_USER modify  PINYIN varchar2(100);


alter table SYS_AUDIT_LOG add ("USER_TYPE" VARCHAR2(50 CHAR));
comment on column "SYS_AUDIT_LOG"."USER_TYPE" is '用户类型（0租户管理员,1集团管理员,2应用管理员,3普通用户）';

alter table SYS_AUDIT_LOG_BACKUP add ("USER_TYPE" VARCHAR2(100 CHAR));
comment on column "SYS_AUDIT_LOG_BACKUP"."USER_TYPE" is '用户类型（0租户管理员,1集团管理员,2应用管理员,3普通用户）';

update
sys_audit_log a set
a.user_type =  (select b.user_type from sys_user b where a.op_name = b.real_name and rownum=1);


/**
2019/11/19
 */
CREATE TABLE "REPORT_TYPE"
(
"ID" VARCHAR2(50) NOT NULL,
"NAME" VARCHAR2(500),
"APP_ID" VARCHAR2(500),
"SORT" INTEGER DEFAULT 9999,
"DATA_VERSION" INTEGER DEFAULT 0,
"TYPE" INTEGER DEFAULT 1,
"PARENT_ID" VARCHAR2(50),
NOT CLUSTER PRIMARY KEY("ID"),
CONSTRAINT "FK_REPORT_TYPE_APP_ID" FOREIGN KEY("APP_ID") REFERENCES "SYS_GROUP_APP"("ID") ON DELETE CASCADE  WITH INDEX );
COMMENT ON TABLE "REPORT_TYPE" IS '报表类别';
COMMENT ON COLUMN "REPORT_TYPE"."APP_ID" IS '应用id';
COMMENT ON COLUMN "REPORT_TYPE"."DATA_VERSION" IS '数据版本';
COMMENT ON COLUMN "REPORT_TYPE"."ID" IS '主键';
COMMENT ON COLUMN "REPORT_TYPE"."NAME" IS '类别名称';
COMMENT ON COLUMN "REPORT_TYPE"."PARENT_ID" IS '父节点ID';
COMMENT ON COLUMN "REPORT_TYPE"."SORT" IS '排序';
COMMENT ON COLUMN "REPORT_TYPE"."TYPE" IS '类别类型 1报表2仪表盘';


CREATE TABLE "REPORT_INFO"
(
"ID" VARCHAR2(50) NOT NULL,
"APP_ID" VARCHAR2(50),
"TYPE_ID" VARCHAR2(50),
"NAME" VARCHAR2(500),
"AUTH" VARCHAR2(2000),
"IS_PUBLIC" NUMBER(1,0) DEFAULT 0,
"REFRESH_TYPE" INTEGER DEFAULT 0,
"SHOW_ITEM" VARCHAR2(2000),
"MRT_STR" CLOB,
"DATA_VERSION" INTEGER DEFAULT 0,
"IS_AUTO_FLIP" NUMBER(1,0),
"REMARKS" VARCHAR2(2000),
NOT CLUSTER PRIMARY KEY("ID"),
CONSTRAINT "FK_REPORT_INFO_APP_ID" FOREIGN KEY("APP_ID") REFERENCES "SYS_GROUP_APP"("ID") ON DELETE CASCADE  WITH INDEX ,
CONSTRAINT "FK_REPORT_INFO_TYPE_ID" FOREIGN KEY("TYPE_ID") REFERENCES "REPORT_TYPE"("ID") ON DELETE CASCADE  WITH INDEX );
COMMENT ON TABLE "REPORT_INFO" IS '报表信息';
COMMENT ON COLUMN "REPORT_INFO"."APP_ID" IS '应用id';
COMMENT ON COLUMN "REPORT_INFO"."AUTH" IS '查看权限集合';
COMMENT ON COLUMN "REPORT_INFO"."DATA_VERSION" IS '数据版本';
COMMENT ON COLUMN "REPORT_INFO"."ID" IS '主键';
COMMENT ON COLUMN "REPORT_INFO"."IS_AUTO_FLIP" IS '自动翻页';
COMMENT ON COLUMN "REPORT_INFO"."IS_PUBLIC" IS '公开报表（0不公开1公开）开放报表，无需登录查看';
COMMENT ON COLUMN "REPORT_INFO"."MRT_STR" IS '报表信息';
COMMENT ON COLUMN "REPORT_INFO"."NAME" IS '报表名称';
COMMENT ON COLUMN "REPORT_INFO"."REFRESH_TYPE" IS '自动刷新类型（0不自动刷新，1定时刷新，2推送事假定时刷新）';
COMMENT ON COLUMN "REPORT_INFO"."REMARKS" IS '描述';
COMMENT ON COLUMN "REPORT_INFO"."SHOW_ITEM" IS '查看选项';
COMMENT ON COLUMN "REPORT_INFO"."TYPE_ID" IS '报表类型id';


/**
2019/11/21
 */
--删除管理员针对审计日志的菜单管理
delete from sys_auth_role where auth_id='04d7893c4a4d4345b18b0789af13753f' and role_id in ('admin','groupadmin','appadmin');
delete from sys_auth_role_v where auth_id='04d7893c4a4d4345b18b0789af13753f' and role_id in ('admin','groupadmin','appadmin');

--对已存在管理员的有效权限删除掉审计日志的菜单管理
delete from sys_auth_mix where user_id in (select user_id from sys_user_role where role_id in ('admin','groupadmin','appadmin') and is_activated=1) and auth_id='04d7893c4a4d4345b18b0789af13753f';


--添加日志表role_id
alter table SYS_AUDIT_LOG add ("ROLE_ID" VARCHAR2(50 CHAR));
comment on column "SYS_AUDIT_LOG"."ROLE_ID" is '该操作人对应的管理员角色';

alter table SYS_AUDIT_LOG_BACKUP add ("ROLE_ID" VARCHAR2(200 CHAR));
comment on column "SYS_AUDIT_LOG_BACKUP"."ROLE_ID" is '该操作人对应的管理员角色';

alter table SYS_AUDIT_LOG_BACKUP add ("GROUP_ID" VARCHAR2(200 CHAR));
comment on column "SYS_AUDIT_LOG_BACKUP"."GROUP_ID" is '集团ID';

alter table SYS_AUDIT_LOG_BACKUP add ("APP_ID" VARCHAR2(200 CHAR));
comment on column "SYS_AUDIT_LOG_BACKUP"."APP_ID" is '应用ID';

--对当前的日志表数据的role_id添加值
update
sys_audit_log a set
a.role_id = (select c.role_id from sys_user_role c where c.user_id = (select b.id from sys_user b where a.op_name=b.real_name and rownum=1) and rownum=1) where a.user_type!=3;

/**
2019/11/22
 */
--应用审计员添加角色审计菜单，授权审计菜单
insert into "SYS_AUTH" ("ID","NAME","APP_ID","REMARK","SORT_INDEX","PARENT_ID","CREATE_USER","CREATE_TIME","UPDATE_TIME","SORT_PATH","IS_ORG_ADMIN","IS_USER_GROUP_ADMIN","CODE","DATA_VERSION") values ('frggb3ec3d6e483b86c4923ea64cvbnu', '角色审计', 'platform', null,6, '11erb3ec3d6e483b86c4923ea64cfdd0', null, null, null, '000200090006', 0, 0, 'roleAuditManage.roleAudit', 0);
insert into "SYS_AUTH" ("ID","NAME","APP_ID","REMARK","SORT_INDEX","PARENT_ID","CREATE_USER","CREATE_TIME","UPDATE_TIME","SORT_PATH","IS_ORG_ADMIN","IS_USER_GROUP_ADMIN","CODE","DATA_VERSION") values ('hjuub3ec3d6e483b86c4923ea64cnmui', '授权审计', 'platform', null,7, '11erb3ec3d6e483b86c4923ea64cfdd0', null, null, null, '000200090007', 0, 0, 'grantAuthAuditManage.grantAuthAudit', 0);

insert into "SYS_MENU" ("ID","NAME","PARENT_ID","APP_ID","PARENT_NAME","URL","TYPE","ICON","AUTH_ID","BTN_AUTH","IS_LEAF","SORT_INDEX","ALL_ORDER","SORT_PATH","OPEN_STYLE","CLOSE_NOTICE","CREATE_USER","CREATE_TIME","UPDATE_TIME","LEAF","MENU_AUTH","REMARK","DATA_VERSION","IS_IFRAME") values ('frggb3ec3d6e483b86c4923ea64cvbnu', '角色审计', '11erb3ec3d6e483b86c4923ea64cfdd0', 'platform', '授权管理', 'roleAuditManage/views/RoleAudit', 1, 'fa fa-wpforms', 'frggb3ec3d6e483b86c4923ea64cvbnu', null, null, 6, null, '000200090006', null, null, null, null, null, null, null, null, 0, 0);
insert into "SYS_MENU" ("ID","NAME","PARENT_ID","APP_ID","PARENT_NAME","URL","TYPE","ICON","AUTH_ID","BTN_AUTH","IS_LEAF","SORT_INDEX","ALL_ORDER","SORT_PATH","OPEN_STYLE","CLOSE_NOTICE","CREATE_USER","CREATE_TIME","UPDATE_TIME","LEAF","MENU_AUTH","REMARK","DATA_VERSION","IS_IFRAME") values ('hjuub3ec3d6e483b86c4923ea64cnmui', '授权审计', '11erb3ec3d6e483b86c4923ea64cfdd0', 'platform', '授权管理', 'grantAuthAuditManage/views/GrantAuthAudit', 1, 'fa fa-calendar-o', 'hjuub3ec3d6e483b86c4923ea64cnmui', null, null, 7, null, '000200090007', null, null, null, null, null, null, null, null, 0, 0);

insert into "SYS_AUTH_ROLE" ("ID","AUTH_ID","ROLE_ID","SIGN","IS_REVOKE","CREATE_USER","CREATE_TIME","UPDATE_TIME","REMARK") values ('12323fe2ef32403dbf9dc989d0651254', 'frggb3ec3d6e483b86c4923ea64cvbnu', 'appauditor', null, 0, null, null, null, null);
insert into "SYS_AUTH_ROLE" ("ID","AUTH_ID","ROLE_ID","SIGN","IS_REVOKE","CREATE_USER","CREATE_TIME","UPDATE_TIME","REMARK") values ('12323fe2ef32403dbf9dc989d0651255', 'hjuub3ec3d6e483b86c4923ea64cnmui', 'appauditor', null, 0, null, null, null, null);
insert into "SYS_AUTH_ROLE_V" ("ID","AUTH_ID","ROLE_ID","SIGN","IS_REVOKE","CREATE_USER","CREATE_TIME","UPDATE_TIME","REMARK","LV_ID") values ('12323fe2ef32403dbf9dc989d0651254', 'frggb3ec3d6e483b86c4923ea64cvbnu', 'appauditor', null, 0, null, null, null, null, 'appauditor');
insert into "SYS_AUTH_ROLE_V" ("ID","AUTH_ID","ROLE_ID","SIGN","IS_REVOKE","CREATE_USER","CREATE_TIME","UPDATE_TIME","REMARK","LV_ID") values ('12323fe2ef32403dbf9dc989d0651255', 'hjuub3ec3d6e483b86c4923ea64cnmui', 'appauditor', null, 0, null, null, null, null, 'appauditor');


insert into "SYS_AUTH_ROLE" ("ID","AUTH_ID","ROLE_ID","SIGN","IS_REVOKE","CREATE_USER","CREATE_TIME","UPDATE_TIME","REMARK") values ('12323fe2ef32403dbf9dc989d0651256', '11erb3ec3d6e483b86c4923ea64cfdd0', 'appauditor', null, 0, null, null, null, null);
insert into "SYS_AUTH_ROLE_V" ("ID","AUTH_ID","ROLE_ID","SIGN","IS_REVOKE","CREATE_USER","CREATE_TIME","UPDATE_TIME","REMARK","LV_ID") values ('12323fe2ef32403dbf9dc989d0651256', '11erb3ec3d6e483b86c4923ea64cfdd0', 'appauditor', null, 0, null, null, null, null, 'appauditor');


/**
2019/11/25
 */
alter table SYS_USER_ROLE_V add ("ROLE_NAME" VARCHAR2(50));
comment on column "SYS_USER_ROLE_V"."ROLE_NAME" is '角色名称';

alter table SYS_AUTH_ROLE_V add ("AUTH_NAME" VARCHAR2(50));
comment on column "SYS_AUTH_ROLE_V"."AUTH_NAME" is '权限名称';

alter table SYS_AUTH_USER_V add ("AUTH_NAME" VARCHAR2(50));
comment on column "SYS_AUTH_USER_V"."AUTH_NAME" is '权限名称';

alter table SYS_AUTH_USER_LV add ("APP_ID" VARCHAR2(50));
comment on column "SYS_AUTH_USER_LV"."APP_ID" is '应用ID';

alter table SYS_AUTH_ROLE_LV add ("APP_ID" VARCHAR2(50));
comment on column "SYS_AUTH_ROLE_LV"."APP_ID" is '应用ID';

alter table SYS_USER add ("IS_IP_BIND" NUMBER(1,0) DEFAULT 0);
comment on column "SYS_USER"."IS_IP_BIND" is '是否激活IP绑定0否，1是';

alter table SYS_USER add ("IP_ADDRESS" VARCHAR2(50));
comment on column "SYS_USER"."IP_ADDRESS" is 'IP地址';

CREATE TABLE "SYS_USER_THIRD_PARTY"
(
  "ID"            VARCHAR2(50 BYTE)               NOT NULL,
  "USER_ID"       VARCHAR2(50 BYTE)               NOT NULL,
  "TYPE"          VARCHAR2(50 BYTE)               NOT NULL,
  "TYPE_NAME"     VARCHAR2(50 BYTE)               NOT NULL,
  "ACCOUNT"       VARCHAR2(200 BYTE)              NOT NULL,
  "KEY_ONE"       VARCHAR2(200 BYTE),
  "KEY_TWO"       VARCHAR2(200 BYTE),
  "KEY_THREE"     VARCHAR2(200 BYTE),
  "KEY_FOUR"      VARCHAR2(200 BYTE),
  "DATA_VERSION"  INTEGER                         DEFAULT 0,
  "CREATE_USER"      VARCHAR2(50 CHAR),
  "CREATE_TIME"     DATETIME(6),
  "UPDATE_TIME"      DATETIME(6),
  NOT CLUSTER PRIMARY KEY("ID"),
CONSTRAINT "FK_USER_THIRD_PARTY_USERID" FOREIGN KEY("USER_ID") REFERENCES "SYS_USER"("ID") ON DELETE CASCADE  WITH
INDEX
);

COMMENT ON TABLE "SYS_USER_THIRD_PARTY" IS '用户绑定第三账号信息';

COMMENT ON COLUMN "SYS_USER_THIRD_PARTY"."ID" IS '主键';

COMMENT ON COLUMN "SYS_USER_THIRD_PARTY"."USER_ID" IS '用户主键';

COMMENT ON COLUMN "SYS_USER_THIRD_PARTY"."TYPE" IS '第三方账号类型';

COMMENT ON COLUMN "SYS_USER_THIRD_PARTY"."TYPE_NAME" IS '第三方账号类型名称';

COMMENT ON COLUMN "SYS_USER_THIRD_PARTY"."ACCOUNT" IS '第三方账号详情';

COMMENT ON COLUMN "SYS_USER_THIRD_PARTY"."CREATE_USER" IS '创建人ID';

COMMENT ON COLUMN "SYS_USER_THIRD_PARTY"."CREATE_TIME" IS '创建时间';

COMMENT ON COLUMN "SYS_USER_THIRD_PARTY"."UPDATE_TIME" IS '更新时间';

COMMENT ON COLUMN "SYS_USER_THIRD_PARTY"."KEY_ONE" IS '预留字段1';

COMMENT ON COLUMN "SYS_USER_THIRD_PARTY"."KEY_TWO" IS '预留字段2';

COMMENT ON COLUMN "SYS_USER_THIRD_PARTY"."KEY_THREE" IS '预留字段3';

COMMENT ON COLUMN "SYS_USER_THIRD_PARTY"."KEY_FOUR" IS '预留字段4';

/**
2019-11-29 运行日志管理
 */
INSERT INTO SYS_MENU ("ID", "NAME", "PARENT_ID", "APP_ID", "PARENT_NAME", "URL", "TYPE", "ICON", "AUTH_ID",
"BTN_AUTH", "IS_LEAF", "SORT_INDEX", "ALL_ORDER", "SORT_PATH", "OPEN_STYLE", "CLOSE_NOTICE", "CREATE_USER", "CREATE_TIME", "UPDATE_TIME", "LEAF", "MENU_AUTH", "REMARK", "DATA_VERSION", "IS_IFRAME")
VALUES ('99ea2ad7ea4a4e54acdaff4c84bb8371', '运行日志', 'e3b15ac90286450fbe5a721c9f542451', 'platform', '系统管理',
'workingLogManage/views/workingLog', '1', 'fa fa-window-maximize', '99ea2ad7ea4a4e54acdaff4c84bb8371', NULL, NULL, 29, NULL, '00020029', NULL, NULL, 'dde891f1a0c34a12add515b3b3ab7763', NULL, NULL, NULL, NULL, NULL, '0', '0');

insert into "SYS_AUTH" ("ID","NAME","APP_ID","REMARK","SORT_INDEX","PARENT_ID","CREATE_USER","CREATE_TIME","UPDATE_TIME","SORT_PATH","IS_ORG_ADMIN","IS_USER_GROUP_ADMIN","CODE","DATA_VERSION") values ('99ea2ad7ea4a4e54acdaff4c84bb8371', '运行日志', 'platform', null,29, 'e3b15ac90286450fbe5a721c9f542451', null, null, null, '00020029', 0, 0, 'workingLogManage.views.workingLog', 0);


insert into "SYS_AUTH_ROLE" ("ID","AUTH_ID","ROLE_ID","SIGN","IS_REVOKE","CREATE_USER","CREATE_TIME","UPDATE_TIME","REMARK") values ('99ea2ad7ea4a4e54acdaff4c84bb8371', '99ea2ad7ea4a4e54acdaff4c84bb8371', 'groupadmin', null, 0, null, null, null, null);
insert into "SYS_AUTH_ROLE" ("ID","AUTH_ID","ROLE_ID","SIGN","IS_REVOKE","CREATE_USER","CREATE_TIME","UPDATE_TIME","REMARK") values ('99ea2ad7ea4a4e54acdaff4c84bb8372', '99ea2ad7ea4a4e54acdaff4c84bb8371', 'admin', null, 0, null, null, null, null);

insert into "SYS_AUTH_ROLE_V" ("ID","AUTH_ID","ROLE_ID","SIGN","IS_REVOKE","CREATE_USER","CREATE_TIME","UPDATE_TIME","REMARK","LV_ID") values ('99ea2ad7ea4a4e54acdaff4c84bb8371', '99ea2ad7ea4a4e54acdaff4c84bb8371', 'groupadmin', null, 0, null, null, null, null, 'groupadmin');

insert into "SYS_AUTH_ROLE_V" ("ID","AUTH_ID","ROLE_ID","SIGN","IS_REVOKE","CREATE_USER","CREATE_TIME","UPDATE_TIME","REMARK","LV_ID") values ('99ea2ad7ea4a4e54acdaff4c84bb8372', '99ea2ad7ea4a4e54acdaff4c84bb8371', 'admin', null, 0, null, null, null, null, 'admin');


INSERT INTO SYS_MENU ("ID", "NAME", "PARENT_ID", "APP_ID", "PARENT_NAME", "URL", "TYPE", "ICON", "AUTH_ID", "BTN_AUTH", "IS_LEAF", "SORT_INDEX", "ALL_ORDER", "SORT_PATH", "OPEN_STYLE", "CLOSE_NOTICE", "CREATE_USER", "CREATE_TIME", "UPDATE_TIME", "LEAF", "MENU_AUTH", "REMARK", "DATA_VERSION", "IS_IFRAME")
VALUES ('99ea2ad7ea4a4e54acdaff4c84bb8370', '平台运行日志', 'e3b15ac90286450fbe5a721c9f542451', 'platform', '系统管理', 'workingLogManage/views/aceWorkingLog', '1', 'fa fa-window-maximize', '99ea2ad7ea4a4e54acdaff4c84bb8370', NULL, NULL, 19, NULL, '00020019', NULL, NULL, 'dde891f1a0c34a12add515b3b3ab7763', NULL, NULL, NULL, NULL, NULL, '0', '0');


insert into "SYS_AUTH" ("ID","NAME","APP_ID","REMARK","SORT_INDEX","PARENT_ID","CREATE_USER","CREATE_TIME","UPDATE_TIME","SORT_PATH","IS_ORG_ADMIN","IS_USER_GROUP_ADMIN","CODE","DATA_VERSION") values ('99ea2ad7ea4a4e54acdaff4c84bb8370', '平台运行日志', 'platform', null,19, 'e3b15ac90286450fbe5a721c9f542451', null, null, null, '00020019', 0, 0, 'workingLogManage.views.aceWorkingLog', 0);

insert into "SYS_AUTH_ROLE" ("ID","AUTH_ID","ROLE_ID","SIGN","IS_REVOKE","CREATE_USER","CREATE_TIME","UPDATE_TIME","REMARK") values ('99ea2ad7ea4a4e54acdaff4c84bb8375', '99ea2ad7ea4a4e54acdaff4c84bb8370', 'admin', null, 0, null, null, null, null);

insert into "SYS_AUTH_ROLE_V" ("ID","AUTH_ID","ROLE_ID","SIGN","IS_REVOKE","CREATE_USER","CREATE_TIME","UPDATE_TIME","REMARK","LV_ID") values ('99ea2ad7ea4a4e54acdaff4c84bb8375', '99ea2ad7ea4a4e54acdaff4c84bb8370', 'admin', null, 0, null, null, null, null, 'admin');


/**
2019/12/2
 */
comment on table "SYS_AUTH_SCOPE_APP" is '系统管理-应用三员-授权应用';

comment on table "SYS_AUTH_SCOPE_ORG" is '系统管理-应用三员-授权组织';

comment on table "SYS_AUTH_SCOPE_USER_GROUP" is '系统管理-应用三员-授权用户组';
/**
2019/12/5
 */
alter table SYS_AUDIT_LOG add ("TYPE" VARCHAR2(10 CHAR));
comment on column "SYS_AUDIT_LOG"."TYPE" is '操作类别';

alter table SYS_AUDIT_LOG add ("TITLE" VARCHAR2(300 CHAR));
comment on column "SYS_AUDIT_LOG"."TITLE" is '操作标题';

alter table SYS_AUDIT_LOG_BACKUP add ("TYPE" VARCHAR2(200 CHAR));
comment on column "SYS_AUDIT_LOG_BACKUP"."TYPE" is '操作类别';

alter table SYS_AUDIT_LOG_BACKUP add ("TITLE" VARCHAR2(600 CHAR));
comment on column "SYS_AUDIT_LOG_BACKUP"."TITLE" is '操作标题';

-- TRUNCATE TABLE SYS_AUDIT_LOG;
-- alter table SYS_AUDIT_LOG  MODIFY OP_CONTENT CLOB ;
-- TRUNCATE TABLE SYS_AUDIT_LOG_BACKUP;
-- alter table SYS_AUDIT_LOG_BACKUP  MODIFY OP_CONTENT CLOB ;
TRUNCATE TABLE SYS_AUDIT_LOG_COUNT;

INSERT INTO SYS_MENU ("ID", "NAME", "PARENT_ID", "APP_ID", "PARENT_NAME", "URL", "TYPE", "ICON", "AUTH_ID", "BTN_AUTH", "IS_LEAF", "SORT_INDEX", "ALL_ORDER", "SORT_PATH", "OPEN_STYLE", "CLOSE_NOTICE", "CREATE_USER", "CREATE_TIME", "UPDATE_TIME", "LEAF", "MENU_AUTH", "REMARK", "DATA_VERSION", "IS_IFRAME")
VALUES ('19ea2ad7ea4a4e54acdaff4c84bb8370', '应用审计日志', 'e3b15ac90286450fbe5a721c9f542451', 'platform', '系统管理',
'auditLogManage/views/AppAuditLog', '1', 'fa fa-window-maximize', '19ea2ad7ea4a4e54acdaff4c84bb8370', NULL, NULL, 5, NULL, '00020005', NULL, NULL, 'dde891f1a0c34a12add515b3b3ab7763', NULL, NULL, NULL, NULL, NULL, '0', '0');


insert into "SYS_AUTH" ("ID","NAME","APP_ID","REMARK","SORT_INDEX","PARENT_ID","CREATE_USER","CREATE_TIME","UPDATE_TIME","SORT_PATH","IS_ORG_ADMIN","IS_USER_GROUP_ADMIN","CODE","DATA_VERSION") values ('19ea2ad7ea4a4e54acdaff4c84bb8370', '应用运行日志', 'platform', null,5, 'e3b15ac90286450fbe5a721c9f542451', null, null, null, '00020005', 0, 0, 'workingLogManage.views.aceWorkingLog', 0);

insert into "SYS_AUTH_ROLE" ("ID","AUTH_ID","ROLE_ID","SIGN","IS_REVOKE","CREATE_USER","CREATE_TIME","UPDATE_TIME","REMARK") values ('29ea2ad7ea4a4e54acdaff4c84bb8370', '19ea2ad7ea4a4e54acdaff4c84bb8370', 'sec', null, 0, null, null, null, null);

insert into "SYS_AUTH_ROLE_V" ("ID","AUTH_ID","ROLE_ID","SIGN","IS_REVOKE","CREATE_USER","CREATE_TIME","UPDATE_TIME","REMARK","LV_ID") values ('29ea2ad7ea4a4e54acdaff4c84bb8370', '19ea2ad7ea4a4e54acdaff4c84bb8370', 'sec', null, 0, null, null, null, null, 'sec');

insert into "SYS_AUTH_ROLE" ("ID","AUTH_ID","ROLE_ID","SIGN","IS_REVOKE","CREATE_USER","CREATE_TIME","UPDATE_TIME","REMARK") values ('59ea2ad7ea4a4e54acdaff4c84bb8370', '19ea2ad7ea4a4e54acdaff4c84bb8370', 'groupsec', null, 0, null, null, null, null);

insert into "SYS_AUTH_ROLE_V" ("ID","AUTH_ID","ROLE_ID","SIGN","IS_REVOKE","CREATE_USER","CREATE_TIME","UPDATE_TIME","REMARK","LV_ID") values ('59ea2ad7ea4a4e54acdaff4c84bb8370', '19ea2ad7ea4a4e54acdaff4c84bb8370', 'groupsec', null, 0, null, null, null, null, 'groupsec');

insert into "SYS_AUTH_ROLE" ("ID","AUTH_ID","ROLE_ID","SIGN","IS_REVOKE","CREATE_USER","CREATE_TIME","UPDATE_TIME","REMARK") values ('19ea2ad7ea4a4e54acdaff4c84bb8370', '19ea2ad7ea4a4e54acdaff4c84bb8370', 'appsec', null, 0, null, null, null, null);

insert into "SYS_AUTH_ROLE_V" ("ID","AUTH_ID","ROLE_ID","SIGN","IS_REVOKE","CREATE_USER","CREATE_TIME","UPDATE_TIME","REMARK","LV_ID") values ('19ea2ad7ea4a4e54acdaff4c84bb8370', '19ea2ad7ea4a4e54acdaff4c84bb8370', 'appsec', null, 0, null, null, null, null, 'appsec');


/**
2019/12/6
 */
alter table SYS_AUDIT_LOG add ("TYPE_TAG" VARCHAR2(50 CHAR));
comment on column "SYS_AUDIT_LOG"."TYPE_TAG" is '操作类别标签';
alter table SYS_AUDIT_LOG  MODIFY ("TYPE" VARCHAR2(50 CHAR)) ;
alter table SYS_AUDIT_LOG_BACKUP add ("TYPE_TAG" VARCHAR2(200 CHAR));
comment on column "SYS_AUDIT_LOG_BACKUP"."TYPE_TAG" is '操作类别标签';

/**
2019/12/9
 */
CREATE TABLE "SYS_APP_MENU_DISPLAY"
(
"ID" VARCHAR2(50) NOT NULL,
"APP_ID" VARCHAR2(50),
"MENU_ID" VARCHAR2(50),
"USER_ID" VARCHAR2(50),
"MENU_ICON" VARCHAR2(200),
"MENU_URL" VARCHAR2(200),
"MENU_NAME" VARCHAR2(50),
"MENU_SORT_INDEX" INTEGER,
NOT CLUSTER PRIMARY KEY("ID"),
CONSTRAINT "FK_DISPLAY_APP_ID" FOREIGN KEY("APP_ID") REFERENCES "SYS_GROUP_APP"("ID") ON DELETE CASCADE ,
CONSTRAINT "FK_DISPLAY_MENU_ID" FOREIGN KEY("MENU_ID") REFERENCES "SYS_MENU"("ID") ON DELETE CASCADE ,
CONSTRAINT "FK_DISPLAY_USER_ID" FOREIGN KEY("USER_ID") REFERENCES "SYS_USER"("ID") ON DELETE CASCADE );
COMMENT ON TABLE "SYS_APP_MENU_DISPLAY" IS '应用下菜单显示在平台管控台的信息表';
COMMENT ON COLUMN "SYS_APP_MENU_DISPLAY"."APP_ID" IS '应用ID';
COMMENT ON COLUMN "SYS_APP_MENU_DISPLAY"."ID" IS '主键';
COMMENT ON COLUMN "SYS_APP_MENU_DISPLAY"."MENU_ICON" IS '菜单图标';
COMMENT ON COLUMN "SYS_APP_MENU_DISPLAY"."MENU_ID" IS '菜单ID';
COMMENT ON COLUMN "SYS_APP_MENU_DISPLAY"."MENU_NAME" IS '菜单名称';
COMMENT ON COLUMN "SYS_APP_MENU_DISPLAY"."MENU_SORT_INDEX" IS '菜单序号';
COMMENT ON COLUMN "SYS_APP_MENU_DISPLAY"."MENU_URL" IS '菜单URL';
COMMENT ON COLUMN "SYS_APP_MENU_DISPLAY"."USER_ID" IS '用户ID';


/**
2019/12/12
 */
CREATE TABLE "SYS_WAIT_GRANT_USER"
(
"ID" VARCHAR2(50) NOT NULL,
"USER_ID" VARCHAR2(50),
"APP_ID" VARCHAR2(50),
NOT CLUSTER PRIMARY KEY("ID"),
CONSTRAINT "FK_WAIT_GRANT_USER_ID" FOREIGN KEY("USER_ID") REFERENCES "SYS_USER"("ID") ON DELETE CASCADE ,
CONSTRAINT "FK_WAIT_GRANT_APP_ID" FOREIGN KEY("APP_ID") REFERENCES "SYS_GROUP_APP"("ID") ON DELETE CASCADE );
COMMENT ON TABLE "SYS_WAIT_GRANT_USER" IS '角色用户授予—待激活的用户表';
COMMENT ON COLUMN "SYS_WAIT_GRANT_USER"."APP_ID" IS '应用ID';
COMMENT ON COLUMN "SYS_WAIT_GRANT_USER"."ID" IS '主键';
COMMENT ON COLUMN "SYS_WAIT_GRANT_USER"."USER_ID" IS '用户ID';

ALTER TABLE "SYS_USER_ROLE" DROP COLUMN "IS_ACTIVATED";

alter table SYS_API_MIX add ("AUTH_ID" VARCHAR2(50 CHAR));
comment on column "SYS_API_MIX"."AUTH_ID" is '权限ID';

alter table SYS_API_MIX add constraint "FK_API_MIX_AUTH_ID" foreign key("AUTH_ID") references "SYS_AUTH"("ID") on delete cascade;

/**
2019/12/18
 */
alter table "SYS_APP_MENU_DISPLAY" DROP CONSTRAINT FK_DISPLAY_MENU_ID;

alter table "SYS_AUTH_SCOPE_APP" DROP CONSTRAINT FK_SYS_AUTH_SCOPE_APP_AUTH;

alter table "SYS_AUTH_SCOPE_ORG" DROP CONSTRAINT FK_SYS_AUTH_SCOPE_ORG_AUTH_ID;

alter table "SYS_AUTH_SCOPE_USER_GROUP" DROP CONSTRAINT FK_SYS_AUTH_SCOPE_UG_AUTH_ID;

alter table SYS_AUTH_MIX add ("APP_ID" VARCHAR2(50 CHAR));
comment on column "SYS_AUTH_MIX"."APP_ID" is '应用ID';

update sys_auth_mix a set a.app_id = (select b.app_id from sys_auth b where b.id = a.auth_id ) , a.data_version=0;

alter table SYS_AUTH_MIX modify  data_version default 0;

/**
2019/12/19
 */
alter table SYS_API_MIX add ("APP_ID" VARCHAR2(50 CHAR));
comment on column "SYS_API_MIX"."APP_ID" is '应用ID';

update SYS_API_MIX a set a.app_id = (select b.app_id from sys_auth b where b.id = a.auth_id ) , a.data_version=0;

alter table SYS_API_MIX modify  data_version default 0;
/**
2019/12/24
 */
alter table SYS_GROUP_APP add ("IS_LOCK" INTEGER DEFAULT 0);
comment on column "SYS_GROUP_APP"."IS_LOCK" is '应用是否被锁住 1是 0不是';
alter table SYS_GROUP_APP add ("LOCK_TIME" DATETIME);
comment on column "SYS_GROUP_APP"."LOCK_TIME" is '应用锁 操作时间';
alter table SYS_CONFIG add ("UPDATE_TYPE" INTEGER DEFAULT 0);
comment on column "SYS_CONFIG"."UPDATE_TYPE" is '配置项更新策略 0立即更新 1重启更新';


/**
2019/12/25
 */
alter table SYS_USER modify  IP_ADDRESS varchar2(1000);

/**
2020/1/14
 */
ALTER TABLE "SYS_ROLE"  rename  COLUMN  "EXPLAIN" to "ROLE_EXPLAIN";

ALTER TABLE "SYS_DICT"  rename  COLUMN  "EXPLAIN" to "DICT_EXPLAIN";

UPDATE SYS_MENU set name='应用运行日志',icon='fa fa-window-restore' where id='99ea2ad7ea4a4e54acdaff4c84bb8371';

UPDATE SYS_MENU set name='用户操作日志' where id='19ea2ad7ea4a4e54acdaff4c84bb8370';

insert into SYS_CONFIG("ID","NAME","VALUE") values('ace-sql-version', 'ace-sql-version', '1.0.0');
/**
2020/2/14
 */
alter table "SYS_AUTH_ROLE_V" DROP CONSTRAINT FK_SYS_AUTH_ROLE_LV_ID;
alter table "SYS_AUTH_ROLE_V" add constraint "FK_SYS_AUTH_ROLE_LV_ID" foreign key("LV_ID") references "SYS_AUTH_ROLE_LV"("ID") on delete cascade;

alter table "SYS_AUTH_USER_V" DROP CONSTRAINT FK_SYS_AUTH_USER_LV_ID;
alter table "SYS_AUTH_USER_V" add constraint "FK_SYS_AUTH_USER_LV_ID" foreign key("LV_ID") references "SYS_AUTH_USER_LV"("ID") on delete cascade;

/**
2020/2/18
 */
comment on table "SYS_WAIT_GRANT_USER" is '角色分配—待激活的用户表';

UPDATE SYS_MENU SET NAME='角色分配' WHERE ID='tyuub3ec3d6e483b86c4923ea64cfwe5';
UPDATE SYS_AUTH SET NAME='角色分配' WHERE ID='tyuub3ec3d6e483b86c4923ea64cfwe5';

insert into "SYS_AUTH" ("ID","NAME","APP_ID","REMARK","SORT_INDEX","PARENT_ID","CREATE_USER","CREATE_TIME","UPDATE_TIME","SORT_PATH","IS_ORG_ADMIN","IS_USER_GROUP_ADMIN","CODE","DATA_VERSION") values ('werty3ec3d6e483b86c4923ea64ccvbn', '分配角色激活', 'platform', null, 8, '11erb3ec3d6e483b86c4923ea64cfdd0', null, null, null, '000200090008', 0, 0, 'roleManage.roleActivate', 0);
insert into "SYS_MENU" ("ID","NAME","PARENT_ID","APP_ID","PARENT_NAME","URL","TYPE","ICON","AUTH_ID","BTN_AUTH","IS_LEAF","SORT_INDEX","ALL_ORDER","SORT_PATH","OPEN_STYLE","CLOSE_NOTICE","CREATE_USER","CREATE_TIME","UPDATE_TIME","LEAF","MENU_AUTH","REMARK","DATA_VERSION","IS_IFRAME") values ('werty3ec3d6e483b86c4923ea64ccvbn', '分配角色激活', '11erb3ec3d6e483b86c4923ea64cfdd0', 'platform', '授权管理', 'roleManage/views/RoleGrant', 1, 'iconfont icon-setting-permissions', 'werty3ec3d6e483b86c4923ea64ccvbn', null, null, 8, null, '000200090008', null, null, null, null, null, null, null, null, 0, 0);

insert into "SYS_AUTH_ROLE" ("ID","AUTH_ID","ROLE_ID","SIGN","IS_REVOKE","CREATE_USER","CREATE_TIME","UPDATE_TIME","REMARK") values ('3e4r5ec3d6e483b86c4923ea64cv67n', 'werty3ec3d6e483b86c4923ea64ccvbn', 'appadmin', null, 0, null, null, null, null);
insert into "SYS_AUTH_ROLE_V" ("ID","AUTH_ID","ROLE_ID","SIGN","IS_REVOKE","CREATE_USER","CREATE_TIME","UPDATE_TIME","REMARK","LV_ID") values ('3e4r5ec3d6e483b86c4923ea64cv67n', 'werty3ec3d6e483b86c4923ea64ccvbn', 'appadmin', null, 0, null, null, null, null, 'appadmin');

--对已存在应用管理员的有效权限删除掉分配角色的菜单管理
-- delete from sys_auth_mix where user_id in (select user_id from sys_user_role where role_id in ('appadmin')) and auth_id='tyuub3ec3d6e483b86c4923ea64cfwe5';

/**
2020/2/26
 */
delete from SYS_CONFIG where id = 'ace-sql-version';
insert into SYS_CONFIG("ID","NAME","VALUE","SCOPE") values('ace-sql-version', 'ace-sql-version', '1.0.0',1);
alter table SYS_AUDIT_LOG_BACKUP modify  IP_ADDRESS varchar2(1000);
alter table SYS_AUDIT_LOG modify  IP_ADDRESS varchar2(1000);

/**
2020/3/17
 */
alter table "BD_PERSON_DOC" DROP CONSTRAINT UK_BD_PERSON_DOC_CODE;

alter table "BD_PERSON_DOC" add column("SORT_INDEX" INTEGER DEFAULT 0);
comment on column "BD_PERSON_DOC"."SORT_INDEX" is '排序号';

/**
2020/04/02
 */
CREATE TABLE "SYS_COMPONENT_REGISTER"
(
"ID" VARCHAR2(50) NOT NULL,
"APP_ID" VARCHAR2(50),
"NAME" VARCHAR2(50),
"COMPONENT_URL" VARCHAR2(200),
"AUTH_ID" VARCHAR2(50) NOT NULL,
"COLUMN_ONE" VARCHAR2(50),
"COLUMN_TWO" VARCHAR2(50),
"CREATE_TIME" DATETIME(6),
"COL_SPAN" INTEGER DEFAULT 0,
NOT CLUSTER PRIMARY KEY("ID"),
CONSTRAINT "FK_COMPONENT_APP_ID" FOREIGN KEY("APP_ID") REFERENCES "SYS_GROUP_APP"("ID") ON DELETE CASCADE  ON UPDATE CASCADE ,
CONSTRAINT "FK_COMPONENT_AUTH_ID" FOREIGN KEY("AUTH_ID") REFERENCES "SYS_AUTH"("ID") ON DELETE SET NULL  ON UPDATE CASCADE );
COMMENT ON TABLE "SYS_COMPONENT_REGISTER" IS '应用组件注册表';
COMMENT ON COLUMN "SYS_COMPONENT_REGISTER"."APP_ID" IS '应用ID';
COMMENT ON COLUMN "SYS_COMPONENT_REGISTER"."AUTH_ID" IS '组件对应的权限ID';
COMMENT ON COLUMN "SYS_COMPONENT_REGISTER"."COLUMN_ONE" IS '字段1';
COMMENT ON COLUMN "SYS_COMPONENT_REGISTER"."COLUMN_TWO" IS '字段2';
COMMENT ON COLUMN "SYS_COMPONENT_REGISTER"."COMPONENT_URL" IS '组件地址路径';
COMMENT ON COLUMN "SYS_COMPONENT_REGISTER"."ID" IS '主键';
COMMENT ON COLUMN "SYS_COMPONENT_REGISTER"."NAME" IS '组件名';
COMMENT ON COLUMN "SYS_COMPONENT_REGISTER"."CREATE_TIME" IS '创建时间';
COMMENT ON COLUMN "SYS_COMPONENT_REGISTER"."COL_SPAN" IS '在首页所占列数';

CREATE TABLE "SYS_COMPONENT_USER"
(
"ID" VARCHAR2(50) NOT NULL,
"COMPONENT_INFO" CLOB,
"APP_ID" VARCHAR2(50),
"USER_ID" VARCHAR2(50),
NOT CLUSTER PRIMARY KEY("ID"),
CONSTRAINT "FK_COMPONENT_USER_APP_ID" FOREIGN KEY("APP_ID") REFERENCES "SYS_GROUP_APP"("ID") ON DELETE CASCADE ,
CONSTRAINT "FK_COMPONENT_USER_USER_ID" FOREIGN KEY("USER_ID") REFERENCES "SYS_USER"("ID") ON DELETE CASCADE );
COMMENT ON TABLE "SYS_COMPONENT_USER" IS '普通用户登录应用首页组件排版信息表';
COMMENT ON COLUMN "SYS_COMPONENT_USER"."APP_ID" IS '应用ID';
COMMENT ON COLUMN "SYS_COMPONENT_USER"."COMPONENT_INFO" IS '组件信息';
COMMENT ON COLUMN "SYS_COMPONENT_USER"."ID" IS '主键';
COMMENT ON COLUMN "SYS_COMPONENT_USER"."USER_ID" IS '用户ID';


insert into "SYS_AUTH" ("ID","NAME","APP_ID","REMARK","SORT_INDEX","PARENT_ID","CREATE_USER","CREATE_TIME","UPDATE_TIME","SORT_PATH","IS_ORG_ADMIN","IS_USER_GROUP_ADMIN","CODE","DATA_VERSION") values ('19ea2ad7ea4a4e54acdaff4yhmzq8370', '组件注册', 'platform', null,12, '11316279a4a9416a8e20019821e640af', null, null, null, '00030012', 0, 0, 'platForm.componentRegisterManage.componentRegister', 0);

insert into "SYS_MENU" ("ID","NAME","PARENT_ID","APP_ID","PARENT_NAME","URL","TYPE","ICON","AUTH_ID","BTN_AUTH","IS_LEAF","SORT_INDEX","ALL_ORDER","SORT_PATH","OPEN_STYLE","CLOSE_NOTICE","CREATE_USER","CREATE_TIME","UPDATE_TIME","LEAF","MENU_AUTH","REMARK","DATA_VERSION","IS_IFRAME") values ('19ea2ad7ea4a4e54acdaff4yhmzq8370', '组件注册', '11316279a4a9416a8e20019821e640af', 'platform', '配置管理', 'componentRegisterManage/views/ComponentRegister', 1, 'fa fa-registered', '19ea2ad7ea4a4e54acdaff4yhmzq8370', null, null, 12, null, '00030012', null, null, null, null, null, null, null, null, 0, 0);

insert into "SYS_AUTH_ROLE" ("ID","AUTH_ID","ROLE_ID","SIGN","IS_REVOKE","CREATE_USER","CREATE_TIME","UPDATE_TIME","REMARK") values ('2qwctad7ea4a4e54acdaff4c84bb8370', '19ea2ad7ea4a4e54acdaff4yhmzq8370', 'appadmin', null, 0, null, null, null, null);

insert into "SYS_AUTH_ROLE_V" ("ID","AUTH_ID","ROLE_ID","SIGN","IS_REVOKE","CREATE_USER","CREATE_TIME","UPDATE_TIME","REMARK","LV_ID") values ('29ea2ad7eawdfe54acdafcbc84bb8370', '19ea2ad7ea4a4e54acdaff4yhmzq8370', 'appadmin', null, 0, null, null, null, null, 'appadmin');





/**
2020/4/7
 */
alter table "ORG_DEPARTMENT" add column("IS_ENTITY" INTEGER DEFAULT 1);
comment on column "ORG_DEPARTMENT"."IS_ENTITY" is '是否实体部门';

/**
 * 修改消息通道给应用管理员
 * @author zuogang
 * @date 2020/4/14 8:30
 */
delete from sys_menu where name in ('消息配置','通道扩展');

delete from sys_auth where name in ('消息配置','消息拓展');

delete from sys_auth_role_v where auth_id in ('34116279a4a9416a8e20019821e61341','yut76279a4a9416a8e20019821e6g45t');

update sys_menu set parent_id='11316279a4a9416a8e20019821e640af',PARENT_NAME='配置管理',sort_index=9,sort_path='00030009'   where id='45676279a4a9416a8e20019821e6ghjk';

update sys_auth set parent_id='11316279a4a9416a8e20019821e640af' , sort_index=9, sort_path='00030009' where id='45676279a4a9416a8e20019821e6ghjk';

update sys_auth_role set role_id='appadmin' where role_id='admin' and auth_id='45676279a4a9416a8e20019821e6ghjk';

update sys_auth_role_v set role_id='appadmin',lv_id='appadmin' where auth_id='45676279a4a9416a8e20019821e6ghjk' and lv_id='admin';

/**
 * 消息通道添加APPID字段
 * @author shanwj
 * @date 2020/4/16 18:06
 */
alter table "SYS_MSG_SEND_TYPE" add column("APP_ID" VARCHAR2(50));

comment on column "SYS_MSG_SEND_TYPE"."APP_ID" is '应用id';

alter table "SYS_MSG_SEND_TYPE" add constraint "FK_SYS_MSG_SEND_TYPE_APP_ID" foreign key("APP_ID") references "SYS_GROUP_APP"("ID") on delete cascade with index;

/**
 *  API关联表添加外键
 * @return
 * @author zuogang
 * @date 2020/4/17 10:51
 */
 ALTER TABLE "SYS_AUTH_API"
   ADD CONSTRAINT "FK_AUTH_API_API_ID" FOREIGN KEY ("API_ID") REFERENCES "SYS_API_RESOURCE"("ID")  on update cascade  ON DELETE CASCADE;

 ALTER TABLE "SYS_API_MIX"
   ADD CONSTRAINT "FK_API_MIX_API_ID" FOREIGN KEY ("API_ID") REFERENCES "SYS_API_RESOURCE"("ID")  on update cascade ON DELETE CASCADE;

/**
 *  API关联表添加外键
 * @return
 * @author 单文金
 * @date 2020/4/24 10:51
 */
CREATE TABLE "SYS_MICRO_APP"
(
"ID" VARCHAR2(50) NOT NULL,
"NAME" VARCHAR2(1000) NOT NULL,
"APP_ID" VARCHAR2(200) NOT NULL,
"APP_SECRET" VARCHAR2(500),
"ACCESS_TOKEN" VARCHAR2(1000),
"TYPE" VARCHAR2(100),
"CURRENT_VERSION" VARCHAR2(50),
"AUDIT_VERSION" VARCHAR2(50),
"DATA_VERSION" INTEGER DEFAULT 0,
NOT CLUSTER PRIMARY KEY("ID"));
COMMENT ON TABLE   "SYS_MICRO_APP" IS '平台小程序';
COMMENT ON COLUMN  "SYS_MICRO_APP"."ACCESS_TOKEN" IS '小程序token';
COMMENT ON COLUMN  "SYS_MICRO_APP"."APP_ID" IS '小程序appId';
COMMENT ON COLUMN  "SYS_MICRO_APP"."APP_SECRET" IS '密钥';
COMMENT ON COLUMN  "SYS_MICRO_APP"."AUDIT_VERSION" IS '审核版本';
COMMENT ON COLUMN  "SYS_MICRO_APP"."CURRENT_VERSION" IS '当前版本';
COMMENT ON COLUMN  "SYS_MICRO_APP"."DATA_VERSION" IS '数据版本';
COMMENT ON COLUMN  "SYS_MICRO_APP"."ID" IS '主键';
COMMENT ON COLUMN  "SYS_MICRO_APP"."NAME" IS '名称';
COMMENT ON COLUMN  "SYS_MICRO_APP"."TYPE" IS '小程序类型';

/**
 *  消息模板
 * @return
 * @author 单文金
 * @date 2020/4/27 10:51
 */
CREATE TABLE "SYS_MSG_TEMPLATE"
(
"ID" VARCHAR2(50) NOT NULL,
"TEMPLATE_TITLE" VARCHAR2(1000),
"AUTH" VARCHAR2(500),
"TEMPLATE_CONTENT" VARCHAR2(2000),
"TEMPLATE_ID" VARCHAR2(200),
"URL" VARCHAR2(200),
"CREATE_TIME" DATETIME(6),
"CREATE_USER" VARCHAR2(50),
"DATA_VERSION" INTEGER DEFAULT 0,
"APP_ID" VARCHAR2(50),
NOT CLUSTER PRIMARY KEY("ID"),
CONSTRAINT "FK_SYS_MSG_TEMPLATE_APP_ID" FOREIGN KEY("APP_ID") REFERENCES "SYS_GROUP_APP"("ID") ON DELETE CASCADE );
COMMENT ON TABLE "SYS_MSG_TEMPLATE" IS '消息模板';
COMMENT ON COLUMN "SYS_MSG_TEMPLATE"."APP_ID" IS '应用ID';
COMMENT ON COLUMN "SYS_MSG_TEMPLATE"."AUTH" IS '调用权限';
COMMENT ON COLUMN "SYS_MSG_TEMPLATE"."CREATE_TIME" IS '创建时间';
COMMENT ON COLUMN "SYS_MSG_TEMPLATE"."CREATE_USER" IS '创建人';
COMMENT ON COLUMN "SYS_MSG_TEMPLATE"."DATA_VERSION" IS '数据版本';
COMMENT ON COLUMN "SYS_MSG_TEMPLATE"."ID" IS '主键';
COMMENT ON COLUMN "SYS_MSG_TEMPLATE"."TEMPLATE_CONTENT" IS '模板';
COMMENT ON COLUMN "SYS_MSG_TEMPLATE"."TEMPLATE_ID" IS '模板id';
COMMENT ON COLUMN "SYS_MSG_TEMPLATE"."TEMPLATE_TITLE" IS '模板标题';
COMMENT ON COLUMN "SYS_MSG_TEMPLATE"."URL" IS '消息链接';


CREATE TABLE "SYS_MSG_TEMPLATE_CONFIG"
(
"ID" VARCHAR2(50) NOT NULL,
"TEMPLATE_ID" VARCHAR2(200) NOT NULL,
"IS_OPEN" NUMBER(1,0) DEFAULT 0 NOT NULL,
"URL" VARCHAR2(200),
"TID" VARCHAR2(50),
"TITLE" VARCHAR2(1000),
"CONTENT" VARCHAR2(2000),
"TYPE" VARCHAR2(100),
"MICRO_APP_ID" VARCHAR2(200),
"MICRO_APP_NAME" VARCHAR2(500),
CLUSTER PRIMARY KEY("ID"),
CONSTRAINT "FK_SYS_MSG_TEMPLATE_CONFIG_TID" FOREIGN KEY("TID") REFERENCES "SYS_MSG_TEMPLATE"("ID") ON DELETE CASCADE  WITH INDEX );
COMMENT ON TABLE "SYS_MSG_TEMPLATE_CONFIG" IS '信使消息模板配置';
COMMENT ON COLUMN "SYS_MSG_TEMPLATE_CONFIG"."CONTENT" IS '小程序消息模板内容';
COMMENT ON COLUMN "SYS_MSG_TEMPLATE_CONFIG"."ID" IS '主键';
COMMENT ON COLUMN "SYS_MSG_TEMPLATE_CONFIG"."IS_OPEN" IS '是否启用0不启用1启用';
COMMENT ON COLUMN "SYS_MSG_TEMPLATE_CONFIG"."MICRO_APP_ID" IS '小程序标识';
COMMENT ON COLUMN "SYS_MSG_TEMPLATE_CONFIG"."MICRO_APP_NAME" IS '小程序名称';
COMMENT ON COLUMN "SYS_MSG_TEMPLATE_CONFIG"."TEMPLATE_ID" IS '小程序消息模板ID';
COMMENT ON COLUMN "SYS_MSG_TEMPLATE_CONFIG"."TID" IS '平台消息模板id';
COMMENT ON COLUMN "SYS_MSG_TEMPLATE_CONFIG"."TITLE" IS '小程序消息模板标题';
COMMENT ON COLUMN "SYS_MSG_TEMPLATE_CONFIG"."TYPE" IS '消息信使类型';
COMMENT ON COLUMN "SYS_MSG_TEMPLATE_CONFIG"."URL" IS '链接路径';


/**
 * 小程序和消息模板菜单分配管理员
 * @author zuogang
 * @date 2020/4/30 10:43
 */
insert into "SYS_AUTH" ("ID","NAME","APP_ID","REMARK","SORT_INDEX","PARENT_ID","CREATE_USER","CREATE_TIME","UPDATE_TIME","SORT_PATH","IS_ORG_ADMIN","IS_USER_GROUP_ADMIN","CODE","DATA_VERSION") values ('vbnmhd7ea4a4e54acdaff4yhmzq8370', '小程序管理', 'platform', null,13, '11316279a4a9416a8e20019821e640af', null, null, null, '00030013', 0, 0, 'platForm.microAppManag.MicroApp', 0);

insert into "SYS_MENU" ("ID","NAME","PARENT_ID","APP_ID","PARENT_NAME","URL","TYPE","ICON","AUTH_ID","BTN_AUTH","IS_LEAF","SORT_INDEX","ALL_ORDER","SORT_PATH","OPEN_STYLE","CLOSE_NOTICE","CREATE_USER","CREATE_TIME","UPDATE_TIME","LEAF","MENU_AUTH","REMARK","DATA_VERSION","IS_IFRAME") values ('vbnmhd7ea4a4e54acdaff4yhmzq8370', '小程序管理', '11316279a4a9416a8e20019821e640af', 'platform', '配置管理', 'microAppManage/views/MicroApp', 1, 'fa fa-cubes', 'vbnmhd7ea4a4e54acdaff4yhmzq8370', null, null, 13, null, '00030013', null, null, null, null, null, null, null, null, 0, 0);

insert into "SYS_AUTH_ROLE" ("ID","AUTH_ID","ROLE_ID","SIGN","IS_REVOKE","CREATE_USER","CREATE_TIME","UPDATE_TIME","REMARK") values ('vrtyhd7ea4a4e54acdaff4yhmzq8370', 'vbnmhd7ea4a4e54acdaff4yhmzq8370', 'groupadmin', null, 0, null, null, null, null);

insert into "SYS_AUTH_ROLE_V" ("ID","AUTH_ID","ROLE_ID","SIGN","IS_REVOKE","CREATE_USER","CREATE_TIME","UPDATE_TIME","REMARK","LV_ID") values ('vrtyhd7ea4a4e54acdaff4yhmzq8370', 'vbnmhd7ea4a4e54acdaff4yhmzq8370', 'groupadmin', null, 0, null, null, null, null, 'groupadmin');


insert into "SYS_AUTH" ("ID","NAME","APP_ID","REMARK","SORT_INDEX","PARENT_ID","CREATE_USER","CREATE_TIME","UPDATE_TIME","SORT_PATH","IS_ORG_ADMIN","IS_USER_GROUP_ADMIN","CODE","DATA_VERSION") values ('bnuimd7ea4a4e54acdaff4yhmzq8370', '消息模板', 'platform', null,14, '11316279a4a9416a8e20019821e640af', null, null, null, '00030014', 0, 0, 'platForm.msgTemplateManage.MsgTemplate', 0);

insert into "SYS_MENU" ("ID","NAME","PARENT_ID","APP_ID","PARENT_NAME","URL","TYPE","ICON","AUTH_ID","BTN_AUTH","IS_LEAF","SORT_INDEX","ALL_ORDER","SORT_PATH","OPEN_STYLE","CLOSE_NOTICE","CREATE_USER","CREATE_TIME","UPDATE_TIME","LEAF","MENU_AUTH","REMARK","DATA_VERSION","IS_IFRAME") values ('bnuimd7ea4a4e54acdaff4yhmzq8370', '消息模板', '11316279a4a9416a8e20019821e640af', 'platform', '配置管理', 'msgTemplateManage/views/MsgTemplate', 1, 'fa fa-comments-o', 'bnuimd7ea4a4e54acdaff4yhmzq8370', null, null, 14, null, '00030014', null, null, null, null, null, null, null, null, 0, 0);

insert into "SYS_AUTH_ROLE" ("ID","AUTH_ID","ROLE_ID","SIGN","IS_REVOKE","CREATE_USER","CREATE_TIME","UPDATE_TIME","REMARK") values ('qwtyhdwea4a4e54acdaff4yhmzq8370', 'bnuimd7ea4a4e54acdaff4yhmzq8370', 'appadmin', null, 0, null, null, null, null);

insert into "SYS_AUTH_ROLE_V" ("ID","AUTH_ID","ROLE_ID","SIGN","IS_REVOKE","CREATE_USER","CREATE_TIME","UPDATE_TIME","REMARK","LV_ID") values ('qwtyhdwea4a4e54acdaff4yhmzq8370', 'bnuimd7ea4a4e54acdaff4yhmzq8370', 'appadmin', null, 0, null, null, null, null, 'appadmin');



/**
 *  添加api资源相关外键的级联更新
 * @author zuogang
 * @date 2020/5/6 10:56
 */
-- alter table "SYS_AUTH_API" add constraint "FK_AUTH_API_API_ID" foreign key("API_ID") references "SYS_API_RESOURCE"("ID") on update cascade on delete cascade;
--
-- alter table "SYS_API_MIX" add constraint "FK_API_MIX_API_ID" foreign key("API_ID") references "SYS_API_RESOURCE"("ID") on update cascade on delete cascade;


/** 
 * 改善权限授权逻辑 
 * @param null	
 * @return 
 * @author zuogang
 * @date 2020/5/25 17:32
 */
alter table "SYS_AUTH_ROLE" add column("AUTH_NAME" VARCHAR2(50));
comment on column "SYS_AUTH_ROLE"."AUTH_NAME" is '权限名';
alter table "SYS_AUTH_ROLE" add column("ROLE_NAME" VARCHAR2(50));
comment on column "SYS_AUTH_ROLE"."ROLE_NAME" is '角色名';

alter table "SYS_AUTH_USER" add column("AUTH_NAME" VARCHAR2(50));
comment on column "SYS_AUTH_USER"."AUTH_NAME" is '权限名';
alter table "SYS_AUTH_USER" add column("REAL_NAME" VARCHAR2(50));
comment on column "SYS_AUTH_USER"."REAL_NAME" is '用户名';

alter table "SYS_USER_ROLE" add column("ROLE_NAME" VARCHAR2(50));
comment on column "SYS_USER_ROLE"."ROLE_NAME" is '角色名';
alter table "SYS_USER_ROLE" add column("REAL_NAME" VARCHAR2(50));
comment on column "SYS_USER_ROLE"."REAL_NAME" is '用户名';

update sys_user_role a set a.role_name=(select b.name from sys_role b where b.id = a.role_id);
update sys_user_role a set a.real_name=(select b.real_name from sys_user b where b.id = a.user_id);

update sys_auth_role a set a.role_name=(select b.name from sys_role b where b.id = a.role_id);
update sys_auth_role a set a.auth_name=(select b.name from sys_auth b where b.id = a.auth_id);

update sys_auth_user a set a.real_name=(select b.real_name from sys_user b where b.id = a.user_id);
update sys_auth_user a set a.auth_name=(select b.name from sys_auth b where b.id = a.auth_id);

update sys_user set SECRET_LEVEL=4 where SECRET_LEVEL=5;


/**
 * 开发平台服务API定义模块复制到业务平台中，支持大屏在线定制开发
 * @param null
 * @return
 * @author zuogang
 * @date 2020/6/3 8:32
 */
CREATE TABLE "SYS_APP_INTERFACE"
(
"ID" VARCHAR2(50) NOT NULL,
"APP_ID" VARCHAR2(50),
"NAME" VARCHAR2(50),
"IS_PAGE_GET" INTEGER,
"SQL_CONTENT" CLOB,
"CREATE_TIME" DATETIME(6),
"DESCRIPTION" VARCHAR2(200),
NOT CLUSTER PRIMARY KEY("ID"),
CONSTRAINT "FK_APP_INTERFACE_APP_ID" FOREIGN KEY("APP_ID") REFERENCES "SYS_GROUP_APP"("ID") ON DELETE CASCADE ON UPDATE CASCADE);
COMMENT ON TABLE "SYS_APP_INTERFACE" IS '应用接口信息表';
COMMENT ON COLUMN "SYS_APP_INTERFACE"."APP_ID" IS '应用ID';
COMMENT ON COLUMN "SYS_APP_INTERFACE"."CREATE_TIME" IS '创建时间';
COMMENT ON COLUMN "SYS_APP_INTERFACE"."DESCRIPTION" IS '描述';
COMMENT ON COLUMN "SYS_APP_INTERFACE"."ID" IS '主键';
COMMENT ON COLUMN "SYS_APP_INTERFACE"."IS_PAGE_GET" IS '是否分页方法,0否1是';
COMMENT ON COLUMN "SYS_APP_INTERFACE"."NAME" IS '接口名';
COMMENT ON COLUMN "SYS_APP_INTERFACE"."SQL_CONTENT" IS 'sql语句';

CREATE TABLE "SYS_APP_INTERFACE_INPUT"
(
"ID" VARCHAR2(50) NOT NULL,
"PARAM_KEY" VARCHAR2(50),
"PARAM_DEFAULT_VALUE" VARCHAR2(100),
"PARAM_TYPE" VARCHAR2(50),
"INTERFACE_ID" VARCHAR2(50),
NOT CLUSTER PRIMARY KEY("ID"),
CONSTRAINT "FK_INPUT_INTERFACE_ID" FOREIGN KEY("INTERFACE_ID") REFERENCES "SYS_APP_INTERFACE"("ID") ON DELETE CASCADE ON UPDATE CASCADE);
COMMENT ON TABLE "SYS_APP_INTERFACE_INPUT" IS '接口sql入参信息表';
COMMENT ON COLUMN "SYS_APP_INTERFACE_INPUT"."ID" IS '主键';
COMMENT ON COLUMN "SYS_APP_INTERFACE_INPUT"."INTERFACE_ID" IS '接口主键';
COMMENT ON COLUMN "SYS_APP_INTERFACE_INPUT"."PARAM_DEFAULT_VALUE" IS '缺省值';
COMMENT ON COLUMN "SYS_APP_INTERFACE_INPUT"."PARAM_KEY" IS '键';
COMMENT ON COLUMN "SYS_APP_INTERFACE_INPUT"."PARAM_TYPE" IS '参数类型';

CREATE TABLE "SYS_APP_INTERFACE_OUTPUT"
(
"ID" VARCHAR2(50) NOT NULL,
"PARAM_KEY" VARCHAR2(50),
"PARAM_TYPE" VARCHAR2(50),
"INTERFACE_ID" VARCHAR2(50),
"PARAM_LABEL" VARCHAR2(100),
NOT CLUSTER PRIMARY KEY("ID"),
CONSTRAINT "FK_OUTPUT_INTERFACE_ID" FOREIGN KEY("INTERFACE_ID") REFERENCES "SYS_APP_INTERFACE"("ID") ON DELETE CASCADE  ON UPDATE CASCADE );
COMMENT ON TABLE "SYS_APP_INTERFACE_OUTPUT" IS '接口sql出参信息表';
COMMENT ON COLUMN "SYS_APP_INTERFACE_OUTPUT"."ID" IS '主键';
COMMENT ON COLUMN "SYS_APP_INTERFACE_OUTPUT"."INTERFACE_ID" IS '接口主键';
COMMENT ON COLUMN "SYS_APP_INTERFACE_OUTPUT"."PARAM_KEY" IS '键';
COMMENT ON COLUMN "SYS_APP_INTERFACE_OUTPUT"."PARAM_TYPE" IS '参数类型';
COMMENT ON COLUMN "SYS_APP_INTERFACE_OUTPUT"."PARAM_LABEL" IS '字段注释';



/**
 * 消息添加appId
 *
 * @author shanwj
 * @date 2020/5/26 15:58
 */

alter table "SYS_MSG_UNREAD" add column("APP_ID" VARCHAR2(50));
comment on column "SYS_MSG_UNREAD"."APP_ID" is '应用id';

alter table "SYS_MSG_READ" add column("APP_ID" VARCHAR2(50));
comment on column "SYS_MSG_READ"."APP_ID" is '应用id';

/**
 * 报表添加数据源
 *
 * @author shanwj
 * @date 2020/6/3 9:31
 */
alter table "REPORT_INFO" add column("DATASOURCE_ID" VARCHAR2(2000));
comment on column "REPORT_INFO"."DATASOURCE_ID" is '数据源id';

/**
 *  为应用管理员添加接口管理菜单
 * @param null
 * @return
 * @author zuogang
 * @date 2020/6/3 14:10
 */
insert into "SYS_AUTH" ("ID","NAME","APP_ID","REMARK","SORT_INDEX","PARENT_ID","CREATE_USER","CREATE_TIME","UPDATE_TIME","SORT_PATH","IS_ORG_ADMIN","IS_USER_GROUP_ADMIN","CODE","DATA_VERSION") values ('byasmd7ea4a4e54acdaff4yhmzq8370', '接口管理', 'platform', null,15, '11316279a4a9416a8e20019821e640af', null, null, null, '00030015', 0, 0, 'platForm.interfaceManage.Interface', 0);

insert into "SYS_MENU" ("ID","NAME","PARENT_ID","APP_ID","PARENT_NAME","URL","TYPE","ICON","AUTH_ID","BTN_AUTH","IS_LEAF","SORT_INDEX","ALL_ORDER","SORT_PATH","OPEN_STYLE","CLOSE_NOTICE","CREATE_USER","CREATE_TIME","UPDATE_TIME","LEAF","MENU_AUTH","REMARK","DATA_VERSION","IS_IFRAME") values ('byasmd7ea4a4e54acdaff4yhmzq8370', '接口管理', '11316279a4a9416a8e20019821e640af', 'platform', '配置管理', 'interfaceManage/views/Interface', 1, 'fa fa-window-restore', 'byasmd7ea4a4e54acdaff4yhmzq8370', null, null, 15, null, '00030015', null, null, null, null, null, null, null, null, 0, 0);

insert into "SYS_AUTH_ROLE" ("ID","AUTH_ID","ROLE_ID","SIGN","IS_REVOKE","CREATE_USER","CREATE_TIME","UPDATE_TIME","REMARK") values ('byasmd7ea4a4e54acdaff4yhmzq8370', 'byasmd7ea4a4e54acdaff4yhmzq8370', 'appadmin', null, 0, null, null, null, null);

insert into "SYS_AUTH_ROLE_V" ("ID","AUTH_ID","ROLE_ID","SIGN","IS_REVOKE","CREATE_USER","CREATE_TIME","UPDATE_TIME","REMARK","LV_ID") values ('byasmd7ea4a4e54acdaff4yhmzq8370', 'byasmd7ea4a4e54acdaff4yhmzq8370', 'appadmin', null, 0, null, null, null, null, 'appadmin');


alter table "SYS_GROUP_APP" DROP CONSTRAINT FK_SYS_GROUP_APP_DS_ID;

/**
 *  数据源添加到应用下
 * @author shanwj
 * @date 2020/6/4 14:37
 */

alter table "SYS_GROUP_DATASOURCE" DROP CONSTRAINT FK_SYS_GROUP_DATASOURCE_GID;

alter table "SYS_GROUP_DATASOURCE" add column("APP_ID" VARCHAR2(50));
comment on column "SYS_GROUP_DATASOURCE"."APP_ID" is '应用id';

 ALTER TABLE "SYS_GROUP_DATASOURCE"
   ADD CONSTRAINT "SYS_GROUP_DATASOURCE_APP_ID" FOREIGN KEY ("APP_ID") REFERENCES "SYS_GROUP_APP"("ID")  on update cascade ON DELETE CASCADE;




/**
 *  添加大屏相关表
 * @param null
 * @return
 * @author zuogang
 * @date 2020/6/4 15:26
 */
COMMENT ON COLUMN "REPORT_TYPE"."TYPE" IS '类别类型 1报表2仪表盘3大屏';

CREATE TABLE "BLADE_VISUAL"
(
"ID" VARCHAR2(50) NOT NULL,
"TITLE" VARCHAR2(500),
"BACKGROUND_INFO" CLOB,
"CATEGORY" VARCHAR2(50),
"PASSWORD" VARCHAR2(255),
"CREATE_USER" VARCHAR2(50),
"CREATE_TIME" DATETIME(6),
"UPDATE_USER" VARCHAR2(50),
"UPDATE_TIME" DATETIME(6),
"STATUS" INTEGER,
"IS_DELETED" INTEGER,
"DETAIL" CLOB,
"COMPONENT" CLOB,
"APP_ID" VARCHAR2(50),
NOT CLUSTER PRIMARY KEY("ID"),
CONSTRAINT "FK_VISUAL_CATEGORY" FOREIGN KEY("CATEGORY") REFERENCES "REPORT_TYPE"("ID") ON DELETE CASCADE  ON UPDATE CASCADE ,
CONSTRAINT "FK_VISUAL_APP_ID" FOREIGN KEY("APP_ID") REFERENCES "SYS_GROUP_APP"("ID") ON DELETE CASCADE  ON UPDATE CASCADE );
COMMENT ON TABLE "BLADE_VISUAL" IS '大屏信息数据表';
COMMENT ON COLUMN "BLADE_VISUAL"."APP_ID" IS '应用ID';
COMMENT ON COLUMN "BLADE_VISUAL"."BACKGROUND_INFO" IS '大屏背景';
COMMENT ON COLUMN "BLADE_VISUAL"."COMPONENT" IS '组件json';
COMMENT ON COLUMN "BLADE_VISUAL"."CREATE_TIME" IS '创建时间';
COMMENT ON COLUMN "BLADE_VISUAL"."CREATE_USER" IS '创建人';
COMMENT ON COLUMN "BLADE_VISUAL"."DETAIL" IS '配置json';
COMMENT ON COLUMN "BLADE_VISUAL"."ID" IS '主键';
COMMENT ON COLUMN "BLADE_VISUAL"."IS_DELETED" IS '是否已删除0否1是';
COMMENT ON COLUMN "BLADE_VISUAL"."PASSWORD" IS '发布密码';
COMMENT ON COLUMN "BLADE_VISUAL"."STATUS" IS '状态';
COMMENT ON COLUMN "BLADE_VISUAL"."TITLE" IS '大屏标题';
COMMENT ON COLUMN "BLADE_VISUAL"."CATEGORY" IS '业务类型ID';
COMMENT ON COLUMN "BLADE_VISUAL"."UPDATE_TIME" IS '修改时间';
COMMENT ON COLUMN "BLADE_VISUAL"."UPDATE_USER" IS '修改人';

CREATE TABLE "BLADE_VISUAL_MAP"
(
"ID" VARCHAR2(50) NOT NULL,
"NAME" VARCHAR2(255),
"DATA" CLOB,
"APP_ID" VARCHAR2(50),
NOT CLUSTER PRIMARY KEY("ID"),
CONSTRAINT "FK_VISUAL_MAP_APP_ID" FOREIGN KEY("APP_ID") REFERENCES "SYS_GROUP_APP"("ID") ON DELETE CASCADE  ON UPDATE CASCADE );
COMMENT ON TABLE "BLADE_VISUAL_MAP" IS '可视化地图配置表';
COMMENT ON COLUMN "BLADE_VISUAL_MAP"."APP_ID" IS '应用ID';
COMMENT ON COLUMN "BLADE_VISUAL_MAP"."DATA" IS '地图数据';
COMMENT ON COLUMN "BLADE_VISUAL_MAP"."ID" IS '主键';
COMMENT ON COLUMN "BLADE_VISUAL_MAP"."NAME" IS '地图名称';


/**
 * 数据源管理迁移到应用管理员下
 * @param null
 * @return
 * @author zuogang
 * @date 2020/6/8 8:21
 */
UPDATE sys_auth_role SET role_id='appadmin' WHERE auth_id in ('39e1b3ec3d6e483b86c4923ea64cfeee','39e1b3ec3d6e483b86c4923ea64cf111');
UPDATE sys_auth_role_v SET role_id='appadmin',lv_id='appadmin' WHERE auth_id in ('39e1b3ec3d6e483b86c4923ea64cfeee','39e1b3ec3d6e483b86c4923ea64cf111');

alter table SYS_GROUP_DATASOURCE drop column GROUP_ID;

alter table "SYS_APP_INTERFACE" add column("DS_ID" VARCHAR2(50));
comment on column "SYS_APP_INTERFACE"."DS_ID" is '数据源ID';

ALTER TABLE "SYS_APP_INTERFACE"
   ADD CONSTRAINT "FK_APP_INTERFACE_DS_ID" FOREIGN KEY ("DS_ID") REFERENCES "SYS_GROUP_DATASOURCE"("ID")  on update cascade ON DELETE CASCADE;

/**
 *
 * @param null
 * @return
 * @author zuogang
 * @date 2020/6/11 15:01
 */
alter table "SYS_APP_INTERFACE" add column("AUTH_ID" VARCHAR2(50));
comment on column "SYS_APP_INTERFACE"."AUTH_ID" is '权限id';
alter table "BLADE_VISUAL" add column("AUTH_ID" VARCHAR2(50));
comment on column "BLADE_VISUAL"."AUTH_ID" is '权限id';

/**
 * 接口标识
 * @param null
 * @return
 * @author zuogang
 * @date 2020/6/15 10:11
 */
alter table "SYS_APP_INTERFACE" add column("CODE" VARCHAR2(50) NOT NULL);
comment on column "SYS_APP_INTERFACE"."CODE" is '接口标识';

insert into "SYS_AUTH" ("ID","NAME","APP_ID","REMARK","SORT_INDEX","PARENT_ID","CREATE_USER","CREATE_TIME","UPDATE_TIME","SORT_PATH","IS_ORG_ADMIN","IS_USER_GROUP_ADMIN","CODE","DATA_VERSION") values ('7784ba3204344d37929abd4ad9a1dgth', '数据大屏', 'platform', null, 6, 'twerba3204344d37929abd4ad9a1dfgh', null, null, null, '00060006', 0, 0, 'dataScreen.views.dataScreenList', 0);
insert into "SYS_MENU" ("ID","NAME","PARENT_ID","APP_ID","PARENT_NAME","URL","TYPE","ICON","AUTH_ID","BTN_AUTH","IS_LEAF","SORT_INDEX","ALL_ORDER","SORT_PATH","OPEN_STYLE","CLOSE_NOTICE","CREATE_USER","CREATE_TIME","UPDATE_TIME","LEAF","MENU_AUTH","REMARK","DATA_VERSION","IS_IFRAME") values ('7784ba3204344d37929abd4ad9a1dgth', '数据大屏', 'twerba3204344d37929abd4ad9a1dfgh', 'platform', '数据展示', 'dataScreen/views/dataScreenList', 1, 'iconfont icon-dashboard-fill', '7784ba3204344d37929abd4ad9a1dgth', null, null, 6, null, '00060006', null, null, null, null, null, null, null, null, 0, 0);
insert into "SYS_AUTH_ROLE" ("ID","AUTH_ID","ROLE_ID","SIGN","IS_REVOKE","CREATE_USER","CREATE_TIME","UPDATE_TIME","REMARK") values ('7784ba3204344d37929abd4ad9a1dgth', '7784ba3204344d37929abd4ad9a1dgth', 'appadmin', null, 0, null, null, null, null);
insert into "SYS_AUTH_ROLE_V" ("ID","AUTH_ID","ROLE_ID","SIGN","IS_REVOKE","CREATE_USER","CREATE_TIME","UPDATE_TIME","REMARK","LV_ID") values ('7784ba3204344d37929abd4ad9a1dgth', '7784ba3204344d37929abd4ad9a1dgth', 'appadmin', null, 0, null, null, null, null, 'appadmin');


insert into "SYS_AUTH" ("ID","NAME","APP_ID","REMARK","SORT_INDEX","PARENT_ID","CREATE_USER","CREATE_TIME","UPDATE_TIME","SORT_PATH","IS_ORG_ADMIN","IS_USER_GROUP_ADMIN","CODE","DATA_VERSION") values ('4599ba3204344d37929abd4ad9a1dgth', '地图管理', 'platform', null, 7, 'twerba3204344d37929abd4ad9a1dfgh', null, null, null, '00060007', 0, 0, 'dataScreen.views.dataMapList', 0);
insert into "SYS_MENU" ("ID","NAME","PARENT_ID","APP_ID","PARENT_NAME","URL","TYPE","ICON","AUTH_ID","BTN_AUTH","IS_LEAF","SORT_INDEX","ALL_ORDER","SORT_PATH","OPEN_STYLE","CLOSE_NOTICE","CREATE_USER","CREATE_TIME","UPDATE_TIME","LEAF","MENU_AUTH","REMARK","DATA_VERSION","IS_IFRAME") values ('4599ba3204344d37929abd4ad9a1dgth', '地图管理', 'twerba3204344d37929abd4ad9a1dfgh', 'platform', '数据展示', 'dataScreen/views/dataMapList', 1, 'iconfont icon-map-marked-alt', '4599ba3204344d37929abd4ad9a1dgth', null, null, 7, null, '00060007', null, null, null, null, null, null, null, null, 0, 0);
insert into "SYS_AUTH_ROLE" ("ID","AUTH_ID","ROLE_ID","SIGN","IS_REVOKE","CREATE_USER","CREATE_TIME","UPDATE_TIME","REMARK") values ('4599ba3204344d37929abd4ad9a1dgth', '4599ba3204344d37929abd4ad9a1dgth', 'appadmin', null, 0, null, null, null, null);
insert into "SYS_AUTH_ROLE_V" ("ID","AUTH_ID","ROLE_ID","SIGN","IS_REVOKE","CREATE_USER","CREATE_TIME","UPDATE_TIME","REMARK","LV_ID") values ('4599ba3204344d37929abd4ad9a1dgth', '4599ba3204344d37929abd4ad9a1dgth', 'appadmin', null, 0, null, null, null, null, 'appadmin');


/**
 * 地图删除APPID
 * @param null
 * @return
 * @author zuogang
 * @date 2020/7/6 17:59
 */
alter table blade_visual_map DROP CONSTRAINT FK_VISUAL_MAP_APP_ID;
alter table blade_visual_map drop column app_id;

alter table "BD_PERSON_JOB" alter column "PERSON_CODE" set NULL;
update sys_menu set url='dataScreen/components/list/map' where name='地图管理';


/**
 * 增加文件回收站
 * @author JonnyJiang
 * @date 2020/7/8 10:59
 */
alter table "FILE_INFO" add column("IS_IN_RECYCLE_BIN" NUMBER(1, 0));
alter table "FILE_INFO" add column("RECYCLE_TIME" DATETIME(6));
alter table "FILE_INFO" add column("RECYCLE_FILE_ID" VARCHAR2(50));
comment on column "FILE_INFO"."IS_IN_RECYCLE_BIN" is '是否在回收站';
comment on column "FILE_INFO"."RECYCLE_TIME" is '回收时间';
comment on column "FILE_INFO"."RECYCLE_FILE_ID" is '回收文件ID';

/**
 * 开发平台
 * @param null
 * @return
 * @author zuogang
 * @date 2020/7/13 9:26
 */
/**
app
*/
insert into "SYS_GROUP_APP" ("ID","NAME","VERSION","ICON","SORT_INDEX","REMARK","CREATE_USER","CREATE_TIME","UPDATE_TIME","SECRET_LEVEL","GROUP_ID","IS_3_ADMIN","DATA_VERSION","IS_MAIN_APP","HAS_UI","UI_NAME","IS_LOCK","LOCK_TIME","DATASOURCE_ID") values ('dev-platform', '快速开发平台', '1.0', null, null, null, null, null, null, null, null, 1, 1060, 0, 0, null, 0, null, null);
/**
role
*/
comment on column "SYS_ROLE"."ROLE_TYPE" is '角色类型(1租户系统管理员,2租户安全保密员,3租户安全审计员)(11集团系统管理员,22集团安全保密员,33集团安全审计员)(111应用系统管理员,222应用安全保密员,333应用安全审计员)(1111开发平台超级管理员,2222项目管理人员,3333项目开发人员)';
insert into "SYS_ROLE" ("ID","NAME","ROLE_EXPLAIN","ROLE_TYPE","CREATE_TIME","CREATE_USER","UPDATE_TIME","REMARK","APP_ID","DATA_VERSION") values ('devadmin', '开发平台超级管理员', null,1111, null, null, null, null, 'dev-platform', 0);
insert into "SYS_ROLE" ("ID","NAME","ROLE_EXPLAIN","ROLE_TYPE","CREATE_TIME","CREATE_USER","UPDATE_TIME","REMARK","APP_ID","DATA_VERSION") values ('devmaintainer', '开发平台项目管理人员', null,2222, null, null, null, null, 'dev-platform', 0);
insert into "SYS_ROLE" ("ID","NAME","ROLE_EXPLAIN","ROLE_TYPE","CREATE_TIME","CREATE_USER","UPDATE_TIME","REMARK","APP_ID","DATA_VERSION") values ('devdeveloper', '开发平台项目开发人员', null,3333, null, null, null, null, 'dev-platform', 0);
/**
auth
*/
insert into "SYS_AUTH" ("ID","NAME","APP_ID","REMARK","SORT_INDEX","PARENT_ID","CREATE_USER","CREATE_TIME","UPDATE_TIME","SORT_PATH","IS_ORG_ADMIN","IS_USER_GROUP_ADMIN","CODE","DATA_VERSION") values ('227f8578d72c4cd6b78125ab97c2f17d', '项目管理', 'dev-platform', '', 1, '0', 'e924956d25d94c099430748a777a6b16', null, null, '000001', 0, 0, null, 0);
insert into "SYS_AUTH" ("ID","NAME","APP_ID","REMARK","SORT_INDEX","PARENT_ID","CREATE_USER","CREATE_TIME","UPDATE_TIME","SORT_PATH","IS_ORG_ADMIN","IS_USER_GROUP_ADMIN","CODE","DATA_VERSION") values ('a2c96add3b7744c3939083d5351f3828', '项目信息', 'dev-platform', '', 1, '227f8578d72c4cd6b78125ab97c2f17d', 'e924956d25d94c099430748a777a6b16', null, null, '000001000001', 0, 0, 'devPlatForm.ProInfoManage.ProInfo', 0);
insert into "SYS_AUTH" ("ID","NAME","APP_ID","REMARK","SORT_INDEX","PARENT_ID","CREATE_USER","CREATE_TIME","UPDATE_TIME","SORT_PATH","IS_ORG_ADMIN","IS_USER_GROUP_ADMIN","CODE","DATA_VERSION") values ('8f9dec2ca33040e199f9e922f906dc7f', '数据源管理', 'dev-platform', '', 2, '227f8578d72c4cd6b78125ab97c2f17d', 'e924956d25d94c099430748a777a6b16', null, null, '000001000002', 0, 0, 'devPlatForm.ProDatasourceManage.ProDatasource', 0);
insert into "SYS_AUTH" ("ID","NAME","APP_ID","REMARK","SORT_INDEX","PARENT_ID","CREATE_USER","CREATE_TIME","UPDATE_TIME","SORT_PATH","IS_ORG_ADMIN","IS_USER_GROUP_ADMIN","CODE","DATA_VERSION") values ('ad2b809bf7084d2db69dd56793cb5e1c', '服务管理', 'dev-platform', '', 3, '227f8578d72c4cd6b78125ab97c2f17d', 'e924956d25d94c099430748a777a6b16', null, null, '000001000003', 0, 0, 'devPlatForm.serviceMange', 0);
insert into "SYS_AUTH" ("ID","NAME","APP_ID","REMARK","SORT_INDEX","PARENT_ID","CREATE_USER","CREATE_TIME","UPDATE_TIME","SORT_PATH","IS_ORG_ADMIN","IS_USER_GROUP_ADMIN","CODE","DATA_VERSION") values ('3860126718034cc2a7dbd8311bfb3ff1', '应用信息', 'dev-platform', '', 1, 'ad2b809bf7084d2db69dd56793cb5e1c', 'e924956d25d94c099430748a777a6b16', null, null, '000001000003000001', 0, 0, 'devPlatForm.ProServiceManage.ProService', 0);
insert into "SYS_AUTH" ("ID","NAME","APP_ID","REMARK","SORT_INDEX","PARENT_ID","CREATE_USER","CREATE_TIME","UPDATE_TIME","SORT_PATH","IS_ORG_ADMIN","IS_USER_GROUP_ADMIN","CODE","DATA_VERSION") values ('2a3c459a0c814a098bdc41cb0e4b830e', '模型管理', 'dev-platform', '', 2, 'ad2b809bf7084d2db69dd56793cb5e1c', 'e924956d25d94c099430748a777a6b16', null, null, '000001000003000002', 0, 0, 'devPlatForm.ProModelManage.ProModel', 0);
insert into "SYS_AUTH" ("ID","NAME","APP_ID","REMARK","SORT_INDEX","PARENT_ID","CREATE_USER","CREATE_TIME","UPDATE_TIME","SORT_PATH","IS_ORG_ADMIN","IS_USER_GROUP_ADMIN","CODE","DATA_VERSION") values ('e0c7623e577d4811af97dc6eab9c14d6', '接口管理', 'dev-platform', '', 3, 'ad2b809bf7084d2db69dd56793cb5e1c', 'e924956d25d94c099430748a777a6b16', null, null, '000001000003000003', 0, 0, 'devPlatForm.InterfaceManage.Interface', 0);
insert into "SYS_AUTH" ("ID","NAME","APP_ID","REMARK","SORT_INDEX","PARENT_ID","CREATE_USER","CREATE_TIME","UPDATE_TIME","SORT_PATH","IS_ORG_ADMIN","IS_USER_GROUP_ADMIN","CODE","DATA_VERSION") values ('c6d75746103e4dc99d9d0ce27f0e1af1', '页面设计', 'dev-platform', '', 4, 'ad2b809bf7084d2db69dd56793cb5e1c', 'e924956d25d94c099430748a777a6b16', null, null, '000001000003000004', 0, 0, 'devPlatForm.PageDesignManage.PageDesign', 0);
insert into "SYS_AUTH" ("ID","NAME","APP_ID","REMARK","SORT_INDEX","PARENT_ID","CREATE_USER","CREATE_TIME","UPDATE_TIME","SORT_PATH","IS_ORG_ADMIN","IS_USER_GROUP_ADMIN","CODE","DATA_VERSION") values ('09a55900eb974483b599b4343afb7c52', '系统管理', 'dev-platform', '', 2, '0', 'e924956d25d94c099430748a777a6b16', null, null, '000002', 0, 0, 'devplatform.configMange', 0);
insert into "SYS_AUTH" ("ID","NAME","APP_ID","REMARK","SORT_INDEX","PARENT_ID","CREATE_USER","CREATE_TIME","UPDATE_TIME","SORT_PATH","IS_ORG_ADMIN","IS_USER_GROUP_ADMIN","CODE","DATA_VERSION") values ('e668d7fddbac4aa3a3fdb6502d00ac7d', '用户管理', 'dev-platform', '', 1, '09a55900eb974483b599b4343afb7c52', 'e924956d25d94c099430748a777a6b16', null, null, '000002000001', 0, 0, 'devPlatForm.UserManage.DevUser', 0);
insert into "SYS_AUTH" ("ID","NAME","APP_ID","REMARK","SORT_INDEX","PARENT_ID","CREATE_USER","CREATE_TIME","UPDATE_TIME","SORT_PATH","IS_ORG_ADMIN","IS_USER_GROUP_ADMIN","CODE","DATA_VERSION") values ('74b709f180014414831c66d0ff290a49', '增删改', 'dev-platform', '', 10, 'a2c96add3b7744c3939083d5351f3828', 'e924956d25d94c099430748a777a6b16', null, null, '000001000001000010', 0, 0, 'ProInfo.addOrUpdOrDel', 0);
insert into "SYS_AUTH" ("ID","NAME","APP_ID","REMARK","SORT_INDEX","PARENT_ID","CREATE_USER","CREATE_TIME","UPDATE_TIME","SORT_PATH","IS_ORG_ADMIN","IS_USER_GROUP_ADMIN","CODE","DATA_VERSION") values ('7416563936d84eefafc65325402b380e', '增删改', 'dev-platform', '', 10, '8f9dec2ca33040e199f9e922f906dc7f', 'e924956d25d94c099430748a777a6b16', null, null, '000001000002000010', 0, 0, 'ProDatasource.addOrUpdOrDel', 0);
insert into "SYS_AUTH" ("ID","NAME","APP_ID","REMARK","SORT_INDEX","PARENT_ID","CREATE_USER","CREATE_TIME","UPDATE_TIME","SORT_PATH","IS_ORG_ADMIN","IS_USER_GROUP_ADMIN","CODE","DATA_VERSION") values ('9c844c3686904ccb8ed6c51bd5a7bf5d', '增删改', 'dev-platform', '', 10, '3860126718034cc2a7dbd8311bfb3ff1', 'e924956d25d94c099430748a777a6b16', null, null, '000001000003000001000010', 0, 0, 'service.addOrUpdOrDel', 0);
insert into "SYS_AUTH" ("ID","NAME","APP_ID","REMARK","SORT_INDEX","PARENT_ID","CREATE_USER","CREATE_TIME","UPDATE_TIME","SORT_PATH","IS_ORG_ADMIN","IS_USER_GROUP_ADMIN","CODE","DATA_VERSION") values ('1ea55832fa9c40979e015f8c12c420b3', '增删改', 'dev-platform', '', 10, '2a3c459a0c814a098bdc41cb0e4b830e', 'e924956d25d94c099430748a777a6b16', null, null, '000001000003000002000010', 0, 0, 'proModel.addOrUpdOrDel', 0);
insert into "SYS_AUTH" ("ID","NAME","APP_ID","REMARK","SORT_INDEX","PARENT_ID","CREATE_USER","CREATE_TIME","UPDATE_TIME","SORT_PATH","IS_ORG_ADMIN","IS_USER_GROUP_ADMIN","CODE","DATA_VERSION") values ('5373fd0c912b4c0fa4c46474199f9858', '增删改', 'dev-platform', '', 10, 'e0c7623e577d4811af97dc6eab9c14d6', 'e924956d25d94c099430748a777a6b16', null, null, '000001000003000003000010', 0, 0, 'interface.addOrUpdOrDel', 0);
insert into "SYS_AUTH" ("ID","NAME","APP_ID","REMARK","SORT_INDEX","PARENT_ID","CREATE_USER","CREATE_TIME","UPDATE_TIME","SORT_PATH","IS_ORG_ADMIN","IS_USER_GROUP_ADMIN","CODE","DATA_VERSION") values ('d9ec0e8823c44aab931666f72bee0965', '增删改', 'dev-platform', '', 10, 'c6d75746103e4dc99d9d0ce27f0e1af1', 'e924956d25d94c099430748a777a6b16', null, null, '000001000003000004000010', 0, 0, 'pageDesign.addOrUpdeOrDel', 0);
/**
menu
*/
insert into "SYS_MENU" ("ID","NAME","PARENT_ID","APP_ID","PARENT_NAME","URL","TYPE","ICON","AUTH_ID","BTN_AUTH","IS_LEAF","SORT_INDEX","ALL_ORDER","SORT_PATH","OPEN_STYLE","CLOSE_NOTICE","CREATE_USER","CREATE_TIME","UPDATE_TIME","LEAF","MENU_AUTH","REMARK","DATA_VERSION","IS_IFRAME") values ('227f8578d72c4cd6b78125ab97c2f17d', '项目管理', '0', 'dev-platform', '一级菜单', '', 0, 'fa fa-cubes', '227f8578d72c4cd6b78125ab97c2f17d', null, null, 1, null, '000001', null, null, 'e924956d25d94c099430748a777a6b16', null, null, null, null, '', 0, 0);
insert into "SYS_MENU" ("ID","NAME","PARENT_ID","APP_ID","PARENT_NAME","URL","TYPE","ICON","AUTH_ID","BTN_AUTH","IS_LEAF","SORT_INDEX","ALL_ORDER","SORT_PATH","OPEN_STYLE","CLOSE_NOTICE","CREATE_USER","CREATE_TIME","UPDATE_TIME","LEAF","MENU_AUTH","REMARK","DATA_VERSION","IS_IFRAME") values ('a2c96add3b7744c3939083d5351f3828', '项目信息', '227f8578d72c4cd6b78125ab97c2f17d', 'dev-platform', '项目管理', 'devplatform/ProInfoManage/views/ProInfo', 1, 'fa fa-align-justify', 'a2c96add3b7744c3939083d5351f3828', null, null, 1, null, '000001000001', null, null, 'e924956d25d94c099430748a777a6b16', null, null, null, null, '', 0, 0);
insert into "SYS_MENU" ("ID","NAME","PARENT_ID","APP_ID","PARENT_NAME","URL","TYPE","ICON","AUTH_ID","BTN_AUTH","IS_LEAF","SORT_INDEX","ALL_ORDER","SORT_PATH","OPEN_STYLE","CLOSE_NOTICE","CREATE_USER","CREATE_TIME","UPDATE_TIME","LEAF","MENU_AUTH","REMARK","DATA_VERSION","IS_IFRAME") values ('8f9dec2ca33040e199f9e922f906dc7f', '数据源管理', '227f8578d72c4cd6b78125ab97c2f17d', 'dev-platform', '项目管理', 'devplatform/ProDatasourceManage/views/ProDatasource', 1, 'fa fa-database', '8f9dec2ca33040e199f9e922f906dc7f', null, null, 2, null, '000001000002', null, null, 'e924956d25d94c099430748a777a6b16', null, null, null, null, '', 0, 0);
insert into "SYS_MENU" ("ID","NAME","PARENT_ID","APP_ID","PARENT_NAME","URL","TYPE","ICON","AUTH_ID","BTN_AUTH","IS_LEAF","SORT_INDEX","ALL_ORDER","SORT_PATH","OPEN_STYLE","CLOSE_NOTICE","CREATE_USER","CREATE_TIME","UPDATE_TIME","LEAF","MENU_AUTH","REMARK","DATA_VERSION","IS_IFRAME") values ('ad2b809bf7084d2db69dd56793cb5e1c', '服务管理', '227f8578d72c4cd6b78125ab97c2f17d', 'dev-platform', '项目管理', '', 0, 'fa fa-binoculars', 'ad2b809bf7084d2db69dd56793cb5e1c', null, null, 3, null, '000001000003', null, null, 'e924956d25d94c099430748a777a6b16', null, null, null, null, '', 0, 0);
insert into "SYS_MENU" ("ID","NAME","PARENT_ID","APP_ID","PARENT_NAME","URL","TYPE","ICON","AUTH_ID","BTN_AUTH","IS_LEAF","SORT_INDEX","ALL_ORDER","SORT_PATH","OPEN_STYLE","CLOSE_NOTICE","CREATE_USER","CREATE_TIME","UPDATE_TIME","LEAF","MENU_AUTH","REMARK","DATA_VERSION","IS_IFRAME") values ('3860126718034cc2a7dbd8311bfb3ff1', '应用信息', 'ad2b809bf7084d2db69dd56793cb5e1c', 'dev-platform', '服务管理', 'devplatform/ProServiceManage/views/ProService', 1, 'fa fa-gears', '3860126718034cc2a7dbd8311bfb3ff1', null, null, 1, null, '000001000003000001', null, null, 'e924956d25d94c099430748a777a6b16', null, null, null, null, '', 0, 0);
insert into "SYS_MENU" ("ID","NAME","PARENT_ID","APP_ID","PARENT_NAME","URL","TYPE","ICON","AUTH_ID","BTN_AUTH","IS_LEAF","SORT_INDEX","ALL_ORDER","SORT_PATH","OPEN_STYLE","CLOSE_NOTICE","CREATE_USER","CREATE_TIME","UPDATE_TIME","LEAF","MENU_AUTH","REMARK","DATA_VERSION","IS_IFRAME") values ('2a3c459a0c814a098bdc41cb0e4b830e', '模型管理', 'ad2b809bf7084d2db69dd56793cb5e1c', 'dev-platform', '服务管理', 'devplatform/ProModelManage/views/ProModel', 1, 'fa fa-briefcase', '2a3c459a0c814a098bdc41cb0e4b830e', null, null, 2, null, '000001000003000002', null, null, 'e924956d25d94c099430748a777a6b16', null, null, null, null, '', 0, 0);
insert into "SYS_MENU" ("ID","NAME","PARENT_ID","APP_ID","PARENT_NAME","URL","TYPE","ICON","AUTH_ID","BTN_AUTH","IS_LEAF","SORT_INDEX","ALL_ORDER","SORT_PATH","OPEN_STYLE","CLOSE_NOTICE","CREATE_USER","CREATE_TIME","UPDATE_TIME","LEAF","MENU_AUTH","REMARK","DATA_VERSION","IS_IFRAME") values ('e0c7623e577d4811af97dc6eab9c14d6', '接口管理', 'ad2b809bf7084d2db69dd56793cb5e1c', 'dev-platform', '服务管理', 'devplatform/InterfaceManage/views/Interface', 1, 'fa fa-window-restore', 'e0c7623e577d4811af97dc6eab9c14d6', null, null, 3, null, '000001000003000003', null, null, 'e924956d25d94c099430748a777a6b16', null, null, null, null, '', 0, 0);
insert into "SYS_MENU" ("ID","NAME","PARENT_ID","APP_ID","PARENT_NAME","URL","TYPE","ICON","AUTH_ID","BTN_AUTH","IS_LEAF","SORT_INDEX","ALL_ORDER","SORT_PATH","OPEN_STYLE","CLOSE_NOTICE","CREATE_USER","CREATE_TIME","UPDATE_TIME","LEAF","MENU_AUTH","REMARK","DATA_VERSION","IS_IFRAME") values ('c6d75746103e4dc99d9d0ce27f0e1af1', '页面设计', 'ad2b809bf7084d2db69dd56793cb5e1c', 'dev-platform', '服务管理', 'devplatform/PageDesignManage/views/PageDesign', 1, 'fa fa-window-maximize', 'c6d75746103e4dc99d9d0ce27f0e1af1', null, null, 4, null, '000001000003000004', null, null, 'e924956d25d94c099430748a777a6b16', null, null, null, null, '', 0, 0);
insert into "SYS_MENU" ("ID","NAME","PARENT_ID","APP_ID","PARENT_NAME","URL","TYPE","ICON","AUTH_ID","BTN_AUTH","IS_LEAF","SORT_INDEX","ALL_ORDER","SORT_PATH","OPEN_STYLE","CLOSE_NOTICE","CREATE_USER","CREATE_TIME","UPDATE_TIME","LEAF","MENU_AUTH","REMARK","DATA_VERSION","IS_IFRAME") values ('09a55900eb974483b599b4343afb7c52', '系统管理', '0', 'dev-platform', '一级菜单', '', 0, 'fa fa-archive', '09a55900eb974483b599b4343afb7c52', null, null, 2, null, '000002', null, null, 'e924956d25d94c099430748a777a6b16', null, null, null, null, '', 0, 0);
insert into "SYS_MENU" ("ID","NAME","PARENT_ID","APP_ID","PARENT_NAME","URL","TYPE","ICON","AUTH_ID","BTN_AUTH","IS_LEAF","SORT_INDEX","ALL_ORDER","SORT_PATH","OPEN_STYLE","CLOSE_NOTICE","CREATE_USER","CREATE_TIME","UPDATE_TIME","LEAF","MENU_AUTH","REMARK","DATA_VERSION","IS_IFRAME") values ('e668d7fddbac4aa3a3fdb6502d00ac7d', '用户管理', '09a55900eb974483b599b4343afb7c52', 'dev-platform', '系统管理', 'devplatform/UserManage/views/DevUser', 1, 'fa fa-user', 'e668d7fddbac4aa3a3fdb6502d00ac7d', null, null, 1, null, '000002000001', null, null, 'e924956d25d94c099430748a777a6b16', null, null, null, null, '', 0, 0);
/**
authRole
*/
insert into "SYS_AUTH_ROLE" ("ID","AUTH_ID","ROLE_ID","SIGN","IS_REVOKE","CREATE_USER","CREATE_TIME","UPDATE_TIME","REMARK","AUTH_NAME","ROLE_NAME") values ('04cf67c89b9b4fcca2387096ea809ace', '227f8578d72c4cd6b78125ab97c2f17d', 'devadmin', null, 0, '1d25e7e5ce164c95bd283f7d6c9b644a', null, null, null, '项目管理', 'devadmin');
insert into "SYS_AUTH_ROLE" ("ID","AUTH_ID","ROLE_ID","SIGN","IS_REVOKE","CREATE_USER","CREATE_TIME","UPDATE_TIME","REMARK","AUTH_NAME","ROLE_NAME") values ('de0be48b7de54f438270d57d2189c7b4', 'a2c96add3b7744c3939083d5351f3828', 'devadmin', null, 0, '1d25e7e5ce164c95bd283f7d6c9b644a', null, null, null, '项目信息', 'devadmin');
insert into "SYS_AUTH_ROLE" ("ID","AUTH_ID","ROLE_ID","SIGN","IS_REVOKE","CREATE_USER","CREATE_TIME","UPDATE_TIME","REMARK","AUTH_NAME","ROLE_NAME") values ('9f4676acbf954ba3a6954c2cb636d3ce', '8f9dec2ca33040e199f9e922f906dc7f', 'devadmin', null, 0, '1d25e7e5ce164c95bd283f7d6c9b644a', null, null, null, '数据源管理', 'devadmin');
insert into "SYS_AUTH_ROLE" ("ID","AUTH_ID","ROLE_ID","SIGN","IS_REVOKE","CREATE_USER","CREATE_TIME","UPDATE_TIME","REMARK","AUTH_NAME","ROLE_NAME") values ('e6199f9a57e743f1a9a9bcc62e182152', 'ad2b809bf7084d2db69dd56793cb5e1c', 'devadmin', null, 0, '1d25e7e5ce164c95bd283f7d6c9b644a', null, null, null, '服务管理', 'devadmin');
insert into "SYS_AUTH_ROLE" ("ID","AUTH_ID","ROLE_ID","SIGN","IS_REVOKE","CREATE_USER","CREATE_TIME","UPDATE_TIME","REMARK","AUTH_NAME","ROLE_NAME") values ('51c7be6e3dd44e94aff6323b0b5c51a6', '3860126718034cc2a7dbd8311bfb3ff1', 'devadmin', null, 0, '1d25e7e5ce164c95bd283f7d6c9b644a', null, null, null, '应用信息', 'devadmin');
insert into "SYS_AUTH_ROLE" ("ID","AUTH_ID","ROLE_ID","SIGN","IS_REVOKE","CREATE_USER","CREATE_TIME","UPDATE_TIME","REMARK","AUTH_NAME","ROLE_NAME") values ('2dfe00218f0241aeb08910db93df297b', '2a3c459a0c814a098bdc41cb0e4b830e', 'devadmin', null, 0, '1d25e7e5ce164c95bd283f7d6c9b644a', null, null, null, '模型管理', 'devadmin');
insert into "SYS_AUTH_ROLE" ("ID","AUTH_ID","ROLE_ID","SIGN","IS_REVOKE","CREATE_USER","CREATE_TIME","UPDATE_TIME","REMARK","AUTH_NAME","ROLE_NAME") values ('08b8f310fab643a5ba5eb1b6eba750fa', 'e0c7623e577d4811af97dc6eab9c14d6', 'devadmin', null, 0, '1d25e7e5ce164c95bd283f7d6c9b644a', null, null, null, '接口管理', 'devadmin');
insert into "SYS_AUTH_ROLE" ("ID","AUTH_ID","ROLE_ID","SIGN","IS_REVOKE","CREATE_USER","CREATE_TIME","UPDATE_TIME","REMARK","AUTH_NAME","ROLE_NAME") values ('e8bcac4e780e4519a3366cf17315f8f0', 'c6d75746103e4dc99d9d0ce27f0e1af1', 'devadmin', null, 0, '1d25e7e5ce164c95bd283f7d6c9b644a', null, null, null, '页面设计', 'devadmin');
insert into "SYS_AUTH_ROLE" ("ID","AUTH_ID","ROLE_ID","SIGN","IS_REVOKE","CREATE_USER","CREATE_TIME","UPDATE_TIME","REMARK","AUTH_NAME","ROLE_NAME") values ('da10a934b1594f0186632e4648a6be11', '09a55900eb974483b599b4343afb7c52', 'devadmin', null, 0, '1d25e7e5ce164c95bd283f7d6c9b644a', null, null, null, '系统管理', 'devadmin');
insert into "SYS_AUTH_ROLE" ("ID","AUTH_ID","ROLE_ID","SIGN","IS_REVOKE","CREATE_USER","CREATE_TIME","UPDATE_TIME","REMARK","AUTH_NAME","ROLE_NAME") values ('0a20ddf3dbc34d54a3dda4f29bfe76e4', 'e668d7fddbac4aa3a3fdb6502d00ac7d', 'devadmin', null, 0, '1d25e7e5ce164c95bd283f7d6c9b644a', null, null, null, '用户管理', 'devadmin');
insert into "SYS_AUTH_ROLE" ("ID","AUTH_ID","ROLE_ID","SIGN","IS_REVOKE","CREATE_USER","CREATE_TIME","UPDATE_TIME","REMARK","AUTH_NAME","ROLE_NAME") values ('63fcfef7a9474548bb0646c9b4d00a57', '8f9dec2ca33040e199f9e922f906dc7f', 'devdeveloper', null, 0, '1d25e7e5ce164c95bd283f7d6c9b644a', null, null, null, '数据源管理', 'devdeveloper');
insert into "SYS_AUTH_ROLE" ("ID","AUTH_ID","ROLE_ID","SIGN","IS_REVOKE","CREATE_USER","CREATE_TIME","UPDATE_TIME","REMARK","AUTH_NAME","ROLE_NAME") values ('9bcf56b499a6434598c12ac59b0a7a7d', '7416563936d84eefafc65325402b380e', 'devdeveloper', null, 0, '1d25e7e5ce164c95bd283f7d6c9b644a', null, null, null, '增删改', 'devdeveloper');
insert into "SYS_AUTH_ROLE" ("ID","AUTH_ID","ROLE_ID","SIGN","IS_REVOKE","CREATE_USER","CREATE_TIME","UPDATE_TIME","REMARK","AUTH_NAME","ROLE_NAME") values ('f7255dc72c594baa8f57a201cfa3e4e6', 'ad2b809bf7084d2db69dd56793cb5e1c', 'devdeveloper', null, 0, '1d25e7e5ce164c95bd283f7d6c9b644a', null, null, null, '服务管理', 'devdeveloper');
insert into "SYS_AUTH_ROLE" ("ID","AUTH_ID","ROLE_ID","SIGN","IS_REVOKE","CREATE_USER","CREATE_TIME","UPDATE_TIME","REMARK","AUTH_NAME","ROLE_NAME") values ('56336e15844a4e3291380467f75923c4', '3860126718034cc2a7dbd8311bfb3ff1', 'devdeveloper', null, 0, '1d25e7e5ce164c95bd283f7d6c9b644a', null, null, null, '应用信息', 'devdeveloper');
insert into "SYS_AUTH_ROLE" ("ID","AUTH_ID","ROLE_ID","SIGN","IS_REVOKE","CREATE_USER","CREATE_TIME","UPDATE_TIME","REMARK","AUTH_NAME","ROLE_NAME") values ('913e1e09cc9f43ac8990a36a493e2071', '9c844c3686904ccb8ed6c51bd5a7bf5d', 'devdeveloper', null, 0, '1d25e7e5ce164c95bd283f7d6c9b644a', null, null, null, '增删改', 'devdeveloper');
insert into "SYS_AUTH_ROLE" ("ID","AUTH_ID","ROLE_ID","SIGN","IS_REVOKE","CREATE_USER","CREATE_TIME","UPDATE_TIME","REMARK","AUTH_NAME","ROLE_NAME") values ('2177ca2503ef42f4a545212619e82e09', '2a3c459a0c814a098bdc41cb0e4b830e', 'devdeveloper', null, 0, '1d25e7e5ce164c95bd283f7d6c9b644a', null, null, null, '模型管理', 'devdeveloper');
insert into "SYS_AUTH_ROLE" ("ID","AUTH_ID","ROLE_ID","SIGN","IS_REVOKE","CREATE_USER","CREATE_TIME","UPDATE_TIME","REMARK","AUTH_NAME","ROLE_NAME") values ('bba9df1c426d4ca5843d050a692438ed', '1ea55832fa9c40979e015f8c12c420b3', 'devdeveloper', null, 0, '1d25e7e5ce164c95bd283f7d6c9b644a', null, null, null, '增删改', 'devdeveloper');
insert into "SYS_AUTH_ROLE" ("ID","AUTH_ID","ROLE_ID","SIGN","IS_REVOKE","CREATE_USER","CREATE_TIME","UPDATE_TIME","REMARK","AUTH_NAME","ROLE_NAME") values ('32f524b1016e4720a81e2ebb9d010385', 'e0c7623e577d4811af97dc6eab9c14d6', 'devdeveloper', null, 0, '1d25e7e5ce164c95bd283f7d6c9b644a', null, null, null, '接口管理', 'devdeveloper');
insert into "SYS_AUTH_ROLE" ("ID","AUTH_ID","ROLE_ID","SIGN","IS_REVOKE","CREATE_USER","CREATE_TIME","UPDATE_TIME","REMARK","AUTH_NAME","ROLE_NAME") values ('39449e153dad40dead0ec02bab2a65b1', '5373fd0c912b4c0fa4c46474199f9858', 'devdeveloper', null, 0, '1d25e7e5ce164c95bd283f7d6c9b644a', null, null, null, '增删改', 'devdeveloper');
insert into "SYS_AUTH_ROLE" ("ID","AUTH_ID","ROLE_ID","SIGN","IS_REVOKE","CREATE_USER","CREATE_TIME","UPDATE_TIME","REMARK","AUTH_NAME","ROLE_NAME") values ('4772d682ebc547c8ac7706b799cd7493', 'c6d75746103e4dc99d9d0ce27f0e1af1', 'devdeveloper', null, 0, '1d25e7e5ce164c95bd283f7d6c9b644a', null, null, null, '页面设计', 'devdeveloper');
insert into "SYS_AUTH_ROLE" ("ID","AUTH_ID","ROLE_ID","SIGN","IS_REVOKE","CREATE_USER","CREATE_TIME","UPDATE_TIME","REMARK","AUTH_NAME","ROLE_NAME") values ('2e9fba4f85f34f019e9e079758dc17a1', 'd9ec0e8823c44aab931666f72bee0965', 'devdeveloper', null, 0, '1d25e7e5ce164c95bd283f7d6c9b644a', null, null, null, '增删改', 'devdeveloper');
insert into "SYS_AUTH_ROLE" ("ID","AUTH_ID","ROLE_ID","SIGN","IS_REVOKE","CREATE_USER","CREATE_TIME","UPDATE_TIME","REMARK","AUTH_NAME","ROLE_NAME") values ('201787a581b44b9d955f6c09ed5d3e41', '227f8578d72c4cd6b78125ab97c2f17d', 'devdeveloper', null, 0, '1d25e7e5ce164c95bd283f7d6c9b644a', null, null, null, '项目管理', 'devdeveloper');
insert into "SYS_AUTH_ROLE" ("ID","AUTH_ID","ROLE_ID","SIGN","IS_REVOKE","CREATE_USER","CREATE_TIME","UPDATE_TIME","REMARK","AUTH_NAME","ROLE_NAME") values ('237153192b1b4a11b850bad035bda80e', 'a2c96add3b7744c3939083d5351f3828', 'devmaintainer', null, 0, '1d25e7e5ce164c95bd283f7d6c9b644a', null, null, null, '项目信息', 'devmaintainer');
insert into "SYS_AUTH_ROLE" ("ID","AUTH_ID","ROLE_ID","SIGN","IS_REVOKE","CREATE_USER","CREATE_TIME","UPDATE_TIME","REMARK","AUTH_NAME","ROLE_NAME") values ('8856daf09bce48a2924ad53d923ecef2', '74b709f180014414831c66d0ff290a49', 'devmaintainer', null, 0, '1d25e7e5ce164c95bd283f7d6c9b644a', null, null, null, '增删改', 'devmaintainer');
insert into "SYS_AUTH_ROLE" ("ID","AUTH_ID","ROLE_ID","SIGN","IS_REVOKE","CREATE_USER","CREATE_TIME","UPDATE_TIME","REMARK","AUTH_NAME","ROLE_NAME") values ('a58946f890d24cab8bf26e4ed1ee8a2f', '8f9dec2ca33040e199f9e922f906dc7f', 'devmaintainer', null, 0, '1d25e7e5ce164c95bd283f7d6c9b644a', null, null, null, '数据源管理', 'devmaintainer');
insert into "SYS_AUTH_ROLE" ("ID","AUTH_ID","ROLE_ID","SIGN","IS_REVOKE","CREATE_USER","CREATE_TIME","UPDATE_TIME","REMARK","AUTH_NAME","ROLE_NAME") values ('c75d7aa985ea496ba2a8784adfe40f09', 'ad2b809bf7084d2db69dd56793cb5e1c', 'devmaintainer', null, 0, '1d25e7e5ce164c95bd283f7d6c9b644a', null, null, null, '服务管理', 'devmaintainer');
insert into "SYS_AUTH_ROLE" ("ID","AUTH_ID","ROLE_ID","SIGN","IS_REVOKE","CREATE_USER","CREATE_TIME","UPDATE_TIME","REMARK","AUTH_NAME","ROLE_NAME") values ('b172fdac4cce47c89516a337d523e938', '3860126718034cc2a7dbd8311bfb3ff1', 'devmaintainer', null, 0, '1d25e7e5ce164c95bd283f7d6c9b644a', null, null, null, '应用信息', 'devmaintainer');
insert into "SYS_AUTH_ROLE" ("ID","AUTH_ID","ROLE_ID","SIGN","IS_REVOKE","CREATE_USER","CREATE_TIME","UPDATE_TIME","REMARK","AUTH_NAME","ROLE_NAME") values ('cbcfae2bec734c3ea6c6fc78c7552c0c', '2a3c459a0c814a098bdc41cb0e4b830e', 'devmaintainer', null, 0, '1d25e7e5ce164c95bd283f7d6c9b644a', null, null, null, '模型管理', 'devmaintainer');
insert into "SYS_AUTH_ROLE" ("ID","AUTH_ID","ROLE_ID","SIGN","IS_REVOKE","CREATE_USER","CREATE_TIME","UPDATE_TIME","REMARK","AUTH_NAME","ROLE_NAME") values ('cdbd5a12a6d7475698a69edb108294f1', 'e0c7623e577d4811af97dc6eab9c14d6', 'devmaintainer', null, 0, '1d25e7e5ce164c95bd283f7d6c9b644a', null, null, null, '接口管理', 'devmaintainer');
insert into "SYS_AUTH_ROLE" ("ID","AUTH_ID","ROLE_ID","SIGN","IS_REVOKE","CREATE_USER","CREATE_TIME","UPDATE_TIME","REMARK","AUTH_NAME","ROLE_NAME") values ('3dc152ab58124b81bd68cbd249944644', 'c6d75746103e4dc99d9d0ce27f0e1af1', 'devmaintainer', null, 0, '1d25e7e5ce164c95bd283f7d6c9b644a', null, null, null, '页面设计', 'devmaintainer');
insert into "SYS_AUTH_ROLE" ("ID","AUTH_ID","ROLE_ID","SIGN","IS_REVOKE","CREATE_USER","CREATE_TIME","UPDATE_TIME","REMARK","AUTH_NAME","ROLE_NAME") values ('07d034a530944d2c92e2a01db9ebaa42', '227f8578d72c4cd6b78125ab97c2f17d', 'devmaintainer', null, 0, '1d25e7e5ce164c95bd283f7d6c9b644a', null, null, null, '项目管理', 'devmaintainer');
insert into "SYS_AUTH_ROLE" ("ID","AUTH_ID","ROLE_ID","SIGN","IS_REVOKE","CREATE_USER","CREATE_TIME","UPDATE_TIME","REMARK","AUTH_NAME","ROLE_NAME") values ('shuju3192b1b4a11b850bad035bda80e', '7416563936d84eefafc65325402b380e', 'devmaintainer', null, 0, '1d25e7e5ce164c95bd283f7d6c9b644a', null, null, null, '增删改', 'devmaintainer');
insert into "SYS_AUTH_ROLE" ("ID","AUTH_ID","ROLE_ID","SIGN","IS_REVOKE","CREATE_USER","CREATE_TIME","UPDATE_TIME","REMARK","AUTH_NAME","ROLE_NAME") values ('fuwu1e09cc9f43ac8990a36a493e2071', '9c844c3686904ccb8ed6c51bd5a7bf5d', 'devmaintainer', null, 0, '1d25e7e5ce164c95bd283f7d6c9b644a', null, null, null, '增删改', 'devmaintainer');
insert into "SYS_AUTH_ROLE" ("ID","AUTH_ID","ROLE_ID","SIGN","IS_REVOKE","CREATE_USER","CREATE_TIME","UPDATE_TIME","REMARK","AUTH_NAME","ROLE_NAME") values ('moxing1c426d4ca5843d050a692438ed', '1ea55832fa9c40979e015f8c12c420b3', 'devmaintainer', null, 0, '1d25e7e5ce164c95bd283f7d6c9b644a', null, null, null, '增删改', 'devmaintainer');
insert into "SYS_AUTH_ROLE" ("ID","AUTH_ID","ROLE_ID","SIGN","IS_REVOKE","CREATE_USER","CREATE_TIME","UPDATE_TIME","REMARK","AUTH_NAME","ROLE_NAME") values ('jiekoue53dad40dead0ec02bab2a65b1', '5373fd0c912b4c0fa4c46474199f9858', 'devmaintainer', null, 0, '1d25e7e5ce164c95bd283f7d6c9b644a', null, null, null, '增删改', 'devmaintainer');
insert into "SYS_AUTH_ROLE" ("ID","AUTH_ID","ROLE_ID","SIGN","IS_REVOKE","CREATE_USER","CREATE_TIME","UPDATE_TIME","REMARK","AUTH_NAME","ROLE_NAME") values ('yemian4f85f34f019e9e079758dc17a1', 'd9ec0e8823c44aab931666f72bee0965', 'devmaintainer', null, 0, '1d25e7e5ce164c95bd283f7d6c9b644a', null, null, null, '增删改', 'devmaintainer');


/**
authRole_LV
*/
insert into "SYS_AUTH_ROLE_LV" ("ID","VERSION_NO","IS_LAST_VERSION","VERSION_BEGIN_TIME","VERSION_END_TIME","VERSION_BEGIN_USER_ID","VERSION_END_USER_ID","ROLE_ID","APP_ID") values ('a7290384e3f84287bedb968f1c38ad21', 0, 1, '2020-07-13 08:06:17.994000', null, 'e924956d25d94c099430748a777a6b16', null, 'devadmin', 'dev-platform');
insert into "SYS_AUTH_ROLE_LV" ("ID","VERSION_NO","IS_LAST_VERSION","VERSION_BEGIN_TIME","VERSION_END_TIME","VERSION_BEGIN_USER_ID","VERSION_END_USER_ID","ROLE_ID","APP_ID") values ('ec0818a993014e8e9f036a0dfce2905d', 0, 1, '2020-07-13 08:06:18.091000', null, 'e924956d25d94c099430748a777a6b16', null, 'devdeveloper', 'dev-platform');
insert into "SYS_AUTH_ROLE_LV" ("ID","VERSION_NO","IS_LAST_VERSION","VERSION_BEGIN_TIME","VERSION_END_TIME","VERSION_BEGIN_USER_ID","VERSION_END_USER_ID","ROLE_ID","APP_ID") values ('ee1fe11928804140839926be7ac23c23', 0, 1, '2020-07-13 08:06:17.883000', null, 'e924956d25d94c099430748a777a6b16', null, 'devmaintainer', 'dev-platform');

/**
authRole_V
*/
insert into "SYS_AUTH_ROLE_V" ("ID","AUTH_ID","ROLE_ID","SIGN","IS_REVOKE","CREATE_USER","CREATE_TIME","UPDATE_TIME","REMARK","LV_ID","AUTH_NAME") values ('shuju3192b1b4a11b850bad035bda80e', '7416563936d84eefafc65325402b380e', 'devmaintainer', null, 0, '1d25e7e5ce164c95bd283f7d6c9b644a', null, null, null, 'ee1fe11928804140839926be7ac23c23', '增删改');
insert into "SYS_AUTH_ROLE_V" ("ID","AUTH_ID","ROLE_ID","SIGN","IS_REVOKE","CREATE_USER","CREATE_TIME","UPDATE_TIME","REMARK","LV_ID","AUTH_NAME") values ('fuwu1e09cc9f43ac8990a36a493e2071', '9c844c3686904ccb8ed6c51bd5a7bf5d', 'devmaintainer', null, 0, '1d25e7e5ce164c95bd283f7d6c9b644a', null, null, null, 'ee1fe11928804140839926be7ac23c23', '增删改');
insert into "SYS_AUTH_ROLE_V" ("ID","AUTH_ID","ROLE_ID","SIGN","IS_REVOKE","CREATE_USER","CREATE_TIME","UPDATE_TIME","REMARK","LV_ID","AUTH_NAME") values ('moxing1c426d4ca5843d050a692438ed', '1ea55832fa9c40979e015f8c12c420b3', 'devmaintainer', null, 0, '1d25e7e5ce164c95bd283f7d6c9b644a', null, null, null, 'ee1fe11928804140839926be7ac23c23', '增删改');
insert into "SYS_AUTH_ROLE_V" ("ID","AUTH_ID","ROLE_ID","SIGN","IS_REVOKE","CREATE_USER","CREATE_TIME","UPDATE_TIME","REMARK","LV_ID","AUTH_NAME") values ('jiekoue53dad40dead0ec02bab2a65b1', '5373fd0c912b4c0fa4c46474199f9858', 'devmaintainer', null, 0, '1d25e7e5ce164c95bd283f7d6c9b644a', null, null, null, 'ee1fe11928804140839926be7ac23c23', '增删改');
insert into "SYS_AUTH_ROLE_V" ("ID","AUTH_ID","ROLE_ID","SIGN","IS_REVOKE","CREATE_USER","CREATE_TIME","UPDATE_TIME","REMARK","LV_ID","AUTH_NAME") values ('yemian4f85f34f019e9e079758dc17a1', 'd9ec0e8823c44aab931666f72bee0965', 'devmaintainer', null, 0, '1d25e7e5ce164c95bd283f7d6c9b644a', null, null, null, 'ee1fe11928804140839926be7ac23c23', '增删改');

insert into "SYS_AUTH_ROLE_V" ("ID","AUTH_ID","ROLE_ID","SIGN","IS_REVOKE","CREATE_USER","CREATE_TIME","UPDATE_TIME","REMARK","LV_ID","AUTH_NAME") values ('bb7f28b20a584c35925e5ef416863d5c', 'a2c96add3b7744c3939083d5351f3828', 'devmaintainer', null, 0, '1d25e7e5ce164c95bd283f7d6c9b644a', null, null, null, 'ee1fe11928804140839926be7ac23c23', '项目信息');
insert into "SYS_AUTH_ROLE_V" ("ID","AUTH_ID","ROLE_ID","SIGN","IS_REVOKE","CREATE_USER","CREATE_TIME","UPDATE_TIME","REMARK","LV_ID","AUTH_NAME") values ('810e9c32112d47c78f66133f584241dd', '74b709f180014414831c66d0ff290a49', 'devmaintainer', null, 0, '1d25e7e5ce164c95bd283f7d6c9b644a', null, null, null, 'ee1fe11928804140839926be7ac23c23', '增删改');
insert into "SYS_AUTH_ROLE_V" ("ID","AUTH_ID","ROLE_ID","SIGN","IS_REVOKE","CREATE_USER","CREATE_TIME","UPDATE_TIME","REMARK","LV_ID","AUTH_NAME") values ('ac36d037ec944375b4d09c9afd395b3a', '8f9dec2ca33040e199f9e922f906dc7f', 'devmaintainer', null, 0, '1d25e7e5ce164c95bd283f7d6c9b644a', null, null, null, 'ee1fe11928804140839926be7ac23c23', '数据源管理');
insert into "SYS_AUTH_ROLE_V" ("ID","AUTH_ID","ROLE_ID","SIGN","IS_REVOKE","CREATE_USER","CREATE_TIME","UPDATE_TIME","REMARK","LV_ID","AUTH_NAME") values ('02140d71ecbc4cbc9912e778822f1e8a', 'ad2b809bf7084d2db69dd56793cb5e1c', 'devmaintainer', null, 0, '1d25e7e5ce164c95bd283f7d6c9b644a', null, null, null, 'ee1fe11928804140839926be7ac23c23', '服务管理');
insert into "SYS_AUTH_ROLE_V" ("ID","AUTH_ID","ROLE_ID","SIGN","IS_REVOKE","CREATE_USER","CREATE_TIME","UPDATE_TIME","REMARK","LV_ID","AUTH_NAME") values ('06d9cfe93bae4144a2dbc37b6b97f44b', '3860126718034cc2a7dbd8311bfb3ff1', 'devmaintainer', null, 0, '1d25e7e5ce164c95bd283f7d6c9b644a', null, null, null, 'ee1fe11928804140839926be7ac23c23', '应用信息');
insert into "SYS_AUTH_ROLE_V" ("ID","AUTH_ID","ROLE_ID","SIGN","IS_REVOKE","CREATE_USER","CREATE_TIME","UPDATE_TIME","REMARK","LV_ID","AUTH_NAME") values ('35b506fa12974bc58f69070d72d1e07f', '2a3c459a0c814a098bdc41cb0e4b830e', 'devmaintainer', null, 0, '1d25e7e5ce164c95bd283f7d6c9b644a', null, null, null, 'ee1fe11928804140839926be7ac23c23', '模型管理');
insert into "SYS_AUTH_ROLE_V" ("ID","AUTH_ID","ROLE_ID","SIGN","IS_REVOKE","CREATE_USER","CREATE_TIME","UPDATE_TIME","REMARK","LV_ID","AUTH_NAME") values ('057698259eb4475c9de5877709380f85', 'e0c7623e577d4811af97dc6eab9c14d6', 'devmaintainer', null, 0, '1d25e7e5ce164c95bd283f7d6c9b644a', null, null, null, 'ee1fe11928804140839926be7ac23c23', '接口管理');
insert into "SYS_AUTH_ROLE_V" ("ID","AUTH_ID","ROLE_ID","SIGN","IS_REVOKE","CREATE_USER","CREATE_TIME","UPDATE_TIME","REMARK","LV_ID","AUTH_NAME") values ('b35270a92b3f466c92ee8134e64602d3', 'c6d75746103e4dc99d9d0ce27f0e1af1', 'devmaintainer', null, 0, '1d25e7e5ce164c95bd283f7d6c9b644a', null, null, null, 'ee1fe11928804140839926be7ac23c23', '页面设计');
insert into "SYS_AUTH_ROLE_V" ("ID","AUTH_ID","ROLE_ID","SIGN","IS_REVOKE","CREATE_USER","CREATE_TIME","UPDATE_TIME","REMARK","LV_ID","AUTH_NAME") values ('e1a3b9e7247c4243a8f6942d6c2abfff', '227f8578d72c4cd6b78125ab97c2f17d', 'devmaintainer', null, 0, '1d25e7e5ce164c95bd283f7d6c9b644a', null, null, null, 'ee1fe11928804140839926be7ac23c23', '项目管理');
insert into "SYS_AUTH_ROLE_V" ("ID","AUTH_ID","ROLE_ID","SIGN","IS_REVOKE","CREATE_USER","CREATE_TIME","UPDATE_TIME","REMARK","LV_ID","AUTH_NAME") values ('c8f237f26efa4f3f974c0f880ca3f5fc', '227f8578d72c4cd6b78125ab97c2f17d', 'devadmin', null, 0, '1d25e7e5ce164c95bd283f7d6c9b644a', null, null, null, 'a7290384e3f84287bedb968f1c38ad21', '项目管理');
insert into "SYS_AUTH_ROLE_V" ("ID","AUTH_ID","ROLE_ID","SIGN","IS_REVOKE","CREATE_USER","CREATE_TIME","UPDATE_TIME","REMARK","LV_ID","AUTH_NAME") values ('0a09978928a446d983def544237198f2', 'a2c96add3b7744c3939083d5351f3828', 'devadmin', null, 0, '1d25e7e5ce164c95bd283f7d6c9b644a', null, null, null, 'a7290384e3f84287bedb968f1c38ad21', '项目信息');
insert into "SYS_AUTH_ROLE_V" ("ID","AUTH_ID","ROLE_ID","SIGN","IS_REVOKE","CREATE_USER","CREATE_TIME","UPDATE_TIME","REMARK","LV_ID","AUTH_NAME") values ('8e540b8dffa544369cd4e3253accf213', '8f9dec2ca33040e199f9e922f906dc7f', 'devadmin', null, 0, '1d25e7e5ce164c95bd283f7d6c9b644a', null, null, null, 'a7290384e3f84287bedb968f1c38ad21', '数据源管理');
insert into "SYS_AUTH_ROLE_V" ("ID","AUTH_ID","ROLE_ID","SIGN","IS_REVOKE","CREATE_USER","CREATE_TIME","UPDATE_TIME","REMARK","LV_ID","AUTH_NAME") values ('f569b4bded3644f7ac6b0fb8b95afc65', 'ad2b809bf7084d2db69dd56793cb5e1c', 'devadmin', null, 0, '1d25e7e5ce164c95bd283f7d6c9b644a', null, null, null, 'a7290384e3f84287bedb968f1c38ad21', '服务管理');
insert into "SYS_AUTH_ROLE_V" ("ID","AUTH_ID","ROLE_ID","SIGN","IS_REVOKE","CREATE_USER","CREATE_TIME","UPDATE_TIME","REMARK","LV_ID","AUTH_NAME") values ('90bc0a6c442c4a1780fec75f73dd6ea6', '3860126718034cc2a7dbd8311bfb3ff1', 'devadmin', null, 0, '1d25e7e5ce164c95bd283f7d6c9b644a', null, null, null, 'a7290384e3f84287bedb968f1c38ad21', '应用信息');
insert into "SYS_AUTH_ROLE_V" ("ID","AUTH_ID","ROLE_ID","SIGN","IS_REVOKE","CREATE_USER","CREATE_TIME","UPDATE_TIME","REMARK","LV_ID","AUTH_NAME") values ('ae2228ed1fc14c1398ccbb9cf99484d5', '2a3c459a0c814a098bdc41cb0e4b830e', 'devadmin', null, 0, '1d25e7e5ce164c95bd283f7d6c9b644a', null, null, null, 'a7290384e3f84287bedb968f1c38ad21', '模型管理');
insert into "SYS_AUTH_ROLE_V" ("ID","AUTH_ID","ROLE_ID","SIGN","IS_REVOKE","CREATE_USER","CREATE_TIME","UPDATE_TIME","REMARK","LV_ID","AUTH_NAME") values ('1da1394937134d48a65b36969d10e946', 'e0c7623e577d4811af97dc6eab9c14d6', 'devadmin', null, 0, '1d25e7e5ce164c95bd283f7d6c9b644a', null, null, null, 'a7290384e3f84287bedb968f1c38ad21', '接口管理');
insert into "SYS_AUTH_ROLE_V" ("ID","AUTH_ID","ROLE_ID","SIGN","IS_REVOKE","CREATE_USER","CREATE_TIME","UPDATE_TIME","REMARK","LV_ID","AUTH_NAME") values ('7253b0d2b1a540ce919655a4e33918f0', 'c6d75746103e4dc99d9d0ce27f0e1af1', 'devadmin', null, 0, '1d25e7e5ce164c95bd283f7d6c9b644a', null, null, null, 'a7290384e3f84287bedb968f1c38ad21', '页面设计');
insert into "SYS_AUTH_ROLE_V" ("ID","AUTH_ID","ROLE_ID","SIGN","IS_REVOKE","CREATE_USER","CREATE_TIME","UPDATE_TIME","REMARK","LV_ID","AUTH_NAME") values ('92ba1fa375534e5891ec12a854cd584d', '09a55900eb974483b599b4343afb7c52', 'devadmin', null, 0, '1d25e7e5ce164c95bd283f7d6c9b644a', null, null, null, 'a7290384e3f84287bedb968f1c38ad21', '系统管理');
insert into "SYS_AUTH_ROLE_V" ("ID","AUTH_ID","ROLE_ID","SIGN","IS_REVOKE","CREATE_USER","CREATE_TIME","UPDATE_TIME","REMARK","LV_ID","AUTH_NAME") values ('2cc3a95856534b4aa5135807842f1284', 'e668d7fddbac4aa3a3fdb6502d00ac7d', 'devadmin', null, 0, '1d25e7e5ce164c95bd283f7d6c9b644a', null, null, null, 'a7290384e3f84287bedb968f1c38ad21', '用户管理');
insert into "SYS_AUTH_ROLE_V" ("ID","AUTH_ID","ROLE_ID","SIGN","IS_REVOKE","CREATE_USER","CREATE_TIME","UPDATE_TIME","REMARK","LV_ID","AUTH_NAME") values ('4cac209116d341a5a09d889d754c155a', '8f9dec2ca33040e199f9e922f906dc7f', 'devdeveloper', null, 0, '1d25e7e5ce164c95bd283f7d6c9b644a', null, null, null, 'ec0818a993014e8e9f036a0dfce2905d', '数据源管理');
insert into "SYS_AUTH_ROLE_V" ("ID","AUTH_ID","ROLE_ID","SIGN","IS_REVOKE","CREATE_USER","CREATE_TIME","UPDATE_TIME","REMARK","LV_ID","AUTH_NAME") values ('ef0b7f9119804dcebb30244ad08f5100', '7416563936d84eefafc65325402b380e', 'devdeveloper', null, 0, '1d25e7e5ce164c95bd283f7d6c9b644a', null, null, null, 'ec0818a993014e8e9f036a0dfce2905d', '增删改');
insert into "SYS_AUTH_ROLE_V" ("ID","AUTH_ID","ROLE_ID","SIGN","IS_REVOKE","CREATE_USER","CREATE_TIME","UPDATE_TIME","REMARK","LV_ID","AUTH_NAME") values ('35468f0ad4904564b9b0b3770294202f', 'ad2b809bf7084d2db69dd56793cb5e1c', 'devdeveloper', null, 0, '1d25e7e5ce164c95bd283f7d6c9b644a', null, null, null, 'ec0818a993014e8e9f036a0dfce2905d', '服务管理');
insert into "SYS_AUTH_ROLE_V" ("ID","AUTH_ID","ROLE_ID","SIGN","IS_REVOKE","CREATE_USER","CREATE_TIME","UPDATE_TIME","REMARK","LV_ID","AUTH_NAME") values ('92d2d2b8bcf3408eb5395f1b661e9583', '3860126718034cc2a7dbd8311bfb3ff1', 'devdeveloper', null, 0, '1d25e7e5ce164c95bd283f7d6c9b644a', null, null, null, 'ec0818a993014e8e9f036a0dfce2905d', '应用信息');
insert into "SYS_AUTH_ROLE_V" ("ID","AUTH_ID","ROLE_ID","SIGN","IS_REVOKE","CREATE_USER","CREATE_TIME","UPDATE_TIME","REMARK","LV_ID","AUTH_NAME") values ('6abce43f575c4831b08f3ea30cbf4b2e', '9c844c3686904ccb8ed6c51bd5a7bf5d', 'devdeveloper', null, 0, '1d25e7e5ce164c95bd283f7d6c9b644a', null, null, null, 'ec0818a993014e8e9f036a0dfce2905d', '增删改');
insert into "SYS_AUTH_ROLE_V" ("ID","AUTH_ID","ROLE_ID","SIGN","IS_REVOKE","CREATE_USER","CREATE_TIME","UPDATE_TIME","REMARK","LV_ID","AUTH_NAME") values ('e651a44810bc47c8941af46025cbe4cf', '2a3c459a0c814a098bdc41cb0e4b830e', 'devdeveloper', null, 0, '1d25e7e5ce164c95bd283f7d6c9b644a', null, null, null, 'ec0818a993014e8e9f036a0dfce2905d', '模型管理');
insert into "SYS_AUTH_ROLE_V" ("ID","AUTH_ID","ROLE_ID","SIGN","IS_REVOKE","CREATE_USER","CREATE_TIME","UPDATE_TIME","REMARK","LV_ID","AUTH_NAME") values ('8a04a50c7bb8451ba15f1961cbb171da', '1ea55832fa9c40979e015f8c12c420b3', 'devdeveloper', null, 0, '1d25e7e5ce164c95bd283f7d6c9b644a', null, null, null, 'ec0818a993014e8e9f036a0dfce2905d', '增删改');
insert into "SYS_AUTH_ROLE_V" ("ID","AUTH_ID","ROLE_ID","SIGN","IS_REVOKE","CREATE_USER","CREATE_TIME","UPDATE_TIME","REMARK","LV_ID","AUTH_NAME") values ('b29fe8d9a17f4ed990f688bc76a0b068', 'e0c7623e577d4811af97dc6eab9c14d6', 'devdeveloper', null, 0, '1d25e7e5ce164c95bd283f7d6c9b644a', null, null, null, 'ec0818a993014e8e9f036a0dfce2905d', '接口管理');
insert into "SYS_AUTH_ROLE_V" ("ID","AUTH_ID","ROLE_ID","SIGN","IS_REVOKE","CREATE_USER","CREATE_TIME","UPDATE_TIME","REMARK","LV_ID","AUTH_NAME") values ('90cea634d13844a4af119f1307c1ff2d', '5373fd0c912b4c0fa4c46474199f9858', 'devdeveloper', null, 0, '1d25e7e5ce164c95bd283f7d6c9b644a', null, null, null, 'ec0818a993014e8e9f036a0dfce2905d', '增删改');
insert into "SYS_AUTH_ROLE_V" ("ID","AUTH_ID","ROLE_ID","SIGN","IS_REVOKE","CREATE_USER","CREATE_TIME","UPDATE_TIME","REMARK","LV_ID","AUTH_NAME") values ('bcb2ad89f29a433aba5720adf8fb99af', 'c6d75746103e4dc99d9d0ce27f0e1af1', 'devdeveloper', null, 0, '1d25e7e5ce164c95bd283f7d6c9b644a', null, null, null, 'ec0818a993014e8e9f036a0dfce2905d', '页面设计');
insert into "SYS_AUTH_ROLE_V" ("ID","AUTH_ID","ROLE_ID","SIGN","IS_REVOKE","CREATE_USER","CREATE_TIME","UPDATE_TIME","REMARK","LV_ID","AUTH_NAME") values ('be50571590e145c0a7f55e707d55bf65', 'd9ec0e8823c44aab931666f72bee0965', 'devdeveloper', null, 0, '1d25e7e5ce164c95bd283f7d6c9b644a', null, null, null, 'ec0818a993014e8e9f036a0dfce2905d', '增删改');
insert into "SYS_AUTH_ROLE_V" ("ID","AUTH_ID","ROLE_ID","SIGN","IS_REVOKE","CREATE_USER","CREATE_TIME","UPDATE_TIME","REMARK","LV_ID","AUTH_NAME") values ('80452d237e44470994d0d7d5c1f98d89', '227f8578d72c4cd6b78125ab97c2f17d', 'devdeveloper', null, 0, '1d25e7e5ce164c95bd283f7d6c9b644a', null, null, null, 'ec0818a993014e8e9f036a0dfce2905d', '项目管理');

insert into "SYS_AUTH_ROLE" ("ID","AUTH_ID","ROLE_ID","SIGN","IS_REVOKE","CREATE_USER","CREATE_TIME","UPDATE_TIME","REMARK","AUTH_NAME","ROLE_NAME") values ('741787a581b44b9d955f6c09ed5d3e41', 'a2c96add3b7744c3939083d5351f3828', 'devdeveloper', null, 0, '1d25e7e5ce164c95bd283f7d6c9b644a', null, null, null, '项目信息', 'devdeveloper');
insert into "SYS_AUTH_ROLE_V" ("ID","AUTH_ID","ROLE_ID","SIGN","IS_REVOKE","CREATE_USER","CREATE_TIME","UPDATE_TIME","REMARK","LV_ID","AUTH_NAME") values ('34442d237e44470994d0d7d5c1f98d89', 'a2c96add3b7744c3939083d5351f3828', 'devdeveloper', null, 0, '1d25e7e5ce164c95bd283f7d6c9b644a', null, null, null, 'ec0818a993014e8e9f036a0dfce2905d', '项目信息');

/**
建表
 */
CREATE TABLE "PRO_INFO"
(
"ID" VARCHAR2(50) NOT NULL,
"NAME" VARCHAR2(50),
"CREATE_TIME" DATETIME(6),
"MAINTAIN_STAFFS" VARCHAR2(2000),
"CODE" VARCHAR2(50),
"REMARK" VARCHAR2(2000),
"IS_DELETE" INTEGER,
NOT CLUSTER PRIMARY KEY("ID"));
COMMENT ON TABLE "PRO_INFO" IS '项目信息表';
COMMENT ON COLUMN "PRO_INFO"."CODE" IS '标识';
COMMENT ON COLUMN "PRO_INFO"."CREATE_TIME" IS '创建时间';
COMMENT ON COLUMN "PRO_INFO"."ID" IS '主键';
COMMENT ON COLUMN "PRO_INFO"."IS_DELETE" IS '是否删除，0否，1是';
COMMENT ON COLUMN "PRO_INFO"."MAINTAIN_STAFFS" IS '维护人员ID(多人使用,分割)';
COMMENT ON COLUMN "PRO_INFO"."NAME" IS '项目名称';
COMMENT ON COLUMN "PRO_INFO"."REMARK" IS '备注';

CREATE TABLE "PRO_DATASOURCE"
(
"ID" VARCHAR2(50) NOT NULL,
"NAME" VARCHAR2(50),
"URL" VARCHAR2(200),
"USER_NAME" VARCHAR2(50),
"PASSWORD" VARCHAR2(50),
"DRIVER" VARCHAR2(50),
"SCHEME" VARCHAR2(50),
"REMARK" VARCHAR2(2000),
"TYPE" VARCHAR2(50) NOT NULL,
NOT CLUSTER PRIMARY KEY("ID"));
COMMENT ON TABLE "PRO_DATASOURCE" IS '数据源';
COMMENT ON COLUMN "PRO_DATASOURCE"."DRIVER" IS '驱动名称';
COMMENT ON COLUMN "PRO_DATASOURCE"."ID" IS '主键';
COMMENT ON COLUMN "PRO_DATASOURCE"."NAME" IS '数据源名称';
COMMENT ON COLUMN "PRO_DATASOURCE"."PASSWORD" IS '密码';
COMMENT ON COLUMN "PRO_DATASOURCE"."REMARK" IS '备注';
COMMENT ON COLUMN "PRO_DATASOURCE"."SCHEME" IS 'SCHEME名称';
COMMENT ON COLUMN "PRO_DATASOURCE"."TYPE" IS '数据库类型';
COMMENT ON COLUMN "PRO_DATASOURCE"."URL" IS '路径';
COMMENT ON COLUMN "PRO_DATASOURCE"."USER_NAME" IS '数据库用户';

CREATE TABLE "PRO_SERVICE"
(
"ID" VARCHAR2(50) NOT NULL,
"NAME" VARCHAR2(50),
"IS_ENABLE_AUTH" INTEGER,
"IS_ENABLE_LOG" INTEGER,
"DS_ID" VARCHAR2(50),
"APP_ID" VARCHAR2(50),
"PACKAGE_NAME" VARCHAR2(50),
"CREATE_SERVICE_FLG" INTEGER,
"IP_PORT" VARCHAR2(50),
"NACOS_SERVER_ADDR" VARCHAR2(50),
"REDIS_DATA_BASE" INTEGER,
"REDIS_HOST" VARCHAR2(50),
"REDIS_PORT" VARCHAR2(50),
"REDIS_PASSWORD" VARCHAR2(50),
"PRO_INFO_ID" VARCHAR2(50),
"IS_DELETE" INTEGER,
NOT CLUSTER PRIMARY KEY("ID"),
CONSTRAINT "FK_PRO_SERVIE_INFO_ID" FOREIGN KEY("PRO_INFO_ID") REFERENCES "PRO_INFO"("ID") ON DELETE CASCADE);
COMMENT ON TABLE "PRO_SERVICE" IS '应用管理';
COMMENT ON COLUMN "PRO_SERVICE"."APP_ID" IS '应用标识';
COMMENT ON COLUMN "PRO_SERVICE"."CREATE_SERVICE_FLG" IS '是否生成过服务，0否，1是';
COMMENT ON COLUMN "PRO_SERVICE"."DS_ID" IS '数据源id';
COMMENT ON COLUMN "PRO_SERVICE"."ID" IS '主键';
COMMENT ON COLUMN "PRO_SERVICE"."IP_PORT" IS '应用发布服务端口';
COMMENT ON COLUMN "PRO_SERVICE"."IS_DELETE" IS '是否删除，0否，1是';
COMMENT ON COLUMN "PRO_SERVICE"."IS_ENABLE_AUTH" IS '启用权限 1启用0不启用';
COMMENT ON COLUMN "PRO_SERVICE"."IS_ENABLE_LOG" IS '启用日志1启用0不启用';
COMMENT ON COLUMN "PRO_SERVICE"."NACOS_SERVER_ADDR" IS 'Nacos服务地址';
COMMENT ON COLUMN "PRO_SERVICE"."NAME" IS '应用名称';
COMMENT ON COLUMN "PRO_SERVICE"."PACKAGE_NAME" IS '包名';
COMMENT ON COLUMN "PRO_SERVICE"."PRO_INFO_ID" IS '项目ID';
COMMENT ON COLUMN "PRO_SERVICE"."REDIS_DATA_BASE" IS 'Redis数据库索引';
COMMENT ON COLUMN "PRO_SERVICE"."REDIS_HOST" IS 'Redis服务器地址';
COMMENT ON COLUMN "PRO_SERVICE"."REDIS_PASSWORD" IS 'Redis连接密码';
COMMENT ON COLUMN "PRO_SERVICE"."REDIS_PORT" IS 'Redis连接端口';

CREATE TABLE "PRO_PAGE_INFO"
(
"ID" VARCHAR2(50) NOT NULL,
"NAME" VARCHAR2(50),
"DES" VARCHAR2(2000),
"JS_CODE" CLOB,
"HTML_CODE" CLOB,
"MODEL_IDS" VARCHAR2(2000),
"CREATE_TIME" DATETIME(6),
"SERVICE_ID" VARCHAR2(50),
NOT CLUSTER PRIMARY KEY("ID"),
CONSTRAINT "FK_PAGEiNFO_SERVICE_ID" FOREIGN KEY("SERVICE_ID") REFERENCES "PRO_SERVICE"("ID") ON DELETE CASCADE );
COMMENT ON TABLE "PRO_PAGE_INFO" IS '页面基本信息';
COMMENT ON COLUMN "PRO_PAGE_INFO"."CREATE_TIME" IS '创建时间';
COMMENT ON COLUMN "PRO_PAGE_INFO"."DES" IS '描述';
COMMENT ON COLUMN "PRO_PAGE_INFO"."HTML_CODE" IS 'html对象';
COMMENT ON COLUMN "PRO_PAGE_INFO"."ID" IS '主键';
COMMENT ON COLUMN "PRO_PAGE_INFO"."JS_CODE" IS 'js对象';
COMMENT ON COLUMN "PRO_PAGE_INFO"."MODEL_IDS" IS '已选数据模型对象ID(英文逗号分隔)';
COMMENT ON COLUMN "PRO_PAGE_INFO"."NAME" IS '名称';
COMMENT ON COLUMN "PRO_PAGE_INFO"."SERVICE_ID" IS '服务ID';

CREATE TABLE "PRO_MODEL"
(
"ID" VARCHAR2(50) NOT NULL,
"MODEL_NAME" VARCHAR2(100),
"TABLE_NAME" VARCHAR2(100),
"OBJECT_NAME" VARCHAR2(100),
"SERVICE_ID" VARCHAR2(50),
"REMARK" VARCHAR2(2000),
"CREATE_TIME" DATETIME(6),
"PK_NAME" VARCHAR2(50),
NOT CLUSTER PRIMARY KEY("ID"),
CONSTRAINT "FK_ENTITY_MODEL_SERVICE_ID" FOREIGN KEY("SERVICE_ID") REFERENCES "PRO_SERVICE"("ID") ON DELETE CASCADE );
COMMENT ON TABLE "PRO_MODEL" IS '实体模型信息表';
COMMENT ON COLUMN "PRO_MODEL"."CREATE_TIME" IS '创建时间';
COMMENT ON COLUMN "PRO_MODEL"."ID" IS '主键';
COMMENT ON COLUMN "PRO_MODEL"."MODEL_NAME" IS '模型名称';
COMMENT ON COLUMN "PRO_MODEL"."OBJECT_NAME" IS '数据库表实体名';
COMMENT ON COLUMN "PRO_MODEL"."PK_NAME" IS '主键名称';
COMMENT ON COLUMN "PRO_MODEL"."REMARK" IS '备注';
COMMENT ON COLUMN "PRO_MODEL"."SERVICE_ID" IS '服务ID';
COMMENT ON COLUMN "PRO_MODEL"."TABLE_NAME" IS '数据库表表名';

CREATE TABLE "PRO_MODEL_COL"
(
"ID" VARCHAR2(50) NOT NULL,
"MODEL_ID" VARCHAR2(50),
"TAB_COL_NAME" VARCHAR2(200),
"OBJ_COL_NAME" VARCHAR2(200),
"CAPTION" VARCHAR2(2000),
"DATA_TYPE" VARCHAR2(50),
"NULLABLE" INTEGER DEFAULT 1,
"DEFAULT_VALUE" VARCHAR2(100),
"IS_SYSCOL" INTEGER DEFAULT 0,
"CREATE_TIME" DATETIME(6),
"PK_FLG" INTEGER DEFAULT 0,
"DATA_PRECISION" INTEGER,
"DATA_SCALE" INTEGER DEFAULT 0,
NOT CLUSTER PRIMARY KEY("ID"),
CONSTRAINT "FK_PRO_MODEL_COL_MODEL_ID" FOREIGN KEY("MODEL_ID") REFERENCES "PRO_MODEL"("ID") ON DELETE CASCADE );
COMMENT ON TABLE "PRO_MODEL_COL" IS '数据列';
COMMENT ON COLUMN "PRO_MODEL_COL"."CAPTION" IS '列标题';
COMMENT ON COLUMN "PRO_MODEL_COL"."CREATE_TIME" IS '创建时间';
COMMENT ON COLUMN "PRO_MODEL_COL"."DATA_PRECISION" IS '精度';
COMMENT ON COLUMN "PRO_MODEL_COL"."DATA_SCALE" IS '标度';
COMMENT ON COLUMN "PRO_MODEL_COL"."DATA_TYPE" IS '数据类型';
COMMENT ON COLUMN "PRO_MODEL_COL"."DEFAULT_VALUE" IS '缺省值';
COMMENT ON COLUMN "PRO_MODEL_COL"."ID" IS '主键';
COMMENT ON COLUMN "PRO_MODEL_COL"."IS_SYSCOL" IS '是否系统字段';
COMMENT ON COLUMN "PRO_MODEL_COL"."MODEL_ID" IS '模型ID';
COMMENT ON COLUMN "PRO_MODEL_COL"."NULLABLE" IS '能否为空';
COMMENT ON COLUMN "PRO_MODEL_COL"."OBJ_COL_NAME" IS '实体对象列名';
COMMENT ON COLUMN "PRO_MODEL_COL"."PK_FLG" IS '是否是主键，0否,1是';
COMMENT ON COLUMN "PRO_MODEL_COL"."TAB_COL_NAME" IS '表列名';

CREATE TABLE "PRO_MODEL_INDEX"
(
"ID" VARCHAR2(50) NOT NULL,
"MODEL_ID" VARCHAR2(50),
"NAME" VARCHAR2(200),
"COLS" VARCHAR2(2000),
"IS_UNIQUE" INTEGER,
"CREATE_TIME" DATETIME(6),
"ASS_ACTION" INTEGER DEFAULT 0,
NOT CLUSTER PRIMARY KEY("ID"),
CONSTRAINT "FK_MODEL_INDEX_MODEL_ID" FOREIGN KEY("MODEL_ID") REFERENCES "PRO_MODEL"("ID") ON DELETE CASCADE );
COMMENT ON TABLE "PRO_MODEL_INDEX" IS '索引信息';
COMMENT ON COLUMN "PRO_MODEL_INDEX"."ASS_ACTION" IS '是否是外键添加的索引，0否1是';
COMMENT ON COLUMN "PRO_MODEL_INDEX"."COLS" IS '包含列';
COMMENT ON COLUMN "PRO_MODEL_INDEX"."CREATE_TIME" IS '创建时间';
COMMENT ON COLUMN "PRO_MODEL_INDEX"."ID" IS '主键';
COMMENT ON COLUMN "PRO_MODEL_INDEX"."IS_UNIQUE" IS '是否唯一';
COMMENT ON COLUMN "PRO_MODEL_INDEX"."MODEL_ID" IS '模型ID';
COMMENT ON COLUMN "PRO_MODEL_INDEX"."NAME" IS '名称';

CREATE TABLE "PRO_MODEL_ASSOCIATION"
(
"ID" VARCHAR2(50) NOT NULL,
"NAME" VARCHAR2(50),
"MODEL_ID" VARCHAR2(50),
"COL_NAMES" VARCHAR2(2000),
"REF_COL_NAMES" VARCHAR2(2000),
"REF_MODEL_ID" VARCHAR2(50),
"CREATE_TIME" DATETIME(6),
"DEL_ACTION" VARCHAR2(50),
"UPD_ACTION" VARCHAR2(50),
"CREATE_IDX" INTEGER,
"INDEX_NAME" VARCHAR2(50),
"INDEX_ID" VARCHAR2(50),
NOT CLUSTER PRIMARY KEY("ID"),
CONSTRAINT "FK_MODEL_ASS_MODEL_ID" FOREIGN KEY("MODEL_ID") REFERENCES "PRO_MODEL"("ID") ON DELETE CASCADE ,
CONSTRAINT "FK_MODEL_ASS_REF_MODEL_ID" FOREIGN KEY("REF_MODEL_ID") REFERENCES "PRO_MODEL"("ID") ON DELETE CASCADE );
COMMENT ON TABLE "PRO_MODEL_ASSOCIATION" IS '数据关联定义';
COMMENT ON COLUMN "PRO_MODEL_ASSOCIATION"."COL_NAMES" IS '数据列名S';
COMMENT ON COLUMN "PRO_MODEL_ASSOCIATION"."CREATE_IDX" IS '是否同步创建索引 0否1是';
COMMENT ON COLUMN "PRO_MODEL_ASSOCIATION"."CREATE_TIME" IS '创建时间';
COMMENT ON COLUMN "PRO_MODEL_ASSOCIATION"."DEL_ACTION" IS '删除动作';
COMMENT ON COLUMN "PRO_MODEL_ASSOCIATION"."ID" IS '主键';
COMMENT ON COLUMN "PRO_MODEL_ASSOCIATION"."INDEX_ID" IS '索引列';
COMMENT ON COLUMN "PRO_MODEL_ASSOCIATION"."INDEX_NAME" IS '索引名';
COMMENT ON COLUMN "PRO_MODEL_ASSOCIATION"."MODEL_ID" IS '模型ID';
COMMENT ON COLUMN "PRO_MODEL_ASSOCIATION"."NAME" IS '关联名';
COMMENT ON COLUMN "PRO_MODEL_ASSOCIATION"."REF_COL_NAMES" IS '引用外键列名S';
COMMENT ON COLUMN "PRO_MODEL_ASSOCIATION"."REF_MODEL_ID" IS '引用表id';
COMMENT ON COLUMN "PRO_MODEL_ASSOCIATION"."UPD_ACTION" IS '更新动作';

CREATE TABLE "PRO_INTERFACE_CATEGORY"
(
"ID" VARCHAR2(50) NOT NULL,
"NAME" VARCHAR2(50),
"REMARK" VARCHAR2(2000),
"CREATE_TIME" DATETIME(6),
"SERVICE_ID" VARCHAR2(50),
NOT CLUSTER PRIMARY KEY("ID"),
CONSTRAINT "FK_CATEGORY_SERVICE_ID" FOREIGN KEY("SERVICE_ID") REFERENCES "PRO_SERVICE"("ID") ON DELETE CASCADE );
COMMENT ON TABLE "PRO_INTERFACE_CATEGORY" IS '接口类别';
COMMENT ON COLUMN "PRO_INTERFACE_CATEGORY"."CREATE_TIME" IS '创建时间';
COMMENT ON COLUMN "PRO_INTERFACE_CATEGORY"."ID" IS '主键';
COMMENT ON COLUMN "PRO_INTERFACE_CATEGORY"."NAME" IS '类别名称';
COMMENT ON COLUMN "PRO_INTERFACE_CATEGORY"."REMARK" IS '备注';
COMMENT ON COLUMN "PRO_INTERFACE_CATEGORY"."SERVICE_ID" IS '服务ID';

CREATE TABLE "PRO_INTERFACE"
(
"ID" VARCHAR2(50) NOT NULL,
"NAME" VARCHAR2(50),
"IS_PAGE_GET" INTEGER,
"SQL_CONTENT" CLOB,
"CREATE_TIME" DATETIME(6),
"DESCRIPTION" VARCHAR2(2000),
"CODE" VARCHAR2(50),
"CATEGORY_ID" VARCHAR2(50),
NOT CLUSTER PRIMARY KEY("ID"),
CONSTRAINT "FK_INTERFACE_CATEGORY_ID" FOREIGN KEY("CATEGORY_ID") REFERENCES "PRO_INTERFACE_CATEGORY"("ID") ON DELETE CASCADE );
COMMENT ON TABLE "PRO_INTERFACE" IS '应用接口';
COMMENT ON COLUMN "PRO_INTERFACE"."CATEGORY_ID" IS '接口类别ID';
COMMENT ON COLUMN "PRO_INTERFACE"."CODE" IS '标识';
COMMENT ON COLUMN "PRO_INTERFACE"."CREATE_TIME" IS '创建时间';
COMMENT ON COLUMN "PRO_INTERFACE"."DESCRIPTION" IS '描述';
COMMENT ON COLUMN "PRO_INTERFACE"."ID" IS '主键';
COMMENT ON COLUMN "PRO_INTERFACE"."IS_PAGE_GET" IS '是否分页方法,0否1是';
COMMENT ON COLUMN "PRO_INTERFACE"."NAME" IS '接口名';
COMMENT ON COLUMN "PRO_INTERFACE"."SQL_CONTENT" IS 'sql语句';

CREATE TABLE "PRO_INPUT_PARAMS"
(
"ID" VARCHAR2(50) NOT NULL,
"PARAM_KEY" VARCHAR2(50),
"PARAM_DEFAULT_VALUE" VARCHAR2(100),
"PARAM_TYPE" VARCHAR2(50),
"INTERFACE_ID" VARCHAR2(50),
NOT CLUSTER PRIMARY KEY("ID"),
CONSTRAINT "FK_IN_INTERFACE_ID" FOREIGN KEY("INTERFACE_ID") REFERENCES "PRO_INTERFACE"("ID") ON DELETE CASCADE );
COMMENT ON TABLE "PRO_INPUT_PARAMS" IS '接口sql入参信息表';
COMMENT ON COLUMN "PRO_INPUT_PARAMS"."ID" IS '主键';
COMMENT ON COLUMN "PRO_INPUT_PARAMS"."INTERFACE_ID" IS '接口主键';
COMMENT ON COLUMN "PRO_INPUT_PARAMS"."PARAM_KEY" IS '键';
COMMENT ON COLUMN "PRO_INPUT_PARAMS"."PARAM_DEFAULT_VALUE" IS '缺省值';
COMMENT ON COLUMN "PRO_INPUT_PARAMS"."PARAM_TYPE" IS '参数类型';

CREATE TABLE "PRO_OUTPUT_PARAMS"
(
"ID" VARCHAR2(50) NOT NULL,
"PARAM_KEY" VARCHAR2(50),
"PARAM_TYPE" VARCHAR2(50),
"INTERFACE_ID" VARCHAR2(50),
"PARAM_LABEL" VARCHAR2(50),
NOT CLUSTER PRIMARY KEY("ID"),
CONSTRAINT "FK_OUT_INTERFACE_ID" FOREIGN KEY("INTERFACE_ID") REFERENCES "PRO_INTERFACE"("ID") ON DELETE CASCADE );
COMMENT ON TABLE "PRO_OUTPUT_PARAMS" IS '接口sql出参信息表';
COMMENT ON COLUMN "PRO_OUTPUT_PARAMS"."ID" IS '主键';
COMMENT ON COLUMN "PRO_OUTPUT_PARAMS"."INTERFACE_ID" IS '接口主键';
COMMENT ON COLUMN "PRO_OUTPUT_PARAMS"."PARAM_KEY" IS '键';
COMMENT ON COLUMN "PRO_OUTPUT_PARAMS"."PARAM_LABEL" IS '字段注释';
COMMENT ON COLUMN "PRO_OUTPUT_PARAMS"."PARAM_TYPE" IS '参数类型';

CREATE TABLE "PRO_CHANGELOG_HISTORY"
(
"ID" VARCHAR2(255) NOT NULL,
"LOG_VALUE" CLOB,
"PUBLISH_TAG" INTEGER,
"SERVICE_ID" VARCHAR2(50),
"PUBLISH_TIME" DATETIME(6),
"CREATE_TIME" DATETIME(6),
"PUBLISH_VERSION" INTEGER,
NOT CLUSTER PRIMARY KEY("ID"),
CONSTRAINT "FK_LOG_HISTORY_SERVICE_ID" FOREIGN KEY("SERVICE_ID") REFERENCES "PRO_SERVICE"("ID") ON DELETE CASCADE );
COMMENT ON TABLE "PRO_CHANGELOG_HISTORY" IS 'changlog历史信息表';
COMMENT ON COLUMN "PRO_CHANGELOG_HISTORY"."CREATE_TIME" IS '创建时间';
COMMENT ON COLUMN "PRO_CHANGELOG_HISTORY"."ID" IS '主键';
COMMENT ON COLUMN "PRO_CHANGELOG_HISTORY"."LOG_VALUE" IS 'changeset对象';
COMMENT ON COLUMN "PRO_CHANGELOG_HISTORY"."PUBLISH_TAG" IS '是否发布过，0否1是';
COMMENT ON COLUMN "PRO_CHANGELOG_HISTORY"."PUBLISH_TIME" IS '发布时间';
COMMENT ON COLUMN "PRO_CHANGELOG_HISTORY"."PUBLISH_VERSION" IS '发布的版本';
COMMENT ON COLUMN "PRO_CHANGELOG_HISTORY"."SERVICE_ID" IS '服务ID';
/**
 * 增加不登录查看功能
 * @author JonnyJiang
 * @date 2020/7/13 10:27
 */

alter table "FILE_CONFIGURATION" add column("IS_ALLOW_DLD_WITHOUT_LOGIN" NUMBER(1, 0));
comment on column "FILE_CONFIGURATION"."IS_ALLOW_DLD_WITHOUT_LOGIN" is '是否允许不登录下载';

/**
 * 大屏展示
 * @param null
 * @return
 * @author zuogang
 * @date 2020/7/15 10:17
 */
CREATE TABLE "BLADE_VISUAL_SHOW"
(
"ID" VARCHAR2(50) NOT NULL,
"VISUAL_ID" VARCHAR2(50),
"TYPE" INTEGER,
"NAME" VARCHAR2(50),
"PARENT_ID" VARCHAR2(50),
"CONTENT" CLOB,
"APP_ID" VARCHAR2(50),
"EXHIBITION_TYPE" VARCHAR2(50),
NOT CLUSTER PRIMARY KEY("ID"),
 CONSTRAINT "FK_VISUAL_SHOW_APP_ID" FOREIGN KEY("APP_ID") REFERENCES "SYS_GROUP_APP"("ID") ON DELETE CASCADE) ;
COMMENT ON TABLE "BLADE_VISUAL_SHOW" IS '大屏展示';
COMMENT ON COLUMN "BLADE_VISUAL_SHOW"."CONTENT" IS 'json对象';
COMMENT ON COLUMN "BLADE_VISUAL_SHOW"."ID" IS '主键';
COMMENT ON COLUMN "BLADE_VISUAL_SHOW"."NAME" IS '名称';
COMMENT ON COLUMN "BLADE_VISUAL_SHOW"."PARENT_ID" IS '父节点';
COMMENT ON COLUMN "BLADE_VISUAL_SHOW"."TYPE" IS '类型(0为看版,1为项)';
COMMENT ON COLUMN "BLADE_VISUAL_SHOW"."VISUAL_ID" IS '大屏ID';
COMMENT ON COLUMN "BLADE_VISUAL_SHOW"."APP_ID" IS '应用ID';
COMMENT ON COLUMN "BLADE_VISUAL_SHOW"."EXHIBITION_TYPE" IS '显示类型';


/**
 * 数字序列，服务编码
 * @param null
 * @return
 * @author zuogang
 * @date 2020/7/17 9:40
 */
insert into "SYS_AUTH" ("ID","NAME","APP_ID","REMARK","SORT_INDEX","PARENT_ID","CREATE_USER","CREATE_TIME","UPDATE_TIME","SORT_PATH","IS_ORG_ADMIN","IS_USER_GROUP_ADMIN","CODE","DATA_VERSION") values ('1275967ea4a4e54acdaff4yhmzq8370', '数字序列', 'platform', null,16, '11316279a4a9416a8e20019821e640af', null, null, null, '00030016', 0, 0, 'platForm.codeSequenceManage.codeSequence', 0);

insert into "SYS_MENU" ("ID","NAME","PARENT_ID","APP_ID","PARENT_NAME","URL","TYPE","ICON","AUTH_ID","BTN_AUTH","IS_LEAF","SORT_INDEX","ALL_ORDER","SORT_PATH","OPEN_STYLE","CLOSE_NOTICE","CREATE_USER","CREATE_TIME","UPDATE_TIME","LEAF","MENU_AUTH","REMARK","DATA_VERSION","IS_IFRAME") values ('1275967ea4a4e54acdaff4yhmzq8370', '数字序列', '11316279a4a9416a8e20019821e640af', 'platform', '配置管理', 'codeSequenceManage/views/codeSequence', 1, 'fa fa-sort-numeric-desc', '1275967ea4a4e54acdaff4yhmzq8370', null, null, 16, null, '00030016', null, null, null, null, null, null, null, null, 0, 0);

insert into "SYS_AUTH_ROLE" ("ID","AUTH_ID","ROLE_ID","SIGN","IS_REVOKE","CREATE_USER","CREATE_TIME","UPDATE_TIME","REMARK") values ('1275967ea4a4e54acdaff4yhmzq8370', '1275967ea4a4e54acdaff4yhmzq8370', 'appadmin', null, 0, null, null, null, null);

insert into "SYS_AUTH_ROLE_V" ("ID","AUTH_ID","ROLE_ID","SIGN","IS_REVOKE","CREATE_USER","CREATE_TIME","UPDATE_TIME","REMARK","LV_ID") values ('1275967ea4a4e54acdaff4yhmzq8370', '1275967ea4a4e54acdaff4yhmzq8370', 'appadmin', null, 0, null, null, null, null, 'appadmin');


insert into "SYS_AUTH" ("ID","NAME","APP_ID","REMARK","SORT_INDEX","PARENT_ID","CREATE_USER","CREATE_TIME","UPDATE_TIME","SORT_PATH","IS_ORG_ADMIN","IS_USER_GROUP_ADMIN","CODE","DATA_VERSION") values ('0745867ea4a4e54acdaff4yhmzq8370', '服务编码', 'platform', null,17, '11316279a4a9416a8e20019821e640af', null, null, null, '00030017', 0, 0, 'platForm.codeTemplateManage.codeTemplate', 0);

insert into "SYS_MENU" ("ID","NAME","PARENT_ID","APP_ID","PARENT_NAME","URL","TYPE","ICON","AUTH_ID","BTN_AUTH","IS_LEAF","SORT_INDEX","ALL_ORDER","SORT_PATH","OPEN_STYLE","CLOSE_NOTICE","CREATE_USER","CREATE_TIME","UPDATE_TIME","LEAF","MENU_AUTH","REMARK","DATA_VERSION","IS_IFRAME") values ('0745867ea4a4e54acdaff4yhmzq8370', '服务编码', '11316279a4a9416a8e20019821e640af', 'platform', '配置管理', 'codeTemplateManage/views/codeTemplate', 1, 'fa fa-codepen', '0745867ea4a4e54acdaff4yhmzq8370', null, null, 17, null, '00030017', null, null, null, null, null, null, null, null, 0, 0);

insert into "SYS_AUTH_ROLE" ("ID","AUTH_ID","ROLE_ID","SIGN","IS_REVOKE","CREATE_USER","CREATE_TIME","UPDATE_TIME","REMARK") values ('0745867ea4a4e54acdaff4yhmzq8370', '0745867ea4a4e54acdaff4yhmzq8370', 'appadmin', null, 0, null, null, null, null);

insert into "SYS_AUTH_ROLE_V" ("ID","AUTH_ID","ROLE_ID","SIGN","IS_REVOKE","CREATE_USER","CREATE_TIME","UPDATE_TIME","REMARK","LV_ID") values ('0745867ea4a4e54acdaff4yhmzq8370', '0745867ea4a4e54acdaff4yhmzq8370', 'appadmin', null, 0, null, null, null, null, 'appadmin');


CREATE TABLE "CODE_SEQUENCE"
(
"ID" VARCHAR2(50) NOT NULL,
"APP_ID" VARCHAR2(50) NOT NULL,
"BIZ_TAG" VARCHAR2(100) NOT NULL,
"PART_VALUE_TAG" VARCHAR2(100) DEFAULT 'ACE_NULL_PART_VALUE_TAG',
"MAX_NUM" NUMBER(22,0) DEFAULT 0 NOT NULL,
"STEP" NUMBER(10,0) DEFAULT 1 NOT NULL,
"REMARK" VARCHAR2(2000),
"RESET_MODE" NUMBER(1,0) DEFAULT 0 NOT NULL,
"LAST_RESET_TIME" DATETIME(6) DEFAULT SYSDATE,
"DATA_VERSION" NUMBER(10,0) DEFAULT 0,
"ENABLE_FIX_NUM_LEN" NUMBER(1,0) DEFAULT 1,
"NUM_LENGTH" NUMBER(10,0),
NOT CLUSTER PRIMARY KEY("ID"),
CONSTRAINT "FK_CODE_SEQUENCE_APP_ID" FOREIGN KEY("APP_ID") REFERENCES "SYS_GROUP_APP"("ID") ON DELETE CASCADE );
COMMENT ON TABLE "CODE_SEQUENCE" IS '数字序列';
COMMENT ON COLUMN "CODE_SEQUENCE"."APP_ID" IS '应用id';
COMMENT ON COLUMN "CODE_SEQUENCE"."BIZ_TAG" IS '序列主要标识';
COMMENT ON COLUMN "CODE_SEQUENCE"."DATA_VERSION" IS '数据版本';
COMMENT ON COLUMN "CODE_SEQUENCE"."ENABLE_FIX_NUM_LEN" IS '是否启用固定数字位数 0否1是';
COMMENT ON COLUMN "CODE_SEQUENCE"."ID" IS '主键';
COMMENT ON COLUMN "CODE_SEQUENCE"."LAST_RESET_TIME" IS '上次重置序列时间';
COMMENT ON COLUMN "CODE_SEQUENCE"."MAX_NUM" IS '已发放的最大编号';
COMMENT ON COLUMN "CODE_SEQUENCE"."NUM_LENGTH" IS '序列固定位数长度';
COMMENT ON COLUMN "CODE_SEQUENCE"."PART_VALUE_TAG" IS '序列次要标识';
COMMENT ON COLUMN "CODE_SEQUENCE"."REMARK" IS '数字序列描述';
COMMENT ON COLUMN "CODE_SEQUENCE"."RESET_MODE" IS '序列重置模式 “0 不重置”、 “1 按年重置”、“2 按月重置”、“3 按天重置”';
COMMENT ON COLUMN "CODE_SEQUENCE"."STEP" IS '号段长度';

CREATE TABLE "CODE_TEMPLATE"
(
"ID" VARCHAR2(50) NOT NULL,
"APP_ID" VARCHAR2(50),
"TEMPLATE_KEY" VARCHAR2(100),
"REMARK" VARCHAR2(2000),
"DATA_VERSION" NUMBER(10,0) DEFAULT 0,
NOT CLUSTER PRIMARY KEY("ID"),
CONSTRAINT "FK_CODE_TEMPLATE_APP_ID" FOREIGN KEY("APP_ID") REFERENCES "SYS_GROUP_APP"("ID") ON DELETE CASCADE );
COMMENT ON TABLE "CODE_TEMPLATE" IS '编码模板';
COMMENT ON COLUMN "CODE_TEMPLATE"."APP_ID" IS '应用id';
COMMENT ON COLUMN "CODE_TEMPLATE"."DATA_VERSION" IS '数据版本';
COMMENT ON COLUMN "CODE_TEMPLATE"."ID" IS '主键';
COMMENT ON COLUMN "CODE_TEMPLATE"."REMARK" IS '模板描述';
COMMENT ON COLUMN "CODE_TEMPLATE"."TEMPLATE_KEY" IS '模板标识';

CREATE TABLE "CODE_TEMPLATE_PART"
(
"ID" VARCHAR2(50) NOT NULL,
"SORT_INDEX" NUMBER(10,0) DEFAULT 0 NOT NULL,
"CODE_TYPE" NUMBER(1,0) NOT NULL,
"EL_EXPRESS" VARCHAR2(100),
"STATIC_TEXT" VARCHAR2(100),
"PARAM_KEY" VARCHAR2(100),
"AUTO_CREATE_SEQ_DEF" NUMBER(1,0) DEFAULT 0 NOT NULL,
"SEQ_STEP" NUMBER(10,0),
"SEQ_RESET_MODE" NUMBER(1,0),
"ENABLE_FIX_NUM_LEN" NUMBER(1,0) DEFAULT 0 NOT NULL,
"SEQ_NUM_LENGTH" NUMBER(10,0),
"SEQUENCE_BIZ_TAG" VARCHAR2(100),
"REMARK" VARCHAR2(2000),
"TEMPLATE_ID" VARCHAR2(50) NOT NULL,
"DYN_PART" VARCHAR2(500),
NOT CLUSTER PRIMARY KEY("ID"),
CONSTRAINT "FK_CODE_TEMPLATE_PART_TMP_ID" FOREIGN KEY("TEMPLATE_ID") REFERENCES "CODE_TEMPLATE"("ID") ON DELETE CASCADE );
COMMENT ON TABLE "CODE_TEMPLATE_PART" IS '模板部件';
COMMENT ON COLUMN "CODE_TEMPLATE_PART"."AUTO_CREATE_SEQ_DEF" IS '是否自动创建数字序列';
COMMENT ON COLUMN "CODE_TEMPLATE_PART"."CODE_TYPE" IS '部件编码类型 0静态文本1el表达式2参数值3数字序列';
COMMENT ON COLUMN "CODE_TEMPLATE_PART"."DYN_PART" IS '数字序列部件关联部件';
COMMENT ON COLUMN "CODE_TEMPLATE_PART"."EL_EXPRESS" IS 'el表达式';
COMMENT ON COLUMN "CODE_TEMPLATE_PART"."ENABLE_FIX_NUM_LEN" IS '是否启用固定数字位数 0否1是';
COMMENT ON COLUMN "CODE_TEMPLATE_PART"."ID" IS '主键';
COMMENT ON COLUMN "CODE_TEMPLATE_PART"."PARAM_KEY" IS '参数键名';
COMMENT ON COLUMN "CODE_TEMPLATE_PART"."REMARK" IS '模板部件描述';
COMMENT ON COLUMN "CODE_TEMPLATE_PART"."SEQUENCE_BIZ_TAG" IS '关联数字学列主标识';
COMMENT ON COLUMN "CODE_TEMPLATE_PART"."SEQ_NUM_LENGTH" IS '规定数字位数';
COMMENT ON COLUMN "CODE_TEMPLATE_PART"."SEQ_RESET_MODE" IS '序列重置模式';
COMMENT ON COLUMN "CODE_TEMPLATE_PART"."SEQ_STEP" IS '序列步长';
COMMENT ON COLUMN "CODE_TEMPLATE_PART"."SORT_INDEX" IS '部件排序';
COMMENT ON COLUMN "CODE_TEMPLATE_PART"."STATIC_TEXT" IS '静态文本';
COMMENT ON COLUMN "CODE_TEMPLATE_PART"."TEMPLATE_ID" IS '模板主键';


/**
 * 大屏展示
 * @param null
 * @return
 * @author zuogang
 * @date 2020/7/17 9:40
 */
insert into "SYS_AUTH" ("ID","NAME","APP_ID","REMARK","SORT_INDEX","PARENT_ID","CREATE_USER","CREATE_TIME","UPDATE_TIME","SORT_PATH","IS_ORG_ADMIN","IS_USER_GROUP_ADMIN","CODE","DATA_VERSION") values ('8234ba3204344d37929abd4ad9a1dgth', '大屏展示', 'platform', null, 8, 'twerba3204344d37929abd4ad9a1dfgh', null, null, null, '00060008', 0, 0, 'screenDisplay.views.ScreenDisplayManage', 0);
insert into "SYS_MENU" ("ID","NAME","PARENT_ID","APP_ID","PARENT_NAME","URL","TYPE","ICON","AUTH_ID","BTN_AUTH","IS_LEAF","SORT_INDEX","ALL_ORDER","SORT_PATH","OPEN_STYLE","CLOSE_NOTICE","CREATE_USER","CREATE_TIME","UPDATE_TIME","LEAF","MENU_AUTH","REMARK","DATA_VERSION","IS_IFRAME") values ('8234ba3204344d37929abd4ad9a1dgth', '大屏展示', 'twerba3204344d37929abd4ad9a1dfgh', 'platform', '数据展示', 'screenDisplay/views/ScreenDisplayManage', 1, 'iconfont icon-Report', '8234ba3204344d37929abd4ad9a1dgth', null, null, 8, null, '00060008', null, null, null, null, null, null, null, null, 0, 0);
insert into "SYS_AUTH_ROLE" ("ID","AUTH_ID","ROLE_ID","SIGN","IS_REVOKE","CREATE_USER","CREATE_TIME","UPDATE_TIME","REMARK") values ('8234ba3204344d37929abd4ad9a1dgth', '8234ba3204344d37929abd4ad9a1dgth', 'appadmin', null, 0, null, null, null, null);
insert into "SYS_AUTH_ROLE_V" ("ID","AUTH_ID","ROLE_ID","SIGN","IS_REVOKE","CREATE_USER","CREATE_TIME","UPDATE_TIME","REMARK","LV_ID") values ('8234ba3204344d37929abd4ad9a1dgth', '8234ba3204344d37929abd4ad9a1dgth', 'appadmin', null, 0, null, null, null, null, 'appadmin');
/**
 * 模型管理
 * @param null
 * @return
 * @author zuogang
 * @date 2020/7/17 9:40
 */
insert into "SYS_AUTH" ("ID","NAME","APP_ID","REMARK","SORT_INDEX","PARENT_ID","CREATE_USER","CREATE_TIME","UPDATE_TIME","SORT_PATH","IS_ORG_ADMIN","IS_USER_GROUP_ADMIN","CODE","DATA_VERSION") values ('c789567ea4a4e54acdaff4yhmzq8370', '模型管理', 'platform', null,18, '11316279a4a9416a8e20019821e640af', null, null, null, '00030018', 0, 0, 'platForm.ModelManage.model', 0);

insert into "SYS_MENU" ("ID","NAME","PARENT_ID","APP_ID","PARENT_NAME","URL","TYPE","ICON","AUTH_ID","BTN_AUTH","IS_LEAF","SORT_INDEX","ALL_ORDER","SORT_PATH","OPEN_STYLE","CLOSE_NOTICE","CREATE_USER","CREATE_TIME","UPDATE_TIME","LEAF","MENU_AUTH","REMARK","DATA_VERSION","IS_IFRAME") values ('c789567ea4a4e54acdaff4yhmzq8370', '模型管理', '11316279a4a9416a8e20019821e640af', 'platform', '配置管理', 'ModelManage/views/Model', 1, 'fa fa-briefcase', 'c789567ea4a4e54acdaff4yhmzq8370', null, null, 18, null, '00030018', null, null, null, null, null, null, null, null, 0, 0);

insert into "SYS_AUTH_ROLE" ("ID","AUTH_ID","ROLE_ID","SIGN","IS_REVOKE","CREATE_USER","CREATE_TIME","UPDATE_TIME","REMARK") values ('c789567ea4a4e54acdaff4yhmzq8370', 'c789567ea4a4e54acdaff4yhmzq8370', 'appadmin', null, 0, null, null, null, null);

insert into "SYS_AUTH_ROLE_V" ("ID","AUTH_ID","ROLE_ID","SIGN","IS_REVOKE","CREATE_USER","CREATE_TIME","UPDATE_TIME","REMARK","LV_ID") values ('c789567ea4a4e54acdaff4yhmzq8370', 'c789567ea4a4e54acdaff4yhmzq8370', 'appadmin', null, 0, null, null, null, null, 'appadmin');

/**
 * 添加 trace_id
 * @param null
 * @return
 * @author zuogang
 * @date 2020/7/20 16:48
 */
-- 数据源
alter table "SYS_GROUP_DATASOURCE" add column("TRACE_ID" VARCHAR2(50));
comment on column "SYS_GROUP_DATASOURCE"."TRACE_ID" is '跟踪ID';
update "SYS_GROUP_DATASOURCE" set "TRACE_ID"="ID";
-- 权限定义
alter table "SYS_AUTH" add column("TRACE_ID" VARCHAR2(50));
comment on column "SYS_AUTH"."TRACE_ID" is '跟踪ID';
update "SYS_AUTH" set "TRACE_ID"="ID";
-- API
alter table "SYS_API_RESOURCE" add column("TRACE_ID" VARCHAR2(200));
comment on column "SYS_API_RESOURCE"."TRACE_ID" is '跟踪ID';
update "SYS_API_RESOURCE" set "TRACE_ID"="ID";
-- 权限API
alter table "SYS_AUTH_API" add column("TRACE_ID" VARCHAR2(50));
comment on column "SYS_AUTH_API"."TRACE_ID" is '跟踪ID';
update "SYS_AUTH_API" set "TRACE_ID"="ID";
-- 菜单定义
alter table "SYS_MENU" add column("TRACE_ID" VARCHAR2(50));
comment on column "SYS_MENU"."TRACE_ID" is '跟踪ID';
update "SYS_MENU" set "TRACE_ID"="ID";
-- 角色定义
alter table "SYS_ROLE" add column("TRACE_ID" VARCHAR2(50));
comment on column "SYS_ROLE"."TRACE_ID" is '跟踪ID';
update "SYS_ROLE" set "TRACE_ID"="ID";
-- 上下级角色
alter table "SYS_ROLE_RELATION" add column("TRACE_ID" VARCHAR2(50));
comment on column "SYS_ROLE_RELATION"."TRACE_ID" is '跟踪ID';
update "SYS_ROLE_RELATION" set "TRACE_ID"="ID";
-- 角色互斥
alter table "SYS_ROLE_MUTEX" add column("TRACE_ID" VARCHAR2(50));
comment on column "SYS_ROLE_MUTEX"."TRACE_ID" is '跟踪ID';
update "SYS_ROLE_MUTEX" set "TRACE_ID"="ID";
-- 角色授权
alter table "SYS_AUTH_ROLE" add column("TRACE_ID" VARCHAR2(50));
comment on column "SYS_AUTH_ROLE"."TRACE_ID" is '跟踪ID';
update "SYS_AUTH_ROLE" set "TRACE_ID"="ID";

alter table "SYS_AUTH_ROLE_LV" add column("TRACE_ID" VARCHAR2(50));
comment on column "SYS_AUTH_ROLE_LV"."TRACE_ID" is '跟踪ID';
update "SYS_AUTH_ROLE_LV" set "TRACE_ID"="ID";

alter table "SYS_AUTH_ROLE_V" add column("TRACE_ID" VARCHAR2(50));
comment on column "SYS_AUTH_ROLE_V"."TRACE_ID" is '跟踪ID';
update "SYS_AUTH_ROLE_V" set "TRACE_ID"="ID";
-- 附件配置
alter table "FILE_CONFIGURATION" add column("TRACE_ID" VARCHAR2(50));
comment on column "FILE_CONFIGURATION"."TRACE_ID" is '跟踪ID';
update "FILE_CONFIGURATION" set "TRACE_ID"="ID";
-- 定时任务
alter table "QRTZ_CONFIG" add column("TRACE_ID" VARCHAR2(50));
comment on column "QRTZ_CONFIG"."TRACE_ID" is '跟踪ID';
update "QRTZ_CONFIG" set "TRACE_ID"="ID";
-- 消息通道
alter table "SYS_MSG_SEND_TYPE" add column("TRACE_ID" VARCHAR2(50));
comment on column "SYS_MSG_SEND_TYPE"."TRACE_ID" is '跟踪ID';
update "SYS_MSG_SEND_TYPE" set "TRACE_ID"="ID";
-- 消息模板
alter table "SYS_MSG_TEMPLATE" add column("TRACE_ID" VARCHAR2(50));
comment on column "SYS_MSG_TEMPLATE"."TRACE_ID" is '跟踪ID';
update "SYS_MSG_TEMPLATE" set "TRACE_ID"="ID";
-- 信使消息模板
alter table "SYS_MSG_TEMPLATE_CONFIG" add column("TRACE_ID" VARCHAR2(50));
comment on column "SYS_MSG_TEMPLATE_CONFIG"."TRACE_ID" is '跟踪ID';
update "SYS_MSG_TEMPLATE_CONFIG" set "TRACE_ID"="ID";
-- 消息拓展
alter table "SYS_MSG_TYPE_EXTEND" add column("TRACE_ID" VARCHAR2(50));
comment on column "SYS_MSG_TYPE_EXTEND"."TRACE_ID" is '跟踪ID';
update "SYS_MSG_TYPE_EXTEND" set "TRACE_ID"="ID";
-- 数据字典
alter table "SYS_DICT" add column("TRACE_ID" VARCHAR2(50));
comment on column "SYS_DICT"."TRACE_ID" is '跟踪ID';
update "SYS_DICT" set "TRACE_ID"="ID";
alter table "SYS_DICT_VALUE" add column("TRACE_ID" VARCHAR2(50));
comment on column "SYS_DICT_VALUE"."TRACE_ID" is '跟踪ID';
update "SYS_DICT_VALUE" set "TRACE_ID"="ID";
--数据模型
alter table "PRO_SERVICE" add column("TRACE_ID" VARCHAR2(50));
comment on column "PRO_SERVICE"."TRACE_ID" is '跟踪ID';
update "PRO_SERVICE" set "TRACE_ID"="ID";

alter table "PRO_MODEL" add column("TRACE_ID" VARCHAR2(50));
comment on column "PRO_MODEL"."TRACE_ID" is '跟踪ID';
update "PRO_MODEL" set "TRACE_ID"="ID";

alter table "PRO_MODEL_ASSOCIATION" add column("TRACE_ID" VARCHAR2(50));
comment on column "PRO_MODEL_ASSOCIATION"."TRACE_ID" is '跟踪ID';
update "PRO_MODEL_ASSOCIATION" set "TRACE_ID"="ID";

alter table "PRO_MODEL_COL" add column("TRACE_ID" VARCHAR2(50));
comment on column "PRO_MODEL_COL"."TRACE_ID" is '跟踪ID';
update "PRO_MODEL_COL" set "TRACE_ID"="ID";

alter table "PRO_MODEL_INDEX" add column("TRACE_ID" VARCHAR2(50));
comment on column "PRO_MODEL_INDEX"."TRACE_ID" is '跟踪ID';
update "PRO_MODEL_INDEX" set "TRACE_ID"="ID";
-- 组件注册
alter table "SYS_COMPONENT_REGISTER" add column("TRACE_ID" VARCHAR2(50));
comment on column "SYS_COMPONENT_REGISTER"."TRACE_ID" is '跟踪ID';
update "SYS_COMPONENT_REGISTER" set "TRACE_ID"="ID";
-- 系统配置
alter table "SYS_CONFIG" add column("TRACE_ID" VARCHAR2(50));
comment on column "SYS_CONFIG"."TRACE_ID" is '跟踪ID';
update "SYS_CONFIG" set "TRACE_ID"="ID";
-- 业务类型
alter table "REPORT_TYPE" add column("TRACE_ID" VARCHAR2(50));
comment on column "REPORT_TYPE"."TRACE_ID" is '跟踪ID';
update "REPORT_TYPE" set "TRACE_ID"="ID";
-- 报表/仪表盘信息
alter table "REPORT_INFO" add column("TRACE_ID" VARCHAR2(50));
comment on column "REPORT_INFO"."TRACE_ID" is '跟踪ID';
update "REPORT_INFO" set "TRACE_ID"="ID";
-- 接口
alter table "SYS_APP_INTERFACE" add column("TRACE_ID" VARCHAR2(50));
comment on column "SYS_APP_INTERFACE"."TRACE_ID" is '跟踪ID';
update "SYS_APP_INTERFACE" set "TRACE_ID"="ID";
alter table "SYS_APP_INTERFACE_INPUT" add column("TRACE_ID" VARCHAR2(50));
comment on column "SYS_APP_INTERFACE_INPUT"."TRACE_ID" is '跟踪ID';
update "SYS_APP_INTERFACE_INPUT" set "TRACE_ID"="ID";
alter table "SYS_APP_INTERFACE_OUTPUT" add column("TRACE_ID" VARCHAR2(50));
comment on column "SYS_APP_INTERFACE_OUTPUT"."TRACE_ID" is '跟踪ID';
update "SYS_APP_INTERFACE_OUTPUT" set "TRACE_ID"="ID";
-- 大屏
alter table "BLADE_VISUAL" add column("TRACE_ID" VARCHAR2(50));
comment on column "BLADE_VISUAL"."TRACE_ID" is '跟踪ID';
update "BLADE_VISUAL" set "TRACE_ID"="ID";
-- 大屏展示
alter table "BLADE_VISUAL_SHOW" add column("TRACE_ID" VARCHAR2(50));
comment on column "BLADE_VISUAL_SHOW"."TRACE_ID" is '跟踪ID';
update "BLADE_VISUAL_SHOW" set "TRACE_ID"="ID";
-- 数字序列
alter table "CODE_SEQUENCE" add column("TRACE_ID" VARCHAR2(50));
comment on column "CODE_SEQUENCE"."TRACE_ID" is '跟踪ID';
update "CODE_SEQUENCE" set "TRACE_ID"="ID";
-- 编码模板
alter table "CODE_TEMPLATE" add column("TRACE_ID" VARCHAR2(50));
comment on column "CODE_TEMPLATE"."TRACE_ID" is '跟踪ID';
update "CODE_TEMPLATE" set "TRACE_ID"="ID";
alter table "CODE_TEMPLATE_PART" add column("TRACE_ID" VARCHAR2(50));
comment on column "CODE_TEMPLATE_PART"."TRACE_ID" is '跟踪ID';
update "CODE_TEMPLATE_PART" set "TRACE_ID"="ID";

/**
 * 模型添加字段
 * @param null
 * @return
 * @author zuogang
 * @date 2020/7/20 17:33
 */
alter table "PRO_MODEL" add column("IS_FILE_EXIST" INTEGER DEFAULT 0);
comment on column "PRO_MODEL"."IS_FILE_EXIST" is '表单是否存在附件';
alter table "PRO_MODEL" add column("IS_FLOW_EXIST" INTEGER DEFAULT 0);
comment on column "PRO_MODEL"."IS_FLOW_EXIST" is '是否是工作流表单';

/**
 *  审计日志菜单显示修复
 */
update sys_menu set type=1 where id='04d7893c4a4d4345b18b0789af13753f';

/**
 * 开发服务信息添加字段
 * @param null
 * @return
 * @author zuogang
 * @date 2020/7/24 17:33
 */
alter table "PRO_INFO" add column("CREATE_USER" VARCHAR2(50));
comment on column "PRO_INFO"."CREATE_USER" is '创建人';

alter table "PRO_INFO" add column("GROUP_ID" VARCHAR2(50));
comment on column "PRO_INFO"."GROUP_ID" is '集团ID';

update sys_menu set  sort_index=0,sort_path='000001000003000000' where id='3860126718034cc2a7dbd8311bfb3ff1';
update sys_auth set  sort_index=0,sort_path='000001000003000000' where id='3860126718034cc2a7dbd8311bfb3ff1';

update sys_menu set parent_id='ad2b809bf7084d2db69dd56793cb5e1c',parent_name='服务管理',sort_index=1,sort_path='000001000003000001' where id='8f9dec2ca33040e199f9e922f906dc7f';
update sys_auth set parent_id='ad2b809bf7084d2db69dd56793cb5e1c',sort_index=1,sort_path='000001000003000001' where id='8f9dec2ca33040e199f9e922f906dc7f';

alter table "PRO_SERVICE" add column("MAINTAIN_STAFFS" VARCHAR2(2000));
comment on column "PRO_SERVICE"."MAINTAIN_STAFFS" is '维护人员ID(多人使用,分割)';

/**
 * 开发平台
 * @param null
 * @return
 * @author zuogang
 * @date 2020/7/28 9:29
 */

 delete from sys_auth_role where id = '913e1e09cc9f43ac8990a36a493e2071';
 delete from sys_auth_role_v where id ='6abce43f575c4831b08f3ea30cbf4b2e';

ALTER TABLE "PRO_INFO" DROP COLUMN "MAINTAIN_STAFFS";

alter table "PRO_DATASOURCE" add column("IS_MAJOR" INTEGER);
comment on column "PRO_DATASOURCE"."IS_MAJOR" is '是否为主数据源 1是0不是';

ALTER TABLE "PRO_SERVICE" DROP COLUMN "DS_ID";
alter table "PRO_DATASOURCE" add column("SERVICE_ID" VARCHAR2(50));
comment on column "PRO_DATASOURCE"."SERVICE_ID" is '服务ID';
ALTER TABLE "PRO_DATASOURCE"
   ADD CONSTRAINT "FK_DATASOURCE_SERVICE_ID" FOREIGN KEY ("SERVICE_ID") REFERENCES "PRO_SERVICE"("ID")  ON DELETE CASCADE;

alter table "PRO_CHANGELOG_HISTORY" add column("IS_USE_LESS" INTEGER);
comment on column "PRO_CHANGELOG_HISTORY"."IS_USE_LESS" is '替换主数据源后，变为无用数据，0无效，1有效';

alter table "PRO_CHANGELOG_HISTORY" add column("DS_ID" VARCHAR2(50));
comment on column "PRO_CHANGELOG_HISTORY"."DS_ID" is '数据源ID';

alter table "PRO_INTERFACE" add column("DS_ID" VARCHAR2(50));
comment on column "PRO_INTERFACE"."DS_ID" is '数据源ID';
ALTER TABLE "PRO_INTERFACE"
   ADD CONSTRAINT "FK_INTERFACE_DS_ID" FOREIGN KEY ("DS_ID") REFERENCES "PRO_DATASOURCE"("ID")  ON DELETE CASCADE;

/**
 * 大屏消息
 * @param null
 * @return
 * @author zuogang
 * @date 2020/7/29 17:54
 */
CREATE TABLE "BLADE_VISUAL_MSG"
(
"ID" VARCHAR2(50) NOT NULL,
"NAME" VARCHAR2(50),
"CODE" VARCHAR2(50),
"EVENT_NAME" VARCHAR2(50),
"DISPLAY_CONTENT" VARCHAR2(2000),
"DISPLAY_MODE" INTEGER,
"PERIOD_MODE" VARCHAR2(50),
"DISPLAY_DURATION" NUMBER(10,0),
"VISUAL_IDS" VARCHAR2(2000),
"NOTICE_MODE" INTEGER,
"APP_ID" VARCHAR2(50),
"TRACE_ID" VARCHAR2(50),
"PERIOD_DATA" VARCHAR2(100),
NOT CLUSTER PRIMARY KEY("ID"),
CONSTRAINT "FK_VISUAL_MSG_APP_ID" FOREIGN KEY("APP_ID") REFERENCES "SYS_GROUP_APP"("ID") ON DELETE CASCADE );
COMMENT ON TABLE "BLADE_VISUAL_MSG" IS '大屏消息';
COMMENT ON COLUMN "BLADE_VISUAL_MSG"."APP_ID" IS '应用ID';
COMMENT ON COLUMN "BLADE_VISUAL_MSG"."DISPLAY_CONTENT" IS '显示内容';
COMMENT ON COLUMN "BLADE_VISUAL_MSG"."DISPLAY_DURATION" IS '显示时长';
COMMENT ON COLUMN "BLADE_VISUAL_MSG"."DISPLAY_MODE" IS '显示模式（0即时触发，1定时触发）';
COMMENT ON COLUMN "BLADE_VISUAL_MSG"."EVENT_NAME" IS '事件名';
COMMENT ON COLUMN "BLADE_VISUAL_MSG"."ID" IS '主键';
COMMENT ON COLUMN "BLADE_VISUAL_MSG"."NOTICE_MODE" IS '通知模式(0通知，1警告)';
COMMENT ON COLUMN "BLADE_VISUAL_MSG"."PERIOD_DATA" IS '周期数据';
COMMENT ON COLUMN "BLADE_VISUAL_MSG"."PERIOD_MODE" IS '周期模式';
COMMENT ON COLUMN "BLADE_VISUAL_MSG"."VISUAL_IDS" IS '大屏Ids(以英文逗号分隔)';
COMMENT ON COLUMN "BLADE_VISUAL_MSG"."NAME" IS '名称';
COMMENT ON COLUMN "BLADE_VISUAL_MSG"."CODE" IS '标识';
COMMENT ON COLUMN "BLADE_VISUAL_MSG"."TRACE_ID" IS '跟踪ID';

/**
 * 大屏通知菜单添加
 * @param null
 * @return
 * @author zuogang
 * @date 2020/7/31 9:30
 */
insert into "SYS_AUTH" ("ID","NAME","APP_ID","REMARK","SORT_INDEX","PARENT_ID","CREATE_USER","CREATE_TIME","UPDATE_TIME","SORT_PATH","IS_ORG_ADMIN","IS_USER_GROUP_ADMIN","CODE","DATA_VERSION") values ('dapingxiaoxi4d37929abd4ad9a1dgth', '大屏通知', 'platform', null, 9, 'twerba3204344d37929abd4ad9a1dfgh', null, null, null, '00060009', 0, 0, 'screenNotification.views.ScreenNotification', 0);
insert into "SYS_MENU" ("ID","NAME","PARENT_ID","APP_ID","PARENT_NAME","URL","TYPE","ICON","AUTH_ID","BTN_AUTH","IS_LEAF","SORT_INDEX","ALL_ORDER","SORT_PATH","OPEN_STYLE","CLOSE_NOTICE","CREATE_USER","CREATE_TIME","UPDATE_TIME","LEAF","MENU_AUTH","REMARK","DATA_VERSION","IS_IFRAME") values ('dapingxiaoxi4d37929abd4ad9a1dgth', '大屏通知', 'twerba3204344d37929abd4ad9a1dfgh', 'platform', '数据展示', 'screenNotification/views/ScreenNotification', 1, 'iconfont icon-message', 'dapingxiaoxi4d37929abd4ad9a1dgth', null, null, 9, null, '00060009', null, null, null, null, null, null, null, null, 0, 0);
insert into "SYS_AUTH_ROLE" ("ID","AUTH_ID","ROLE_ID","SIGN","IS_REVOKE","CREATE_USER","CREATE_TIME","UPDATE_TIME","REMARK") values ('dapingxiaoxi4d37929abd4ad9a1dgth', 'dapingxiaoxi4d37929abd4ad9a1dgth', 'appadmin', null, 0, null, null, null, null);
insert into "SYS_AUTH_ROLE_V" ("ID","AUTH_ID","ROLE_ID","SIGN","IS_REVOKE","CREATE_USER","CREATE_TIME","UPDATE_TIME","REMARK","LV_ID") values ('dapingxiaoxi4d37929abd4ad9a1dgth', 'dapingxiaoxi4d37929abd4ad9a1dgth', 'appadmin', null, 0, null, null, null, null, 'appadmin');


/**
 * 开发平台 接口管理 出参 键 实体
 * @param null
 * @return
 * @author zuogang
 * @date 2020/8/3 8:04
 */
alter table "PRO_OUTPUT_PARAMS" add column("PARAM_ITEM" VARCHAR2(50));
comment on column "PRO_OUTPUT_PARAMS"."PARAM_ITEM" is '键 实体';

alter table "SYS_APP_INTERFACE_OUTPUT" add column("PARAM_ITEM" VARCHAR2(50));
comment on column "SYS_APP_INTERFACE_OUTPUT"."PARAM_ITEM" is '键 实体';

/**
删除仪表盘设计，仪表盘浏览
 */
delete from SYS_MENU where id = '4234ba3204344d37929abd4ad9a1dgth';
delete from SYS_MENU where id = '5234ba3204344d37929abd4ad9a1dgth';
delete from SYS_AUTH where id = '4234ba3204344d37929abd4ad9a1dgth';
delete from SYS_AUTH where id = '5234ba3204344d37929abd4ad9a1dgth';


delete from sys_auth_user where auth_id not in (select id from sys_auth);
delete from sys_auth_user_v where auth_id not in (select id from sys_auth);
delete from sys_auth_role where auth_id not in (select id from sys_auth);
delete from sys_auth_role_v where auth_id not in (select id from sys_auth);


/**
修改菜单图标
 */
update sys_menu set icon=NULL where app_id='platform';
update sys_menu set icon ='aceicon aceicon-apartment' where id='bc316279a4a9416a8e20019821e640af';
update sys_menu set icon ='aceicon aceicon-desktop' where id='e3b15ac90286450fbe5a721c9f542451';
update sys_menu set icon ='aceicon aceicon-setting' where id='11316279a4a9416a8e20019821e640af';
update sys_menu set icon ='aceicon aceicon-home' where id='e3b15ac90286450fbe5a721c9f542433';
update sys_menu set icon ='aceicon aceicon-cloud-server' where id='e3b15ac90286450fbe5a721c9f542344';
update sys_menu set icon ='aceicon aceicon-branches' where id='3333ba3204344d37929abd4ad9a12222';
update sys_menu set icon ='aceicon aceicon-View' where id='twerba3204344d37929abd4ad9a1dfgh';


/**
 *  FK_SYS_USER_ID_ORG_ID，FK_SYS_USER_ID_GROUP_ID级联删除
 * @param null
 * @return
 * @author zuogang
 * @date 2020/9/28 11:50
 */
alter table "SYS_USER" DROP CONSTRAINT FK_SYS_USER_ID_GROUP_ID;
alter table "SYS_USER" add constraint "FK_SYS_USER_ID_GROUP_ID" foreign key("GROUP_ID") references "ORG_GROUP"("ID") on delete cascade;

alter table "SYS_USER" DROP CONSTRAINT FK_SYS_USER_ID_ORG_ID;
alter table "SYS_USER" add constraint "FK_SYS_USER_ID_ORG_ID" foreign key("ORGANIZATION_ID") references "ORG_ORGANIZATION"("ID") on delete cascade;

/**
 * 创建缓存数据表
 * @param null
 * @return
 * @author FourLeaves
 * @date 2020/11/16 14:55
 */
CREATE TABLE "SYS_CACHE_DATA"
(
"ID" VARCHAR2(400) NOT NULL,
"VALUE" CLOB,
"EXPIRE_TIME" DATE,
NOT CLUSTER PRIMARY KEY("ID"));
COMMENT ON TABLE "SYS_CACHE_DATA" IS '系统缓存数据';
COMMENT ON COLUMN "SYS_CACHE_DATA"."EXPIRE_TIME" IS '过期时间';
COMMENT ON COLUMN "SYS_CACHE_DATA"."ID" IS '主键';
COMMENT ON COLUMN "SYS_CACHE_DATA"."VALUE" IS '值';

/**
2020/12/1
 */
alter table "SYS_ROLE" add column("ROLE_CODE" VARCHAR2(200));
comment on column "SYS_ROLE"."ROLE_CODE" is '角色标识';

/**
2020/12/1
 */
alter table "SYS_ROLE" add column("DEP_ID" VARCHAR2(200));
comment on column "SYS_ROLE"."DEP_ID" is '关联部门主键';

/**
大屏路径修改
@data 2021/7/29
 */
update sys_menu set url='pages/bladevisual/index.html',IS_IFRAME=1 where id='7784ba3204344d37929abd4ad9a1dgth';

ALTER TABLE "SYS_ROLE" DROP COLUMN "DEP_ID";

CREATE TABLE "SYS_ROLE_DEP"
(
"ID" VARCHAR2(200) NOT NULL,
"ROLE_ID" VARCHAR2(200),
"DEP_ID" VARCHAR2(200),
"CREATE_TIME" DATETIME(6),
NOT CLUSTER PRIMARY KEY("ID"))  ;
COMMENT ON TABLE "SYS_ROLE_DEP" IS '角色部门关联表';
COMMENT ON COLUMN "SYS_ROLE_DEP"."ID" IS '主键';
COMMENT ON COLUMN "SYS_ROLE_DEP"."DEP_ID" IS '部门主键';
COMMENT ON COLUMN "SYS_ROLE_DEP"."ROLE_ID" IS '角色主键';
COMMENT ON COLUMN "SYS_ROLE_DEP"."CREATE_TIME" IS '创建时间';

/*
添加回收人ID
2021.8.19
 */
alter table "FILE_INFO" add column("RECYCLER_ID" VARCHAR2(50));
comment on column "FILE_INFO"."RECYCLER_ID" is '回收人ID';

/**
 *  roleScope添加
 * 2021.8.31
 */
alter table "SYS_ROLE" add column("ROLE_SCOPE" NUMBER(10,0) DEFAULT 0);
comment on column "SYS_ROLE"."ROLE_SCOPE" is '角色范围 0：本地角色 1：全局角色';
/**
 *  集团管理员添加角色管理菜单
 * 2021.8.31
 */
insert into "SYS_AUTH_ROLE" ("ID","AUTH_ID","ROLE_ID","SIGN","IS_REVOKE","CREATE_USER","CREATE_TIME","UPDATE_TIME","REMARK") values ('48753fe2ef32403dbf9dc989d0651236', '8d4d2caee7f548889988da2747dfaa4a', 'groupadmin', null, 0, null, null, null, null);
insert into "SYS_AUTH_ROLE_V" ("ID","AUTH_ID","ROLE_ID","SIGN","IS_REVOKE","CREATE_USER","CREATE_TIME","UPDATE_TIME","REMARK","LV_ID") values ('48453c7b6ba04f1fa8e4cc36be871232', '8d4d2caee7f548889988da2747dfaa4a', 'groupadmin', null, 0, null, null, null, null, 'groupadmin');
insert into "SYS_AUTH_ROLE" ("ID","AUTH_ID","ROLE_ID","SIGN","IS_REVOKE","CREATE_USER","CREATE_TIME","UPDATE_TIME","REMARK") values ('12753fe2ef32403dbf9dc989d0651236', '8d4d2caee7f548889988da2747dfaa4a', 'groupsec', null, 0, null, null, null, null);
insert into "SYS_AUTH_ROLE_V" ("ID","AUTH_ID","ROLE_ID","SIGN","IS_REVOKE","CREATE_USER","CREATE_TIME","UPDATE_TIME","REMARK","LV_ID") values ('yu453c7b6ba04f1fa8e4cc36be871232', '8d4d2caee7f548889988da2747dfaa4a', 'groupsec', null, 0, null, null, null, null, 'groupsec');


insert into "SYS_AUTH" ("ID","NAME","APP_ID","REMARK","SORT_INDEX","PARENT_ID","CREATE_USER","CREATE_TIME","UPDATE_TIME","SORT_PATH","IS_ORG_ADMIN","IS_USER_GROUP_ADMIN","CODE","DATA_VERSION") values ('yut76279a4a9416a8e20019821e6g45t', '配置管理', 'platform', null, 29, '11316279a4a9416a8e20019821e640af', null, null, null, '00030029', 0, 0, 'platform.msgTypeExtend.MsgExtend', 0);

insert into "SYS_MENU" ("ID","NAME","PARENT_ID","APP_ID","PARENT_NAME","URL","TYPE","ICON","AUTH_ID","BTN_AUTH","IS_LEAF","SORT_INDEX","ALL_ORDER","SORT_PATH","OPEN_STYLE","CLOSE_NOTICE","CREATE_USER","CREATE_TIME","UPDATE_TIME","LEAF","MENU_AUTH","REMARK","DATA_VERSION","IS_IFRAME") values ('yut76279a4a9416a8e20019821e6g45t', '消息拓展', '11316279a4a9416a8e20019821e640af', 'platform', '配置管理', 'msgTypeExtend/views/MsgExtend', 1, '', 'yut76279a4a9416a8e20019821e6g45t', null, null, 29, null, '00030029', null, null, null, null, null, null, null, null, 0, 0);

insert into "SYS_AUTH_ROLE" ("ID","AUTH_ID","ROLE_ID","SIGN","IS_REVOKE","CREATE_USER","CREATE_TIME","UPDATE_TIME","REMARK") values ('12323fe2ef32403dbf9dc989d0651251', 'yut76279a4a9416a8e20019821e6g45t', 'appadmin', null, 0, null, null, null, null);

insert into "SYS_AUTH_ROLE_V" ("ID","AUTH_ID","ROLE_ID","SIGN","IS_REVOKE","CREATE_USER","CREATE_TIME","UPDATE_TIME","REMARK","LV_ID") values ('12323fe2ef32403dbf9dc989d0651251', 'yut76279a4a9416a8e20019821e6g45t', 'appadmin', null, 0, null, null, null, null, 'appadmin');



/**
 *  判断集团应用三员去留
 * @date 2021/11/1 10:25
 */

/**集团超级管理员管理菜单权限 */
INSERT  INTO SYS_AUTH("ID","NAME","APP_ID","REMARK","SORT_INDEX","PARENT_ID","CREATE_USER","CREATE_TIME","UPDATE_TIME","SORT_PATH","IS_ORG_ADMIN","IS_USER_GROUP_ADMIN","CODE","DATA_VERSION") VALUES ('jituan842fa04faea8f39beb866fd511','集团超级管理员管理','platform',NULL,10,'e3b15ac90286450fbe5a721c9f542451',NULL,NULL,NULL,'00020010',0,0,'platForm.nothreeManage.GroupManage',0);
INSERT  INTO SYS_MENU("ID","NAME","PARENT_ID","APP_ID","PARENT_NAME","URL","TYPE","ICON","AUTH_ID","BTN_AUTH","IS_LEAF","SORT_INDEX","ALL_ORDER","SORT_PATH","OPEN_STYLE","CLOSE_NOTICE","CREATE_USER","CREATE_TIME","UPDATE_TIME","LEAF","MENU_AUTH","REMARK","DATA_VERSION","IS_IFRAME") VALUES ('jituan842fa04faea8f39beb866fd511','集团管理员维护','e3b15ac90286450fbe5a721c9f542451','platform','系统管理','nothreeManage/views/GroupManage',1,null,'jituan842fa04faea8f39beb866fd511',NULL,NULL,10,NULL,'00020010',NULL,NULL,NULL,NULL,NULL,NULL,NULL,NULL,0,0);
/** 菜单权限配给admin、sec*/
insert into SYS_AUTH_ROLE ("ID","AUTH_ID","ROLE_ID","SIGN","IS_REVOKE","CREATE_USER","CREATE_TIME","UPDATE_TIME","REMARK") values ('jituan842fa04faea8f39beb866admin', 'jituan842fa04faea8f39beb866fd511', 'admin', null, 0, null, null, null, null);
insert into SYS_AUTH_ROLE_V ("ID","AUTH_ID","ROLE_ID","SIGN","IS_REVOKE","CREATE_USER","CREATE_TIME","UPDATE_TIME","REMARK","LV_ID") values ('jituan842fa04faea8f39beb866admin', 'jituan842fa04faea8f39beb866fd511', 'admin', null, 0, null, null, null, null, 'admin');
insert into SYS_AUTH_ROLE ("ID","AUTH_ID","ROLE_ID","SIGN","IS_REVOKE","CREATE_USER","CREATE_TIME","UPDATE_TIME","REMARK") values ('jituan842fa04faea8f39beb86623sec', 'jituan842fa04faea8f39beb866fd511', 'sec', null, 0, null, null, null, null);
insert into SYS_AUTH_ROLE_V ("ID","AUTH_ID","ROLE_ID","SIGN","IS_REVOKE","CREATE_USER","CREATE_TIME","UPDATE_TIME","REMARK","LV_ID") values ('jituan842fa04faea8f39beb86623sec', 'jituan842fa04faea8f39beb866fd511', 'sec', null, 0, null, null, null, null, 'sec');

/** 添加集团应用超级管理员角色 */
INSERT  INTO SYS_ROLE("ID","NAME","ROLE_EXPLAIN","ROLE_TYPE","CREATE_TIME","CREATE_USER","UPDATE_TIME","REMARK","APP_ID","DATA_VERSION") VALUES ('groupsuperadmin','集团超级管理员',NULL,44,NULL,NULL,NULL,NULL,'platform',0);
INSERT  INTO SYS_ROLE("ID","NAME","ROLE_EXPLAIN","ROLE_TYPE","CREATE_TIME","CREATE_USER","UPDATE_TIME","REMARK","APP_ID","DATA_VERSION") VALUES ('appsuperadmin','应用超级管理员',NULL,444,NULL,NULL,NULL,NULL,'platform',0);

comment on column sys_user_admin_org."ROLE_TYPE" is '角色类型（11集团系统管理员,22集团安全保密员,33集团安全审计员,44集团超级管理员）';
comment on column SYS_ROLE."ROLE_TYPE" is '角色类型(1租户系统管理员,2租户安全保密员,3租户安全审计员)(11集团系统管理员,22集团安全保密员,33集团安全审计员,44集团超级管理员)(111应用系统管理员,222应用安全保密员,333应用安全审计员,444应用超级管理员)';

/**应用超级管理员菜单权限 */
INSERT  INTO SYS_AUTH("ID","NAME","APP_ID","REMARK","SORT_INDEX","PARENT_ID","CREATE_USER","CREATE_TIME","UPDATE_TIME","SORT_PATH","IS_ORG_ADMIN","IS_USER_GROUP_ADMIN","CODE","DATA_VERSION") VALUES ('yingyong83214aeb8a3ec0a6822fdd30','应用超级管理员管理','platform',NULL,6,'e3b15ac90286450fbe5a721c9f542451',NULL,NULL,NULL,'00020011',0,0,'platForm.nothreeManage.AppManage',0);
INSERT  INTO SYS_MENU("ID","NAME","PARENT_ID","APP_ID","PARENT_NAME","URL","TYPE","ICON","AUTH_ID","BTN_AUTH","IS_LEAF","SORT_INDEX","ALL_ORDER","SORT_PATH","OPEN_STYLE","CLOSE_NOTICE","CREATE_USER","CREATE_TIME","UPDATE_TIME","LEAF","MENU_AUTH","REMARK","DATA_VERSION","IS_IFRAME") VALUES ('yingyong83214aeb8a3ec0a6822fdd30','应用管理员维护','e3b15ac90286450fbe5a721c9f542451','platform','系统管理','nothreeManage/views/AppManage',1,null,'yingyong83214aeb8a3ec0a6822fdd30',NULL,NULL,11,NULL,'00020011',NULL,NULL,NULL,NULL,NULL,NULL,NULL,NULL,0,0);

/** 集团超级管理员菜单权限关系 */
insert into SYS_AUTH_ROLE ("ID", "AUTH_ID", "ROLE_ID", "SIGN", "IS_REVOKE", "CREATE_USER", "CREATE_TIME", "UPDATE_TIME", "REMARK", "AUTH_NAME", "ROLE_NAME", "TRACE_ID") values('grsuper2ef32403dbf9dc989d0651124','yingyong83214aeb8a3ec0a6822fdd30','groupsuperadmin',NULL,'0',NULL,NULL,NULL,NULL,'应用管理员维护','集团超级管理员','grsuper2ef32403dbf9dc989d0651124');
insert into SYS_AUTH_ROLE ("ID", "AUTH_ID", "ROLE_ID", "SIGN", "IS_REVOKE", "CREATE_USER", "CREATE_TIME", "UPDATE_TIME", "REMARK", "AUTH_NAME", "ROLE_NAME", "TRACE_ID") values('grsuper2ef32403dbf9dc989d0651129','ac2a8ce16a614324b5ed4e9c24e7e905','groupsuperadmin',NULL,'0',NULL,NULL,NULL,NULL,'应用管理','集团超级管理员','grsuper2ef32403dbf9dc989d0651129');
insert into SYS_AUTH_ROLE ("ID", "AUTH_ID", "ROLE_ID", "SIGN", "IS_REVOKE", "CREATE_USER", "CREATE_TIME", "UPDATE_TIME", "REMARK", "AUTH_NAME", "ROLE_NAME", "TRACE_ID") values('grsuper2ef32403dbf9dc989d0651130','ac2a8ce16a614324b5ed4e9c24e7e111','groupsuperadmin',NULL,'0',NULL,NULL,NULL,NULL,'应用管理维护','集团超级管理员','grsuper2ef32403dbf9dc989d0651130');
insert into SYS_AUTH_ROLE ("ID", "AUTH_ID", "ROLE_ID", "SIGN", "IS_REVOKE", "CREATE_USER", "CREATE_TIME", "UPDATE_TIME", "REMARK", "AUTH_NAME", "ROLE_NAME", "TRACE_ID") values('grsuper2ef32403dbf9dc989d0651131','a16344b1790e41e98615f6cd19587573','groupsuperadmin',NULL,'0',NULL,NULL,NULL,NULL,'业务单元','集团超级管理员','grsuper2ef32403dbf9dc989d0651131');
insert into SYS_AUTH_ROLE ("ID", "AUTH_ID", "ROLE_ID", "SIGN", "IS_REVOKE", "CREATE_USER", "CREATE_TIME", "UPDATE_TIME", "REMARK", "AUTH_NAME", "ROLE_NAME", "TRACE_ID") values('grsuper2ef32403dbf9dc989d0651132','a16344b1790e41e98615f6cd19587111','groupsuperadmin',NULL,'0',NULL,NULL,NULL,NULL,'业务单元维护','集团超级管理员','grsuper2ef32403dbf9dc989d0651132');
insert into SYS_AUTH_ROLE ("ID", "AUTH_ID", "ROLE_ID", "SIGN", "IS_REVOKE", "CREATE_USER", "CREATE_TIME", "UPDATE_TIME", "REMARK", "AUTH_NAME", "ROLE_NAME", "TRACE_ID") values('grsuper2ef32403dbf9dc989d0651133','5e80ace300d54486814ee84c1fb29a3a','groupsuperadmin',NULL,'0',NULL,NULL,NULL,NULL,'部门管理','集团超级管理员','grsuper2ef32403dbf9dc989d0651133');
insert into SYS_AUTH_ROLE ("ID", "AUTH_ID", "ROLE_ID", "SIGN", "IS_REVOKE", "CREATE_USER", "CREATE_TIME", "UPDATE_TIME", "REMARK", "AUTH_NAME", "ROLE_NAME", "TRACE_ID") values('grsuper2ef32403dbf9dc989d0651134','5e80ace300d54486814ee84c1fb29111','groupsuperadmin',NULL,'0',NULL,NULL,NULL,NULL,'部门管理维护','集团超级管理员','grsuper2ef32403dbf9dc989d0651134');
insert into SYS_AUTH_ROLE ("ID", "AUTH_ID", "ROLE_ID", "SIGN", "IS_REVOKE", "CREATE_USER", "CREATE_TIME", "UPDATE_TIME", "REMARK", "AUTH_NAME", "ROLE_NAME", "TRACE_ID") values('grsuper2ef32403dbf9dc989d0651135','a16344b1790e41e98615f6cd19587571','groupsuperadmin',NULL,'0',NULL,NULL,NULL,NULL,'人员管理','集团超级管理员','grsuper2ef32403dbf9dc989d0651135');
insert into SYS_AUTH_ROLE ("ID", "AUTH_ID", "ROLE_ID", "SIGN", "IS_REVOKE", "CREATE_USER", "CREATE_TIME", "UPDATE_TIME", "REMARK", "AUTH_NAME", "ROLE_NAME", "TRACE_ID") values('grsuper2ef32403dbf9dc989d0651136','a16344b1790e41e98615f6cd19587112','groupsuperadmin',NULL,'0',NULL,NULL,NULL,NULL,'人员管理维护','集团超级管理员','grsuper2ef32403dbf9dc989d0651136');
insert into SYS_AUTH_ROLE ("ID", "AUTH_ID", "ROLE_ID", "SIGN", "IS_REVOKE", "CREATE_USER", "CREATE_TIME", "UPDATE_TIME", "REMARK", "AUTH_NAME", "ROLE_NAME", "TRACE_ID") values('grsuper2ef32403dbf9dc989d0651137','b50cbc8a2b0645729848403093f4246f','groupsuperadmin',NULL,'0',NULL,NULL,NULL,NULL,'用户管理','集团超级管理员','grsuper2ef32403dbf9dc989d0651137');
insert into SYS_AUTH_ROLE ("ID", "AUTH_ID", "ROLE_ID", "SIGN", "IS_REVOKE", "CREATE_USER", "CREATE_TIME", "UPDATE_TIME", "REMARK", "AUTH_NAME", "ROLE_NAME", "TRACE_ID") values('grsuper2ef32403dbf9dc989d0651138','b50cbc8a2b0645729848403093f42111','groupsuperadmin',NULL,'0',NULL,NULL,NULL,NULL,'用户管理维护','集团超级管理员','grsuper2ef32403dbf9dc989d0651138');
insert into SYS_AUTH_ROLE ("ID", "AUTH_ID", "ROLE_ID", "SIGN", "IS_REVOKE", "CREATE_USER", "CREATE_TIME", "UPDATE_TIME", "REMARK", "AUTH_NAME", "ROLE_NAME", "TRACE_ID") values('grsuper2ef32403dbf9dc989d0651141','ac2a8ce16a614324b5ed4e9c24e7e904','groupsuperadmin',NULL,'0',NULL,NULL,NULL,NULL,'系统配置项管理','集团超级管理员','grsuper2ef32403dbf9dc989d0651141');
insert into SYS_AUTH_ROLE ("ID", "AUTH_ID", "ROLE_ID", "SIGN", "IS_REVOKE", "CREATE_USER", "CREATE_TIME", "UPDATE_TIME", "REMARK", "AUTH_NAME", "ROLE_NAME", "TRACE_ID") values('grsuper2ef32403dbf9dc989d0651142','ac2a8ce16a614324b5ed4e9c24e71112','groupsuperadmin',NULL,'0',NULL,NULL,NULL,NULL,'集团配置项维护','集团超级管理员','grsuper2ef32403dbf9dc989d0651142');
insert into SYS_AUTH_ROLE ("ID", "AUTH_ID", "ROLE_ID", "SIGN", "IS_REVOKE", "CREATE_USER", "CREATE_TIME", "UPDATE_TIME", "REMARK", "AUTH_NAME", "ROLE_NAME", "TRACE_ID") values('grsuper2ef32403dbf9dc989d0651184','bc316279a4a9416a8e20019821e640af','groupsuperadmin',NULL,'0',NULL,NULL,NULL,NULL,'组织架构管理','集团超级管理员','grsuper2ef32403dbf9dc989d0651184');
insert into SYS_AUTH_ROLE ("ID", "AUTH_ID", "ROLE_ID", "SIGN", "IS_REVOKE", "CREATE_USER", "CREATE_TIME", "UPDATE_TIME", "REMARK", "AUTH_NAME", "ROLE_NAME", "TRACE_ID") values('grsuper2ef32403dbf9dc989d0651185','e3b15ac90286450fbe5a721c9f542451','groupsuperadmin',NULL,'0',NULL,NULL,NULL,NULL,'系统管理','集团超级管理员','grsuper2ef32403dbf9dc989d0651185');
insert into SYS_AUTH_ROLE ("ID", "AUTH_ID", "ROLE_ID", "SIGN", "IS_REVOKE", "CREATE_USER", "CREATE_TIME", "UPDATE_TIME", "REMARK", "AUTH_NAME", "ROLE_NAME", "TRACE_ID") values('grsuper2ef32403dbf9dc989d0651186','11316279a4a9416a8e20019821e640af','groupsuperadmin',NULL,'0',NULL,NULL,NULL,NULL,'配置管理','集团超级管理员','grsuper2ef32403dbf9dc989d0651186');
insert into SYS_AUTH_ROLE ("ID", "AUTH_ID", "ROLE_ID", "SIGN", "IS_REVOKE", "CREATE_USER", "CREATE_TIME", "UPDATE_TIME", "REMARK", "AUTH_NAME", "ROLE_NAME", "TRACE_ID") values('grsuper2ef32403dbf9dc989d0651202','8bc5761a4d8d49e680515bc50f4baad1','groupsuperadmin',NULL,'0',NULL,NULL,NULL,NULL,'菜单管理','集团超级管理员','grsuper2ef32403dbf9dc989d0651202');
insert into SYS_AUTH_ROLE ("ID", "AUTH_ID", "ROLE_ID", "SIGN", "IS_REVOKE", "CREATE_USER", "CREATE_TIME", "UPDATE_TIME", "REMARK", "AUTH_NAME", "ROLE_NAME", "TRACE_ID") values('grsuper2ef32403dbf9dc989d0651203','39e1b3ec3d6e483b86c4923ea64cfdd0','groupsuperadmin',NULL,'0',NULL,NULL,NULL,NULL,'权限定义','集团超级管理员','grsuper2ef32403dbf9dc989d0651203');
insert into SYS_AUTH_ROLE ("ID", "AUTH_ID", "ROLE_ID", "SIGN", "IS_REVOKE", "CREATE_USER", "CREATE_TIME", "UPDATE_TIME", "REMARK", "AUTH_NAME", "ROLE_NAME", "TRACE_ID") values('grsuper2ef32403dbf9dc989d0651204','8bc5761a4d8d49e680515bc50f4ba111','groupsuperadmin',NULL,'0',NULL,NULL,NULL,NULL,'菜单管理维护','集团超级管理员','grsuper2ef32403dbf9dc989d0651204');
insert into SYS_AUTH_ROLE ("ID", "AUTH_ID", "ROLE_ID", "SIGN", "IS_REVOKE", "CREATE_USER", "CREATE_TIME", "UPDATE_TIME", "REMARK", "AUTH_NAME", "ROLE_NAME", "TRACE_ID") values('grsuper2ef32403dbf9dc989d0651205','39e1b3ec3d6e483b86c4923ea64c1111','groupsuperadmin',NULL,'0',NULL,NULL,NULL,NULL,'权限管理维护','集团超级管理员','grsuper2ef32403dbf9dc989d0651205');
insert into SYS_AUTH_ROLE ("ID", "AUTH_ID", "ROLE_ID", "SIGN", "IS_REVOKE", "CREATE_USER", "CREATE_TIME", "UPDATE_TIME", "REMARK", "AUTH_NAME", "ROLE_NAME", "TRACE_ID") values('grsuper2ef32403dbf9dc989d0651206','39e1b3ec3d6e483b86c4923ea64c1112','groupsuperadmin',NULL,'0',NULL,NULL,NULL,NULL,'指定权限绑定api资源权限','集团超级管理员','grsuper2ef32403dbf9dc989d0651206');
insert into SYS_AUTH_ROLE ("ID", "AUTH_ID", "ROLE_ID", "SIGN", "IS_REVOKE", "CREATE_USER", "CREATE_TIME", "UPDATE_TIME", "REMARK", "AUTH_NAME", "ROLE_NAME", "TRACE_ID") values('grsuper2ef32403dbf9dc989d0651210','e3b15ac90286450fbe5a721c9f542433','groupsuperadmin',NULL,'0',NULL,NULL,NULL,NULL,'首页','集团超级管理员','grsuper2ef32403dbf9dc989d0651210');
insert into SYS_AUTH_ROLE ("ID", "AUTH_ID", "ROLE_ID", "SIGN", "IS_REVOKE", "CREATE_USER", "CREATE_TIME", "UPDATE_TIME", "REMARK", "AUTH_NAME", "ROLE_NAME", "TRACE_ID") values('grsuper2ef32403dbf9dc989d0651225','11116279a4a9416a8e20019821e61111','groupsuperadmin',NULL,'0',NULL,NULL,NULL,NULL,'工作日历','集团超级管理员','grsuper2ef32403dbf9dc989d0651225');
insert into SYS_AUTH_ROLE ("ID", "AUTH_ID", "ROLE_ID", "SIGN", "IS_REVOKE", "CREATE_USER", "CREATE_TIME", "UPDATE_TIME", "REMARK", "AUTH_NAME", "ROLE_NAME", "TRACE_ID") values('grsuper2ef32403dbf9dc989d0651241','a16344b1790e41e98615f6cd19587572','groupsuperadmin',NULL,'0',NULL,NULL,NULL,NULL,'岗位管理','集团超级管理员','grsuper2ef32403dbf9dc989d0651241');
insert into SYS_AUTH_ROLE ("ID", "AUTH_ID", "ROLE_ID", "SIGN", "IS_REVOKE", "CREATE_USER", "CREATE_TIME", "UPDATE_TIME", "REMARK", "AUTH_NAME", "ROLE_NAME", "TRACE_ID") values('grsuper2ef32403dbf9dc989d0651242','a16344b1790e41e98615f6cd1958757r','groupsuperadmin',NULL,'0',NULL,NULL,NULL,NULL,'职务管理','集团超级管理员','grsuper2ef32403dbf9dc989d0651242');
insert into SYS_AUTH_ROLE ("ID", "AUTH_ID", "ROLE_ID", "SIGN", "IS_REVOKE", "CREATE_USER", "CREATE_TIME", "UPDATE_TIME", "REMARK", "AUTH_NAME", "ROLE_NAME", "TRACE_ID") values('grsuper2ef32403dbf9dc989d0651253','131e140bc2bd4361af5ee488f92b22ad','groupsuperadmin',NULL,'0',NULL,NULL,NULL,NULL,'字典管理','集团超级管理员','grsuper2ef32403dbf9dc989d0651253');
insert into SYS_AUTH_ROLE ("ID", "AUTH_ID", "ROLE_ID", "SIGN", "IS_REVOKE", "CREATE_USER", "CREATE_TIME", "UPDATE_TIME", "REMARK", "AUTH_NAME", "ROLE_NAME", "TRACE_ID") values('grsuper07a3249d6ad180da0b4681112','1160858109884c5095eed968472c0235','groupsuperadmin',NULL,'0',NULL,NULL,NULL,NULL,'集团级字典维护','集团超级管理员','grsuper07a3249d6ad180da0b4681112');
insert into SYS_AUTH_ROLE ("ID", "AUTH_ID", "ROLE_ID", "SIGN", "IS_REVOKE", "CREATE_USER", "CREATE_TIME", "UPDATE_TIME", "REMARK", "AUTH_NAME", "ROLE_NAME", "TRACE_ID") values('grsuper2ef32403dbf9dc989d0651236','8d4d2caee7f548889988da2747dfaa4a','groupsuperadmin',NULL,'0',NULL,NULL,NULL,NULL,'角色全局管理','集团超级管理员',NULL);
insert into SYS_AUTH_ROLE ("ID", "AUTH_ID", "ROLE_ID", "SIGN", "IS_REVOKE", "CREATE_USER", "CREATE_TIME", "UPDATE_TIME", "REMARK", "AUTH_NAME", "ROLE_NAME", "TRACE_ID") values('grsuper7ea4a4e54acdaff4c84bb8371','99ea2ad7ea4a4e54acdaff4c84bb8371','groupsuperadmin',NULL,'0',NULL,NULL,NULL,NULL,'运行日志','集团超级管理员','grsuper7ea4a4e54acdaff4c84bb8371');
insert into SYS_AUTH_ROLE ("ID", "AUTH_ID", "ROLE_ID", "SIGN", "IS_REVOKE", "CREATE_USER", "CREATE_TIME", "UPDATE_TIME", "REMARK", "AUTH_NAME", "ROLE_NAME", "TRACE_ID") values('grsuperea4a4e54acdaff4yhmzq8370','vbnmhd7ea4a4e54acdaff4yhmzq8370','groupsuperadmin',NULL,'0',NULL,NULL,NULL,NULL,'小程序管理','集团超级管理员','grsuperea4a4e54acdaff4yhmzq8370');
insert into SYS_AUTH_ROLE ("ID", "AUTH_ID", "ROLE_ID", "SIGN", "IS_REVOKE", "CREATE_USER", "CREATE_TIME", "UPDATE_TIME", "REMARK", "AUTH_NAME", "ROLE_NAME", "TRACE_ID") values('grsuper2ef32403dbf9dc989d0651199','04d7893c4a4d4345b18b0789af13753f','groupsuperadmin',NULL,'0',NULL,NULL,NULL,NULL,'审计日志','集团超级管理员','grsuper2ef32403dbf9dc989d0651199');
insert into SYS_AUTH_ROLE ("ID", "AUTH_ID", "ROLE_ID", "SIGN", "IS_REVOKE", "CREATE_USER", "CREATE_TIME", "UPDATE_TIME", "REMARK", "AUTH_NAME", "ROLE_NAME", "TRACE_ID") values('grsuper7ea4a4e54acdaff4c84bb8370','19ea2ad7ea4a4e54acdaff4c84bb8370','groupsuperadmin',NULL,'0',NULL,NULL,NULL,NULL,'应用运行日志','集团超级管理员','grsuper7ea4a4e54acdaff4c84bb8370');

INSERT  INTO sys_auth_role_lv("ID","VERSION_NO","IS_LAST_VERSION","VERSION_BEGIN_TIME","VERSION_END_TIME","VERSION_BEGIN_USER_ID","VERSION_END_USER_ID","ROLE_ID") VALUES ('groupsuperadmin',1,1,NULL,NULL,NULL,NULL,'groupsuperadmin');


insert into SYS_AUTH_ROLE_V ("ID", "AUTH_ID", "ROLE_ID", "SIGN", "IS_REVOKE", "CREATE_USER", "CREATE_TIME", "UPDATE_TIME", "REMARK", "LV_ID", "AUTH_NAME",  "TRACE_ID") values('grsuper2ef32403dbf9dc989d0651124','yingyong83214aeb8a3ec0a6822fdd30','groupsuperadmin',NULL,'0',NULL,NULL,NULL,NULL,'groupsuperadmin','应用管理员维护','grsuper2ef32403dbf9dc989d0651124');
insert into SYS_AUTH_ROLE_V ("ID", "AUTH_ID", "ROLE_ID", "SIGN", "IS_REVOKE", "CREATE_USER", "CREATE_TIME", "UPDATE_TIME", "REMARK", "LV_ID", "AUTH_NAME",  "TRACE_ID") values('grsuper2ef32403dbf9dc989d0651129','ac2a8ce16a614324b5ed4e9c24e7e905','groupsuperadmin',NULL,'0',NULL,NULL,NULL,NULL,'groupsuperadmin','应用管理','grsuper2ef32403dbf9dc989d0651129');
insert into SYS_AUTH_ROLE_V ("ID", "AUTH_ID", "ROLE_ID", "SIGN", "IS_REVOKE", "CREATE_USER", "CREATE_TIME", "UPDATE_TIME", "REMARK", "LV_ID", "AUTH_NAME",  "TRACE_ID") values('grsuper2ef32403dbf9dc989d0651130','ac2a8ce16a614324b5ed4e9c24e7e111','groupsuperadmin',NULL,'0',NULL,NULL,NULL,NULL,'groupsuperadmin','应用管理维护','grsuper2ef32403dbf9dc989d0651130');
insert into SYS_AUTH_ROLE_V ("ID", "AUTH_ID", "ROLE_ID", "SIGN", "IS_REVOKE", "CREATE_USER", "CREATE_TIME", "UPDATE_TIME", "REMARK", "LV_ID", "AUTH_NAME",  "TRACE_ID") values('grsuper2ef32403dbf9dc989d0651131','a16344b1790e41e98615f6cd19587573','groupsuperadmin',NULL,'0',NULL,NULL,NULL,NULL,'groupsuperadmin','业务单元','grsuper2ef32403dbf9dc989d0651131');
insert into SYS_AUTH_ROLE_V ("ID", "AUTH_ID", "ROLE_ID", "SIGN", "IS_REVOKE", "CREATE_USER", "CREATE_TIME", "UPDATE_TIME", "REMARK", "LV_ID", "AUTH_NAME",  "TRACE_ID") values('grsuper2ef32403dbf9dc989d0651132','a16344b1790e41e98615f6cd19587111','groupsuperadmin',NULL,'0',NULL,NULL,NULL,NULL,'groupsuperadmin','业务单元维护','grsuper2ef32403dbf9dc989d0651132');
insert into SYS_AUTH_ROLE_V ("ID", "AUTH_ID", "ROLE_ID", "SIGN", "IS_REVOKE", "CREATE_USER", "CREATE_TIME", "UPDATE_TIME", "REMARK", "LV_ID", "AUTH_NAME",  "TRACE_ID") values('grsuper2ef32403dbf9dc989d0651133','5e80ace300d54486814ee84c1fb29a3a','groupsuperadmin',NULL,'0',NULL,NULL,NULL,NULL,'groupsuperadmin','部门管理','grsuper2ef32403dbf9dc989d0651133');
insert into SYS_AUTH_ROLE_V ("ID", "AUTH_ID", "ROLE_ID", "SIGN", "IS_REVOKE", "CREATE_USER", "CREATE_TIME", "UPDATE_TIME", "REMARK", "LV_ID", "AUTH_NAME",  "TRACE_ID") values('grsuper2ef32403dbf9dc989d0651134','5e80ace300d54486814ee84c1fb29111','groupsuperadmin',NULL,'0',NULL,NULL,NULL,NULL,'groupsuperadmin','部门管理维护','grsuper2ef32403dbf9dc989d0651134');
insert into SYS_AUTH_ROLE_V ("ID", "AUTH_ID", "ROLE_ID", "SIGN", "IS_REVOKE", "CREATE_USER", "CREATE_TIME", "UPDATE_TIME", "REMARK", "LV_ID", "AUTH_NAME",  "TRACE_ID") values('grsuper2ef32403dbf9dc989d0651135','a16344b1790e41e98615f6cd19587571','groupsuperadmin',NULL,'0',NULL,NULL,NULL,NULL,'groupsuperadmin','人员管理','grsuper2ef32403dbf9dc989d0651135');
insert into SYS_AUTH_ROLE_V ("ID", "AUTH_ID", "ROLE_ID", "SIGN", "IS_REVOKE", "CREATE_USER", "CREATE_TIME", "UPDATE_TIME", "REMARK", "LV_ID", "AUTH_NAME",  "TRACE_ID") values('grsuper2ef32403dbf9dc989d0651136','a16344b1790e41e98615f6cd19587112','groupsuperadmin',NULL,'0',NULL,NULL,NULL,NULL,'groupsuperadmin','人员管理维护','grsuper2ef32403dbf9dc989d0651136');
insert into SYS_AUTH_ROLE_V ("ID", "AUTH_ID", "ROLE_ID", "SIGN", "IS_REVOKE", "CREATE_USER", "CREATE_TIME", "UPDATE_TIME", "REMARK", "LV_ID", "AUTH_NAME",  "TRACE_ID") values('grsuper2ef32403dbf9dc989d0651137','b50cbc8a2b0645729848403093f4246f','groupsuperadmin',NULL,'0',NULL,NULL,NULL,NULL,'groupsuperadmin','用户管理','grsuper2ef32403dbf9dc989d0651137');
insert into SYS_AUTH_ROLE_V ("ID", "AUTH_ID", "ROLE_ID", "SIGN", "IS_REVOKE", "CREATE_USER", "CREATE_TIME", "UPDATE_TIME", "REMARK", "LV_ID", "AUTH_NAME",  "TRACE_ID") values('grsuper2ef32403dbf9dc989d0651138','b50cbc8a2b0645729848403093f42111','groupsuperadmin',NULL,'0',NULL,NULL,NULL,NULL,'groupsuperadmin','用户管理维护','grsuper2ef32403dbf9dc989d0651138');
insert into SYS_AUTH_ROLE_V ("ID", "AUTH_ID", "ROLE_ID", "SIGN", "IS_REVOKE", "CREATE_USER", "CREATE_TIME", "UPDATE_TIME", "REMARK", "LV_ID", "AUTH_NAME",  "TRACE_ID") values('grsuper2ef32403dbf9dc989d0651141','ac2a8ce16a614324b5ed4e9c24e7e904','groupsuperadmin',NULL,'0',NULL,NULL,NULL,NULL,'groupsuperadmin','系统配置项管理','grsuper2ef32403dbf9dc989d0651141');
insert into SYS_AUTH_ROLE_V ("ID", "AUTH_ID", "ROLE_ID", "SIGN", "IS_REVOKE", "CREATE_USER", "CREATE_TIME", "UPDATE_TIME", "REMARK", "LV_ID", "AUTH_NAME",  "TRACE_ID") values('grsuper2ef32403dbf9dc989d0651142','ac2a8ce16a614324b5ed4e9c24e71112','groupsuperadmin',NULL,'0',NULL,NULL,NULL,NULL,'groupsuperadmin','集团配置项维护','grsuper2ef32403dbf9dc989d0651142');
insert into SYS_AUTH_ROLE_V ("ID", "AUTH_ID", "ROLE_ID", "SIGN", "IS_REVOKE", "CREATE_USER", "CREATE_TIME", "UPDATE_TIME", "REMARK", "LV_ID", "AUTH_NAME",  "TRACE_ID") values('grsuper2ef32403dbf9dc989d0651184','bc316279a4a9416a8e20019821e640af','groupsuperadmin',NULL,'0',NULL,NULL,NULL,NULL,'groupsuperadmin','组织架构管理','grsuper2ef32403dbf9dc989d0651184');
insert into SYS_AUTH_ROLE_V ("ID", "AUTH_ID", "ROLE_ID", "SIGN", "IS_REVOKE", "CREATE_USER", "CREATE_TIME", "UPDATE_TIME", "REMARK", "LV_ID", "AUTH_NAME",  "TRACE_ID") values('grsuper2ef32403dbf9dc989d0651185','e3b15ac90286450fbe5a721c9f542451','groupsuperadmin',NULL,'0',NULL,NULL,NULL,NULL,'groupsuperadmin','系统管理','grsuper2ef32403dbf9dc989d0651185');
insert into SYS_AUTH_ROLE_V ("ID", "AUTH_ID", "ROLE_ID", "SIGN", "IS_REVOKE", "CREATE_USER", "CREATE_TIME", "UPDATE_TIME", "REMARK", "LV_ID", "AUTH_NAME",  "TRACE_ID") values('grsuper2ef32403dbf9dc989d0651186','11316279a4a9416a8e20019821e640af','groupsuperadmin',NULL,'0',NULL,NULL,NULL,NULL,'groupsuperadmin','配置管理','grsuper2ef32403dbf9dc989d0651186');
insert into SYS_AUTH_ROLE_V ("ID", "AUTH_ID", "ROLE_ID", "SIGN", "IS_REVOKE", "CREATE_USER", "CREATE_TIME", "UPDATE_TIME", "REMARK", "LV_ID", "AUTH_NAME",  "TRACE_ID") values('grsuper2ef32403dbf9dc989d0651202','8bc5761a4d8d49e680515bc50f4baad1','groupsuperadmin',NULL,'0',NULL,NULL,NULL,NULL,'groupsuperadmin','菜单管理','grsuper2ef32403dbf9dc989d0651202');
insert into SYS_AUTH_ROLE_V ("ID", "AUTH_ID", "ROLE_ID", "SIGN", "IS_REVOKE", "CREATE_USER", "CREATE_TIME", "UPDATE_TIME", "REMARK", "LV_ID", "AUTH_NAME",  "TRACE_ID") values('grsuper2ef32403dbf9dc989d0651203','39e1b3ec3d6e483b86c4923ea64cfdd0','groupsuperadmin',NULL,'0',NULL,NULL,NULL,NULL,'groupsuperadmin','权限定义','grsuper2ef32403dbf9dc989d0651203');
insert into SYS_AUTH_ROLE_V ("ID", "AUTH_ID", "ROLE_ID", "SIGN", "IS_REVOKE", "CREATE_USER", "CREATE_TIME", "UPDATE_TIME", "REMARK", "LV_ID", "AUTH_NAME",  "TRACE_ID") values('grsuper2ef32403dbf9dc989d0651204','8bc5761a4d8d49e680515bc50f4ba111','groupsuperadmin',NULL,'0',NULL,NULL,NULL,NULL,'groupsuperadmin','菜单管理维护','grsuper2ef32403dbf9dc989d0651204');
insert into SYS_AUTH_ROLE_V ("ID", "AUTH_ID", "ROLE_ID", "SIGN", "IS_REVOKE", "CREATE_USER", "CREATE_TIME", "UPDATE_TIME", "REMARK", "LV_ID", "AUTH_NAME",  "TRACE_ID") values('grsuper2ef32403dbf9dc989d0651205','39e1b3ec3d6e483b86c4923ea64c1111','groupsuperadmin',NULL,'0',NULL,NULL,NULL,NULL,'groupsuperadmin','权限管理维护','grsuper2ef32403dbf9dc989d0651205');
insert into SYS_AUTH_ROLE_V ("ID", "AUTH_ID", "ROLE_ID", "SIGN", "IS_REVOKE", "CREATE_USER", "CREATE_TIME", "UPDATE_TIME", "REMARK", "LV_ID", "AUTH_NAME",  "TRACE_ID") values('grsuper2ef32403dbf9dc989d0651206','39e1b3ec3d6e483b86c4923ea64c1112','groupsuperadmin',NULL,'0',NULL,NULL,NULL,NULL,'groupsuperadmin','指定权限绑定api资源权限','grsuper2ef32403dbf9dc989d0651206');
insert into SYS_AUTH_ROLE_V ("ID", "AUTH_ID", "ROLE_ID", "SIGN", "IS_REVOKE", "CREATE_USER", "CREATE_TIME", "UPDATE_TIME", "REMARK", "LV_ID", "AUTH_NAME",  "TRACE_ID") values('grsuper2ef32403dbf9dc989d0651210','e3b15ac90286450fbe5a721c9f542433','groupsuperadmin',NULL,'0',NULL,NULL,NULL,NULL,'groupsuperadmin','首页','grsuper2ef32403dbf9dc989d0651210');
insert into SYS_AUTH_ROLE_V ("ID", "AUTH_ID", "ROLE_ID", "SIGN", "IS_REVOKE", "CREATE_USER", "CREATE_TIME", "UPDATE_TIME", "REMARK", "LV_ID", "AUTH_NAME",  "TRACE_ID") values('grsuper2ef32403dbf9dc989d0651225','11116279a4a9416a8e20019821e61111','groupsuperadmin',NULL,'0',NULL,NULL,NULL,NULL,'groupsuperadmin','工作日历','grsuper2ef32403dbf9dc989d0651225');
insert into SYS_AUTH_ROLE_V ("ID", "AUTH_ID", "ROLE_ID", "SIGN", "IS_REVOKE", "CREATE_USER", "CREATE_TIME", "UPDATE_TIME", "REMARK", "LV_ID", "AUTH_NAME",  "TRACE_ID") values('grsuper2ef32403dbf9dc989d0651241','a16344b1790e41e98615f6cd19587572','groupsuperadmin',NULL,'0',NULL,NULL,NULL,NULL,'groupsuperadmin','岗位管理','grsuper2ef32403dbf9dc989d0651241');
insert into SYS_AUTH_ROLE_V ("ID", "AUTH_ID", "ROLE_ID", "SIGN", "IS_REVOKE", "CREATE_USER", "CREATE_TIME", "UPDATE_TIME", "REMARK", "LV_ID", "AUTH_NAME",  "TRACE_ID") values('grsuper2ef32403dbf9dc989d0651242','a16344b1790e41e98615f6cd1958757r','groupsuperadmin',NULL,'0',NULL,NULL,NULL,NULL,'groupsuperadmin','职务管理','grsuper2ef32403dbf9dc989d0651242');
insert into SYS_AUTH_ROLE_V ("ID", "AUTH_ID", "ROLE_ID", "SIGN", "IS_REVOKE", "CREATE_USER", "CREATE_TIME", "UPDATE_TIME", "REMARK", "LV_ID", "AUTH_NAME",  "TRACE_ID") values('grsuper2ef32403dbf9dc989d0651253','131e140bc2bd4361af5ee488f92b22ad','groupsuperadmin',NULL,'0',NULL,NULL,NULL,NULL,'groupsuperadmin','字典管理','grsuper2ef32403dbf9dc989d0651253');
insert into SYS_AUTH_ROLE_V ("ID", "AUTH_ID", "ROLE_ID", "SIGN", "IS_REVOKE", "CREATE_USER", "CREATE_TIME", "UPDATE_TIME", "REMARK", "LV_ID", "AUTH_NAME",  "TRACE_ID") values('grsuper07a3249d6ad180da0b4681112','1160858109884c5095eed968472c0235','groupsuperadmin',NULL,'0',NULL,NULL,NULL,NULL,'groupsuperadmin','集团级字典维护','grsuper07a3249d6ad180da0b4681112');
insert into SYS_AUTH_ROLE_V ("ID", "AUTH_ID", "ROLE_ID", "SIGN", "IS_REVOKE", "CREATE_USER", "CREATE_TIME", "UPDATE_TIME", "REMARK", "LV_ID", "AUTH_NAME",  "TRACE_ID") values('grsuper2ef32403dbf9dc989d0651236','8d4d2caee7f548889988da2747dfaa4a','groupsuperadmin',NULL,'0',NULL,NULL,NULL,NULL,'groupsuperadmin','角色全局管理',NULL);
insert into SYS_AUTH_ROLE_V ("ID", "AUTH_ID", "ROLE_ID", "SIGN", "IS_REVOKE", "CREATE_USER", "CREATE_TIME", "UPDATE_TIME", "REMARK", "LV_ID", "AUTH_NAME",  "TRACE_ID") values('grsuper7ea4a4e54acdaff4c84bb8371','99ea2ad7ea4a4e54acdaff4c84bb8371','groupsuperadmin',NULL,'0',NULL,NULL,NULL,NULL,'groupsuperadmin','运行日志','grsuper7ea4a4e54acdaff4c84bb8371');
insert into SYS_AUTH_ROLE_V ("ID", "AUTH_ID", "ROLE_ID", "SIGN", "IS_REVOKE", "CREATE_USER", "CREATE_TIME", "UPDATE_TIME", "REMARK", "LV_ID", "AUTH_NAME",  "TRACE_ID") values('grsuperea4a4e54acdaff4yhmzq8370','vbnmhd7ea4a4e54acdaff4yhmzq8370','groupsuperadmin',NULL,'0',NULL,NULL,NULL,NULL,'groupsuperadmin','小程序管理','grsuperea4a4e54acdaff4yhmzq8370');
insert into SYS_AUTH_ROLE_V ("ID", "AUTH_ID", "ROLE_ID", "SIGN", "IS_REVOKE", "CREATE_USER", "CREATE_TIME", "UPDATE_TIME", "REMARK", "LV_ID", "AUTH_NAME",  "TRACE_ID") values('grsuper2ef32403dbf9dc989d0651199','04d7893c4a4d4345b18b0789af13753f','groupsuperadmin',NULL,'0',NULL,NULL,NULL,NULL,'groupsuperadmin','审计日志','grsuper2ef32403dbf9dc989d0651199');
insert into SYS_AUTH_ROLE_V ("ID", "AUTH_ID", "ROLE_ID", "SIGN", "IS_REVOKE", "CREATE_USER", "CREATE_TIME", "UPDATE_TIME", "REMARK", "LV_ID", "AUTH_NAME",  "TRACE_ID") values('grsuper7ea4a4e54acdaff4c84bb8370','19ea2ad7ea4a4e54acdaff4c84bb8370','groupsuperadmin',NULL,'0',NULL,NULL,NULL,NULL,'groupsuperadmin','应用运行日志','grsuper7ea4a4e54acdaff4c84bb8370');


/** 应用超级管理员菜单权限关系 */
INSERT INTO SYS_AUTH_ROLE ("ID", "AUTH_ID", "ROLE_ID", "SIGN", "IS_REVOKE", "CREATE_USER", "CREATE_TIME", "UPDATE_TIME", "REMARK", "AUTH_NAME", "ROLE_NAME", "TRACE_ID") VALUES('superappa4a4e54acdaff4yhmzq8370','0745867ea4a4e54acdaff4yhmzq8370','appsuperadmin',NULL,'0',NULL,NULL,NULL,NULL,NULL,NULL,'superappa4a4e54acdaff4yhmzq8370');
INSERT INTO SYS_AUTH_ROLE ("ID", "AUTH_ID", "ROLE_ID", "SIGN", "IS_REVOKE", "CREATE_USER", "CREATE_TIME", "UPDATE_TIME", "REMARK", "AUTH_NAME", "ROLE_NAME", "TRACE_ID") VALUES('superappef32403dbf9dc989d0651139','39e1b3ec3d6e483b86c4923ea64cfeee','appsuperadmin',NULL,'0',NULL,NULL,NULL,NULL,'数据源管理',NULL,'superappef32403dbf9dc989d0651139');
INSERT INTO SYS_AUTH_ROLE ("ID", "AUTH_ID", "ROLE_ID", "SIGN", "IS_REVOKE", "CREATE_USER", "CREATE_TIME", "UPDATE_TIME", "REMARK", "AUTH_NAME", "ROLE_NAME", "TRACE_ID") VALUES('superappef32403dbf9dc989d0651140','39e1b3ec3d6e483b86c4923ea64cf111','appsuperadmin',NULL,'0',NULL,NULL,NULL,NULL,'数据源管理维护',NULL,'superappef32403dbf9dc989d0651140');
INSERT INTO SYS_AUTH_ROLE ("ID", "AUTH_ID", "ROLE_ID", "SIGN", "IS_REVOKE", "CREATE_USER", "CREATE_TIME", "UPDATE_TIME", "REMARK", "AUTH_NAME", "ROLE_NAME", "TRACE_ID") VALUES('superappef32403dbf9dc989d0651147','ac2a8ce16a614324b5ed4e9c24e7e904','appsuperadmin',NULL,'0',NULL,NULL,NULL,NULL,'系统配置项管理',NULL,'superappef32403dbf9dc989d0651147');
INSERT INTO SYS_AUTH_ROLE ("ID", "AUTH_ID", "ROLE_ID", "SIGN", "IS_REVOKE", "CREATE_USER", "CREATE_TIME", "UPDATE_TIME", "REMARK", "AUTH_NAME", "ROLE_NAME", "TRACE_ID") VALUES('superappef32403dbf9dc989d0651148','ac2a8ce16a614324b5ed4e9c24e71113','appsuperadmin',NULL,'0',NULL,NULL,NULL,NULL,'应用配置项维护',NULL,'superappef32403dbf9dc989d0651148');
INSERT INTO SYS_AUTH_ROLE ("ID", "AUTH_ID", "ROLE_ID", "SIGN", "IS_REVOKE", "CREATE_USER", "CREATE_TIME", "UPDATE_TIME", "REMARK", "AUTH_NAME", "ROLE_NAME", "TRACE_ID") VALUES('superappef32403dbf9dc989d0651149','ffc03579b06a4b7fae6c51c9ff48b311','appsuperadmin',NULL,'0',NULL,NULL,NULL,NULL,'附件配置项管理',NULL,'superappef32403dbf9dc989d0651149');
INSERT INTO SYS_AUTH_ROLE ("ID", "AUTH_ID", "ROLE_ID", "SIGN", "IS_REVOKE", "CREATE_USER", "CREATE_TIME", "UPDATE_TIME", "REMARK", "AUTH_NAME", "ROLE_NAME", "TRACE_ID") VALUES('superappef32403dbf9dc989d0651151','131e140bc2bd4361af5ee488f92b22ad','appsuperadmin',NULL,'0',NULL,NULL,NULL,NULL,'字典管理',NULL,'superappef32403dbf9dc989d0651151');
INSERT INTO SYS_AUTH_ROLE ("ID", "AUTH_ID", "ROLE_ID", "SIGN", "IS_REVOKE", "CREATE_USER", "CREATE_TIME", "UPDATE_TIME", "REMARK", "AUTH_NAME", "ROLE_NAME", "TRACE_ID") VALUES('superappef32403dbf9dc989d0651153','8bc5761a4d8d49e680515bc50f4baad1','appsuperadmin',NULL,'0',NULL,NULL,NULL,NULL,'菜单管理',NULL,'superappef32403dbf9dc989d0651153');
INSERT INTO SYS_AUTH_ROLE ("ID", "AUTH_ID", "ROLE_ID", "SIGN", "IS_REVOKE", "CREATE_USER", "CREATE_TIME", "UPDATE_TIME", "REMARK", "AUTH_NAME", "ROLE_NAME", "TRACE_ID") VALUES('superappef32403dbf9dc989d0651154','8bc5761a4d8d49e680515bc50f4ba111','appsuperadmin',NULL,'0',NULL,NULL,NULL,NULL,'菜单管理维护',NULL,'superappef32403dbf9dc989d0651154');
INSERT INTO SYS_AUTH_ROLE ("ID", "AUTH_ID", "ROLE_ID", "SIGN", "IS_REVOKE", "CREATE_USER", "CREATE_TIME", "UPDATE_TIME", "REMARK", "AUTH_NAME", "ROLE_NAME", "TRACE_ID") VALUES('superappef32403dbf9dc989d0651155','39e1b3ec3d6e483b86c4923ea64cfdd0','appsuperadmin',NULL,'0',NULL,NULL,NULL,NULL,'权限定义',NULL,'superappef32403dbf9dc989d0651155');
INSERT INTO SYS_AUTH_ROLE ("ID", "AUTH_ID", "ROLE_ID", "SIGN", "IS_REVOKE", "CREATE_USER", "CREATE_TIME", "UPDATE_TIME", "REMARK", "AUTH_NAME", "ROLE_NAME", "TRACE_ID") VALUES('superappef32403dbf9dc989d0651156','39e1b3ec3d6e483b86c4923ea64c1111','appsuperadmin',NULL,'0',NULL,NULL,NULL,NULL,'权限管理维护',NULL,'superappef32403dbf9dc989d0651156');
INSERT INTO SYS_AUTH_ROLE ("ID", "AUTH_ID", "ROLE_ID", "SIGN", "IS_REVOKE", "CREATE_USER", "CREATE_TIME", "UPDATE_TIME", "REMARK", "AUTH_NAME", "ROLE_NAME", "TRACE_ID") VALUES('superappef32403dbf9dc989d0651157','8d4d2caee7f548889988da2747dfaa4a','appsuperadmin',NULL,'0',NULL,NULL,NULL,NULL,'角色管理',NULL,'superappef32403dbf9dc989d0651157');
INSERT INTO SYS_AUTH_ROLE ("ID", "AUTH_ID", "ROLE_ID", "SIGN", "IS_REVOKE", "CREATE_USER", "CREATE_TIME", "UPDATE_TIME", "REMARK", "AUTH_NAME", "ROLE_NAME", "TRACE_ID") VALUES('superappef32403dbf9dc989d0651158','39e1b3ec3d6e483b86c4923ea64c1112','appsuperadmin',NULL,'0',NULL,NULL,NULL,NULL,'指定权限绑定api资源权限',NULL,'superappef32403dbf9dc989d0651158');
INSERT INTO SYS_AUTH_ROLE ("ID", "AUTH_ID", "ROLE_ID", "SIGN", "IS_REVOKE", "CREATE_USER", "CREATE_TIME", "UPDATE_TIME", "REMARK", "AUTH_NAME", "ROLE_NAME", "TRACE_ID") VALUES('superappef32403dbf9dc989d0651164','334qb3ec3d6e483b86c4923ea64cf112','appsuperadmin',NULL,'0',NULL,NULL,NULL,NULL,'用户授权激活',NULL,'superappef32403dbf9dc989d0651164');
INSERT INTO SYS_AUTH_ROLE ("ID", "AUTH_ID", "ROLE_ID", "SIGN", "IS_REVOKE", "CREATE_USER", "CREATE_TIME", "UPDATE_TIME", "REMARK", "AUTH_NAME", "ROLE_NAME", "TRACE_ID") VALUES('superappef32403dbf9dc989d0651170','456wb3ec3d6e483b86c4923ea64cf112','appsuperadmin',NULL,'0',NULL,NULL,NULL,NULL,'角色授权激活',NULL,'superappef32403dbf9dc989d0651170');
INSERT INTO SYS_AUTH_ROLE ("ID", "AUTH_ID", "ROLE_ID", "SIGN", "IS_REVOKE", "CREATE_USER", "CREATE_TIME", "UPDATE_TIME", "REMARK", "AUTH_NAME", "ROLE_NAME", "TRACE_ID") VALUES('superappef32403dbf9dc989d0651174','67yub3ec3d6e483b86c4923ea64cf112','appsuperadmin',NULL,'0',NULL,NULL,NULL,NULL,'权限授权激活',NULL,'superappef32403dbf9dc989d0651174');
INSERT INTO SYS_AUTH_ROLE ("ID", "AUTH_ID", "ROLE_ID", "SIGN", "IS_REVOKE", "CREATE_USER", "CREATE_TIME", "UPDATE_TIME", "REMARK", "AUTH_NAME", "ROLE_NAME", "TRACE_ID") VALUES('superappef32403dbf9dc989d0651189','11316279a4a9416a8e20019821e640af','appsuperadmin',NULL,'0',NULL,NULL,NULL,NULL,'配置管理',NULL,'superappef32403dbf9dc989d0651189');
INSERT INTO SYS_AUTH_ROLE ("ID", "AUTH_ID", "ROLE_ID", "SIGN", "IS_REVOKE", "CREATE_USER", "CREATE_TIME", "UPDATE_TIME", "REMARK", "AUTH_NAME", "ROLE_NAME", "TRACE_ID") VALUES('superappef32403dbf9dc989d0651190','e3b15ac90286450fbe5a721c9f542451','appsuperadmin',NULL,'0',NULL,NULL,NULL,NULL,'系统管理',NULL,'superappef32403dbf9dc989d0651190');
INSERT INTO SYS_AUTH_ROLE ("ID", "AUTH_ID", "ROLE_ID", "SIGN", "IS_REVOKE", "CREATE_USER", "CREATE_TIME", "UPDATE_TIME", "REMARK", "AUTH_NAME", "ROLE_NAME", "TRACE_ID") VALUES('superappef32403dbf9dc989d0651192','11erb3ec3d6e483b86c4923ea64cfdd0','appsuperadmin',NULL,'0',NULL,NULL,NULL,NULL,'授权管理',NULL,'superappef32403dbf9dc989d0651192');
INSERT INTO SYS_AUTH_ROLE ("ID", "AUTH_ID", "ROLE_ID", "SIGN", "IS_REVOKE", "CREATE_USER", "CREATE_TIME", "UPDATE_TIME", "REMARK", "AUTH_NAME", "ROLE_NAME", "TRACE_ID") VALUES('superappef32403dbf9dc989d0651213','e3b15ac90286450fbe5a721c9f542433','appsuperadmin',NULL,'0',NULL,NULL,NULL,NULL,'首页',NULL,'superappef32403dbf9dc989d0651213');
INSERT INTO SYS_AUTH_ROLE ("ID", "AUTH_ID", "ROLE_ID", "SIGN", "IS_REVOKE", "CREATE_USER", "CREATE_TIME", "UPDATE_TIME", "REMARK", "AUTH_NAME", "ROLE_NAME", "TRACE_ID") VALUES('superappef32403dbf9dc989d0651224','22316279a4a9416a8e20019821e640af','appsuperadmin',NULL,'0',NULL,NULL,NULL,NULL,'定时任务',NULL,'superappef32403dbf9dc989d0651224');
INSERT INTO SYS_AUTH_ROLE ("ID", "AUTH_ID", "ROLE_ID", "SIGN", "IS_REVOKE", "CREATE_USER", "CREATE_TIME", "UPDATE_TIME", "REMARK", "AUTH_NAME", "ROLE_NAME", "TRACE_ID") VALUES('superappef32403dbf9dc989d0651227','3333ba3204344d37929abd4ad9a12222','appsuperadmin',NULL,'0',NULL,NULL,NULL,NULL,'工作流程',NULL,'superappef32403dbf9dc989d0651227');
INSERT INTO SYS_AUTH_ROLE ("ID", "AUTH_ID", "ROLE_ID", "SIGN", "IS_REVOKE", "CREATE_USER", "CREATE_TIME", "UPDATE_TIME", "REMARK", "AUTH_NAME", "ROLE_NAME", "TRACE_ID") VALUES('superappef32403dbf9dc989d0651228','3456ba3204344d37929abd4ad9a15678','appsuperadmin',NULL,'0',NULL,NULL,NULL,NULL,'流程定义',NULL,'superappef32403dbf9dc989d0651228');
INSERT INTO SYS_AUTH_ROLE ("ID", "AUTH_ID", "ROLE_ID", "SIGN", "IS_REVOKE", "CREATE_USER", "CREATE_TIME", "UPDATE_TIME", "REMARK", "AUTH_NAME", "ROLE_NAME", "TRACE_ID") VALUES('superappef32403dbf9dc989d0651229','7756ba3204344d37929abd4ad9a15699','appsuperadmin',NULL,'0',NULL,NULL,NULL,NULL,'全局变量',NULL,'superappef32403dbf9dc989d0651229');
INSERT INTO SYS_AUTH_ROLE ("ID", "AUTH_ID", "ROLE_ID", "SIGN", "IS_REVOKE", "CREATE_USER", "CREATE_TIME", "UPDATE_TIME", "REMARK", "AUTH_NAME", "ROLE_NAME", "TRACE_ID") VALUES('superappef32403dbf9dc989d0651230','1116ba3204344d37929abd4ad9a15222','appsuperadmin',NULL,'0',NULL,NULL,NULL,NULL,'全局规则',NULL,'superappef32403dbf9dc989d0651230');
INSERT INTO SYS_AUTH_ROLE ("ID", "AUTH_ID", "ROLE_ID", "SIGN", "IS_REVOKE", "CREATE_USER", "CREATE_TIME", "UPDATE_TIME", "REMARK", "AUTH_NAME", "ROLE_NAME", "TRACE_ID") VALUES('superappef32403dbf9dc989d0651243','twerba3204344d37929abd4ad9a1dfgh','appsuperadmin',NULL,'0',NULL,NULL,NULL,NULL,'数据展示',NULL,'superappef32403dbf9dc989d0651243');
INSERT INTO SYS_AUTH_ROLE ("ID", "AUTH_ID", "ROLE_ID", "SIGN", "IS_REVOKE", "CREATE_USER", "CREATE_TIME", "UPDATE_TIME", "REMARK", "AUTH_NAME", "ROLE_NAME", "TRACE_ID") VALUES('superappef32403dbf9dc989d0651244','1234ba3204344d37929abd4ad9a1dgth','appsuperadmin',NULL,'0',NULL,NULL,NULL,NULL,'业务类型',NULL,'superappef32403dbf9dc989d0651244');
INSERT INTO SYS_AUTH_ROLE ("ID", "AUTH_ID", "ROLE_ID", "SIGN", "IS_REVOKE", "CREATE_USER", "CREATE_TIME", "UPDATE_TIME", "REMARK", "AUTH_NAME", "ROLE_NAME", "TRACE_ID") VALUES('superappef32403dbf9dc989d0651245','2234ba3204344d37929abd4ad9a1dgth','appsuperadmin',NULL,'0',NULL,NULL,NULL,NULL,'报表设计',NULL,'superappef32403dbf9dc989d0651245');
INSERT INTO SYS_AUTH_ROLE ("ID", "AUTH_ID", "ROLE_ID", "SIGN", "IS_REVOKE", "CREATE_USER", "CREATE_TIME", "UPDATE_TIME", "REMARK", "AUTH_NAME", "ROLE_NAME", "TRACE_ID") VALUES('superappef32403dbf9dc989d0651246','3234ba3204344d37929abd4ad9a1dgth','appsuperadmin',NULL,'0',NULL,NULL,NULL,NULL,'报表浏览',NULL,'superappef32403dbf9dc989d0651246');
INSERT INTO SYS_AUTH_ROLE ("ID", "AUTH_ID", "ROLE_ID", "SIGN", "IS_REVOKE", "CREATE_USER", "CREATE_TIME", "UPDATE_TIME", "REMARK", "AUTH_NAME", "ROLE_NAME", "TRACE_ID") VALUES('superappef32403dbf9dc989d0651250','45676279a4a9416a8e20019821e6ghjk','appsuperadmin',NULL,'0',NULL,NULL,NULL,NULL,'消息通道',NULL,'superappef32403dbf9dc989d0651250');
INSERT INTO SYS_AUTH_ROLE ("ID", "AUTH_ID", "ROLE_ID", "SIGN", "IS_REVOKE", "CREATE_USER", "CREATE_TIME", "UPDATE_TIME", "REMARK", "AUTH_NAME", "ROLE_NAME", "TRACE_ID") VALUES('superappef32403dbf9dc989d0651251','yut76279a4a9416a8e20019821e6g45t','appsuperadmin',NULL,'0',NULL,NULL,NULL,NULL,NULL,NULL,NULL);
INSERT INTO SYS_AUTH_ROLE ("ID", "AUTH_ID", "ROLE_ID", "SIGN", "IS_REVOKE", "CREATE_USER", "CREATE_TIME", "UPDATE_TIME", "REMARK", "AUTH_NAME", "ROLE_NAME", "TRACE_ID") VALUES('superappa4a4e54acdaff4yhmzq8371','1275967ea4a4e54acdaff4yhmzq8370','appsuperadmin',NULL,'0',NULL,NULL,NULL,NULL,NULL,NULL,'superappa4a4e54acdaff4yhmzq8371');
INSERT INTO SYS_AUTH_ROLE ("ID", "AUTH_ID", "ROLE_ID", "SIGN", "IS_REVOKE", "CREATE_USER", "CREATE_TIME", "UPDATE_TIME", "REMARK", "AUTH_NAME", "ROLE_NAME", "TRACE_ID") VALUES('superapp7a3249d6ad180da0b4681113','1160858109884c5095eed968472c0236','appsuperadmin',NULL,'0',NULL,NULL,NULL,NULL,'应用级字典维护',NULL,'superappa3249d6ad180da0b4681113');
INSERT INTO SYS_AUTH_ROLE ("ID", "AUTH_ID", "ROLE_ID", "SIGN", "IS_REVOKE", "CREATE_USER", "CREATE_TIME", "UPDATE_TIME", "REMARK", "AUTH_NAME", "ROLE_NAME", "TRACE_ID") VALUES('superappea4a4e54acdaff4c84bb8379','19ea2ad7ea4a4e54acdaff4yhmzq8370','appsuperadmin',NULL,'0',NULL,NULL,NULL,NULL,'组件注册',NULL,'superappea4a4e54acdaff4c84bb8379');
INSERT INTO SYS_AUTH_ROLE ("ID", "AUTH_ID", "ROLE_ID", "SIGN", "IS_REVOKE", "CREATE_USER", "CREATE_TIME", "UPDATE_TIME", "REMARK", "AUTH_NAME", "ROLE_NAME", "TRACE_ID") VALUES('superapp04344d37929abd4ad9a1dg12','4599ba3204344d37929abd4ad9a1dgth','appsuperadmin',NULL,'0',NULL,NULL,NULL,NULL,NULL,NULL,'superapp04344d37929abd4ad9a1dg12');
INSERT INTO SYS_AUTH_ROLE ("ID", "AUTH_ID", "ROLE_ID", "SIGN", "IS_REVOKE", "CREATE_USER", "CREATE_TIME", "UPDATE_TIME", "REMARK", "AUTH_NAME", "ROLE_NAME", "TRACE_ID") VALUES('superapp04344d37929abd4ad9a1dg32','7784ba3204344d37929abd4ad9a1dgth','appsuperadmin',NULL,'0',NULL,NULL,NULL,NULL,NULL,NULL,'superapp04344d37929abd4ad9a1dg32');
INSERT INTO SYS_AUTH_ROLE ("ID", "AUTH_ID", "ROLE_ID", "SIGN", "IS_REVOKE", "CREATE_USER", "CREATE_TIME", "UPDATE_TIME", "REMARK", "AUTH_NAME", "ROLE_NAME", "TRACE_ID") VALUES('superapp04344d37929abd4ad9a1dg43','8234ba3204344d37929abd4ad9a1dgth','appsuperadmin',NULL,'0',NULL,NULL,NULL,NULL,NULL,NULL,'superapp04344d37929abd4ad9a1dg43');
INSERT INTO SYS_AUTH_ROLE ("ID", "AUTH_ID", "ROLE_ID", "SIGN", "IS_REVOKE", "CREATE_USER", "CREATE_TIME", "UPDATE_TIME", "REMARK", "AUTH_NAME", "ROLE_NAME", "TRACE_ID") VALUES('superappa4a4e54acdaff4yhmzq8373','byasmd7ea4a4e54acdaff4yhmzq8370','appsuperadmin',NULL,'0',NULL,NULL,NULL,NULL,NULL,NULL,'superappa4a4e54acdaff4yhmzq8373');
INSERT INTO SYS_AUTH_ROLE ("ID", "AUTH_ID", "ROLE_ID", "SIGN", "IS_REVOKE", "CREATE_USER", "CREATE_TIME", "UPDATE_TIME", "REMARK", "AUTH_NAME", "ROLE_NAME", "TRACE_ID") VALUES('superappa4a4e54acdaff4yhmzq8374','c789567ea4a4e54acdaff4yhmzq8370','appsuperadmin',NULL,'0',NULL,NULL,NULL,NULL,NULL,NULL,'superappa4a4e54acdaff4yhmzq8374');
INSERT INTO SYS_AUTH_ROLE ("ID", "AUTH_ID", "ROLE_ID", "SIGN", "IS_REVOKE", "CREATE_USER", "CREATE_TIME", "UPDATE_TIME", "REMARK", "AUTH_NAME", "ROLE_NAME", "TRACE_ID") VALUES('superappaoxi4d37929abd4ad9a1dgth','dapingxiaoxi4d37929abd4ad9a1dgth','appsuperadmin',NULL,'0',NULL,NULL,NULL,NULL,NULL,NULL,NULL);
INSERT INTO SYS_AUTH_ROLE ("ID", "AUTH_ID", "ROLE_ID", "SIGN", "IS_REVOKE", "CREATE_USER", "CREATE_TIME", "UPDATE_TIME", "REMARK", "AUTH_NAME", "ROLE_NAME", "TRACE_ID") VALUES('superappa4a4e54acdaff4yhmzq8375','bnuimd7ea4a4e54acdaff4yhmzq8370','appsuperadmin',NULL,'0',NULL,NULL,NULL,NULL,'消息模板',NULL,'superappa4a4e54acdaff4yhmzq8375');
INSERT INTO SYS_AUTH_ROLE ("ID", "AUTH_ID", "ROLE_ID", "SIGN", "IS_REVOKE", "CREATE_USER", "CREATE_TIME", "UPDATE_TIME", "REMARK", "AUTH_NAME", "ROLE_NAME", "TRACE_ID") VALUES('superappef32403dbf9dc989d0651165','334qb3ec3d6e483b86c4923ea64cfdd0','appsuperadmin',NULL,'0',NULL,NULL,NULL,NULL,'用户授权',NULL,'superappef32403dbf9dc989d0651165');
INSERT INTO SYS_AUTH_ROLE ("ID", "AUTH_ID", "ROLE_ID", "SIGN", "IS_REVOKE", "CREATE_USER", "CREATE_TIME", "UPDATE_TIME", "REMARK", "AUTH_NAME", "ROLE_NAME", "TRACE_ID") VALUES('superappef32403dbf9dc989d0651166','334qb3ec3d6e483b86c4923ea64cf111','appsuperadmin',NULL,'0',NULL,NULL,NULL,NULL,'用户授权保存',NULL,'superappef32403dbf9dc989d0651166');
INSERT INTO SYS_AUTH_ROLE ("ID", "AUTH_ID", "ROLE_ID", "SIGN", "IS_REVOKE", "CREATE_USER", "CREATE_TIME", "UPDATE_TIME", "REMARK", "AUTH_NAME", "ROLE_NAME", "TRACE_ID") VALUES('superappef32403dbf9dc989d0651167','334qb3ec3d6e483b86c4923ea64cf113','appsuperadmin',NULL,'0',NULL,NULL,NULL,NULL,'指定用户权限管控的组织范围',NULL,'superappef32403dbf9dc989d0651167');
INSERT INTO SYS_AUTH_ROLE ("ID", "AUTH_ID", "ROLE_ID", "SIGN", "IS_REVOKE", "CREATE_USER", "CREATE_TIME", "UPDATE_TIME", "REMARK", "AUTH_NAME", "ROLE_NAME", "TRACE_ID") VALUES('superappef32403dbf9dc989d0651168','334qb3ec3d6e483b86c4923ea64cf114','appsuperadmin',NULL,'0',NULL,NULL,NULL,NULL,'指定用户权限管控的用户组范围',NULL,'superappef32403dbf9dc989d0651168');
INSERT INTO SYS_AUTH_ROLE ("ID", "AUTH_ID", "ROLE_ID", "SIGN", "IS_REVOKE", "CREATE_USER", "CREATE_TIME", "UPDATE_TIME", "REMARK", "AUTH_NAME", "ROLE_NAME", "TRACE_ID") VALUES('superappef32403dbf9dc989d0651171','456wb3ec3d6e483b86c4923ea64cfdd0','appsuperadmin',NULL,'0',NULL,NULL,NULL,NULL,'角色授权',NULL,'superappef32403dbf9dc989d0651171');
INSERT INTO SYS_AUTH_ROLE ("ID", "AUTH_ID", "ROLE_ID", "SIGN", "IS_REVOKE", "CREATE_USER", "CREATE_TIME", "UPDATE_TIME", "REMARK", "AUTH_NAME", "ROLE_NAME", "TRACE_ID") VALUES('superappef32403dbf9dc989d0651172','456wb3ec3d6e483b86c4923ea64cf111','appsuperadmin',NULL,'0',NULL,NULL,NULL,NULL,'角色授权保存',NULL,'superappef32403dbf9dc989d0651172');
INSERT INTO SYS_AUTH_ROLE ("ID", "AUTH_ID", "ROLE_ID", "SIGN", "IS_REVOKE", "CREATE_USER", "CREATE_TIME", "UPDATE_TIME", "REMARK", "AUTH_NAME", "ROLE_NAME", "TRACE_ID") VALUES('superappef32403dbf9dc989d0651175','67yub3ec3d6e483b86c4923ea64cfdd0','appsuperadmin',NULL,'0',NULL,NULL,NULL,NULL,'权限授权',NULL,'superappef32403dbf9dc989d0651175');
INSERT INTO SYS_AUTH_ROLE ("ID", "AUTH_ID", "ROLE_ID", "SIGN", "IS_REVOKE", "CREATE_USER", "CREATE_TIME", "UPDATE_TIME", "REMARK", "AUTH_NAME", "ROLE_NAME", "TRACE_ID") VALUES('superappef32403dbf9dc989d0651176','67yub3ec3d6e483b86c4923ea64cf111','appsuperadmin',NULL,'0',NULL,NULL,NULL,NULL,'权限授权保存',NULL,'superappef32403dbf9dc989d0651176');
INSERT INTO SYS_AUTH_ROLE ("ID", "AUTH_ID", "ROLE_ID", "SIGN", "IS_REVOKE", "CREATE_USER", "CREATE_TIME", "UPDATE_TIME", "REMARK", "AUTH_NAME", "ROLE_NAME", "TRACE_ID") VALUES('superappef32403dbf9dc989d0651193','04d7893c4a4d4345b18b0789af13753f','appsuperadmin',NULL,'0',NULL,NULL,NULL,NULL,'审计日志',NULL,'superappef32403dbf9dc989d0651193');
INSERT INTO SYS_AUTH_ROLE ("ID", "AUTH_ID", "ROLE_ID", "SIGN", "IS_REVOKE", "CREATE_USER", "CREATE_TIME", "UPDATE_TIME", "REMARK", "AUTH_NAME", "ROLE_NAME", "TRACE_ID") VALUES('superappef32403dbf9dc989d0651234','tyuub3ec3d6e483b86c4923ea64cfwe5','appsuperadmin',NULL,'0',NULL,NULL,NULL,NULL,'角色分配',NULL,'superappef32403dbf9dc989d0651234');
INSERT INTO SYS_AUTH_ROLE ("ID", "AUTH_ID", "ROLE_ID", "SIGN", "IS_REVOKE", "CREATE_USER", "CREATE_TIME", "UPDATE_TIME", "REMARK", "AUTH_NAME", "ROLE_NAME", "TRACE_ID") VALUES('superappea4a4e54acdaff4c84bb8370','19ea2ad7ea4a4e54acdaff4c84bb8370','appsuperadmin',NULL,'0',NULL,NULL,NULL,NULL,'应用运行日志',NULL,'superappea4a4e54acdaff4c84bb8370');
INSERT INTO SYS_AUTH_ROLE ("ID", "AUTH_ID", "ROLE_ID", "SIGN", "IS_REVOKE", "CREATE_USER", "CREATE_TIME", "UPDATE_TIME", "REMARK", "AUTH_NAME", "ROLE_NAME", "TRACE_ID") VALUES('superappef32403dbf9dc989d0651254','frggb3ec3d6e483b86c4923ea64cvbnu','appsuperadmin',NULL,'0',NULL,NULL,NULL,NULL,'角色审计',NULL,'superappef32403dbf9dc989d0651254');
INSERT INTO SYS_AUTH_ROLE ("ID", "AUTH_ID", "ROLE_ID", "SIGN", "IS_REVOKE", "CREATE_USER", "CREATE_TIME", "UPDATE_TIME", "REMARK", "AUTH_NAME", "ROLE_NAME", "TRACE_ID") VALUES('superappef32403dbf9dc989d0651255','hjuub3ec3d6e483b86c4923ea64cnmui','appsuperadmin',NULL,'0',NULL,NULL,NULL,NULL,'授权审计',NULL,'superappef32403dbf9dc989d0651255');

INSERT  INTO sys_auth_role_lv("ID","VERSION_NO","IS_LAST_VERSION","VERSION_BEGIN_TIME","VERSION_END_TIME","VERSION_BEGIN_USER_ID","VERSION_END_USER_ID","ROLE_ID") VALUES ('appsuperadmin',1,1,NULL,NULL,NULL,NULL,'appsuperadmin');


INSERT INTO SYS_AUTH_ROLE_V ("ID", "AUTH_ID", "ROLE_ID", "SIGN", "IS_REVOKE", "CREATE_USER", "CREATE_TIME", "UPDATE_TIME", "REMARK", "LV_ID", "AUTH_NAME",  "TRACE_ID") VALUES('superappa4a4e54acdaff4yhmzq8370','0745867ea4a4e54acdaff4yhmzq8370','appsuperadmin',NULL,'0',NULL,NULL,NULL,NULL,'appsuperadmin',NULL,'superappa4a4e54acdaff4yhmzq8370');
INSERT INTO SYS_AUTH_ROLE_V ("ID", "AUTH_ID", "ROLE_ID", "SIGN", "IS_REVOKE", "CREATE_USER", "CREATE_TIME", "UPDATE_TIME", "REMARK", "LV_ID", "AUTH_NAME",  "TRACE_ID") VALUES('superappef32403dbf9dc989d0651139','39e1b3ec3d6e483b86c4923ea64cfeee','appsuperadmin',NULL,'0',NULL,NULL,NULL,NULL,'appsuperadmin','数据源管理','superappef32403dbf9dc989d0651139');
INSERT INTO SYS_AUTH_ROLE_V ("ID", "AUTH_ID", "ROLE_ID", "SIGN", "IS_REVOKE", "CREATE_USER", "CREATE_TIME", "UPDATE_TIME", "REMARK", "LV_ID", "AUTH_NAME",  "TRACE_ID") VALUES('superappef32403dbf9dc989d0651140','39e1b3ec3d6e483b86c4923ea64cf111','appsuperadmin',NULL,'0',NULL,NULL,NULL,NULL,'appsuperadmin','数据源管理维护','superappef32403dbf9dc989d0651140');
INSERT INTO SYS_AUTH_ROLE_V ("ID", "AUTH_ID", "ROLE_ID", "SIGN", "IS_REVOKE", "CREATE_USER", "CREATE_TIME", "UPDATE_TIME", "REMARK", "LV_ID", "AUTH_NAME",  "TRACE_ID") VALUES('superappef32403dbf9dc989d0651147','ac2a8ce16a614324b5ed4e9c24e7e904','appsuperadmin',NULL,'0',NULL,NULL,NULL,NULL,'appsuperadmin','系统配置项管理','superappef32403dbf9dc989d0651147');
INSERT INTO SYS_AUTH_ROLE_V ("ID", "AUTH_ID", "ROLE_ID", "SIGN", "IS_REVOKE", "CREATE_USER", "CREATE_TIME", "UPDATE_TIME", "REMARK", "LV_ID", "AUTH_NAME",  "TRACE_ID") VALUES('superappef32403dbf9dc989d0651148','ac2a8ce16a614324b5ed4e9c24e71113','appsuperadmin',NULL,'0',NULL,NULL,NULL,NULL,'appsuperadmin','应用配置项维护','superappef32403dbf9dc989d0651148');
INSERT INTO SYS_AUTH_ROLE_V ("ID", "AUTH_ID", "ROLE_ID", "SIGN", "IS_REVOKE", "CREATE_USER", "CREATE_TIME", "UPDATE_TIME", "REMARK", "LV_ID", "AUTH_NAME",  "TRACE_ID") VALUES('superappef32403dbf9dc989d0651149','ffc03579b06a4b7fae6c51c9ff48b311','appsuperadmin',NULL,'0',NULL,NULL,NULL,NULL,'appsuperadmin','附件配置项管理','superappef32403dbf9dc989d0651149');
INSERT INTO SYS_AUTH_ROLE_V ("ID", "AUTH_ID", "ROLE_ID", "SIGN", "IS_REVOKE", "CREATE_USER", "CREATE_TIME", "UPDATE_TIME", "REMARK", "LV_ID", "AUTH_NAME",  "TRACE_ID") VALUES('superappef32403dbf9dc989d0651151','131e140bc2bd4361af5ee488f92b22ad','appsuperadmin',NULL,'0',NULL,NULL,NULL,NULL,'appsuperadmin','字典管理','superappef32403dbf9dc989d0651151');
INSERT INTO SYS_AUTH_ROLE_V ("ID", "AUTH_ID", "ROLE_ID", "SIGN", "IS_REVOKE", "CREATE_USER", "CREATE_TIME", "UPDATE_TIME", "REMARK", "LV_ID", "AUTH_NAME",  "TRACE_ID") VALUES('superappef32403dbf9dc989d0651153','8bc5761a4d8d49e680515bc50f4baad1','appsuperadmin',NULL,'0',NULL,NULL,NULL,NULL,'appsuperadmin','菜单管理','superappef32403dbf9dc989d0651153');
INSERT INTO SYS_AUTH_ROLE_V ("ID", "AUTH_ID", "ROLE_ID", "SIGN", "IS_REVOKE", "CREATE_USER", "CREATE_TIME", "UPDATE_TIME", "REMARK", "LV_ID", "AUTH_NAME",  "TRACE_ID") VALUES('superappef32403dbf9dc989d0651154','8bc5761a4d8d49e680515bc50f4ba111','appsuperadmin',NULL,'0',NULL,NULL,NULL,NULL,'appsuperadmin','菜单管理维护','superappef32403dbf9dc989d0651154');
INSERT INTO SYS_AUTH_ROLE_V ("ID", "AUTH_ID", "ROLE_ID", "SIGN", "IS_REVOKE", "CREATE_USER", "CREATE_TIME", "UPDATE_TIME", "REMARK", "LV_ID", "AUTH_NAME",  "TRACE_ID") VALUES('superappef32403dbf9dc989d0651155','39e1b3ec3d6e483b86c4923ea64cfdd0','appsuperadmin',NULL,'0',NULL,NULL,NULL,NULL,'appsuperadmin','权限定义','superappef32403dbf9dc989d0651155');
INSERT INTO SYS_AUTH_ROLE_V ("ID", "AUTH_ID", "ROLE_ID", "SIGN", "IS_REVOKE", "CREATE_USER", "CREATE_TIME", "UPDATE_TIME", "REMARK", "LV_ID", "AUTH_NAME",  "TRACE_ID") VALUES('superappef32403dbf9dc989d0651156','39e1b3ec3d6e483b86c4923ea64c1111','appsuperadmin',NULL,'0',NULL,NULL,NULL,NULL,'appsuperadmin','权限管理维护','superappef32403dbf9dc989d0651156');
INSERT INTO SYS_AUTH_ROLE_V ("ID", "AUTH_ID", "ROLE_ID", "SIGN", "IS_REVOKE", "CREATE_USER", "CREATE_TIME", "UPDATE_TIME", "REMARK", "LV_ID", "AUTH_NAME",  "TRACE_ID") VALUES('superappef32403dbf9dc989d0651157','8d4d2caee7f548889988da2747dfaa4a','appsuperadmin',NULL,'0',NULL,NULL,NULL,NULL,'appsuperadmin','角色管理','superappef32403dbf9dc989d0651157');
INSERT INTO SYS_AUTH_ROLE_V ("ID", "AUTH_ID", "ROLE_ID", "SIGN", "IS_REVOKE", "CREATE_USER", "CREATE_TIME", "UPDATE_TIME", "REMARK", "LV_ID", "AUTH_NAME",  "TRACE_ID") VALUES('superappef32403dbf9dc989d0651158','39e1b3ec3d6e483b86c4923ea64c1112','appsuperadmin',NULL,'0',NULL,NULL,NULL,NULL,'appsuperadmin','指定权限绑定api资源权限','superappef32403dbf9dc989d0651158');
INSERT INTO SYS_AUTH_ROLE_V ("ID", "AUTH_ID", "ROLE_ID", "SIGN", "IS_REVOKE", "CREATE_USER", "CREATE_TIME", "UPDATE_TIME", "REMARK", "LV_ID", "AUTH_NAME",  "TRACE_ID") VALUES('superappef32403dbf9dc989d0651164','334qb3ec3d6e483b86c4923ea64cf112','appsuperadmin',NULL,'0',NULL,NULL,NULL,NULL,'appsuperadmin','用户授权激活','superappef32403dbf9dc989d0651164');
INSERT INTO SYS_AUTH_ROLE_V ("ID", "AUTH_ID", "ROLE_ID", "SIGN", "IS_REVOKE", "CREATE_USER", "CREATE_TIME", "UPDATE_TIME", "REMARK", "LV_ID", "AUTH_NAME",  "TRACE_ID") VALUES('superappef32403dbf9dc989d0651170','456wb3ec3d6e483b86c4923ea64cf112','appsuperadmin',NULL,'0',NULL,NULL,NULL,NULL,'appsuperadmin','角色授权激活','superappef32403dbf9dc989d0651170');
INSERT INTO SYS_AUTH_ROLE_V ("ID", "AUTH_ID", "ROLE_ID", "SIGN", "IS_REVOKE", "CREATE_USER", "CREATE_TIME", "UPDATE_TIME", "REMARK", "LV_ID", "AUTH_NAME",  "TRACE_ID") VALUES('superappef32403dbf9dc989d0651174','67yub3ec3d6e483b86c4923ea64cf112','appsuperadmin',NULL,'0',NULL,NULL,NULL,NULL,'appsuperadmin','权限授权激活','superappef32403dbf9dc989d0651174');
INSERT INTO SYS_AUTH_ROLE_V ("ID", "AUTH_ID", "ROLE_ID", "SIGN", "IS_REVOKE", "CREATE_USER", "CREATE_TIME", "UPDATE_TIME", "REMARK", "LV_ID", "AUTH_NAME",  "TRACE_ID") VALUES('superappef32403dbf9dc989d0651189','11316279a4a9416a8e20019821e640af','appsuperadmin',NULL,'0',NULL,NULL,NULL,NULL,'appsuperadmin','配置管理','superappef32403dbf9dc989d0651189');
INSERT INTO SYS_AUTH_ROLE_V ("ID", "AUTH_ID", "ROLE_ID", "SIGN", "IS_REVOKE", "CREATE_USER", "CREATE_TIME", "UPDATE_TIME", "REMARK", "LV_ID", "AUTH_NAME",  "TRACE_ID") VALUES('superappef32403dbf9dc989d0651190','e3b15ac90286450fbe5a721c9f542451','appsuperadmin',NULL,'0',NULL,NULL,NULL,NULL,'appsuperadmin','系统管理','superappef32403dbf9dc989d0651190');
INSERT INTO SYS_AUTH_ROLE_V ("ID", "AUTH_ID", "ROLE_ID", "SIGN", "IS_REVOKE", "CREATE_USER", "CREATE_TIME", "UPDATE_TIME", "REMARK", "LV_ID", "AUTH_NAME",  "TRACE_ID") VALUES('superappef32403dbf9dc989d0651192','11erb3ec3d6e483b86c4923ea64cfdd0','appsuperadmin',NULL,'0',NULL,NULL,NULL,NULL,'appsuperadmin','授权管理','superappef32403dbf9dc989d0651192');
INSERT INTO SYS_AUTH_ROLE_V ("ID", "AUTH_ID", "ROLE_ID", "SIGN", "IS_REVOKE", "CREATE_USER", "CREATE_TIME", "UPDATE_TIME", "REMARK", "LV_ID", "AUTH_NAME",  "TRACE_ID") VALUES('superappef32403dbf9dc989d0651213','e3b15ac90286450fbe5a721c9f542433','appsuperadmin',NULL,'0',NULL,NULL,NULL,NULL,'appsuperadmin','首页','superappef32403dbf9dc989d0651213');
INSERT INTO SYS_AUTH_ROLE_V ("ID", "AUTH_ID", "ROLE_ID", "SIGN", "IS_REVOKE", "CREATE_USER", "CREATE_TIME", "UPDATE_TIME", "REMARK", "LV_ID", "AUTH_NAME",  "TRACE_ID") VALUES('superappef32403dbf9dc989d0651224','22316279a4a9416a8e20019821e640af','appsuperadmin',NULL,'0',NULL,NULL,NULL,NULL,'appsuperadmin','定时任务','superappef32403dbf9dc989d0651224');
INSERT INTO SYS_AUTH_ROLE_V ("ID", "AUTH_ID", "ROLE_ID", "SIGN", "IS_REVOKE", "CREATE_USER", "CREATE_TIME", "UPDATE_TIME", "REMARK", "LV_ID", "AUTH_NAME",  "TRACE_ID") VALUES('superappef32403dbf9dc989d0651227','3333ba3204344d37929abd4ad9a12222','appsuperadmin',NULL,'0',NULL,NULL,NULL,NULL,'appsuperadmin','工作流程','superappef32403dbf9dc989d0651227');
INSERT INTO SYS_AUTH_ROLE_V ("ID", "AUTH_ID", "ROLE_ID", "SIGN", "IS_REVOKE", "CREATE_USER", "CREATE_TIME", "UPDATE_TIME", "REMARK", "LV_ID", "AUTH_NAME",  "TRACE_ID") VALUES('superappef32403dbf9dc989d0651228','3456ba3204344d37929abd4ad9a15678','appsuperadmin',NULL,'0',NULL,NULL,NULL,NULL,'appsuperadmin','流程定义','superappef32403dbf9dc989d0651228');
INSERT INTO SYS_AUTH_ROLE_V ("ID", "AUTH_ID", "ROLE_ID", "SIGN", "IS_REVOKE", "CREATE_USER", "CREATE_TIME", "UPDATE_TIME", "REMARK", "LV_ID", "AUTH_NAME",  "TRACE_ID") VALUES('superappef32403dbf9dc989d0651229','7756ba3204344d37929abd4ad9a15699','appsuperadmin',NULL,'0',NULL,NULL,NULL,NULL,'appsuperadmin','全局变量','superappef32403dbf9dc989d0651229');
INSERT INTO SYS_AUTH_ROLE_V ("ID", "AUTH_ID", "ROLE_ID", "SIGN", "IS_REVOKE", "CREATE_USER", "CREATE_TIME", "UPDATE_TIME", "REMARK", "LV_ID", "AUTH_NAME",  "TRACE_ID") VALUES('superappef32403dbf9dc989d0651230','1116ba3204344d37929abd4ad9a15222','appsuperadmin',NULL,'0',NULL,NULL,NULL,NULL,'appsuperadmin','全局规则','superappef32403dbf9dc989d0651230');
INSERT INTO SYS_AUTH_ROLE_V ("ID", "AUTH_ID", "ROLE_ID", "SIGN", "IS_REVOKE", "CREATE_USER", "CREATE_TIME", "UPDATE_TIME", "REMARK", "LV_ID", "AUTH_NAME",  "TRACE_ID") VALUES('superappef32403dbf9dc989d0651243','twerba3204344d37929abd4ad9a1dfgh','appsuperadmin',NULL,'0',NULL,NULL,NULL,NULL,'appsuperadmin','数据展示','superappef32403dbf9dc989d0651243');
INSERT INTO SYS_AUTH_ROLE_V ("ID", "AUTH_ID", "ROLE_ID", "SIGN", "IS_REVOKE", "CREATE_USER", "CREATE_TIME", "UPDATE_TIME", "REMARK", "LV_ID", "AUTH_NAME",  "TRACE_ID") VALUES('superappef32403dbf9dc989d0651244','1234ba3204344d37929abd4ad9a1dgth','appsuperadmin',NULL,'0',NULL,NULL,NULL,NULL,'appsuperadmin','业务类型','superappef32403dbf9dc989d0651244');
INSERT INTO SYS_AUTH_ROLE_V ("ID", "AUTH_ID", "ROLE_ID", "SIGN", "IS_REVOKE", "CREATE_USER", "CREATE_TIME", "UPDATE_TIME", "REMARK", "LV_ID", "AUTH_NAME",  "TRACE_ID") VALUES('superappef32403dbf9dc989d0651245','2234ba3204344d37929abd4ad9a1dgth','appsuperadmin',NULL,'0',NULL,NULL,NULL,NULL,'appsuperadmin','报表设计','superappef32403dbf9dc989d0651245');
INSERT INTO SYS_AUTH_ROLE_V ("ID", "AUTH_ID", "ROLE_ID", "SIGN", "IS_REVOKE", "CREATE_USER", "CREATE_TIME", "UPDATE_TIME", "REMARK", "LV_ID", "AUTH_NAME",  "TRACE_ID") VALUES('superappef32403dbf9dc989d0651246','3234ba3204344d37929abd4ad9a1dgth','appsuperadmin',NULL,'0',NULL,NULL,NULL,NULL,'appsuperadmin','报表浏览','superappef32403dbf9dc989d0651246');
INSERT INTO SYS_AUTH_ROLE_V ("ID", "AUTH_ID", "ROLE_ID", "SIGN", "IS_REVOKE", "CREATE_USER", "CREATE_TIME", "UPDATE_TIME", "REMARK", "LV_ID", "AUTH_NAME",  "TRACE_ID") VALUES('superappef32403dbf9dc989d0651250','45676279a4a9416a8e20019821e6ghjk','appsuperadmin',NULL,'0',NULL,NULL,NULL,NULL,'appsuperadmin','消息通道','superappef32403dbf9dc989d0651250');
INSERT INTO SYS_AUTH_ROLE_V ("ID", "AUTH_ID", "ROLE_ID", "SIGN", "IS_REVOKE", "CREATE_USER", "CREATE_TIME", "UPDATE_TIME", "REMARK", "LV_ID", "AUTH_NAME",  "TRACE_ID") VALUES('superappef32403dbf9dc989d0651251','yut76279a4a9416a8e20019821e6g45t','appsuperadmin',NULL,'0',NULL,NULL,NULL,NULL,'appsuperadmin',NULL,NULL);
INSERT INTO SYS_AUTH_ROLE_V ("ID", "AUTH_ID", "ROLE_ID", "SIGN", "IS_REVOKE", "CREATE_USER", "CREATE_TIME", "UPDATE_TIME", "REMARK", "LV_ID", "AUTH_NAME",  "TRACE_ID") VALUES('superappa4a4e54acdaff4yhmzq8376','1275967ea4a4e54acdaff4yhmzq8370','appsuperadmin',NULL,'0',NULL,NULL,NULL,NULL,'appsuperadmin',NULL,'superappa4a4e54acdaff4yhmzq8376');
INSERT INTO SYS_AUTH_ROLE_V ("ID", "AUTH_ID", "ROLE_ID", "SIGN", "IS_REVOKE", "CREATE_USER", "CREATE_TIME", "UPDATE_TIME", "REMARK", "LV_ID", "AUTH_NAME",  "TRACE_ID") VALUES('superapp7a3249d6ad180da0b4681113','1160858109884c5095eed968472c0236','appsuperadmin',NULL,'0',NULL,NULL,NULL,NULL,'appsuperadmin','应用级字典维护','superappa3249d6ad180da0b4681113');
INSERT INTO SYS_AUTH_ROLE_V ("ID", "AUTH_ID", "ROLE_ID", "SIGN", "IS_REVOKE", "CREATE_USER", "CREATE_TIME", "UPDATE_TIME", "REMARK", "LV_ID", "AUTH_NAME",  "TRACE_ID") VALUES('superappea4a4e54acdaff4c84bb8379','19ea2ad7ea4a4e54acdaff4yhmzq8370','appsuperadmin',NULL,'0',NULL,NULL,NULL,NULL,'appsuperadmin','组件注册','superappea4a4e54acdaff4c84bb8379');
INSERT INTO SYS_AUTH_ROLE_V ("ID", "AUTH_ID", "ROLE_ID", "SIGN", "IS_REVOKE", "CREATE_USER", "CREATE_TIME", "UPDATE_TIME", "REMARK", "LV_ID", "AUTH_NAME",  "TRACE_ID") VALUES('superapp04344d37929abd4ad9a1dg12','4599ba3204344d37929abd4ad9a1dgth','appsuperadmin',NULL,'0',NULL,NULL,NULL,NULL,'appsuperadmin',NULL,'superapp04344d37929abd4ad9a1dg12');
INSERT INTO SYS_AUTH_ROLE_V ("ID", "AUTH_ID", "ROLE_ID", "SIGN", "IS_REVOKE", "CREATE_USER", "CREATE_TIME", "UPDATE_TIME", "REMARK", "LV_ID", "AUTH_NAME",  "TRACE_ID") VALUES('superapp04344d37929abd4ad9a1dg32','7784ba3204344d37929abd4ad9a1dgth','appsuperadmin',NULL,'0',NULL,NULL,NULL,NULL,'appsuperadmin',NULL,'superapp04344d37929abd4ad9a1dg32');
INSERT INTO SYS_AUTH_ROLE_V ("ID", "AUTH_ID", "ROLE_ID", "SIGN", "IS_REVOKE", "CREATE_USER", "CREATE_TIME", "UPDATE_TIME", "REMARK", "LV_ID", "AUTH_NAME",  "TRACE_ID") VALUES('superapp04344d37929abd4ad9a1dg43','8234ba3204344d37929abd4ad9a1dgth','appsuperadmin',NULL,'0',NULL,NULL,NULL,NULL,'appsuperadmin',NULL,'superapp04344d37929abd4ad9a1dg43');
INSERT INTO SYS_AUTH_ROLE_V ("ID", "AUTH_ID", "ROLE_ID", "SIGN", "IS_REVOKE", "CREATE_USER", "CREATE_TIME", "UPDATE_TIME", "REMARK", "LV_ID", "AUTH_NAME",  "TRACE_ID") VALUES('superappa4a4e54acdaff4yhmzq8373','byasmd7ea4a4e54acdaff4yhmzq8370','appsuperadmin',NULL,'0',NULL,NULL,NULL,NULL,'appsuperadmin',NULL,'superappa4a4e54acdaff4yhmzq8373');
INSERT INTO SYS_AUTH_ROLE_V ("ID", "AUTH_ID", "ROLE_ID", "SIGN", "IS_REVOKE", "CREATE_USER", "CREATE_TIME", "UPDATE_TIME", "REMARK", "LV_ID", "AUTH_NAME",  "TRACE_ID") VALUES('superappa4a4e54acdaff4yhmzq8374','c789567ea4a4e54acdaff4yhmzq8370','appsuperadmin',NULL,'0',NULL,NULL,NULL,NULL,'appsuperadmin',NULL,'superappa4a4e54acdaff4yhmzq8374');
INSERT INTO SYS_AUTH_ROLE_V ("ID", "AUTH_ID", "ROLE_ID", "SIGN", "IS_REVOKE", "CREATE_USER", "CREATE_TIME", "UPDATE_TIME", "REMARK", "LV_ID", "AUTH_NAME",  "TRACE_ID") VALUES('superappaoxi4d37929abd4ad9a1dgth','dapingxiaoxi4d37929abd4ad9a1dgth','appsuperadmin',NULL,'0',NULL,NULL,NULL,NULL,'appsuperadmin',NULL,NULL);
INSERT INTO SYS_AUTH_ROLE_V ("ID", "AUTH_ID", "ROLE_ID", "SIGN", "IS_REVOKE", "CREATE_USER", "CREATE_TIME", "UPDATE_TIME", "REMARK", "LV_ID", "AUTH_NAME",  "TRACE_ID") VALUES('superappa4a4e54acdaff4yhmzq8375','bnuimd7ea4a4e54acdaff4yhmzq8370','appsuperadmin',NULL,'0',NULL,NULL,NULL,NULL,'appsuperadmin','消息模板','superappa4a4e54acdaff4yhmzq8375');
INSERT INTO SYS_AUTH_ROLE_V ("ID", "AUTH_ID", "ROLE_ID", "SIGN", "IS_REVOKE", "CREATE_USER", "CREATE_TIME", "UPDATE_TIME", "REMARK", "LV_ID", "AUTH_NAME",  "TRACE_ID") VALUES('superappef32403dbf9dc989d0651165','334qb3ec3d6e483b86c4923ea64cfdd0','appsuperadmin',NULL,'0',NULL,NULL,NULL,NULL,'appsuperadmin','用户授权','superappef32403dbf9dc989d0651165');
INSERT INTO SYS_AUTH_ROLE_V ("ID", "AUTH_ID", "ROLE_ID", "SIGN", "IS_REVOKE", "CREATE_USER", "CREATE_TIME", "UPDATE_TIME", "REMARK", "LV_ID", "AUTH_NAME",  "TRACE_ID") VALUES('superappef32403dbf9dc989d0651166','334qb3ec3d6e483b86c4923ea64cf111','appsuperadmin',NULL,'0',NULL,NULL,NULL,NULL,'appsuperadmin','用户授权保存','superappef32403dbf9dc989d0651166');
INSERT INTO SYS_AUTH_ROLE_V ("ID", "AUTH_ID", "ROLE_ID", "SIGN", "IS_REVOKE", "CREATE_USER", "CREATE_TIME", "UPDATE_TIME", "REMARK", "LV_ID", "AUTH_NAME",  "TRACE_ID") VALUES('superappef32403dbf9dc989d0651167','334qb3ec3d6e483b86c4923ea64cf113','appsuperadmin',NULL,'0',NULL,NULL,NULL,NULL,'appsuperadmin','指定用户权限管控的组织范围','superappef32403dbf9dc989d0651167');
INSERT INTO SYS_AUTH_ROLE_V ("ID", "AUTH_ID", "ROLE_ID", "SIGN", "IS_REVOKE", "CREATE_USER", "CREATE_TIME", "UPDATE_TIME", "REMARK", "LV_ID", "AUTH_NAME",  "TRACE_ID") VALUES('superappef32403dbf9dc989d0651168','334qb3ec3d6e483b86c4923ea64cf114','appsuperadmin',NULL,'0',NULL,NULL,NULL,NULL,'appsuperadmin','指定用户权限管控的用户组范围','superappef32403dbf9dc989d0651168');
INSERT INTO SYS_AUTH_ROLE_V ("ID", "AUTH_ID", "ROLE_ID", "SIGN", "IS_REVOKE", "CREATE_USER", "CREATE_TIME", "UPDATE_TIME", "REMARK", "LV_ID", "AUTH_NAME",  "TRACE_ID") VALUES('superappef32403dbf9dc989d0651171','456wb3ec3d6e483b86c4923ea64cfdd0','appsuperadmin',NULL,'0',NULL,NULL,NULL,NULL,'appsuperadmin','角色授权','superappef32403dbf9dc989d0651171');
INSERT INTO SYS_AUTH_ROLE_V ("ID", "AUTH_ID", "ROLE_ID", "SIGN", "IS_REVOKE", "CREATE_USER", "CREATE_TIME", "UPDATE_TIME", "REMARK", "LV_ID", "AUTH_NAME",  "TRACE_ID") VALUES('superappef32403dbf9dc989d0651172','456wb3ec3d6e483b86c4923ea64cf111','appsuperadmin',NULL,'0',NULL,NULL,NULL,NULL,'appsuperadmin','角色授权保存','superappef32403dbf9dc989d0651172');
INSERT INTO SYS_AUTH_ROLE_V ("ID", "AUTH_ID", "ROLE_ID", "SIGN", "IS_REVOKE", "CREATE_USER", "CREATE_TIME", "UPDATE_TIME", "REMARK", "LV_ID", "AUTH_NAME",  "TRACE_ID") VALUES('superappef32403dbf9dc989d0651175','67yub3ec3d6e483b86c4923ea64cfdd0','appsuperadmin',NULL,'0',NULL,NULL,NULL,NULL,'appsuperadmin','权限授权','superappef32403dbf9dc989d0651175');
INSERT INTO SYS_AUTH_ROLE_V ("ID", "AUTH_ID", "ROLE_ID", "SIGN", "IS_REVOKE", "CREATE_USER", "CREATE_TIME", "UPDATE_TIME", "REMARK", "LV_ID", "AUTH_NAME",  "TRACE_ID") VALUES('superappef32403dbf9dc989d0651176','67yub3ec3d6e483b86c4923ea64cf111','appsuperadmin',NULL,'0',NULL,NULL,NULL,NULL,'appsuperadmin','权限授权保存','superappef32403dbf9dc989d0651176');
INSERT INTO SYS_AUTH_ROLE_V ("ID", "AUTH_ID", "ROLE_ID", "SIGN", "IS_REVOKE", "CREATE_USER", "CREATE_TIME", "UPDATE_TIME", "REMARK", "LV_ID", "AUTH_NAME",  "TRACE_ID") VALUES('superappef32403dbf9dc989d0651193','04d7893c4a4d4345b18b0789af13753f','appsuperadmin',NULL,'0',NULL,NULL,NULL,NULL,'appsuperadmin','审计日志','superappef32403dbf9dc989d0651193');
INSERT INTO SYS_AUTH_ROLE_V ("ID", "AUTH_ID", "ROLE_ID", "SIGN", "IS_REVOKE", "CREATE_USER", "CREATE_TIME", "UPDATE_TIME", "REMARK", "LV_ID", "AUTH_NAME",  "TRACE_ID") VALUES('superappef32403dbf9dc989d0651234','tyuub3ec3d6e483b86c4923ea64cfwe5','appsuperadmin',NULL,'0',NULL,NULL,NULL,NULL,'appsuperadmin','角色分配','superappef32403dbf9dc989d0651234');
INSERT INTO SYS_AUTH_ROLE_V ("ID", "AUTH_ID", "ROLE_ID", "SIGN", "IS_REVOKE", "CREATE_USER", "CREATE_TIME", "UPDATE_TIME", "REMARK", "LV_ID", "AUTH_NAME",  "TRACE_ID") VALUES('superappea4a4e54acdaff4c84bb8370','19ea2ad7ea4a4e54acdaff4c84bb8370','appsuperadmin',NULL,'0',NULL,NULL,NULL,NULL,'appsuperadmin','应用运行日志','superappea4a4e54acdaff4c84bb8370');
INSERT INTO SYS_AUTH_ROLE_V ("ID", "AUTH_ID", "ROLE_ID", "SIGN", "IS_REVOKE", "CREATE_USER", "CREATE_TIME", "UPDATE_TIME", "REMARK", "LV_ID", "AUTH_NAME",  "TRACE_ID") VALUES('superappef32403dbf9dc989d0651254','frggb3ec3d6e483b86c4923ea64cvbnu','appsuperadmin',NULL,'0',NULL,NULL,NULL,NULL,'appsuperadmin','角色审计','superappef32403dbf9dc989d0651254');
INSERT INTO SYS_AUTH_ROLE_V ("ID", "AUTH_ID", "ROLE_ID", "SIGN", "IS_REVOKE", "CREATE_USER", "CREATE_TIME", "UPDATE_TIME", "REMARK", "LV_ID", "AUTH_NAME",  "TRACE_ID") VALUES('superappef32403dbf9dc989d0651255','hjuub3ec3d6e483b86c4923ea64cnmui','appsuperadmin',NULL,'0',NULL,NULL,NULL,NULL,'appsuperadmin','授权审计','superappef32403dbf9dc989d0651255');




-- 附件配置
alter table "FILE_INFO" add column("FLOW_CODE" VARCHAR2(50));
comment on column "FILE_INFO"."FLOW_CODE" is '流程标识';

-- 附件配置
alter table "FILE_INFO" add column("FLOW_NAME" VARCHAR2(50));
comment on column "FILE_INFO"."FLOW_NAME" is '流程名称';


UPDATE sys_auth_role_v SET role_id='appsuperadmin' WHERE lv_id='appsuperadmin';

alter table FILE_CHUNK_INFO modify  CHUNK_PATH varchar2(2000);


/**
 * 添加单一业务管理员
 * @author zuogang
 * @date 2021/11/15 17:25
 */

INSERT  INTO sys_auth("ID","NAME","APP_ID","REMARK","SORT_INDEX","PARENT_ID","CREATE_USER","CREATE_TIME","UPDATE_TIME","SORT_PATH","IS_ORG_ADMIN","IS_USER_GROUP_ADMIN","CODE","DATA_VERSION") VALUES ('business2fa04faea8f39beb866fd511','单一业务管理员管理','platform',NULL,12,'e3b15ac90286450fbe5a721c9f542451',NULL,NULL,NULL,'00020012',0,0,'platForm.nothreeManage.BusinessManage',0);
INSERT  INTO sys_menu("ID","NAME","PARENT_ID","APP_ID","PARENT_NAME","URL","TYPE","ICON","AUTH_ID","BTN_AUTH","IS_LEAF","SORT_INDEX","ALL_ORDER","SORT_PATH","OPEN_STYLE","CLOSE_NOTICE","CREATE_USER","CREATE_TIME","UPDATE_TIME","LEAF","MENU_AUTH","REMARK","DATA_VERSION","IS_IFRAME") VALUES ('business2fa04faea8f39beb866fd511','业务管理员维护','e3b15ac90286450fbe5a721c9f542451','platform','系统管理','nothreeManage/views/BusinessManage',1,null,'business2fa04faea8f39beb866fd511',NULL,NULL,12,NULL,'00020012',NULL,NULL,NULL,NULL,NULL,NULL,NULL,NULL,0,0);
/** 菜单权限配给admin、sec*/
insert into SYS_AUTH_ROLE ("ID","AUTH_ID","ROLE_ID","SIGN","IS_REVOKE","CREATE_USER","CREATE_TIME","UPDATE_TIME","REMARK") values ('business2fa04faea8f39beb866admin', 'business2fa04faea8f39beb866fd511', 'admin', null, 0, null, null, null, null);
insert into SYS_AUTH_ROLE_V ("ID","AUTH_ID","ROLE_ID","SIGN","IS_REVOKE","CREATE_USER","CREATE_TIME","UPDATE_TIME","REMARK","LV_ID") values ('business2fa04faea8f39beb866admin', 'business2fa04faea8f39beb866fd511', 'admin', null, 0, null, null, null, null, 'admin');
insert into SYS_AUTH_ROLE ("ID","AUTH_ID","ROLE_ID","SIGN","IS_REVOKE","CREATE_USER","CREATE_TIME","UPDATE_TIME","REMARK") values ('business2fa04faea8f39beb86623sec', 'business2fa04faea8f39beb866fd511', 'sec', null, 0, null, null, null, null);
insert into SYS_AUTH_ROLE_V ("ID","AUTH_ID","ROLE_ID","SIGN","IS_REVOKE","CREATE_USER","CREATE_TIME","UPDATE_TIME","REMARK","LV_ID") values ('business2fa04faea8f39beb86623sec', 'business2fa04faea8f39beb866fd511', 'sec', null, 0, null, null, null, null, 'sec');

 /** 添加集团应用超级管理员角色 */
INSERT  INTO sys_role("ID","NAME","ROLE_EXPLAIN","ROLE_TYPE","CREATE_TIME","CREATE_USER","UPDATE_TIME","REMARK","APP_ID","DATA_VERSION") VALUES ('businessadmin','单一业务管理员',NULL,4,NULL,NULL,NULL,NULL,'platform',0);

comment on column SYS_ROLE."ROLE_TYPE" is '角色类型(1租户系统管理员,2租户安全保密员,3租户安全审计员,4单一业务管理员)(11集团系统管理员,22集团安全保密员,33集团安全审计员,44集团超级管理员)(111应用系统管理员,222应用安全保密员,333应用安全审计员,444应用超级管理员)';

comment on column sys_user."USER_TYPE" is '用户类型（0租户管理员,1集团管理员,11待激活的集团管理员,111未分配的集团管理员,2应用管理员,22待激活的应用管理员,222未分配的应用管理员,3普通用户,4开发平台管理员，5单一业务管理员,55待激活的单一业务管理员,555未分配的单一业务管理员）';



insert into SYS_AUTH_ROLE ("ID", "AUTH_ID", "ROLE_ID", "SIGN", "IS_REVOKE", "CREATE_USER", "CREATE_TIME", "UPDATE_TIME", "REMARK", "AUTH_NAME", "ROLE_NAME", "TRACE_ID") values('businessef32403dbf9dc989d0651129','ac2a8ce16a614324b5ed4e9c24e7e905','businessadmin',NULL,'0',NULL,NULL,NULL,NULL,'应用管理','单一业务管理员',NULL);
insert into SYS_AUTH_ROLE ("ID", "AUTH_ID", "ROLE_ID", "SIGN", "IS_REVOKE", "CREATE_USER", "CREATE_TIME", "UPDATE_TIME", "REMARK", "AUTH_NAME", "ROLE_NAME", "TRACE_ID") values('businessef32403dbf9dc989d0651130','ac2a8ce16a614324b5ed4e9c24e7e111','businessadmin',NULL,'0',NULL,NULL,NULL,NULL,'应用管理维护','单一业务管理员',NULL);
insert into SYS_AUTH_ROLE ("ID", "AUTH_ID", "ROLE_ID", "SIGN", "IS_REVOKE", "CREATE_USER", "CREATE_TIME", "UPDATE_TIME", "REMARK", "AUTH_NAME", "ROLE_NAME", "TRACE_ID") values('businessef32403dbf9dc989d0651131','a16344b1790e41e98615f6cd19587573','businessadmin',NULL,'0',NULL,NULL,NULL,NULL,'业务单元','单一业务管理员',NULL);
insert into SYS_AUTH_ROLE ("ID", "AUTH_ID", "ROLE_ID", "SIGN", "IS_REVOKE", "CREATE_USER", "CREATE_TIME", "UPDATE_TIME", "REMARK", "AUTH_NAME", "ROLE_NAME", "TRACE_ID") values('businessef32403dbf9dc989d0651132','a16344b1790e41e98615f6cd19587111','businessadmin',NULL,'0',NULL,NULL,NULL,NULL,'业务单元维护','单一业务管理员',NULL);
insert into SYS_AUTH_ROLE ("ID", "AUTH_ID", "ROLE_ID", "SIGN", "IS_REVOKE", "CREATE_USER", "CREATE_TIME", "UPDATE_TIME", "REMARK", "AUTH_NAME", "ROLE_NAME", "TRACE_ID") values('businessef32403dbf9dc989d0651133','5e80ace300d54486814ee84c1fb29a3a','businessadmin',NULL,'0',NULL,NULL,NULL,NULL,'部门管理','单一业务管理员',NULL);
insert into SYS_AUTH_ROLE ("ID", "AUTH_ID", "ROLE_ID", "SIGN", "IS_REVOKE", "CREATE_USER", "CREATE_TIME", "UPDATE_TIME", "REMARK", "AUTH_NAME", "ROLE_NAME", "TRACE_ID") values('businessef32403dbf9dc989d0651134','5e80ace300d54486814ee84c1fb29111','businessadmin',NULL,'0',NULL,NULL,NULL,NULL,'部门管理维护','单一业务管理员',NULL);
insert into SYS_AUTH_ROLE ("ID", "AUTH_ID", "ROLE_ID", "SIGN", "IS_REVOKE", "CREATE_USER", "CREATE_TIME", "UPDATE_TIME", "REMARK", "AUTH_NAME", "ROLE_NAME", "TRACE_ID") values('businessef32403dbf9dc989d0651135','a16344b1790e41e98615f6cd19587571','businessadmin',NULL,'0',NULL,NULL,NULL,NULL,'人员管理','单一业务管理员',NULL);
insert into SYS_AUTH_ROLE ("ID", "AUTH_ID", "ROLE_ID", "SIGN", "IS_REVOKE", "CREATE_USER", "CREATE_TIME", "UPDATE_TIME", "REMARK", "AUTH_NAME", "ROLE_NAME", "TRACE_ID") values('businessef32403dbf9dc989d0651136','a16344b1790e41e98615f6cd19587112','businessadmin',NULL,'0',NULL,NULL,NULL,NULL,'人员管理维护','单一业务管理员',NULL);
insert into SYS_AUTH_ROLE ("ID", "AUTH_ID", "ROLE_ID", "SIGN", "IS_REVOKE", "CREATE_USER", "CREATE_TIME", "UPDATE_TIME", "REMARK", "AUTH_NAME", "ROLE_NAME", "TRACE_ID") values('businessef32403dbf9dc989d0651137','b50cbc8a2b0645729848403093f4246f','businessadmin',NULL,'0',NULL,NULL,NULL,NULL,'用户管理','单一业务管理员',NULL);
insert into SYS_AUTH_ROLE ("ID", "AUTH_ID", "ROLE_ID", "SIGN", "IS_REVOKE", "CREATE_USER", "CREATE_TIME", "UPDATE_TIME", "REMARK", "AUTH_NAME", "ROLE_NAME", "TRACE_ID") values('businessef32403dbf9dc989d0651138','b50cbc8a2b0645729848403093f42111','businessadmin',NULL,'0',NULL,NULL,NULL,NULL,'用户管理维护','单一业务管理员',NULL);
insert into SYS_AUTH_ROLE ("ID", "AUTH_ID", "ROLE_ID", "SIGN", "IS_REVOKE", "CREATE_USER", "CREATE_TIME", "UPDATE_TIME", "REMARK", "AUTH_NAME", "ROLE_NAME", "TRACE_ID") values('businessef32403dbf9dc989d0651184','bc316279a4a9416a8e20019821e640af','businessadmin',NULL,'0',NULL,NULL,NULL,NULL,'组织架构管理','单一业务管理员',NULL);
insert into SYS_AUTH_ROLE ("ID", "AUTH_ID", "ROLE_ID", "SIGN", "IS_REVOKE", "CREATE_USER", "CREATE_TIME", "UPDATE_TIME", "REMARK", "AUTH_NAME", "ROLE_NAME", "TRACE_ID") values('businessef32403dbf9dc989d0651199','04d7893c4a4d4345b18b0789af13753f','businessadmin',NULL,'0',NULL,NULL,NULL,NULL,'审计日志','单一业务管理员',NULL);
insert into SYS_AUTH_ROLE ("ID", "AUTH_ID", "ROLE_ID", "SIGN", "IS_REVOKE", "CREATE_USER", "CREATE_TIME", "UPDATE_TIME", "REMARK", "AUTH_NAME", "ROLE_NAME", "TRACE_ID") values('businessef32403dbf9dc989d0651225','11116279a4a9416a8e20019821e61111','businessadmin',NULL,'0',NULL,NULL,NULL,NULL,'工作日历','单一业务管理员',NULL);
insert into SYS_AUTH_ROLE ("ID", "AUTH_ID", "ROLE_ID", "SIGN", "IS_REVOKE", "CREATE_USER", "CREATE_TIME", "UPDATE_TIME", "REMARK", "AUTH_NAME", "ROLE_NAME", "TRACE_ID") values('businessef32403dbf9dc989d0651241','a16344b1790e41e98615f6cd19587572','businessadmin',NULL,'0',NULL,NULL,NULL,NULL,'岗位管理','单一业务管理员',NULL);
insert into SYS_AUTH_ROLE ("ID", "AUTH_ID", "ROLE_ID", "SIGN", "IS_REVOKE", "CREATE_USER", "CREATE_TIME", "UPDATE_TIME", "REMARK", "AUTH_NAME", "ROLE_NAME", "TRACE_ID") values('businessef32403dbf9dc989d0651242','a16344b1790e41e98615f6cd1958757r','businessadmin',NULL,'0',NULL,NULL,NULL,NULL,'职务管理','单一业务管理员',NULL);
insert into SYS_AUTH_ROLE ("ID", "AUTH_ID", "ROLE_ID", "SIGN", "IS_REVOKE", "CREATE_USER", "CREATE_TIME", "UPDATE_TIME", "REMARK", "AUTH_NAME", "ROLE_NAME", "TRACE_ID") values('businessea4a4e54acdaff4c84bb8370','19ea2ad7ea4a4e54acdaff4c84bb8370','businessadmin',NULL,'0',NULL,NULL,NULL,NULL,'应用运行日志','单一业务管理员',NULL);
insert into SYS_AUTH_ROLE ("ID", "AUTH_ID", "ROLE_ID", "SIGN", "IS_REVOKE", "CREATE_USER", "CREATE_TIME", "UPDATE_TIME", "REMARK", "AUTH_NAME", "ROLE_NAME", "TRACE_ID") values('businessea4a4e54acdaff4c84bb8371','99ea2ad7ea4a4e54acdaff4c84bb8371','businessadmin',NULL,'0',NULL,NULL,NULL,NULL,'运行日志','单一业务管理员',NULL);
insert into SYS_AUTH_ROLE ("ID", "AUTH_ID", "ROLE_ID", "SIGN", "IS_REVOKE", "CREATE_USER", "CREATE_TIME", "UPDATE_TIME", "REMARK", "AUTH_NAME", "ROLE_NAME", "TRACE_ID") values('businessa4a4e54acdaff4yhmzq8370','vbnmhd7ea4a4e54acdaff4yhmzq8370','businessadmin',NULL,'0',NULL,NULL,NULL,NULL,'小程序管理','单一业务管理员',NULL);
insert into SYS_AUTH_ROLE ("ID", "AUTH_ID", "ROLE_ID", "SIGN", "IS_REVOKE", "CREATE_USER", "CREATE_TIME", "UPDATE_TIME", "REMARK", "AUTH_NAME", "ROLE_NAME", "TRACE_ID") values('business04344d37929abd4ad9a1dg12','4599ba3204344d37929abd4ad9a1dgth','businessadmin',NULL,'0',NULL,NULL,NULL,NULL,NULL,'单一业务管理员',NULL);
insert into SYS_AUTH_ROLE ("ID", "AUTH_ID", "ROLE_ID", "SIGN", "IS_REVOKE", "CREATE_USER", "CREATE_TIME", "UPDATE_TIME", "REMARK", "AUTH_NAME", "ROLE_NAME", "TRACE_ID") values('business04344d37929abd4ad9a1dg32','7784ba3204344d37929abd4ad9a1dgth','businessadmin',NULL,'0',NULL,NULL,NULL,NULL,NULL,'单一业务管理员',NULL);
insert into SYS_AUTH_ROLE ("ID", "AUTH_ID", "ROLE_ID", "SIGN", "IS_REVOKE", "CREATE_USER", "CREATE_TIME", "UPDATE_TIME", "REMARK", "AUTH_NAME", "ROLE_NAME", "TRACE_ID") values('business04344d37929abd4ad9a1dg43','8234ba3204344d37929abd4ad9a1dgth','businessadmin',NULL,'0',NULL,NULL,NULL,NULL,NULL,'单一业务管理员',NULL);
insert into SYS_AUTH_ROLE ("ID", "AUTH_ID", "ROLE_ID", "SIGN", "IS_REVOKE", "CREATE_USER", "CREATE_TIME", "UPDATE_TIME", "REMARK", "AUTH_NAME", "ROLE_NAME", "TRACE_ID") values('business04344d37929abd4ad9a1dgth','4599ba3204344d37929abd4ad9a1dgth','businessadmin',NULL,'0',NULL,NULL,NULL,NULL,NULL,'单一业务管理员',NULL);
insert into SYS_AUTH_ROLE ("ID", "AUTH_ID", "ROLE_ID", "SIGN", "IS_REVOKE", "CREATE_USER", "CREATE_TIME", "UPDATE_TIME", "REMARK", "AUTH_NAME", "ROLE_NAME", "TRACE_ID") values('business7a3249d6ad180da0b4681113','1160858109884c5095eed968472c0236','businessadmin',NULL,'0',NULL,NULL,NULL,NULL,'应用级字典维护','单一业务管理员',NULL);
insert into SYS_AUTH_ROLE ("ID", "AUTH_ID", "ROLE_ID", "SIGN", "IS_REVOKE", "CREATE_USER", "CREATE_TIME", "UPDATE_TIME", "REMARK", "AUTH_NAME", "ROLE_NAME", "TRACE_ID") values('businessa4a4e54acdaff4yhmzq83cc','0745867ea4a4e54acdaff4yhmzq8370','businessadmin',NULL,'0',NULL,NULL,NULL,NULL,NULL,'单一业务管理员',NULL);
insert into SYS_AUTH_ROLE ("ID", "AUTH_ID", "ROLE_ID", "SIGN", "IS_REVOKE", "CREATE_USER", "CREATE_TIME", "UPDATE_TIME", "REMARK", "AUTH_NAME", "ROLE_NAME", "TRACE_ID") values('businessa4a4e54acdaff4yhmzq8371','1275967ea4a4e54acdaff4yhmzq8370','businessadmin',NULL,'0',NULL,NULL,NULL,NULL,NULL,'单一业务管理员',NULL);
insert into SYS_AUTH_ROLE ("ID", "AUTH_ID", "ROLE_ID", "SIGN", "IS_REVOKE", "CREATE_USER", "CREATE_TIME", "UPDATE_TIME", "REMARK", "AUTH_NAME", "ROLE_NAME", "TRACE_ID") values('businessa4a4e54acdaff4yhmzq8373','byasmd7ea4a4e54acdaff4yhmzq8370','businessadmin',NULL,'0',NULL,NULL,NULL,NULL,NULL,'单一业务管理员',NULL);
insert into SYS_AUTH_ROLE ("ID", "AUTH_ID", "ROLE_ID", "SIGN", "IS_REVOKE", "CREATE_USER", "CREATE_TIME", "UPDATE_TIME", "REMARK", "AUTH_NAME", "ROLE_NAME", "TRACE_ID") values('businessa4a4e54acdaff4yhmzq8374','c789567ea4a4e54acdaff4yhmzq8370','businessadmin',NULL,'0',NULL,NULL,NULL,NULL,NULL,'单一业务管理员',NULL);
insert into SYS_AUTH_ROLE ("ID", "AUTH_ID", "ROLE_ID", "SIGN", "IS_REVOKE", "CREATE_USER", "CREATE_TIME", "UPDATE_TIME", "REMARK", "AUTH_NAME", "ROLE_NAME", "TRACE_ID") values('businessa4a4e54acdaff4yhmzq8375','bnuimd7ea4a4e54acdaff4yhmzq8370','businessadmin',NULL,'0',NULL,NULL,NULL,NULL,'消息模板','单一业务管理员',NULL);
insert into SYS_AUTH_ROLE ("ID", "AUTH_ID", "ROLE_ID", "SIGN", "IS_REVOKE", "CREATE_USER", "CREATE_TIME", "UPDATE_TIME", "REMARK", "AUTH_NAME", "ROLE_NAME", "TRACE_ID") values('businessaoxi4d37929abd4ad9a1dgth','dapingxiaoxi4d37929abd4ad9a1dgth','businessadmin',NULL,'0',NULL,NULL,NULL,NULL,NULL,'单一业务管理员',NULL);
insert into SYS_AUTH_ROLE ("ID", "AUTH_ID", "ROLE_ID", "SIGN", "IS_REVOKE", "CREATE_USER", "CREATE_TIME", "UPDATE_TIME", "REMARK", "AUTH_NAME", "ROLE_NAME", "TRACE_ID") values('businessea4a4e54acdaff4c84bb83qq','19ea2ad7ea4a4e54acdaff4yhmzq8370','businessadmin',NULL,'0',NULL,NULL,NULL,NULL,'组件注册','单一业务管理员',NULL);
insert into SYS_AUTH_ROLE ("ID", "AUTH_ID", "ROLE_ID", "SIGN", "IS_REVOKE", "CREATE_USER", "CREATE_TIME", "UPDATE_TIME", "REMARK", "AUTH_NAME", "ROLE_NAME", "TRACE_ID") values('businessea4a4e54acdaff4c84bb8379','19ea2ad7ea4a4e54acdaff4yhmzq8370','businessadmin',NULL,'0',NULL,NULL,NULL,NULL,'组件注册','单一业务管理员',NULL);
insert into SYS_AUTH_ROLE ("ID", "AUTH_ID", "ROLE_ID", "SIGN", "IS_REVOKE", "CREATE_USER", "CREATE_TIME", "UPDATE_TIME", "REMARK", "AUTH_NAME", "ROLE_NAME", "TRACE_ID") values('businessef32403dbf9dc989d0651139','39e1b3ec3d6e483b86c4923ea64cfeee','businessadmin',NULL,'0',NULL,NULL,NULL,NULL,'数据源管理','单一业务管理员',NULL);
insert into SYS_AUTH_ROLE ("ID", "AUTH_ID", "ROLE_ID", "SIGN", "IS_REVOKE", "CREATE_USER", "CREATE_TIME", "UPDATE_TIME", "REMARK", "AUTH_NAME", "ROLE_NAME", "TRACE_ID") values('businessef32403dbf9dc989d0651140','39e1b3ec3d6e483b86c4923ea64cf111','businessadmin',NULL,'0',NULL,NULL,NULL,NULL,'数据源管理维护','单一业务管理员',NULL);
insert into SYS_AUTH_ROLE ("ID", "AUTH_ID", "ROLE_ID", "SIGN", "IS_REVOKE", "CREATE_USER", "CREATE_TIME", "UPDATE_TIME", "REMARK", "AUTH_NAME", "ROLE_NAME", "TRACE_ID") values('businessef32403dbf9dc989d0651147','ac2a8ce16a614324b5ed4e9c24e7e904','businessadmin',NULL,'0',NULL,NULL,NULL,NULL,'系统配置项管理','单一业务管理员',NULL);
insert into SYS_AUTH_ROLE ("ID", "AUTH_ID", "ROLE_ID", "SIGN", "IS_REVOKE", "CREATE_USER", "CREATE_TIME", "UPDATE_TIME", "REMARK", "AUTH_NAME", "ROLE_NAME", "TRACE_ID") values('businessef32403dbf9dc989d0651148','ac2a8ce16a614324b5ed4e9c24e71113','businessadmin',NULL,'0',NULL,NULL,NULL,NULL,'应用配置项维护','单一业务管理员',NULL);
insert into SYS_AUTH_ROLE ("ID", "AUTH_ID", "ROLE_ID", "SIGN", "IS_REVOKE", "CREATE_USER", "CREATE_TIME", "UPDATE_TIME", "REMARK", "AUTH_NAME", "ROLE_NAME", "TRACE_ID") values('businessef32403dbf9dc989d0651149','ffc03579b06a4b7fae6c51c9ff48b311','businessadmin',NULL,'0',NULL,NULL,NULL,NULL,'附件配置项管理','单一业务管理员',NULL);
insert into SYS_AUTH_ROLE ("ID", "AUTH_ID", "ROLE_ID", "SIGN", "IS_REVOKE", "CREATE_USER", "CREATE_TIME", "UPDATE_TIME", "REMARK", "AUTH_NAME", "ROLE_NAME", "TRACE_ID") values('businessef32403dbf9dc989d0651151','131e140bc2bd4361af5ee488f92b22ad','businessadmin',NULL,'0',NULL,NULL,NULL,NULL,'字典管理','单一业务管理员',NULL);
insert into SYS_AUTH_ROLE ("ID", "AUTH_ID", "ROLE_ID", "SIGN", "IS_REVOKE", "CREATE_USER", "CREATE_TIME", "UPDATE_TIME", "REMARK", "AUTH_NAME", "ROLE_NAME", "TRACE_ID") values('businessef32403dbf9dc989d0651153','8bc5761a4d8d49e680515bc50f4baad1','businessadmin',NULL,'0',NULL,NULL,NULL,NULL,'菜单管理','单一业务管理员',NULL);
insert into SYS_AUTH_ROLE ("ID", "AUTH_ID", "ROLE_ID", "SIGN", "IS_REVOKE", "CREATE_USER", "CREATE_TIME", "UPDATE_TIME", "REMARK", "AUTH_NAME", "ROLE_NAME", "TRACE_ID") values('businessef32403dbf9dc989d0651154','8bc5761a4d8d49e680515bc50f4ba111','businessadmin',NULL,'0',NULL,NULL,NULL,NULL,'菜单管理维护','单一业务管理员',NULL);
insert into SYS_AUTH_ROLE ("ID", "AUTH_ID", "ROLE_ID", "SIGN", "IS_REVOKE", "CREATE_USER", "CREATE_TIME", "UPDATE_TIME", "REMARK", "AUTH_NAME", "ROLE_NAME", "TRACE_ID") values('businessef32403dbf9dc989d0651155','39e1b3ec3d6e483b86c4923ea64cfdd0','businessadmin',NULL,'0',NULL,NULL,NULL,NULL,'权限定义','单一业务管理员',NULL);
insert into SYS_AUTH_ROLE ("ID", "AUTH_ID", "ROLE_ID", "SIGN", "IS_REVOKE", "CREATE_USER", "CREATE_TIME", "UPDATE_TIME", "REMARK", "AUTH_NAME", "ROLE_NAME", "TRACE_ID") values('businessef32403dbf9dc989d0651156','39e1b3ec3d6e483b86c4923ea64c1111','businessadmin',NULL,'0',NULL,NULL,NULL,NULL,'权限管理维护','单一业务管理员',NULL);
insert into SYS_AUTH_ROLE ("ID", "AUTH_ID", "ROLE_ID", "SIGN", "IS_REVOKE", "CREATE_USER", "CREATE_TIME", "UPDATE_TIME", "REMARK", "AUTH_NAME", "ROLE_NAME", "TRACE_ID") values('businessef32403dbf9dc989d0651157','8d4d2caee7f548889988da2747dfaa4a','businessadmin',NULL,'0',NULL,NULL,NULL,NULL,'角色管理','单一业务管理员',NULL);
insert into SYS_AUTH_ROLE ("ID", "AUTH_ID", "ROLE_ID", "SIGN", "IS_REVOKE", "CREATE_USER", "CREATE_TIME", "UPDATE_TIME", "REMARK", "AUTH_NAME", "ROLE_NAME", "TRACE_ID") values('businessef32403dbf9dc989d0651158','39e1b3ec3d6e483b86c4923ea64c1112','businessadmin',NULL,'0',NULL,NULL,NULL,NULL,'指定权限绑定api资源权限','单一业务管理员',NULL);
insert into SYS_AUTH_ROLE ("ID", "AUTH_ID", "ROLE_ID", "SIGN", "IS_REVOKE", "CREATE_USER", "CREATE_TIME", "UPDATE_TIME", "REMARK", "AUTH_NAME", "ROLE_NAME", "TRACE_ID") values('businessef32403dbf9dc989d0651164','334qb3ec3d6e483b86c4923ea64cf112','businessadmin',NULL,'0',NULL,NULL,NULL,NULL,'用户授权激活','单一业务管理员',NULL);
insert into SYS_AUTH_ROLE ("ID", "AUTH_ID", "ROLE_ID", "SIGN", "IS_REVOKE", "CREATE_USER", "CREATE_TIME", "UPDATE_TIME", "REMARK", "AUTH_NAME", "ROLE_NAME", "TRACE_ID") values('businessef32403dbf9dc989d0651170','456wb3ec3d6e483b86c4923ea64cf112','businessadmin',NULL,'0',NULL,NULL,NULL,NULL,'角色授权激活','单一业务管理员',NULL);
insert into SYS_AUTH_ROLE ("ID", "AUTH_ID", "ROLE_ID", "SIGN", "IS_REVOKE", "CREATE_USER", "CREATE_TIME", "UPDATE_TIME", "REMARK", "AUTH_NAME", "ROLE_NAME", "TRACE_ID") values('businessef32403dbf9dc989d0651174','67yub3ec3d6e483b86c4923ea64cf112','businessadmin',NULL,'0',NULL,NULL,NULL,NULL,'权限授权激活','单一业务管理员',NULL);
insert into SYS_AUTH_ROLE ("ID", "AUTH_ID", "ROLE_ID", "SIGN", "IS_REVOKE", "CREATE_USER", "CREATE_TIME", "UPDATE_TIME", "REMARK", "AUTH_NAME", "ROLE_NAME", "TRACE_ID") values('businessef32403dbf9dc989d0651189','11316279a4a9416a8e20019821e640af','businessadmin',NULL,'0',NULL,NULL,NULL,NULL,'配置管理','单一业务管理员',NULL);
insert into SYS_AUTH_ROLE ("ID", "AUTH_ID", "ROLE_ID", "SIGN", "IS_REVOKE", "CREATE_USER", "CREATE_TIME", "UPDATE_TIME", "REMARK", "AUTH_NAME", "ROLE_NAME", "TRACE_ID") values('businessef32403dbf9dc989d0651190','e3b15ac90286450fbe5a721c9f542451','businessadmin',NULL,'0',NULL,NULL,NULL,NULL,'系统管理','单一业务管理员',NULL);
insert into SYS_AUTH_ROLE ("ID", "AUTH_ID", "ROLE_ID", "SIGN", "IS_REVOKE", "CREATE_USER", "CREATE_TIME", "UPDATE_TIME", "REMARK", "AUTH_NAME", "ROLE_NAME", "TRACE_ID") values('businessef32403dbf9dc989d0651192','11erb3ec3d6e483b86c4923ea64cfdd0','businessadmin',NULL,'0',NULL,NULL,NULL,NULL,'授权管理','单一业务管理员',NULL);
insert into SYS_AUTH_ROLE ("ID", "AUTH_ID", "ROLE_ID", "SIGN", "IS_REVOKE", "CREATE_USER", "CREATE_TIME", "UPDATE_TIME", "REMARK", "AUTH_NAME", "ROLE_NAME", "TRACE_ID") values('businessef32403dbf9dc989d0651213','e3b15ac90286450fbe5a721c9f542433','businessadmin',NULL,'0',NULL,NULL,NULL,NULL,'首页','单一业务管理员',NULL);
insert into SYS_AUTH_ROLE ("ID", "AUTH_ID", "ROLE_ID", "SIGN", "IS_REVOKE", "CREATE_USER", "CREATE_TIME", "UPDATE_TIME", "REMARK", "AUTH_NAME", "ROLE_NAME", "TRACE_ID") values('businessef32403dbf9dc989d0651224','22316279a4a9416a8e20019821e640af','businessadmin',NULL,'0',NULL,NULL,NULL,NULL,'定时任务','单一业务管理员',NULL);
insert into SYS_AUTH_ROLE ("ID", "AUTH_ID", "ROLE_ID", "SIGN", "IS_REVOKE", "CREATE_USER", "CREATE_TIME", "UPDATE_TIME", "REMARK", "AUTH_NAME", "ROLE_NAME", "TRACE_ID") values('businessef32403dbf9dc989d0651227','3333ba3204344d37929abd4ad9a12222','businessadmin',NULL,'0',NULL,NULL,NULL,NULL,'工作流程','单一业务管理员',NULL);
insert into SYS_AUTH_ROLE ("ID", "AUTH_ID", "ROLE_ID", "SIGN", "IS_REVOKE", "CREATE_USER", "CREATE_TIME", "UPDATE_TIME", "REMARK", "AUTH_NAME", "ROLE_NAME", "TRACE_ID") values('businessef32403dbf9dc989d0651228','3456ba3204344d37929abd4ad9a15678','businessadmin',NULL,'0',NULL,NULL,NULL,NULL,'流程定义','单一业务管理员',NULL);
insert into SYS_AUTH_ROLE ("ID", "AUTH_ID", "ROLE_ID", "SIGN", "IS_REVOKE", "CREATE_USER", "CREATE_TIME", "UPDATE_TIME", "REMARK", "AUTH_NAME", "ROLE_NAME", "TRACE_ID") values('businessef32403dbf9dc989d0651229','7756ba3204344d37929abd4ad9a15699','businessadmin',NULL,'0',NULL,NULL,NULL,NULL,'全局变量','单一业务管理员',NULL);
insert into SYS_AUTH_ROLE ("ID", "AUTH_ID", "ROLE_ID", "SIGN", "IS_REVOKE", "CREATE_USER", "CREATE_TIME", "UPDATE_TIME", "REMARK", "AUTH_NAME", "ROLE_NAME", "TRACE_ID") values('businessef32403dbf9dc989d0651230','1116ba3204344d37929abd4ad9a15222','businessadmin',NULL,'0',NULL,NULL,NULL,NULL,'全局规则','单一业务管理员',NULL);
insert into SYS_AUTH_ROLE ("ID", "AUTH_ID", "ROLE_ID", "SIGN", "IS_REVOKE", "CREATE_USER", "CREATE_TIME", "UPDATE_TIME", "REMARK", "AUTH_NAME", "ROLE_NAME", "TRACE_ID") values('businessef32403dbf9dc989d0651243','twerba3204344d37929abd4ad9a1dfgh','businessadmin',NULL,'0',NULL,NULL,NULL,NULL,'数据展示','单一业务管理员',NULL);
insert into SYS_AUTH_ROLE ("ID", "AUTH_ID", "ROLE_ID", "SIGN", "IS_REVOKE", "CREATE_USER", "CREATE_TIME", "UPDATE_TIME", "REMARK", "AUTH_NAME", "ROLE_NAME", "TRACE_ID") values('businessef32403dbf9dc989d0651244','1234ba3204344d37929abd4ad9a1dgth','businessadmin',NULL,'0',NULL,NULL,NULL,NULL,'业务类型','单一业务管理员',NULL);
insert into SYS_AUTH_ROLE ("ID", "AUTH_ID", "ROLE_ID", "SIGN", "IS_REVOKE", "CREATE_USER", "CREATE_TIME", "UPDATE_TIME", "REMARK", "AUTH_NAME", "ROLE_NAME", "TRACE_ID") values('businessef32403dbf9dc989d0651245','2234ba3204344d37929abd4ad9a1dgth','businessadmin',NULL,'0',NULL,NULL,NULL,NULL,'报表设计','单一业务管理员',NULL);
insert into SYS_AUTH_ROLE ("ID", "AUTH_ID", "ROLE_ID", "SIGN", "IS_REVOKE", "CREATE_USER", "CREATE_TIME", "UPDATE_TIME", "REMARK", "AUTH_NAME", "ROLE_NAME", "TRACE_ID") values('businessef32403dbf9dc989d0651246','3234ba3204344d37929abd4ad9a1dgth','businessadmin',NULL,'0',NULL,NULL,NULL,NULL,'报表浏览','单一业务管理员',NULL);
insert into SYS_AUTH_ROLE ("ID", "AUTH_ID", "ROLE_ID", "SIGN", "IS_REVOKE", "CREATE_USER", "CREATE_TIME", "UPDATE_TIME", "REMARK", "AUTH_NAME", "ROLE_NAME", "TRACE_ID") values('businessef32403dbf9dc989d0651250','45676279a4a9416a8e20019821e6ghjk','businessadmin',NULL,'0',NULL,NULL,NULL,NULL,'消息通道','单一业务管理员',NULL);
insert into SYS_AUTH_ROLE ("ID", "AUTH_ID", "ROLE_ID", "SIGN", "IS_REVOKE", "CREATE_USER", "CREATE_TIME", "UPDATE_TIME", "REMARK", "AUTH_NAME", "ROLE_NAME", "TRACE_ID") values('businessef32403dbf9dc989d0651251','yut76279a4a9416a8e20019821e6g45t','businessadmin',NULL,'0',NULL,NULL,NULL,NULL,NULL,'单一业务管理员',NULL);
INSERT INTO SYS_AUTH_ROLE ("ID", "AUTH_ID", "ROLE_ID", "SIGN", "IS_REVOKE", "CREATE_USER", "CREATE_TIME", "UPDATE_TIME", "REMARK", "AUTH_NAME", "ROLE_NAME", "TRACE_ID") VALUES('businessef32403dbf9dc989d0651165','334qb3ec3d6e483b86c4923ea64cfdd0','businessadmin',NULL,'0',NULL,NULL,NULL,NULL,'用户授权',NULL,NULL);
INSERT INTO SYS_AUTH_ROLE ("ID", "AUTH_ID", "ROLE_ID", "SIGN", "IS_REVOKE", "CREATE_USER", "CREATE_TIME", "UPDATE_TIME", "REMARK", "AUTH_NAME", "ROLE_NAME", "TRACE_ID") VALUES('businessef32403dbf9dc989d0651166','334qb3ec3d6e483b86c4923ea64cf111','businessadmin',NULL,'0',NULL,NULL,NULL,NULL,'用户授权保存',NULL,NULL);
INSERT INTO SYS_AUTH_ROLE ("ID", "AUTH_ID", "ROLE_ID", "SIGN", "IS_REVOKE", "CREATE_USER", "CREATE_TIME", "UPDATE_TIME", "REMARK", "AUTH_NAME", "ROLE_NAME", "TRACE_ID") VALUES('businessef32403dbf9dc989d0651167','334qb3ec3d6e483b86c4923ea64cf113','businessadmin',NULL,'0',NULL,NULL,NULL,NULL,'指定用户权限管控的组织范围',NULL,NULL);
INSERT INTO SYS_AUTH_ROLE ("ID", "AUTH_ID", "ROLE_ID", "SIGN", "IS_REVOKE", "CREATE_USER", "CREATE_TIME", "UPDATE_TIME", "REMARK", "AUTH_NAME", "ROLE_NAME", "TRACE_ID") VALUES('businessef32403dbf9dc989d0651168','334qb3ec3d6e483b86c4923ea64cf114','businessadmin',NULL,'0',NULL,NULL,NULL,NULL,'指定用户权限管控的用户组范围',NULL,NULL);
INSERT INTO SYS_AUTH_ROLE ("ID", "AUTH_ID", "ROLE_ID", "SIGN", "IS_REVOKE", "CREATE_USER", "CREATE_TIME", "UPDATE_TIME", "REMARK", "AUTH_NAME", "ROLE_NAME", "TRACE_ID") VALUES('businessef32403dbf9dc989d0651171','456wb3ec3d6e483b86c4923ea64cfdd0','businessadmin',NULL,'0',NULL,NULL,NULL,NULL,'角色授权',NULL,NULL);
INSERT INTO SYS_AUTH_ROLE ("ID", "AUTH_ID", "ROLE_ID", "SIGN", "IS_REVOKE", "CREATE_USER", "CREATE_TIME", "UPDATE_TIME", "REMARK", "AUTH_NAME", "ROLE_NAME", "TRACE_ID") VALUES('businessef32403dbf9dc989d0651172','456wb3ec3d6e483b86c4923ea64cf111','businessadmin',NULL,'0',NULL,NULL,NULL,NULL,'角色授权保存',NULL,NULL);
INSERT INTO SYS_AUTH_ROLE ("ID", "AUTH_ID", "ROLE_ID", "SIGN", "IS_REVOKE", "CREATE_USER", "CREATE_TIME", "UPDATE_TIME", "REMARK", "AUTH_NAME", "ROLE_NAME", "TRACE_ID") VALUES('businessef32403dbf9dc989d0651175','67yub3ec3d6e483b86c4923ea64cfdd0','businessadmin',NULL,'0',NULL,NULL,NULL,NULL,'权限授权',NULL,NULL);
INSERT INTO SYS_AUTH_ROLE ("ID", "AUTH_ID", "ROLE_ID", "SIGN", "IS_REVOKE", "CREATE_USER", "CREATE_TIME", "UPDATE_TIME", "REMARK", "AUTH_NAME", "ROLE_NAME", "TRACE_ID") VALUES('businessef32403dbf9dc989d0651176','67yub3ec3d6e483b86c4923ea64cf111','businessadmin',NULL,'0',NULL,NULL,NULL,NULL,'权限授权保存',NULL,NULL);
INSERT INTO SYS_AUTH_ROLE ("ID", "AUTH_ID", "ROLE_ID", "SIGN", "IS_REVOKE", "CREATE_USER", "CREATE_TIME", "UPDATE_TIME", "REMARK", "AUTH_NAME", "ROLE_NAME", "TRACE_ID") VALUES('businessef32403dbf9dc989d0651193','04d7893c4a4d4345b18b0789af13753f','businessadmin',NULL,'0',NULL,NULL,NULL,NULL,'审计日志',NULL,NULL);
INSERT INTO SYS_AUTH_ROLE ("ID", "AUTH_ID", "ROLE_ID", "SIGN", "IS_REVOKE", "CREATE_USER", "CREATE_TIME", "UPDATE_TIME", "REMARK", "AUTH_NAME", "ROLE_NAME", "TRACE_ID") VALUES('businessef32403dbf9dc989d0651234','tyuub3ec3d6e483b86c4923ea64cfwe5','businessadmin',NULL,'0',NULL,NULL,NULL,NULL,'角色分配',NULL,NULL);
INSERT INTO SYS_AUTH_ROLE ("ID", "AUTH_ID", "ROLE_ID", "SIGN", "IS_REVOKE", "CREATE_USER", "CREATE_TIME", "UPDATE_TIME", "REMARK", "AUTH_NAME", "ROLE_NAME", "TRACE_ID") VALUES('businessea4a4e54acdaff4c84bb83qw','19ea2ad7ea4a4e54acdaff4c84bb8370','businessadmin',NULL,'0',NULL,NULL,NULL,NULL,'应用运行日志',NULL,NULL);
INSERT INTO SYS_AUTH_ROLE ("ID", "AUTH_ID", "ROLE_ID", "SIGN", "IS_REVOKE", "CREATE_USER", "CREATE_TIME", "UPDATE_TIME", "REMARK", "AUTH_NAME", "ROLE_NAME", "TRACE_ID") VALUES('businessef32403dbf9dc989d0651254','frggb3ec3d6e483b86c4923ea64cvbnu','businessadmin',NULL,'0',NULL,NULL,NULL,NULL,'角色审计',NULL,NULL);
INSERT INTO SYS_AUTH_ROLE ("ID", "AUTH_ID", "ROLE_ID", "SIGN", "IS_REVOKE", "CREATE_USER", "CREATE_TIME", "UPDATE_TIME", "REMARK", "AUTH_NAME", "ROLE_NAME", "TRACE_ID") VALUES('businessef32403dbf9dc989d0651255','hjuub3ec3d6e483b86c4923ea64cnmui','businessadmin',NULL,'0',NULL,NULL,NULL,NULL,'授权审计',NULL,NULL);


INSERT  INTO sys_auth_role_lv("ID","VERSION_NO","IS_LAST_VERSION","VERSION_BEGIN_TIME","VERSION_END_TIME","VERSION_BEGIN_USER_ID","VERSION_END_USER_ID","ROLE_ID") VALUES ('businessadmin',1,1,NULL,NULL,NULL,NULL,'businessadmin');



insert into SYS_AUTH_ROLE_V ("ID", "AUTH_ID", "ROLE_ID", "SIGN", "IS_REVOKE", "CREATE_USER", "CREATE_TIME", "UPDATE_TIME", "REMARK", "AUTH_NAME", "LV_ID", "TRACE_ID") values('businessef32403dbf9dc989d0651129','ac2a8ce16a614324b5ed4e9c24e7e905','businessadmin',NULL,'0',NULL,NULL,NULL,NULL,'应用管理','businessadmin',NULL);
insert into SYS_AUTH_ROLE_V ("ID", "AUTH_ID", "ROLE_ID", "SIGN", "IS_REVOKE", "CREATE_USER", "CREATE_TIME", "UPDATE_TIME", "REMARK", "AUTH_NAME", "LV_ID", "TRACE_ID") values('businessef32403dbf9dc989d0651130','ac2a8ce16a614324b5ed4e9c24e7e111','businessadmin',NULL,'0',NULL,NULL,NULL,NULL,'应用管理维护','businessadmin',NULL);
insert into SYS_AUTH_ROLE_V ("ID", "AUTH_ID", "ROLE_ID", "SIGN", "IS_REVOKE", "CREATE_USER", "CREATE_TIME", "UPDATE_TIME", "REMARK", "AUTH_NAME", "LV_ID", "TRACE_ID") values('businessef32403dbf9dc989d0651131','a16344b1790e41e98615f6cd19587573','businessadmin',NULL,'0',NULL,NULL,NULL,NULL,'业务单元','businessadmin',NULL);
insert into SYS_AUTH_ROLE_V ("ID", "AUTH_ID", "ROLE_ID", "SIGN", "IS_REVOKE", "CREATE_USER", "CREATE_TIME", "UPDATE_TIME", "REMARK", "AUTH_NAME", "LV_ID", "TRACE_ID") values('businessef32403dbf9dc989d0651132','a16344b1790e41e98615f6cd19587111','businessadmin',NULL,'0',NULL,NULL,NULL,NULL,'业务单元维护','businessadmin',NULL);
insert into SYS_AUTH_ROLE_V ("ID", "AUTH_ID", "ROLE_ID", "SIGN", "IS_REVOKE", "CREATE_USER", "CREATE_TIME", "UPDATE_TIME", "REMARK", "AUTH_NAME", "LV_ID", "TRACE_ID") values('businessef32403dbf9dc989d0651133','5e80ace300d54486814ee84c1fb29a3a','businessadmin',NULL,'0',NULL,NULL,NULL,NULL,'部门管理','businessadmin',NULL);
insert into SYS_AUTH_ROLE_V ("ID", "AUTH_ID", "ROLE_ID", "SIGN", "IS_REVOKE", "CREATE_USER", "CREATE_TIME", "UPDATE_TIME", "REMARK", "AUTH_NAME", "LV_ID", "TRACE_ID") values('businessef32403dbf9dc989d0651134','5e80ace300d54486814ee84c1fb29111','businessadmin',NULL,'0',NULL,NULL,NULL,NULL,'部门管理维护','businessadmin',NULL);
insert into SYS_AUTH_ROLE_V ("ID", "AUTH_ID", "ROLE_ID", "SIGN", "IS_REVOKE", "CREATE_USER", "CREATE_TIME", "UPDATE_TIME", "REMARK", "AUTH_NAME", "LV_ID", "TRACE_ID") values('businessef32403dbf9dc989d0651135','a16344b1790e41e98615f6cd19587571','businessadmin',NULL,'0',NULL,NULL,NULL,NULL,'人员管理','businessadmin',NULL);
insert into SYS_AUTH_ROLE_V ("ID", "AUTH_ID", "ROLE_ID", "SIGN", "IS_REVOKE", "CREATE_USER", "CREATE_TIME", "UPDATE_TIME", "REMARK", "AUTH_NAME", "LV_ID", "TRACE_ID") values('businessef32403dbf9dc989d0651136','a16344b1790e41e98615f6cd19587112','businessadmin',NULL,'0',NULL,NULL,NULL,NULL,'人员管理维护','businessadmin',NULL);
insert into SYS_AUTH_ROLE_V ("ID", "AUTH_ID", "ROLE_ID", "SIGN", "IS_REVOKE", "CREATE_USER", "CREATE_TIME", "UPDATE_TIME", "REMARK", "AUTH_NAME", "LV_ID", "TRACE_ID") values('businessef32403dbf9dc989d0651137','b50cbc8a2b0645729848403093f4246f','businessadmin',NULL,'0',NULL,NULL,NULL,NULL,'用户管理','businessadmin',NULL);
insert into SYS_AUTH_ROLE_V ("ID", "AUTH_ID", "ROLE_ID", "SIGN", "IS_REVOKE", "CREATE_USER", "CREATE_TIME", "UPDATE_TIME", "REMARK", "AUTH_NAME", "LV_ID", "TRACE_ID") values('businessef32403dbf9dc989d0651138','b50cbc8a2b0645729848403093f42111','businessadmin',NULL,'0',NULL,NULL,NULL,NULL,'用户管理维护','businessadmin',NULL);
insert into SYS_AUTH_ROLE_V ("ID", "AUTH_ID", "ROLE_ID", "SIGN", "IS_REVOKE", "CREATE_USER", "CREATE_TIME", "UPDATE_TIME", "REMARK", "AUTH_NAME", "LV_ID", "TRACE_ID") values('businessef32403dbf9dc989d0651184','bc316279a4a9416a8e20019821e640af','businessadmin',NULL,'0',NULL,NULL,NULL,NULL,'组织架构管理','businessadmin',NULL);
insert into SYS_AUTH_ROLE_V ("ID", "AUTH_ID", "ROLE_ID", "SIGN", "IS_REVOKE", "CREATE_USER", "CREATE_TIME", "UPDATE_TIME", "REMARK", "AUTH_NAME", "LV_ID", "TRACE_ID") values('businessef32403dbf9dc989d0651199','04d7893c4a4d4345b18b0789af13753f','businessadmin',NULL,'0',NULL,NULL,NULL,NULL,'审计日志','businessadmin',NULL);
insert into SYS_AUTH_ROLE_V ("ID", "AUTH_ID", "ROLE_ID", "SIGN", "IS_REVOKE", "CREATE_USER", "CREATE_TIME", "UPDATE_TIME", "REMARK", "AUTH_NAME", "LV_ID", "TRACE_ID") values('businessef32403dbf9dc989d0651225','11116279a4a9416a8e20019821e61111','businessadmin',NULL,'0',NULL,NULL,NULL,NULL,'工作日历','businessadmin',NULL);
insert into SYS_AUTH_ROLE_V ("ID", "AUTH_ID", "ROLE_ID", "SIGN", "IS_REVOKE", "CREATE_USER", "CREATE_TIME", "UPDATE_TIME", "REMARK", "AUTH_NAME", "LV_ID", "TRACE_ID") values('businessef32403dbf9dc989d0651241','a16344b1790e41e98615f6cd19587572','businessadmin',NULL,'0',NULL,NULL,NULL,NULL,'岗位管理','businessadmin',NULL);
insert into SYS_AUTH_ROLE_V ("ID", "AUTH_ID", "ROLE_ID", "SIGN", "IS_REVOKE", "CREATE_USER", "CREATE_TIME", "UPDATE_TIME", "REMARK", "AUTH_NAME", "LV_ID", "TRACE_ID") values('businessef32403dbf9dc989d0651242','a16344b1790e41e98615f6cd1958757r','businessadmin',NULL,'0',NULL,NULL,NULL,NULL,'职务管理','businessadmin',NULL);
insert into SYS_AUTH_ROLE_V ("ID", "AUTH_ID", "ROLE_ID", "SIGN", "IS_REVOKE", "CREATE_USER", "CREATE_TIME", "UPDATE_TIME", "REMARK", "AUTH_NAME", "LV_ID", "TRACE_ID") values('businessea4a4e54acdaff4c84bb8370','19ea2ad7ea4a4e54acdaff4c84bb8370','businessadmin',NULL,'0',NULL,NULL,NULL,NULL,'应用运行日志','businessadmin',NULL);
insert into SYS_AUTH_ROLE_V ("ID", "AUTH_ID", "ROLE_ID", "SIGN", "IS_REVOKE", "CREATE_USER", "CREATE_TIME", "UPDATE_TIME", "REMARK", "AUTH_NAME", "LV_ID", "TRACE_ID") values('businessea4a4e54acdaff4c84bb8371','99ea2ad7ea4a4e54acdaff4c84bb8371','businessadmin',NULL,'0',NULL,NULL,NULL,NULL,'运行日志','businessadmin',NULL);
insert into SYS_AUTH_ROLE_V ("ID", "AUTH_ID", "ROLE_ID", "SIGN", "IS_REVOKE", "CREATE_USER", "CREATE_TIME", "UPDATE_TIME", "REMARK", "AUTH_NAME", "LV_ID", "TRACE_ID") values('businessa4a4e54acdaff4yhmzq8370','vbnmhd7ea4a4e54acdaff4yhmzq8370','businessadmin',NULL,'0',NULL,NULL,NULL,NULL,'小程序管理','businessadmin',NULL);
insert into SYS_AUTH_ROLE_V ("ID", "AUTH_ID", "ROLE_ID", "SIGN", "IS_REVOKE", "CREATE_USER", "CREATE_TIME", "UPDATE_TIME", "REMARK", "AUTH_NAME", "LV_ID", "TRACE_ID") values('business04344d37929abd4ad9a1dg12','4599ba3204344d37929abd4ad9a1dgth','businessadmin',NULL,'0',NULL,NULL,NULL,NULL,NULL,'businessadmin',NULL);
insert into SYS_AUTH_ROLE_V ("ID", "AUTH_ID", "ROLE_ID", "SIGN", "IS_REVOKE", "CREATE_USER", "CREATE_TIME", "UPDATE_TIME", "REMARK", "AUTH_NAME", "LV_ID", "TRACE_ID") values('business04344d37929abd4ad9a1dg32','7784ba3204344d37929abd4ad9a1dgth','businessadmin',NULL,'0',NULL,NULL,NULL,NULL,NULL,'businessadmin',NULL);
insert into SYS_AUTH_ROLE_V ("ID", "AUTH_ID", "ROLE_ID", "SIGN", "IS_REVOKE", "CREATE_USER", "CREATE_TIME", "UPDATE_TIME", "REMARK", "AUTH_NAME", "LV_ID", "TRACE_ID") values('business04344d37929abd4ad9a1dg43','8234ba3204344d37929abd4ad9a1dgth','businessadmin',NULL,'0',NULL,NULL,NULL,NULL,NULL,'businessadmin',NULL);
insert into SYS_AUTH_ROLE_V ("ID", "AUTH_ID", "ROLE_ID", "SIGN", "IS_REVOKE", "CREATE_USER", "CREATE_TIME", "UPDATE_TIME", "REMARK", "AUTH_NAME", "LV_ID", "TRACE_ID") values('business04344d37929abd4ad9a1dgth','4599ba3204344d37929abd4ad9a1dgth','businessadmin',NULL,'0',NULL,NULL,NULL,NULL,NULL,'businessadmin',NULL);
insert into SYS_AUTH_ROLE_V ("ID", "AUTH_ID", "ROLE_ID", "SIGN", "IS_REVOKE", "CREATE_USER", "CREATE_TIME", "UPDATE_TIME", "REMARK", "AUTH_NAME", "LV_ID", "TRACE_ID") values('business7a3249d6ad180da0b4681113','1160858109884c5095eed968472c0236','businessadmin',NULL,'0',NULL,NULL,NULL,NULL,'应用级字典维护','businessadmin',NULL);
insert into SYS_AUTH_ROLE_V ("ID", "AUTH_ID", "ROLE_ID", "SIGN", "IS_REVOKE", "CREATE_USER", "CREATE_TIME", "UPDATE_TIME", "REMARK", "AUTH_NAME", "LV_ID", "TRACE_ID") values('businessa4a4e54acdaff4yhmzq83cc','0745867ea4a4e54acdaff4yhmzq8370','businessadmin',NULL,'0',NULL,NULL,NULL,NULL,NULL,'businessadmin',NULL);
insert into SYS_AUTH_ROLE_V ("ID", "AUTH_ID", "ROLE_ID", "SIGN", "IS_REVOKE", "CREATE_USER", "CREATE_TIME", "UPDATE_TIME", "REMARK", "AUTH_NAME", "LV_ID", "TRACE_ID") values('businessa4a4e54acdaff4yhmzq8371','1275967ea4a4e54acdaff4yhmzq8370','businessadmin',NULL,'0',NULL,NULL,NULL,NULL,NULL,'businessadmin',NULL);
insert into SYS_AUTH_ROLE_V ("ID", "AUTH_ID", "ROLE_ID", "SIGN", "IS_REVOKE", "CREATE_USER", "CREATE_TIME", "UPDATE_TIME", "REMARK", "AUTH_NAME", "LV_ID", "TRACE_ID") values('businessa4a4e54acdaff4yhmzq8373','byasmd7ea4a4e54acdaff4yhmzq8370','businessadmin',NULL,'0',NULL,NULL,NULL,NULL,NULL,'businessadmin',NULL);
insert into SYS_AUTH_ROLE_V ("ID", "AUTH_ID", "ROLE_ID", "SIGN", "IS_REVOKE", "CREATE_USER", "CREATE_TIME", "UPDATE_TIME", "REMARK", "AUTH_NAME", "LV_ID", "TRACE_ID") values('businessa4a4e54acdaff4yhmzq8374','c789567ea4a4e54acdaff4yhmzq8370','businessadmin',NULL,'0',NULL,NULL,NULL,NULL,NULL,'businessadmin',NULL);
insert into SYS_AUTH_ROLE_V ("ID", "AUTH_ID", "ROLE_ID", "SIGN", "IS_REVOKE", "CREATE_USER", "CREATE_TIME", "UPDATE_TIME", "REMARK", "AUTH_NAME", "LV_ID", "TRACE_ID") values('businessa4a4e54acdaff4yhmzq8375','bnuimd7ea4a4e54acdaff4yhmzq8370','businessadmin',NULL,'0',NULL,NULL,NULL,NULL,'消息模板','businessadmin',NULL);
insert into SYS_AUTH_ROLE_V ("ID", "AUTH_ID", "ROLE_ID", "SIGN", "IS_REVOKE", "CREATE_USER", "CREATE_TIME", "UPDATE_TIME", "REMARK", "AUTH_NAME", "LV_ID", "TRACE_ID") values('businessaoxi4d37929abd4ad9a1dgth','dapingxiaoxi4d37929abd4ad9a1dgth','businessadmin',NULL,'0',NULL,NULL,NULL,NULL,NULL,'businessadmin',NULL);
insert into SYS_AUTH_ROLE_V ("ID", "AUTH_ID", "ROLE_ID", "SIGN", "IS_REVOKE", "CREATE_USER", "CREATE_TIME", "UPDATE_TIME", "REMARK", "AUTH_NAME", "LV_ID", "TRACE_ID") values('businessea4a4e54acdaff4c84bb83qq','19ea2ad7ea4a4e54acdaff4yhmzq8370','businessadmin',NULL,'0',NULL,NULL,NULL,NULL,'组件注册','businessadmin',NULL);
insert into SYS_AUTH_ROLE_V ("ID", "AUTH_ID", "ROLE_ID", "SIGN", "IS_REVOKE", "CREATE_USER", "CREATE_TIME", "UPDATE_TIME", "REMARK", "AUTH_NAME", "LV_ID", "TRACE_ID") values('businessea4a4e54acdaff4c84bb8379','19ea2ad7ea4a4e54acdaff4yhmzq8370','businessadmin',NULL,'0',NULL,NULL,NULL,NULL,'组件注册','businessadmin',NULL);
insert into SYS_AUTH_ROLE_V ("ID", "AUTH_ID", "ROLE_ID", "SIGN", "IS_REVOKE", "CREATE_USER", "CREATE_TIME", "UPDATE_TIME", "REMARK", "AUTH_NAME", "LV_ID", "TRACE_ID") values('businessef32403dbf9dc989d0651139','39e1b3ec3d6e483b86c4923ea64cfeee','businessadmin',NULL,'0',NULL,NULL,NULL,NULL,'数据源管理','businessadmin',NULL);
insert into SYS_AUTH_ROLE_V ("ID", "AUTH_ID", "ROLE_ID", "SIGN", "IS_REVOKE", "CREATE_USER", "CREATE_TIME", "UPDATE_TIME", "REMARK", "AUTH_NAME", "LV_ID", "TRACE_ID") values('businessef32403dbf9dc989d0651140','39e1b3ec3d6e483b86c4923ea64cf111','businessadmin',NULL,'0',NULL,NULL,NULL,NULL,'数据源管理维护','businessadmin',NULL);
insert into SYS_AUTH_ROLE_V ("ID", "AUTH_ID", "ROLE_ID", "SIGN", "IS_REVOKE", "CREATE_USER", "CREATE_TIME", "UPDATE_TIME", "REMARK", "AUTH_NAME", "LV_ID", "TRACE_ID") values('businessef32403dbf9dc989d0651147','ac2a8ce16a614324b5ed4e9c24e7e904','businessadmin',NULL,'0',NULL,NULL,NULL,NULL,'系统配置项管理','businessadmin',NULL);
insert into SYS_AUTH_ROLE_V ("ID", "AUTH_ID", "ROLE_ID", "SIGN", "IS_REVOKE", "CREATE_USER", "CREATE_TIME", "UPDATE_TIME", "REMARK", "AUTH_NAME", "LV_ID", "TRACE_ID") values('businessef32403dbf9dc989d0651148','ac2a8ce16a614324b5ed4e9c24e71113','businessadmin',NULL,'0',NULL,NULL,NULL,NULL,'应用配置项维护','businessadmin',NULL);
insert into SYS_AUTH_ROLE_V ("ID", "AUTH_ID", "ROLE_ID", "SIGN", "IS_REVOKE", "CREATE_USER", "CREATE_TIME", "UPDATE_TIME", "REMARK", "AUTH_NAME", "LV_ID", "TRACE_ID") values('businessef32403dbf9dc989d0651149','ffc03579b06a4b7fae6c51c9ff48b311','businessadmin',NULL,'0',NULL,NULL,NULL,NULL,'附件配置项管理','businessadmin',NULL);
insert into SYS_AUTH_ROLE_V ("ID", "AUTH_ID", "ROLE_ID", "SIGN", "IS_REVOKE", "CREATE_USER", "CREATE_TIME", "UPDATE_TIME", "REMARK", "AUTH_NAME", "LV_ID", "TRACE_ID") values('businessef32403dbf9dc989d0651151','131e140bc2bd4361af5ee488f92b22ad','businessadmin',NULL,'0',NULL,NULL,NULL,NULL,'字典管理','businessadmin',NULL);
insert into SYS_AUTH_ROLE_V ("ID", "AUTH_ID", "ROLE_ID", "SIGN", "IS_REVOKE", "CREATE_USER", "CREATE_TIME", "UPDATE_TIME", "REMARK", "AUTH_NAME", "LV_ID", "TRACE_ID") values('businessef32403dbf9dc989d0651153','8bc5761a4d8d49e680515bc50f4baad1','businessadmin',NULL,'0',NULL,NULL,NULL,NULL,'菜单管理','businessadmin',NULL);
insert into SYS_AUTH_ROLE_V ("ID", "AUTH_ID", "ROLE_ID", "SIGN", "IS_REVOKE", "CREATE_USER", "CREATE_TIME", "UPDATE_TIME", "REMARK", "AUTH_NAME", "LV_ID", "TRACE_ID") values('businessef32403dbf9dc989d0651154','8bc5761a4d8d49e680515bc50f4ba111','businessadmin',NULL,'0',NULL,NULL,NULL,NULL,'菜单管理维护','businessadmin',NULL);
insert into SYS_AUTH_ROLE_V ("ID", "AUTH_ID", "ROLE_ID", "SIGN", "IS_REVOKE", "CREATE_USER", "CREATE_TIME", "UPDATE_TIME", "REMARK", "AUTH_NAME", "LV_ID", "TRACE_ID") values('businessef32403dbf9dc989d0651155','39e1b3ec3d6e483b86c4923ea64cfdd0','businessadmin',NULL,'0',NULL,NULL,NULL,NULL,'权限定义','businessadmin',NULL);
insert into SYS_AUTH_ROLE_V ("ID", "AUTH_ID", "ROLE_ID", "SIGN", "IS_REVOKE", "CREATE_USER", "CREATE_TIME", "UPDATE_TIME", "REMARK", "AUTH_NAME", "LV_ID", "TRACE_ID") values('businessef32403dbf9dc989d0651156','39e1b3ec3d6e483b86c4923ea64c1111','businessadmin',NULL,'0',NULL,NULL,NULL,NULL,'权限管理维护','businessadmin',NULL);
insert into SYS_AUTH_ROLE_V ("ID", "AUTH_ID", "ROLE_ID", "SIGN", "IS_REVOKE", "CREATE_USER", "CREATE_TIME", "UPDATE_TIME", "REMARK", "AUTH_NAME", "LV_ID", "TRACE_ID") values('businessef32403dbf9dc989d0651157','8d4d2caee7f548889988da2747dfaa4a','businessadmin',NULL,'0',NULL,NULL,NULL,NULL,'角色管理','businessadmin',NULL);
insert into SYS_AUTH_ROLE_V ("ID", "AUTH_ID", "ROLE_ID", "SIGN", "IS_REVOKE", "CREATE_USER", "CREATE_TIME", "UPDATE_TIME", "REMARK", "AUTH_NAME", "LV_ID", "TRACE_ID") values('businessef32403dbf9dc989d0651158','39e1b3ec3d6e483b86c4923ea64c1112','businessadmin',NULL,'0',NULL,NULL,NULL,NULL,'指定权限绑定api资源权限','businessadmin',NULL);
insert into SYS_AUTH_ROLE_V ("ID", "AUTH_ID", "ROLE_ID", "SIGN", "IS_REVOKE", "CREATE_USER", "CREATE_TIME", "UPDATE_TIME", "REMARK", "AUTH_NAME", "LV_ID", "TRACE_ID") values('businessef32403dbf9dc989d0651164','334qb3ec3d6e483b86c4923ea64cf112','businessadmin',NULL,'0',NULL,NULL,NULL,NULL,'用户授权激活','businessadmin',NULL);
insert into SYS_AUTH_ROLE_V ("ID", "AUTH_ID", "ROLE_ID", "SIGN", "IS_REVOKE", "CREATE_USER", "CREATE_TIME", "UPDATE_TIME", "REMARK", "AUTH_NAME", "LV_ID", "TRACE_ID") values('businessef32403dbf9dc989d0651170','456wb3ec3d6e483b86c4923ea64cf112','businessadmin',NULL,'0',NULL,NULL,NULL,NULL,'角色授权激活','businessadmin',NULL);
insert into SYS_AUTH_ROLE_V ("ID", "AUTH_ID", "ROLE_ID", "SIGN", "IS_REVOKE", "CREATE_USER", "CREATE_TIME", "UPDATE_TIME", "REMARK", "AUTH_NAME", "LV_ID", "TRACE_ID") values('businessef32403dbf9dc989d0651174','67yub3ec3d6e483b86c4923ea64cf112','businessadmin',NULL,'0',NULL,NULL,NULL,NULL,'权限授权激活','businessadmin',NULL);
insert into SYS_AUTH_ROLE_V ("ID", "AUTH_ID", "ROLE_ID", "SIGN", "IS_REVOKE", "CREATE_USER", "CREATE_TIME", "UPDATE_TIME", "REMARK", "AUTH_NAME", "LV_ID", "TRACE_ID") values('businessef32403dbf9dc989d0651189','11316279a4a9416a8e20019821e640af','businessadmin',NULL,'0',NULL,NULL,NULL,NULL,'配置管理','businessadmin',NULL);
insert into SYS_AUTH_ROLE_V ("ID", "AUTH_ID", "ROLE_ID", "SIGN", "IS_REVOKE", "CREATE_USER", "CREATE_TIME", "UPDATE_TIME", "REMARK", "AUTH_NAME", "LV_ID", "TRACE_ID") values('businessef32403dbf9dc989d0651190','e3b15ac90286450fbe5a721c9f542451','businessadmin',NULL,'0',NULL,NULL,NULL,NULL,'系统管理','businessadmin',NULL);
insert into SYS_AUTH_ROLE_V ("ID", "AUTH_ID", "ROLE_ID", "SIGN", "IS_REVOKE", "CREATE_USER", "CREATE_TIME", "UPDATE_TIME", "REMARK", "AUTH_NAME", "LV_ID", "TRACE_ID") values('businessef32403dbf9dc989d0651192','11erb3ec3d6e483b86c4923ea64cfdd0','businessadmin',NULL,'0',NULL,NULL,NULL,NULL,'授权管理','businessadmin',NULL);
insert into SYS_AUTH_ROLE_V ("ID", "AUTH_ID", "ROLE_ID", "SIGN", "IS_REVOKE", "CREATE_USER", "CREATE_TIME", "UPDATE_TIME", "REMARK", "AUTH_NAME", "LV_ID", "TRACE_ID") values('businessef32403dbf9dc989d0651213','e3b15ac90286450fbe5a721c9f542433','businessadmin',NULL,'0',NULL,NULL,NULL,NULL,'首页','businessadmin',NULL);
insert into SYS_AUTH_ROLE_V ("ID", "AUTH_ID", "ROLE_ID", "SIGN", "IS_REVOKE", "CREATE_USER", "CREATE_TIME", "UPDATE_TIME", "REMARK", "AUTH_NAME", "LV_ID", "TRACE_ID") values('businessef32403dbf9dc989d0651224','22316279a4a9416a8e20019821e640af','businessadmin',NULL,'0',NULL,NULL,NULL,NULL,'定时任务','businessadmin',NULL);
insert into SYS_AUTH_ROLE_V ("ID", "AUTH_ID", "ROLE_ID", "SIGN", "IS_REVOKE", "CREATE_USER", "CREATE_TIME", "UPDATE_TIME", "REMARK", "AUTH_NAME", "LV_ID", "TRACE_ID") values('businessef32403dbf9dc989d0651227','3333ba3204344d37929abd4ad9a12222','businessadmin',NULL,'0',NULL,NULL,NULL,NULL,'工作流程','businessadmin',NULL);
insert into SYS_AUTH_ROLE_V ("ID", "AUTH_ID", "ROLE_ID", "SIGN", "IS_REVOKE", "CREATE_USER", "CREATE_TIME", "UPDATE_TIME", "REMARK", "AUTH_NAME", "LV_ID", "TRACE_ID") values('businessef32403dbf9dc989d0651228','3456ba3204344d37929abd4ad9a15678','businessadmin',NULL,'0',NULL,NULL,NULL,NULL,'流程定义','businessadmin',NULL);
insert into SYS_AUTH_ROLE_V ("ID", "AUTH_ID", "ROLE_ID", "SIGN", "IS_REVOKE", "CREATE_USER", "CREATE_TIME", "UPDATE_TIME", "REMARK", "AUTH_NAME", "LV_ID", "TRACE_ID") values('businessef32403dbf9dc989d0651229','7756ba3204344d37929abd4ad9a15699','businessadmin',NULL,'0',NULL,NULL,NULL,NULL,'全局变量','businessadmin',NULL);
insert into SYS_AUTH_ROLE_V ("ID", "AUTH_ID", "ROLE_ID", "SIGN", "IS_REVOKE", "CREATE_USER", "CREATE_TIME", "UPDATE_TIME", "REMARK", "AUTH_NAME", "LV_ID", "TRACE_ID") values('businessef32403dbf9dc989d0651230','1116ba3204344d37929abd4ad9a15222','businessadmin',NULL,'0',NULL,NULL,NULL,NULL,'全局规则','businessadmin',NULL);
insert into SYS_AUTH_ROLE_V ("ID", "AUTH_ID", "ROLE_ID", "SIGN", "IS_REVOKE", "CREATE_USER", "CREATE_TIME", "UPDATE_TIME", "REMARK", "AUTH_NAME", "LV_ID", "TRACE_ID") values('businessef32403dbf9dc989d0651243','twerba3204344d37929abd4ad9a1dfgh','businessadmin',NULL,'0',NULL,NULL,NULL,NULL,'数据展示','businessadmin',NULL);
insert into SYS_AUTH_ROLE_V ("ID", "AUTH_ID", "ROLE_ID", "SIGN", "IS_REVOKE", "CREATE_USER", "CREATE_TIME", "UPDATE_TIME", "REMARK", "AUTH_NAME", "LV_ID", "TRACE_ID") values('businessef32403dbf9dc989d0651244','1234ba3204344d37929abd4ad9a1dgth','businessadmin',NULL,'0',NULL,NULL,NULL,NULL,'业务类型','businessadmin',NULL);
insert into SYS_AUTH_ROLE_V ("ID", "AUTH_ID", "ROLE_ID", "SIGN", "IS_REVOKE", "CREATE_USER", "CREATE_TIME", "UPDATE_TIME", "REMARK", "AUTH_NAME", "LV_ID", "TRACE_ID") values('businessef32403dbf9dc989d0651245','2234ba3204344d37929abd4ad9a1dgth','businessadmin',NULL,'0',NULL,NULL,NULL,NULL,'报表设计','businessadmin',NULL);
insert into SYS_AUTH_ROLE_V ("ID", "AUTH_ID", "ROLE_ID", "SIGN", "IS_REVOKE", "CREATE_USER", "CREATE_TIME", "UPDATE_TIME", "REMARK", "AUTH_NAME", "LV_ID", "TRACE_ID") values('businessef32403dbf9dc989d0651246','3234ba3204344d37929abd4ad9a1dgth','businessadmin',NULL,'0',NULL,NULL,NULL,NULL,'报表浏览','businessadmin',NULL);
insert into SYS_AUTH_ROLE_V ("ID", "AUTH_ID", "ROLE_ID", "SIGN", "IS_REVOKE", "CREATE_USER", "CREATE_TIME", "UPDATE_TIME", "REMARK", "AUTH_NAME", "LV_ID", "TRACE_ID") values('businessef32403dbf9dc989d0651250','45676279a4a9416a8e20019821e6ghjk','businessadmin',NULL,'0',NULL,NULL,NULL,NULL,'消息通道','businessadmin',NULL);
insert into SYS_AUTH_ROLE_V ("ID", "AUTH_ID", "ROLE_ID", "SIGN", "IS_REVOKE", "CREATE_USER", "CREATE_TIME", "UPDATE_TIME", "REMARK", "AUTH_NAME", "LV_ID", "TRACE_ID") values('businessef32403dbf9dc989d0651251','yut76279a4a9416a8e20019821e6g45t','businessadmin',NULL,'0',NULL,NULL,NULL,NULL,NULL,'businessadmin',NULL);
INSERT INTO SYS_AUTH_ROLE_V ("ID", "AUTH_ID", "ROLE_ID", "SIGN", "IS_REVOKE", "CREATE_USER", "CREATE_TIME", "UPDATE_TIME", "REMARK", "LV_ID", "AUTH_NAME",  "TRACE_ID") VALUES('businessef32403dbf9dc989d0651165','334qb3ec3d6e483b86c4923ea64cfdd0','businessadmin',NULL,'0',NULL,NULL,NULL,NULL,'businessadmin','用户授权',NULL);
INSERT INTO SYS_AUTH_ROLE_V ("ID", "AUTH_ID", "ROLE_ID", "SIGN", "IS_REVOKE", "CREATE_USER", "CREATE_TIME", "UPDATE_TIME", "REMARK", "LV_ID", "AUTH_NAME",  "TRACE_ID") VALUES('businessef32403dbf9dc989d0651166','334qb3ec3d6e483b86c4923ea64cf111','businessadmin',NULL,'0',NULL,NULL,NULL,NULL,'businessadmin','用户授权保存',NULL);
INSERT INTO SYS_AUTH_ROLE_V ("ID", "AUTH_ID", "ROLE_ID", "SIGN", "IS_REVOKE", "CREATE_USER", "CREATE_TIME", "UPDATE_TIME", "REMARK", "LV_ID", "AUTH_NAME",  "TRACE_ID") VALUES('businessef32403dbf9dc989d0651167','334qb3ec3d6e483b86c4923ea64cf113','businessadmin',NULL,'0',NULL,NULL,NULL,NULL,'businessadmin','指定用户权限管控的组织范围',NULL);
INSERT INTO SYS_AUTH_ROLE_V ("ID", "AUTH_ID", "ROLE_ID", "SIGN", "IS_REVOKE", "CREATE_USER", "CREATE_TIME", "UPDATE_TIME", "REMARK", "LV_ID", "AUTH_NAME",  "TRACE_ID") VALUES('businessef32403dbf9dc989d0651168','334qb3ec3d6e483b86c4923ea64cf114','businessadmin',NULL,'0',NULL,NULL,NULL,NULL,'businessadmin','指定用户权限管控的用户组范围',NULL);
INSERT INTO SYS_AUTH_ROLE_V ("ID", "AUTH_ID", "ROLE_ID", "SIGN", "IS_REVOKE", "CREATE_USER", "CREATE_TIME", "UPDATE_TIME", "REMARK", "LV_ID", "AUTH_NAME",  "TRACE_ID") VALUES('businessef32403dbf9dc989d0651171','456wb3ec3d6e483b86c4923ea64cfdd0','businessadmin',NULL,'0',NULL,NULL,NULL,NULL,'businessadmin','角色授权',NULL);
INSERT INTO SYS_AUTH_ROLE_V ("ID", "AUTH_ID", "ROLE_ID", "SIGN", "IS_REVOKE", "CREATE_USER", "CREATE_TIME", "UPDATE_TIME", "REMARK", "LV_ID", "AUTH_NAME",  "TRACE_ID") VALUES('businessef32403dbf9dc989d0651172','456wb3ec3d6e483b86c4923ea64cf111','businessadmin',NULL,'0',NULL,NULL,NULL,NULL,'businessadmin','角色授权保存',NULL);
INSERT INTO SYS_AUTH_ROLE_V ("ID", "AUTH_ID", "ROLE_ID", "SIGN", "IS_REVOKE", "CREATE_USER", "CREATE_TIME", "UPDATE_TIME", "REMARK", "LV_ID", "AUTH_NAME",  "TRACE_ID") VALUES('businessef32403dbf9dc989d0651175','67yub3ec3d6e483b86c4923ea64cfdd0','businessadmin',NULL,'0',NULL,NULL,NULL,NULL,'businessadmin','权限授权',NULL);
INSERT INTO SYS_AUTH_ROLE_V ("ID", "AUTH_ID", "ROLE_ID", "SIGN", "IS_REVOKE", "CREATE_USER", "CREATE_TIME", "UPDATE_TIME", "REMARK", "LV_ID", "AUTH_NAME",  "TRACE_ID") VALUES('businessef32403dbf9dc989d0651176','67yub3ec3d6e483b86c4923ea64cf111','businessadmin',NULL,'0',NULL,NULL,NULL,NULL,'businessadmin','权限授权保存',NULL);
INSERT INTO SYS_AUTH_ROLE_V ("ID", "AUTH_ID", "ROLE_ID", "SIGN", "IS_REVOKE", "CREATE_USER", "CREATE_TIME", "UPDATE_TIME", "REMARK", "LV_ID", "AUTH_NAME",  "TRACE_ID") VALUES('businessef32403dbf9dc989d0651193','04d7893c4a4d4345b18b0789af13753f','businessadmin',NULL,'0',NULL,NULL,NULL,NULL,'businessadmin','审计日志',NULL);
INSERT INTO SYS_AUTH_ROLE_V ("ID", "AUTH_ID", "ROLE_ID", "SIGN", "IS_REVOKE", "CREATE_USER", "CREATE_TIME", "UPDATE_TIME", "REMARK", "LV_ID", "AUTH_NAME",  "TRACE_ID") VALUES('businessef32403dbf9dc989d0651234','tyuub3ec3d6e483b86c4923ea64cfwe5','businessadmin',NULL,'0',NULL,NULL,NULL,NULL,'businessadmin','角色分配',NULL);
INSERT INTO SYS_AUTH_ROLE_V ("ID", "AUTH_ID", "ROLE_ID", "SIGN", "IS_REVOKE", "CREATE_USER", "CREATE_TIME", "UPDATE_TIME", "REMARK", "LV_ID", "AUTH_NAME",  "TRACE_ID") VALUES('businessea4a4e54acdaff4c84bb83qw','19ea2ad7ea4a4e54acdaff4c84bb8370','businessadmin',NULL,'0',NULL,NULL,NULL,NULL,'businessadmin','应用运行日志',NULL);
INSERT INTO SYS_AUTH_ROLE_V ("ID", "AUTH_ID", "ROLE_ID", "SIGN", "IS_REVOKE", "CREATE_USER", "CREATE_TIME", "UPDATE_TIME", "REMARK", "LV_ID", "AUTH_NAME",  "TRACE_ID") VALUES('businessef32403dbf9dc989d0651254','frggb3ec3d6e483b86c4923ea64cvbnu','businessadmin',NULL,'0',NULL,NULL,NULL,NULL,'businessadmin','角色审计',NULL);
INSERT INTO SYS_AUTH_ROLE_V ("ID", "AUTH_ID", "ROLE_ID", "SIGN", "IS_REVOKE", "CREATE_USER", "CREATE_TIME", "UPDATE_TIME", "REMARK", "LV_ID", "AUTH_NAME",  "TRACE_ID") VALUES('businessef32403dbf9dc989d0651255','hjuub3ec3d6e483b86c4923ea64cnmui','businessadmin',NULL,'0',NULL,NULL,NULL,NULL,'businessadmin','授权审计',NULL);

/**
 *  租户字典类型
 * @author zuogang
 * @date 2021/11/29 17:12
 */
insert into "SYS_DICT" ("ID", "TYPE", "NAME", "DICT_EXPLAIN", "APP_ID", "DATA_VERSION", "GROUP_ID", "SCOPE", "TRACE_ID") values('6a973d4ce4c24cb2bed6d22fea7d82b0','USER_SECRET_TYPE','用户密级类别','','',0,'',1,NULL);

insert into "SYS_DICT_VALUE" ("ID", "TYPE_ID", "DICT_NAME", "SORT_INDEX", "APP_ID", "TYPE", "DATA_VERSION", "DICT_VALUE", "PARENT_ID", "SORT_PATH", "REMARK", "GROUP_ID", "SCOPE", "TRACE_ID") values('85c6ca40b4224458891895d68a04a16d','6a973d4ce4c24cb2bed6d22fea7d82b0','密级值列','10','','USER_SECRET_TYPE',0,'1','0','000010','值为1：5非密4内部3一般2重要1核心；值为2：5非密4内部3秘密2机密1绝密','',1,NULL);

-- 附件配置
alter table "FILE_INFO" add column("OLD_FORM_ID" VARCHAR2(50));
comment on column "FILE_INFO"."OLD_FORM_ID" is '旧表单Id';


/**
 * 业务单元改为业务机构
 * @param null
 * @return
 * @author zuogang
 * @date 2021/12/9 10:49
 */
UPDATE SYS_MENU SET NAME='业务机构' WHERE NAME='业务单元';

