/*
SQLyog Ultimate v12.08 (64 bit)
MySQL - 5.7.21-enterprise-commercial-advanced-log : Database - jariaceplat
*********************************************************************
*/

-- USE `jariaceplat`;
SET FOREIGN_KEY_CHECKS=0;

/*Table structure for table `bd_app_auth` */

CREATE TABLE `bd_app_auth` (
  `ID` VARCHAR(50) NOT NULL COMMENT '权限标识',
  `APP_LIB_ID` VARCHAR(50) DEFAULT NULL COMMENT '应用库标识',
  `NAME` VARCHAR(200) DEFAULT NULL COMMENT '权限名称',
  `REMARK` VARCHAR(50) DEFAULT NULL COMMENT '备注',
  `SORT_INDEX` INT(10) DEFAULT '9999' COMMENT '当前路径下排序',
  `IS_LEAF` INT(1) DEFAULT '0' COMMENT '叶子节点0不是1是',
  `PARENT_ID` VARCHAR(50) DEFAULT NULL COMMENT '父节点id',
  `SORT_PATH` VARCHAR(4000) DEFAULT NULL COMMENT '全局排序',
  `DATA_VERSION` INT(10) DEFAULT '0' COMMENT '数据版本',
  PRIMARY KEY (`ID`),
  UNIQUE KEY `UK_BD_APP_AUTH_SORT_INDEX` (`SORT_INDEX`,`PARENT_ID`),
  KEY `FK_BD_APP_AUTH_APP_LIB_ID` (`APP_LIB_ID`),
  CONSTRAINT `FK_BD_APP_AUTH_APP_LIB_ID` FOREIGN KEY (`APP_LIB_ID`) REFERENCES `bd_app_lib` (`ID`) ON DELETE CASCADE ON UPDATE CASCADE
) COMMENT='基础应用权限';

/*Data for the table `bd_app_auth` */

/*Table structure for table `bd_app_lib` */

CREATE TABLE `bd_app_lib` (
  `ID` VARCHAR(50) NOT NULL COMMENT '应用标识',
  `NAME` VARCHAR(50) DEFAULT NULL COMMENT '应用名称',
  `VERSION` VARCHAR(50) DEFAULT NULL COMMENT '版本号',
  `SORT_INDEX` INT(10) DEFAULT '9999' COMMENT '排序号',
  `ICON` VARCHAR(200) DEFAULT NULL COMMENT '应用图标',
  `DATA_VERSION` INT(10) DEFAULT '0' COMMENT '数据版本',
  `HAS_UI` INT(1) DEFAULT '0' COMMENT '前后端分离 0不是1是',
  `UI_NAME` VARCHAR(50) DEFAULT NULL COMMENT '前端服务名称',
  PRIMARY KEY (`ID`)
) COMMENT='基础应用产品库';

/*Data for the table `bd_app_lib` */

/*Table structure for table `bd_job` */

CREATE TABLE `bd_job` (
  `ID` VARCHAR(50) NOT NULL COMMENT '主键',
  `NAME` VARCHAR(50) DEFAULT NULL COMMENT '职务名称',
  `SORT_INDEX` INT(10) DEFAULT NULL COMMENT '排序号',
  `DATA_VERSION` VARCHAR(50) DEFAULT '0' COMMENT '数据版本',
  `GROUP_ID` VARCHAR(50) DEFAULT NULL COMMENT '集团ID',
  PRIMARY KEY (`ID`),
  KEY `FK_BD_JOB_GROUP_ID` (`GROUP_ID`),
  CONSTRAINT `FK_BD_JOB_GROUP_ID` FOREIGN KEY (`GROUP_ID`) REFERENCES `org_group` (`ID`) ON DELETE CASCADE
) COMMENT='职务表';

/*Data for the table `bd_job` */

/*Table structure for table `bd_person_doc` */

CREATE TABLE `bd_person_doc` (
  `ID` VARCHAR(50) NOT NULL COMMENT '主键',
  `IS_DELETE` INT(1) DEFAULT '0' COMMENT '逻辑删除 0 否 1是',
  `GROUP_ID` VARCHAR(50) NOT NULL COMMENT '所属集团主键',
  `ORGANIZATION_ID` VARCHAR(50) NOT NULL COMMENT '所属组织主键',
  `NAME` VARCHAR(30) NOT NULL COMMENT '姓名',
  `USED_NAME` VARCHAR(200) DEFAULT NULL COMMENT '曾用名',
  `HOME_ADDRESS` VARCHAR(50) DEFAULT NULL COMMENT '家庭地址',
  `BIRTH_DATE` DATE DEFAULT NULL COMMENT '出生日期',
  `CODE` VARCHAR(50) COMMENT '编码',
  `ID_NUMBER` VARCHAR(50) DEFAULT NULL COMMENT '证件号码',
  `PERSON_ID_TYPE_ID` VARCHAR(50) DEFAULT NULL COMMENT '证件类型主键',
  `JOIN_WORK_DATE` DATE DEFAULT NULL COMMENT '参加工作日期',
  `CELL_PHONE` VARCHAR(50) DEFAULT NULL COMMENT '手机号码',
  `NICK_NAME` VARCHAR(50) DEFAULT NULL COMMENT '昵称',
  `OFFICE_PHONE` VARCHAR(50) DEFAULT NULL COMMENT '工作电话',
  `HOME_PHONE` VARCHAR(50) DEFAULT NULL COMMENT '家庭电话',
  `GENDER` INT(10) DEFAULT '0' COMMENT '性别',
  `PIN_YIN` VARCHAR(50) DEFAULT NULL COMMENT '姓名拼音',
  `CREATE_USER` VARCHAR(50) DEFAULT NULL COMMENT '创建人id',
  `CREATE_TIME` DATETIME(6) DEFAULT NULL COMMENT '创建时间',
  `UPDATE_TIME` DATETIME(6) DEFAULT NULL COMMENT '更新时间',
  `REMARK` VARCHAR(200) DEFAULT NULL COMMENT '备注',
  `DATA_VERSION` INT(10) DEFAULT '0' COMMENT '数据版本',
  PRIMARY KEY (`ID`),
  KEY `FK_BD_PERSON_DOC_GROUP_ID` (`GROUP_ID`),
  KEY `FK_BD_PERSON_DOC_ORG_ID` (`ORGANIZATION_ID`),
  CONSTRAINT `FK_BD_PERSON_DOC_GROUP_ID` FOREIGN KEY (`GROUP_ID`) REFERENCES `org_group` (`ID`) ON DELETE CASCADE,
  CONSTRAINT `FK_BD_PERSON_DOC_ORG_ID` FOREIGN KEY (`ORGANIZATION_ID`) REFERENCES `org_organization` (`ID`) ON DELETE CASCADE
) COMMENT='基础数据-人员档案';

/*Data for the table `bd_person_doc` */

/*Table structure for table `bd_person_id_type` */

CREATE TABLE `bd_person_id_type` (
  `ID` VARCHAR(50) NOT NULL COMMENT '主键',
  `CODE` VARCHAR(50) NOT NULL COMMENT '编码',
  `NAME` VARCHAR(100) NOT NULL COMMENT '名称',
  `GROUP_ID` VARCHAR(50) NOT NULL COMMENT '所属集团主键',
  `REGEX` VARCHAR(200) DEFAULT NULL COMMENT '校验规则',
  `COUNTRY` VARCHAR(50) DEFAULT NULL COMMENT '国家',
  `DESCRIPTION` VARCHAR(200) DEFAULT NULL COMMENT '描述',
  `NUMBER_LENGTH` INT(10) DEFAULT NULL COMMENT '证件号长度',
  `CREATE_USER` VARCHAR(50) DEFAULT NULL COMMENT '创建人id',
  `CREATE_TIME` DATETIME(6) DEFAULT NULL COMMENT '创建时间',
  `UPDATE_TIME` DATETIME(6) DEFAULT NULL COMMENT '更新时间',
  `ENABLE_STATE` INT(10) DEFAULT NULL COMMENT '启用状态',
  `REMARK` VARCHAR(200) DEFAULT NULL COMMENT '备注',
  `DATA_VERSION` INT(10) DEFAULT '0' COMMENT '数据版本',
  PRIMARY KEY (`ID`),
  KEY `FK_BD_PERSON_ID_TYPE_GROUP_ID` (`GROUP_ID`),
  CONSTRAINT `FK_BD_PERSON_ID_TYPE_GROUP_ID` FOREIGN KEY (`GROUP_ID`) REFERENCES `org_group` (`ID`) ON DELETE CASCADE
) COMMENT='基础数据-人员证件类型';

/*Data for the table `bd_person_id_type` */

/*Table structure for table `bd_person_job` */

CREATE TABLE `bd_person_job` (
  `ID` VARCHAR(50) NOT NULL COMMENT '主键',
  `GROUP_ID` VARCHAR(50) NOT NULL COMMENT '任职集团主键',
  `ORGANIZATION_ID` VARCHAR(50) NOT NULL COMMENT '任职组织主键',
  `PERSON_CODE` VARCHAR(50) NOT NULL COMMENT '员工编号',
  `SORT_INDEX` INT(10) DEFAULT NULL COMMENT '排序号',
  `POST_ID` VARCHAR(50) DEFAULT NULL COMMENT '岗位主键',
  `JOB_ID` VARCHAR(50) DEFAULT NULL COMMENT '职务主键',
  `DEPARTMENT_ID` VARCHAR(50) NOT NULL COMMENT '所在部门主键',
  `JOB_NAME` VARCHAR(50) DEFAULT NULL COMMENT '职务称谓',
  `IS_MAIN_JOB` INT(1) DEFAULT NULL COMMENT '是否主职',
  `IN_DUTY_DATE` DATE DEFAULT NULL COMMENT '任职开始日期',
  `END_DUTY_DATE` DATE DEFAULT NULL COMMENT '任职结束日期',
  `PERSON_DOC_ID` VARCHAR(50) NOT NULL COMMENT '人员档案主键',
  `CREATE_USER` VARCHAR(50) DEFAULT NULL COMMENT '创建人id',
  `CREATE_TIME` DATE DEFAULT NULL COMMENT '创建时间',
  `UPDATE_TIME` DATE DEFAULT NULL COMMENT '更新时间',
  `REMARK` VARCHAR(2000) DEFAULT NULL COMMENT '备注',
  `DATA_VERSION` INT(10) DEFAULT '0' COMMENT '数据版本',
  PRIMARY KEY (`ID`),
  KEY `FK_BD_PERSON_JOB_GROUP_ID` (`GROUP_ID`),
  KEY `FK_BD_PERSON_JOB_DEPT_ID` (`DEPARTMENT_ID`),
  KEY `FK_BD_PERSON_JOB_PSN_DOC_ID` (`PERSON_DOC_ID`),
  KEY `FK_BD_PERSON_JOB_ORG_ID` (`ORGANIZATION_ID`),
  CONSTRAINT `FK_BD_PERSON_JOB_DEPT_ID` FOREIGN KEY (`DEPARTMENT_ID`) REFERENCES `org_department` (`ID`) ON DELETE CASCADE,
  CONSTRAINT `FK_BD_PERSON_JOB_GROUP_ID` FOREIGN KEY (`GROUP_ID`) REFERENCES `org_group` (`ID`) ON DELETE CASCADE,
  CONSTRAINT `FK_BD_PERSON_JOB_ORG_ID` FOREIGN KEY (`ORGANIZATION_ID`) REFERENCES `org_organization` (`ID`) ON DELETE CASCADE,
  CONSTRAINT `FK_BD_PERSON_JOB_PSN_DOC_ID` FOREIGN KEY (`PERSON_DOC_ID`) REFERENCES `bd_person_doc` (`ID`) ON DELETE CASCADE
) COMMENT='基础数据-人员工作信息';

/*Data for the table `bd_person_job` */

/*Table structure for table `bd_post` */

CREATE TABLE `bd_post` (
  `ID` VARCHAR(50) NOT NULL COMMENT '主键',
  `NAME` VARCHAR(50) DEFAULT NULL COMMENT '岗位名称',
  `DEPARTMENT_ID` VARCHAR(50) DEFAULT NULL COMMENT '所属部门主键',
  `GROUP_ID` VARCHAR(50) DEFAULT NULL COMMENT '所属集团主键',
  `ORGANIZATION_ID` VARCHAR(50) DEFAULT NULL COMMENT '所属业务单元主键',
  `DATA_VERSION` VARCHAR(50) DEFAULT '0' COMMENT '数据版本',
  `SORT_INDEX` INT(10) DEFAULT '0' COMMENT '排序号',
  PRIMARY KEY (`ID`),
  KEY `FK_BD_POST_GROUP_ID` (`GROUP_ID`),
  KEY `FK_BD_POST_ORG_ID` (`ORGANIZATION_ID`),
  KEY `FK_BD_POST_DEP_ID` (`DEPARTMENT_ID`),
  CONSTRAINT `FK_BD_POST_DEP_ID` FOREIGN KEY (`DEPARTMENT_ID`) REFERENCES `org_department` (`ID`) ON DELETE CASCADE,
  CONSTRAINT `FK_BD_POST_GROUP_ID` FOREIGN KEY (`GROUP_ID`) REFERENCES `org_group` (`ID`) ON DELETE CASCADE,
  CONSTRAINT `FK_BD_POST_ORG_ID` FOREIGN KEY (`ORGANIZATION_ID`) REFERENCES `org_organization` (`ID`) ON DELETE CASCADE
) COMMENT='部门岗位表';

/*Data for the table `bd_post` */

/*Table structure for table `file_chunk_info` */

CREATE TABLE `file_chunk_info` (
  `ID` VARCHAR(50) NOT NULL COMMENT '切片id',
  `FILE_INFO_ID` VARCHAR(50) DEFAULT NULL COMMENT '所属文件id',
  `CHUNK_PATH` VARCHAR(2000) DEFAULT NULL COMMENT '切片路径',
  `CHUNK_SIZE` BIGINT(19) DEFAULT NULL COMMENT '切片大小',
  `IS_ENCRYPTED` INT(1) DEFAULT NULL COMMENT '是否加密',
  `ENCRYPTED_SIZE` BIGINT(19) DEFAULT NULL COMMENT '加密后大小',
  `CHUNK_INDEX` INT(10) DEFAULT NULL COMMENT '切片序号',
  PRIMARY KEY (`ID`),
  UNIQUE KEY `UK_FILE_CHUNK_INFO_INDEX` (`FILE_INFO_ID`,`CHUNK_INDEX`)
) COMMENT='附件管理-切片信息';

/*Data for the table `file_chunk_info` */

/*Table structure for table `file_configuration` */

CREATE TABLE `file_configuration` (
  `ID` VARCHAR(50) NOT NULL COMMENT '主键',
  `CONFIGURATION_TYPE` INT(10) DEFAULT NULL COMMENT '配置类型（0-租户级1-集团级2-应用级3-表单级）',
  `GROUP_ID` VARCHAR(50) DEFAULT NULL COMMENT '集团id',
  `APP_ID` VARCHAR(50) DEFAULT NULL COMMENT '集团应用id',
  `CONFIGURATION_KEY` VARCHAR(50) NOT NULL COMMENT '配置标识',
  `GROUP_DATASOURCE_ID` VARCHAR(50) DEFAULT NULL COMMENT '关联数据源id',
  `TABLE_NAME` VARCHAR(50) DEFAULT NULL COMMENT '关联表名',
  `ACCEPT` VARCHAR(200) DEFAULT NULL COMMENT '允许上传的文件类型',
  `FILE_NUM_LIMIT` INT(10) DEFAULT NULL COMMENT '允许上传文件的最大数量',
  `FILE_SINGLE_SIZE_LIMIT` BIGINT(19) DEFAULT NULL COMMENT '允许上传的最大单个文件大小',
  `FILE_SIZE_LIMIT` BIGINT(19) DEFAULT NULL COMMENT '允许上传文件的总大小',
  `IS_ENABLE_ENCRYPT` INT(1) DEFAULT NULL COMMENT '是否启用文件加密保存0不1是',
  `IS_ENABLE_SECRET_LEVEL` INT(1) DEFAULT NULL COMMENT '是否允许设置文件密级',
  `IS_ALLOW_UPLOAD` INT(1) DEFAULT NULL COMMENT '是否允许上传',
  `IS_ALLOW_DELETE` INT(1) DEFAULT NULL COMMENT '是否允许删除',
  `IS_ALLOW_DOWNLOAD` INT(1) DEFAULT NULL COMMENT '是否允许下载',
  `UPLOAD_OPERATION_KEY` VARCHAR(50) DEFAULT NULL COMMENT '上传操作标识',
  `DELETE_OPERATION_KEY` VARCHAR(50) DEFAULT NULL COMMENT '删除操作标识',
  `DOWNLOAD_OPERATION_KEY` VARCHAR(50) DEFAULT NULL COMMENT '下载操作标识',
  `IS_ENABLE_DOWNLOAD_TOKEN` INT(1) DEFAULT NULL COMMENT '是否通过临时Token下载',
  `IS_ENABLE_USER_SEPARATE` INT(1) DEFAULT NULL COMMENT '是否禁止删除他人上传文件',
  `FILE_REPOSITORY_ID` VARCHAR(50) DEFAULT NULL COMMENT '指定文件存储库id',
  `SUB_DIR_FORMAT` VARCHAR(50) DEFAULT NULL COMMENT '存储路径生成规则',
  `IS_ENABLE_IMAGE_COMPRESS` INT(10) DEFAULT NULL COMMENT '是否启用图片压缩上传',
  `COMPRESSED_IMAGE_WIDTH` INT(10) DEFAULT NULL COMMENT '图片压缩宽度',
  `COMPRESSED_IMAGE_HEIGHT` INT(10) DEFAULT NULL COMMENT '图片压缩高度',
  `COMPRESS_IMAGE_SIZE` BIGINT(19) DEFAULT NULL COMMENT '启用图片压缩的图片大小',
  `IS_ENABLE_PREVIEW` INT(1) DEFAULT NULL COMMENT '是否启用文件预览',
  `IS_ENABLE_REVIEW` INT(1) DEFAULT NULL COMMENT '是否启用附件审查',
  `SIGN` VARCHAR(50) DEFAULT NULL COMMENT '数据签名',
  `CREATE_USER` VARCHAR(50) DEFAULT NULL COMMENT '创建用户id',
  `CREATE_TIME` DATETIME(6) DEFAULT NULL COMMENT '创建时间',
  `UPDATE_TIME` DATETIME(6) DEFAULT NULL COMMENT '更新时间',
  `REMARK` VARCHAR(200) DEFAULT NULL COMMENT '备注',
  `DATA_VERSION` INT(10) DEFAULT '0' COMMENT '数据版本',
  `ALLOW_UPLOAD_API` VARCHAR(50) DEFAULT NULL COMMENT '允许上传验证API',
  `ALLOW_DOWNLOAD_API` VARCHAR(50) DEFAULT NULL COMMENT '允许下载验证API',
  `ALLOW_DELETE_API` VARCHAR(50) DEFAULT NULL COMMENT '允许删除验证API',
  `IS_ENABLE_EVT_FILE_DELETING` INT(1) DEFAULT NULL COMMENT '是否启用事件文件删除前',
  `IS_ENABLE_EVT_FILE_DOWNLOADING` INT(1) DEFAULT NULL COMMENT '是否启用事件文件下载前',
  `IS_ENABLE_EVT_FILE_UPLOADING` INT(1) DEFAULT NULL COMMENT '是否启用事件文件上传前',
  `IS_ENABLE_EVT_FILE_UPLOADED` INT(1) DEFAULT NULL COMMENT '是否启用事件文件上传后（不影响文件上传到服务器）',
  `IS_ENABLE_EVT_FILE_DOWNLOADED` INT(1) DEFAULT NULL COMMENT '是否启用文件下载后事件',
  `DOWNLOAD_AUTH_CODE` VARCHAR(50) DEFAULT NULL COMMENT '下载权限标识',
  `UPLOAD_AUTH_CODE` VARCHAR(50) DEFAULT NULL COMMENT '上传权限标识',
  `DELETE_AUTH_CODE` VARCHAR(50) DEFAULT NULL COMMENT '删除权限标识',
  PRIMARY KEY (`ID`),
  UNIQUE KEY `UK_FILE_CONFIGURATION_APP_KEY` (`APP_ID`,`CONFIGURATION_KEY`)
) COMMENT='附件管理-附件配置';

/*Data for the table `file_configuration` */

/*Table structure for table `file_info` */

CREATE TABLE `file_info` (
  `ID` VARCHAR(50) NOT NULL COMMENT '主键',
  `FILE_NAME` VARCHAR(200) DEFAULT NULL COMMENT '文件名',
  `FORM_ID` VARCHAR(50) DEFAULT NULL COMMENT '关联表记录',
  `UPLOADER_ID` VARCHAR(50) DEFAULT NULL COMMENT '上传人id',
  `UPLOAD_TIME` DATETIME(6) DEFAULT NULL COMMENT '上传时间',
  `SECRET_LEVEL` INT(10) DEFAULT NULL COMMENT '文件密级',
  `MD5` VARCHAR(50) DEFAULT NULL COMMENT '文件md5',
  `CHUNKS` BIGINT(19) DEFAULT NULL COMMENT '文件切片数量',
  `SHARED_FILE_INFO_ID` VARCHAR(50) DEFAULT NULL COMMENT '共享文件id',
  `IMAGE_ROTATION_ANGLE` INT(10) DEFAULT NULL COMMENT '图片旋转角度',
  `IS_NEED_REVIEW` INT(1) DEFAULT NULL COMMENT '是否需要审查',
  `DATA_VERSION` INT(10) DEFAULT NULL COMMENT '数据版本',
  `FILE_SIZE` BIGINT(19) DEFAULT NULL COMMENT '文件大小',
  `CONTENT_TYPE` VARCHAR(200) DEFAULT NULL COMMENT '文件内容类型MIME',
  `ENCRYPTED_SIZE` BIGINT(19) DEFAULT NULL COMMENT '文件加密后大小',
  `FILE_CONFIGURATION_ID` VARCHAR(50) DEFAULT NULL COMMENT '附件配置id',
  `SHARED_FILE_CONFIG_ID` VARCHAR(50) DEFAULT NULL COMMENT '共享文件配置id',
  `FILE_REPOSITORY_ID` VARCHAR(50) DEFAULT NULL COMMENT '文件存储库id',
  PRIMARY KEY (`ID`)
) COMMENT='附件管理-文件信息';

/*Data for the table `file_info` */

/*Table structure for table `file_repository` */

CREATE TABLE `file_repository` (
  `ID` VARCHAR(50) NOT NULL COMMENT '主键',
  `REPOSITORY_KEY` VARCHAR(50) NOT NULL COMMENT '存储库标识',
  `REPOSITORY_TYPE` INT(10) DEFAULT NULL COMMENT '存储库类型（0-文件，1-OSS，2-FTP）',
  `MAX_SIZE` BIGINT(19) DEFAULT NULL COMMENT '存储库最大容量',
  `USED_SIZE` BIGINT(19) DEFAULT NULL COMMENT '已占用空间',
  `WARNING_SIZE` BIGINT(19) DEFAULT NULL COMMENT '存储空间不足预警阀值',
  `STORAGE_BASE_DIRECTORY` VARCHAR(100) DEFAULT NULL COMMENT '存储根路径',
  `OSS_PROVIDER` VARCHAR(50) DEFAULT NULL COMMENT 'OSS提供程序',
  `FTP_SERVER_ADDRESS` VARCHAR(50) DEFAULT NULL COMMENT 'FTP服务器',
  `FTP_USER_NAME` VARCHAR(50) DEFAULT NULL COMMENT 'FTP登录用户名',
  `FTP_PASSWORD` VARCHAR(50) DEFAULT NULL COMMENT 'FTP登录密码',
  `CREATE_USER` VARCHAR(50) DEFAULT NULL COMMENT '创建人id',
  `CREATE_TIME` DATETIME(6) DEFAULT NULL COMMENT '创建时间',
  `UPDATE_TIME` DATETIME(6) DEFAULT NULL COMMENT '更新时间',
  `DATA_VERSION` INT(10) DEFAULT NULL COMMENT '数据版本',
  `REMARK` VARCHAR(200) DEFAULT NULL COMMENT '备注',
  PRIMARY KEY (`ID`)
) COMMENT='附件管理-文件存储库';

/*Data for the table `file_repository` */

/*Table structure for table `meta_association` */

CREATE TABLE `meta_association` (
  `ID` VARCHAR(50) NOT NULL COMMENT '主键',
  `NAME` VARCHAR(50) DEFAULT NULL COMMENT '关联名',
  `TABLE_ID` VARCHAR(50) DEFAULT NULL COMMENT '表Id',
  `REF_INDEX_ID` VARCHAR(50) DEFAULT NULL COMMENT '引用索引ID',
  `DELETE_ACTION` VARCHAR(50) DEFAULT NULL COMMENT '引用值删除时',
  `COLUMNS` VARCHAR(4000) DEFAULT NULL COMMENT '外键列',
  `REF_TABLE_ID` VARCHAR(50) DEFAULT NULL COMMENT '引用表id',
  PRIMARY KEY (`ID`),
  KEY `FK_META_ASS_REF_INDEX_ID` (`REF_INDEX_ID`),
  KEY `FK_META_ASS_REF_TABLE_ID` (`REF_TABLE_ID`),
  KEY `FK_META_ASSOCIATION_TABLE_ID` (`TABLE_ID`),
  CONSTRAINT `FK_META_ASSOCIATION_TABLE_ID` FOREIGN KEY (`TABLE_ID`) REFERENCES `meta_table` (`ID`) ON DELETE CASCADE,
  CONSTRAINT `FK_META_ASS_REF_INDEX_ID` FOREIGN KEY (`REF_INDEX_ID`) REFERENCES `meta_index` (`ID`) ON DELETE CASCADE,
  CONSTRAINT `FK_META_ASS_REF_TABLE_ID` FOREIGN KEY (`REF_TABLE_ID`) REFERENCES `meta_table` (`ID`) ON DELETE CASCADE
) COMMENT='数据关联定义';

/*Data for the table `meta_association` */

/*Table structure for table `meta_column` */

CREATE TABLE `meta_column` (
  `ID` VARCHAR(50) NOT NULL COMMENT '主键',
  `TBL_ID` VARCHAR(50) DEFAULT NULL COMMENT '数据表',
  `NAME` VARCHAR(50) DEFAULT NULL COMMENT '列名',
  `CAPTION` VARCHAR(500) DEFAULT NULL COMMENT '列标题',
  `DATA_TYPE` VARCHAR(50) DEFAULT NULL COMMENT '数据类型',
  `DATA_SIZE` INT(10) DEFAULT NULL COMMENT '最大长度',
  `DATA_SCALE` INT(10) DEFAULT NULL COMMENT '精度',
  `NULLABLE` INT(1) DEFAULT NULL COMMENT '能否为空',
  `DEFAULT_VALUE` VARCHAR(100) DEFAULT NULL COMMENT '缺省值',
  `REMARK` VARCHAR(500) DEFAULT NULL COMMENT '备注',
  `IS_SYSCOL` INT(1) DEFAULT '0' COMMENT '是否系统字段',
  `SORT_INDEX` INT(10) DEFAULT NULL COMMENT '序号',
  `DICT_ID` VARCHAR(50) DEFAULT NULL COMMENT '枚举字典',
  `REF_ID` VARCHAR(50) DEFAULT NULL COMMENT '引用字典',
  `EMPTY_TEXT` VARCHAR(2000) DEFAULT NULL COMMENT '空值注释',
  `MIN_NUMBER_VALUE` DECIMAL(18,10) DEFAULT NULL COMMENT '最小值',
  `MAX_NUMBER_VALUE` DECIMAL(18,10) DEFAULT NULL COMMENT '最大值',
  `MIN_DATE_VALUE` DATE DEFAULT NULL COMMENT '最小值',
  `MAX_DATE_VALUE` DATE DEFAULT NULL COMMENT '最大值',
  `STRING_REGEX` VARCHAR(2000) DEFAULT NULL COMMENT '正则表达式',
  `STRING_REGEX_IGNORE_CASE` INT(1) DEFAULT NULL COMMENT '忽略大小写',
  `STRING_REGEX_FAIL_MSG` VARCHAR(2000) DEFAULT NULL COMMENT '验证失败提示',
  `ENABLE_MULTI_SELECTION` INT(1) DEFAULT NULL COMMENT '允许多选',
  `FORCE_SELECTION` INT(1) DEFAULT '1' COMMENT '强制选择',
  `ALLOW_EDIT` INT(1) DEFAULT NULL COMMENT '允许编辑',
  `MIN_LENGTH` INT(28) DEFAULT NULL COMMENT '最短长度',
  `COMPARE_FIELD` VARCHAR(2000) DEFAULT NULL COMMENT '比较字段',
  `COMPARE_OPERATOR` VARCHAR(50) DEFAULT NULL COMMENT '比较操作',
  `COMPARE_FAIL_MSG` VARCHAR(2000) DEFAULT NULL COMMENT '验证失败消息',
  `STRING_FORMAT` VARCHAR(50) DEFAULT NULL COMMENT '预设格式',
  `MULTI_SEL_SEPERATOR` VARCHAR(100) DEFAULT ',' COMMENT '多选值分隔符',
  `REF_TBL_ID` VARCHAR(50) DEFAULT NULL COMMENT '引用表',
  `SHOW_TIME` INT(1) DEFAULT NULL COMMENT '显示时间',
  `DATE_TIME_FORMAT` VARCHAR(100) DEFAULT 'yyyy-MM-dd' COMMENT '日期格式',
  PRIMARY KEY (`ID`),
  KEY `FK_META_COLUMN_TBL_ID` (`TBL_ID`),
  KEY `FK_META_COLUMN_REF_TBL_ID` (`REF_TBL_ID`),
  CONSTRAINT `FK_META_COLUMN_REF_TBL_ID` FOREIGN KEY (`REF_TBL_ID`) REFERENCES `meta_table` (`ID`) ON DELETE SET NULL,
  CONSTRAINT `FK_META_COLUMN_TBL_ID` FOREIGN KEY (`TBL_ID`) REFERENCES `meta_table` (`ID`) ON DELETE CASCADE
) COMMENT='数据列';

/*Data for the table `meta_column` */

/*Table structure for table `meta_index` */

CREATE TABLE `meta_index` (
  `ID` VARCHAR(50) NOT NULL COMMENT '主键',
  `TBL_ID` VARCHAR(50) DEFAULT NULL COMMENT '数据表',
  `NAME` VARCHAR(50) DEFAULT NULL COMMENT '名称',
  `COLS` VARCHAR(500) DEFAULT NULL COMMENT '包含列',
  `IS_UNIQUE` INT(1) DEFAULT NULL COMMENT '是否唯一',
  `ALERT_MSG` VARCHAR(500) DEFAULT NULL COMMENT '违例消息',
  PRIMARY KEY (`ID`),
  KEY `FK_META_INDEX_TBL_ID` (`TBL_ID`),
  CONSTRAINT `FK_META_INDEX_TBL_ID` FOREIGN KEY (`TBL_ID`) REFERENCES `meta_table` (`ID`) ON DELETE CASCADE
) COMMENT='索引信息';

/*Data for the table `meta_index` */

/*Table structure for table `meta_table` */

CREATE TABLE `meta_table` (
  `ID` VARCHAR(50) NOT NULL COMMENT '主键',
  `NAME` VARCHAR(50) DEFAULT NULL COMMENT '表名',
  `CAPTION` VARCHAR(500) DEFAULT NULL COMMENT '标题',
  `REMARK` VARCHAR(500) DEFAULT NULL COMMENT '备注',
  `APP_ID` VARCHAR(50) DEFAULT NULL COMMENT '应用程序',
  PRIMARY KEY (`ID`),
  KEY `FK_META_TABLE_APP_ID` (`APP_ID`),
  CONSTRAINT `FK_META_TABLE_APP_ID` FOREIGN KEY (`APP_ID`) REFERENCES `sys_group_app` (`ID`) ON DELETE CASCADE
) COMMENT='数据表';

/*Data for the table `meta_table` */

/*Table structure for table `meta_view` */

CREATE TABLE `meta_view` (
  `ID` VARCHAR(50) NOT NULL COMMENT '主键',
  `NAME` VARCHAR(50) DEFAULT NULL COMMENT '视图名称',
  `CAPTION` VARCHAR(50) DEFAULT NULL COMMENT '标题',
  `REMARK` VARCHAR(500) DEFAULT NULL COMMENT '备注',
  `APP_ID` VARCHAR(50) DEFAULT NULL COMMENT '应用程序',
  `SQLSTR` LONGTEXT COMMENT '视图SQL',
  PRIMARY KEY (`ID`),
  KEY `FK_META_VIEW_APP_ID` (`APP_ID`),
  CONSTRAINT `FK_META_VIEW_APP_ID` FOREIGN KEY (`APP_ID`) REFERENCES `sys_group_app` (`ID`) ON DELETE CASCADE
) COMMENT='视图';

/*Data for the table `meta_view` */

/*Table structure for table `meta_view_col` */

CREATE TABLE `meta_view_col` (
  `ID` VARCHAR(50) NOT NULL COMMENT '主键',
  `NAME` VARCHAR(50) DEFAULT NULL COMMENT '名称',
  `CAPTION` VARCHAR(2000) DEFAULT NULL COMMENT '标题',
  `VIEW_ID` VARCHAR(50) DEFAULT NULL COMMENT '视图',
  `IS_SYSCOL` INT(1) DEFAULT NULL COMMENT '是否系统列',
  `SORT_INDEX` INT(10) DEFAULT NULL COMMENT '序号',
  `DICT_ID` VARCHAR(50) DEFAULT NULL COMMENT '字典',
  `DATA_TYPE` VARCHAR(50) DEFAULT NULL COMMENT '数据类型',
  PRIMARY KEY (`ID`),
  KEY `FK_META_VIEW_COL_VIEW_ID` (`VIEW_ID`),
  CONSTRAINT `FK_META_VIEW_COL_VIEW_ID` FOREIGN KEY (`VIEW_ID`) REFERENCES `meta_view` (`ID`) ON DELETE CASCADE
) COMMENT='视图列';

/*Data for the table `meta_view_col` */

/*Table structure for table `org_admin_org` */

CREATE TABLE `org_admin_org` (
  `ID` VARCHAR(50) NOT NULL COMMENT '主键',
  `PARENT_ID` VARCHAR(50) DEFAULT NULL COMMENT '上级行政组织主键',
  `ORGANIZATION_ID` VARCHAR(50) NOT NULL COMMENT '所属组织主键',
  `VERSION_ID` VARCHAR(50) DEFAULT NULL COMMENT '版本主键',
  `NAME` VARCHAR(200) NOT NULL COMMENT '名称',
  `SHORT_NAME` VARCHAR(50) DEFAULT NULL COMMENT '简称',
  `CREATE_USER` VARCHAR(50) DEFAULT NULL COMMENT '创建人id',
  `CREATE_TIME` DATETIME(6) DEFAULT NULL COMMENT '创建时间',
  `UPDATE_TIME` VARCHAR(50) DEFAULT NULL COMMENT '更新时间',
  `GROUP_ID` VARCHAR(50) NOT NULL COMMENT '所属集团主键',
  `CODE` VARCHAR(50) DEFAULT NULL COMMENT '编码',
  `DATA_VERSION` INT(10) DEFAULT '0' COMMENT '数据版本',
  PRIMARY KEY (`ID`),
  UNIQUE KEY `UK_ORG_ADMIN_ORG_CODE` (`CODE`),
  KEY `FK_ORG_ADMIN_ORG_ORG_ID` (`ORGANIZATION_ID`),
  KEY `FK_ORG_ADMIN_ORG_GROUP_ID` (`GROUP_ID`),
  CONSTRAINT `FK_ORG_ADMIN_ORG_GROUP_ID` FOREIGN KEY (`GROUP_ID`) REFERENCES `org_group` (`ID`) ON DELETE CASCADE,
  CONSTRAINT `FK_ORG_ADMIN_ORG_ORG_ID` FOREIGN KEY (`ORGANIZATION_ID`) REFERENCES `org_organization` (`ID`) ON DELETE CASCADE
) COMMENT='组织-行政组织';

/*Data for the table `org_admin_org` */

/*Table structure for table `org_admin_org_v` */

CREATE TABLE `org_admin_org_v` (
  `ID` VARCHAR(50) NOT NULL COMMENT '主键',
  `PARENT_ID` VARCHAR(50) DEFAULT NULL COMMENT '上级行政组织主键',
  `ORGANIZATION_ID` VARCHAR(50) NOT NULL COMMENT '所属组织主键',
  `ADMIN_ORG_ID` VARCHAR(50) DEFAULT NULL COMMENT '行政组织主键',
  `NAME` VARCHAR(200) NOT NULL COMMENT '名称',
  `SHORT_NAME` VARCHAR(50) DEFAULT NULL COMMENT '简称',
  `CREATE_USER` VARCHAR(50) DEFAULT NULL COMMENT '创建人id',
  `CREATE_TIME` DATETIME(6) DEFAULT NULL COMMENT '创建时间',
  `UPDATE_TIME` VARCHAR(50) DEFAULT NULL COMMENT '更新时间',
  `VERSION_NO` VARCHAR(50) DEFAULT NULL COMMENT '版本编号',
  `VERSION_NAME` VARCHAR(50) DEFAULT NULL COMMENT '版本名称',
  `VERSION_BEGIN_DATE` DATE DEFAULT NULL COMMENT '版本生效日期',
  `VERSION_END_DATE` DATE DEFAULT NULL COMMENT '版本失效日期',
  `GROUP_ID` VARCHAR(50) NOT NULL COMMENT '所属集团主键',
  `IS_LAST_VERSION` INT(1) DEFAULT NULL COMMENT '是否最新版本',
  `CODE` VARCHAR(50) DEFAULT NULL COMMENT '编码',
  `VERSION_BEGIN_USER_ID` VARCHAR(50) DEFAULT NULL COMMENT '版本启用人主键',
  `VERSION_END_USER_ID` VARCHAR(50) DEFAULT NULL COMMENT '版本停用人主键',
  PRIMARY KEY (`ID`),
  KEY `FK_ORG_ADMIN_ORG_V_GROUP_ID` (`GROUP_ID`),
  CONSTRAINT `FK_ORG_ADMIN_ORG_V_GROUP_ID` FOREIGN KEY (`GROUP_ID`) REFERENCES `org_group` (`ID`) ON DELETE CASCADE
) COMMENT='组织-行政组织版本';

/*Data for the table `org_admin_org_v` */

/*Table structure for table `org_asset_org` */

CREATE TABLE `org_asset_org` (
  `ID` VARCHAR(50) NOT NULL COMMENT '主键',
  `PARENT_ID` VARCHAR(50) DEFAULT NULL COMMENT '上级资产组织主键',
  `ORGANIZATION_ID` VARCHAR(50) DEFAULT NULL COMMENT '所属组织主键',
  `VERSION_ID` VARCHAR(50) DEFAULT NULL COMMENT '版本主键',
  `NAME` VARCHAR(200) DEFAULT NULL COMMENT '名称',
  `SHORT_NAME` VARCHAR(50) DEFAULT NULL COMMENT '简称',
  `CREATE_USER` VARCHAR(50) DEFAULT NULL COMMENT '创建人id',
  `CREATE_TIME` DATETIME(6) DEFAULT NULL COMMENT '创建时间',
  `UPDATE_TIME` VARCHAR(50) DEFAULT NULL COMMENT '更新时间',
  `GROUP_ID` VARCHAR(50) DEFAULT NULL COMMENT '所属集团主键',
  `FINANCE_ID` VARCHAR(50) DEFAULT NULL COMMENT '默认财务组织主键',
  `CODE` VARCHAR(50) DEFAULT NULL COMMENT '编码',
  `DATA_VERSION` INT(10) DEFAULT '0' COMMENT '数据版本',
  PRIMARY KEY (`ID`),
  UNIQUE KEY `UK_ORG_ASSET_ORG_CODE` (`CODE`),
  KEY `FK_ORG_ASSET_ORG_ORG_ID` (`ORGANIZATION_ID`),
  KEY `FK_ORG_ASSET_ORG_GROUP_ID` (`GROUP_ID`),
  CONSTRAINT `FK_ORG_ASSET_ORG_GROUP_ID` FOREIGN KEY (`GROUP_ID`) REFERENCES `org_group` (`ID`) ON DELETE CASCADE,
  CONSTRAINT `FK_ORG_ASSET_ORG_ORG_ID` FOREIGN KEY (`ORGANIZATION_ID`) REFERENCES `org_organization` (`ID`) ON DELETE CASCADE
) COMMENT='组织-资产组织';

/*Data for the table `org_asset_org` */

/*Table structure for table `org_asset_org_v` */

CREATE TABLE `org_asset_org_v` (
  `ID` VARCHAR(50) NOT NULL COMMENT '主键',
  `PARENT_ID` VARCHAR(50) DEFAULT NULL COMMENT '上级资产组织主键',
  `ORGANIZATION_ID` VARCHAR(50) DEFAULT NULL COMMENT '所属组织主键',
  `ASSET_ORG_ID` VARCHAR(50) DEFAULT NULL COMMENT '资产组织主键',
  `NAME` VARCHAR(200) DEFAULT NULL COMMENT '名称',
  `SHORT_NAME` VARCHAR(50) DEFAULT NULL COMMENT '简称',
  `CREATE_USER` VARCHAR(50) DEFAULT NULL COMMENT '创建人id',
  `CREATE_TIME` DATETIME(6) DEFAULT NULL COMMENT '创建时间',
  `UPDATE_TIME` VARCHAR(50) DEFAULT NULL COMMENT '更新时间',
  `GROUP_ID` VARCHAR(50) DEFAULT NULL COMMENT '所属集团主键',
  `FINANCE_ID` VARCHAR(50) DEFAULT NULL COMMENT '默认财务组织主键',
  `IS_LAST_VERSION` INT(1) DEFAULT NULL COMMENT '是否最新版本',
  `CODE` VARCHAR(50) DEFAULT NULL COMMENT '编码',
  `VERSION_NO` VARCHAR(50) DEFAULT NULL COMMENT '版本编号',
  `VERSION_NAME` VARCHAR(50) DEFAULT NULL COMMENT '版本名称',
  `VERSION_BEGIN_DATE` DATE DEFAULT NULL COMMENT '版本启用日期',
  `VERSION_END_DATE` DATE DEFAULT NULL COMMENT '版本停用日期',
  `VERSION_BEGIN_USER_ID` VARCHAR(50) DEFAULT NULL COMMENT '版本启用人主键',
  `VERSION_END_USER_ID` VARCHAR(50) DEFAULT NULL COMMENT '版本停用人主键',
  PRIMARY KEY (`ID`),
  KEY `FK_ORG_ASSET_ORG_V_GROUP_ID` (`GROUP_ID`),
  CONSTRAINT `FK_ORG_ASSET_ORG_V_GROUP_ID` FOREIGN KEY (`GROUP_ID`) REFERENCES `org_group` (`ID`) ON DELETE CASCADE
) COMMENT='组织-资产组织版本';

/*Data for the table `org_asset_org_v` */

/*Table structure for table `org_corporation` */

CREATE TABLE `org_corporation` (
  `ID` VARCHAR(50) NOT NULL COMMENT '主键',
  `GROUP_ID` VARCHAR(50) NOT NULL COMMENT '所属集团主键',
  `ORGANIZATION_ID` VARCHAR(50) NOT NULL COMMENT '所属组织主键',
  `PARENT_ID` VARCHAR(50) DEFAULT NULL COMMENT '上级公司主键',
  `POST_ADDRESS` VARCHAR(200) DEFAULT NULL COMMENT '通讯地址',
  `PHONE1` VARCHAR(30) DEFAULT NULL COMMENT '联系电话1',
  `PHONE2` VARCHAR(30) DEFAULT NULL COMMENT '联系电话2',
  `PHONE3` VARCHAR(30) DEFAULT NULL COMMENT '联系电话3',
  `FAX1` VARCHAR(30) DEFAULT NULL COMMENT '传真1',
  `FAX2` VARCHAR(30) DEFAULT NULL COMMENT '传真2',
  `FAX3` VARCHAR(30) DEFAULT NULL COMMENT '传真3',
  `LINKMAN1` VARCHAR(30) DEFAULT NULL COMMENT '联系人1',
  `LINKMAN2` VARCHAR(30) DEFAULT NULL COMMENT '联系人2',
  `LINKMAN3` VARCHAR(30) DEFAULT NULL COMMENT '联系人3',
  `EMAIL1` VARCHAR(50) DEFAULT NULL COMMENT '电子邮件1',
  `EMAIL2` VARCHAR(50) DEFAULT NULL COMMENT '电子邮件2',
  `EMAIL3` VARCHAR(50) DEFAULT NULL COMMENT '电子邮件3',
  `NAME` VARCHAR(50) NOT NULL COMMENT '名称',
  `SHORT_NAME` VARCHAR(50) DEFAULT NULL COMMENT '简称',
  `SORT_INDEX` INT(10) DEFAULT NULL COMMENT '排序号',
  `CREATE_USER` VARCHAR(50) DEFAULT NULL COMMENT '创建人id',
  `CREATE_TIME` DATETIME(6) DEFAULT NULL COMMENT '创建时间',
  `UPDATE_TIME` DATETIME(6) DEFAULT NULL COMMENT '更新时间',
  `VERSION_ID` VARCHAR(50) DEFAULT NULL COMMENT '版本主键',
  `CODE` VARCHAR(50) NOT NULL COMMENT '编码',
  `REMARK` VARCHAR(2000) DEFAULT NULL COMMENT '备注',
  `DATA_VERSION` INT(10) DEFAULT '0' COMMENT '数据版本',
  `SORT_PATH` VARCHAR(100) DEFAULT NULL COMMENT '排序路径',
  PRIMARY KEY (`ID`),
  UNIQUE KEY `UK_ORG_CORPORATION_CODE` (`CODE`),
  UNIQUE KEY `UK_ORG_COR_SORT_INDEX_PID` (`PARENT_ID`,`SORT_INDEX`),
  KEY `FK_ORG_CORPORATION_GROUP_ID` (`GROUP_ID`),
  KEY `FK_ORG_CORPORATION_ORG_ID` (`ORGANIZATION_ID`),
  KEY `FK_ORG_CORPORATION_VER_ID` (`VERSION_ID`),
  CONSTRAINT `FK_ORG_CORPORATION_GROUP_ID` FOREIGN KEY (`GROUP_ID`) REFERENCES `org_group` (`ID`) ON DELETE CASCADE,
  CONSTRAINT `FK_ORG_CORPORATION_ORG_ID` FOREIGN KEY (`ORGANIZATION_ID`) REFERENCES `org_organization` (`ID`) ON DELETE CASCADE,
  CONSTRAINT `FK_ORG_CORPORATION_VER_ID` FOREIGN KEY (`VERSION_ID`) REFERENCES `org_corporation_v` (`ID`)
) COMMENT='组织-公司组织';

/*Data for the table `org_corporation` */

/*Table structure for table `org_corporation_v` */

CREATE TABLE `org_corporation_v` (
  `ID` VARCHAR(50) NOT NULL COMMENT '主键',
  `GROUP_ID` VARCHAR(50) NOT NULL COMMENT '所属集团主键',
  `ORGANIZATION_ID` VARCHAR(50) NOT NULL COMMENT '所属组织主键',
  `PARENT_ID` VARCHAR(50) DEFAULT NULL COMMENT '上级公司主键',
  `POST_ADDRESS` VARCHAR(200) DEFAULT NULL COMMENT '通讯地址',
  `PHONE1` VARCHAR(30) DEFAULT NULL COMMENT '联系电话1',
  `PHONE2` VARCHAR(30) DEFAULT NULL COMMENT '联系电话2',
  `PHONE3` VARCHAR(30) DEFAULT NULL COMMENT '联系电话3',
  `FAX1` VARCHAR(30) DEFAULT NULL COMMENT '传真1',
  `FAX2` VARCHAR(30) DEFAULT NULL COMMENT '传真2',
  `FAX3` VARCHAR(30) DEFAULT NULL COMMENT '传真3',
  `LINKMAN1` VARCHAR(30) DEFAULT NULL COMMENT '联系人1',
  `LINKMAN2` VARCHAR(30) DEFAULT NULL COMMENT '联系人2',
  `LINKMAN3` VARCHAR(30) DEFAULT NULL COMMENT '联系人3',
  `EMAIL1` VARCHAR(50) DEFAULT NULL COMMENT '电子邮件1',
  `EMAIL2` VARCHAR(50) DEFAULT NULL COMMENT '电子邮件2',
  `EMAIL3` VARCHAR(50) DEFAULT NULL COMMENT '电子邮件3',
  `NAME` VARCHAR(50) NOT NULL COMMENT '名称',
  `SHORT_NAME` VARCHAR(50) DEFAULT NULL COMMENT '简称',
  `SORT_INDEX` INT(10) DEFAULT NULL COMMENT '排序号',
  `CREATE_USER` VARCHAR(50) DEFAULT NULL COMMENT '创建人id',
  `CREATE_TIME` DATETIME(6) DEFAULT NULL COMMENT '创建时间',
  `UPDATE_TIME` DATETIME(6) DEFAULT NULL COMMENT '更新时间',
  `CORPORATION_ID` VARCHAR(50) DEFAULT NULL COMMENT '公司主键',
  `VERSION_NO` VARCHAR(50) DEFAULT NULL COMMENT '版本编号',
  `VERSION_NAME` VARCHAR(50) DEFAULT NULL COMMENT '版本名称',
  `VERSION_BEGIN_DATE` DATE DEFAULT NULL COMMENT '版本生效日期',
  `VERSION_END_DATE` DATE DEFAULT NULL COMMENT '版本失效日期',
  `CODE` VARCHAR(50) NOT NULL COMMENT '编码',
  `IS_LAST_VERSION` INT(1) DEFAULT NULL COMMENT '是否最新版本',
  `VERSION_BEGIN_USER_ID` VARCHAR(50) DEFAULT NULL COMMENT '版本启用人主键',
  `VERSION_END_USER_ID` VARCHAR(50) DEFAULT NULL COMMENT '版本停用人主键',
  `REMARK` VARCHAR(2000) DEFAULT NULL COMMENT '备注',
  PRIMARY KEY (`ID`),
  KEY `FK_ORG_CORPORATION_V_GROUP_ID` (`GROUP_ID`),
  CONSTRAINT `FK_ORG_CORPORATION_V_GROUP_ID` FOREIGN KEY (`GROUP_ID`) REFERENCES `org_group` (`ID`) ON DELETE CASCADE
) COMMENT='组织-公司组织版本';

/*Data for the table `org_corporation_v` */

/*Table structure for table `org_department` */

CREATE TABLE `org_department` (
  `ID` VARCHAR(50) NOT NULL COMMENT '主键',
  `IS_DELETE` INT(1) DEFAULT '0' COMMENT '逻辑删除 0 否 1是',
  `PARENT_ID` VARCHAR(50) DEFAULT NULL COMMENT '上级部门主键',
  `GROUP_ID` VARCHAR(50) NOT NULL COMMENT '所属集团主键',
  `VERSION_ID` VARCHAR(50) NOT NULL COMMENT '版本主键',
  `ORGANIZATION_ID` VARCHAR(50) NOT NULL COMMENT '所属组织主键',
  `NAME` VARCHAR(100) NOT NULL COMMENT '部门名称',
  `CODE` VARCHAR(50) NOT NULL COMMENT '编码',
  `CREATE_USER` VARCHAR(50) DEFAULT NULL COMMENT '创建用户id',
  `CREATE_TIME` DATETIME(6) DEFAULT NULL COMMENT '创建时间',
  `UPDATE_TIME` DATETIME(6) DEFAULT NULL COMMENT '更新时间',
  `REMARK` VARCHAR(2000) DEFAULT NULL COMMENT '备注',
  `DATA_VERSION` INT(10) DEFAULT '0' COMMENT '数据版本',
  `SORT_INDEX` INT(10) DEFAULT NULL COMMENT '排序号',
  `SORT_PATH` VARCHAR(200) DEFAULT NULL COMMENT '排序路径',
  PRIMARY KEY (`ID`),
  UNIQUE KEY `UK_ORG_DEPARTMENT_CODE` (`CODE`),
  KEY `FK_ORG_DEPARTMENT_GROUP_ID` (`GROUP_ID`),
  KEY `FK_ORG_DEPARTMENT_ORG_ID` (`ORGANIZATION_ID`),
  KEY `FK_ORG_DEPARTMENT_VER_ID` (`VERSION_ID`),
  CONSTRAINT `FK_ORG_DEPARTMENT_GROUP_ID` FOREIGN KEY (`GROUP_ID`) REFERENCES `org_group` (`ID`) ON DELETE CASCADE,
  CONSTRAINT `FK_ORG_DEPARTMENT_ORG_ID` FOREIGN KEY (`ORGANIZATION_ID`) REFERENCES `org_organization` (`ID`) ON DELETE CASCADE,
  CONSTRAINT `FK_ORG_DEPARTMENT_VER_ID` FOREIGN KEY (`VERSION_ID`) REFERENCES `org_department_v` (`ID`)
) COMMENT='组织-部门';

/*Data for the table `org_department` */

/*Table structure for table `org_department_v` */

CREATE TABLE `org_department_v` (
  `ID` VARCHAR(50) NOT NULL COMMENT '主键',
  `PARENT_ID` VARCHAR(50) DEFAULT NULL COMMENT '上级部门主键',
  `GROUP_ID` VARCHAR(50) NOT NULL COMMENT '所属集团主键',
  `ORGANIZATION_ID` VARCHAR(50) NOT NULL COMMENT '所属组织主键',
  `NAME` VARCHAR(100) NOT NULL COMMENT '部门名称',
  `DEPARTMENT_ID` VARCHAR(50) NOT NULL COMMENT '部门主键',
  `VERSION_NO` VARCHAR(50) DEFAULT NULL COMMENT '版本编号',
  `VERSION_NAME` VARCHAR(50) DEFAULT NULL COMMENT '版本名称',
  `VERSION_BEGIN_DATE` DATE DEFAULT NULL COMMENT '版本生效日期',
  `VERSION_END_DATE` DATE DEFAULT NULL COMMENT '版本失效日期',
  `CODE` VARCHAR(50) DEFAULT NULL COMMENT '编码',
  `IS_LAST_VERSION` INT(1) DEFAULT NULL COMMENT '是否最新版本',
  `CREATE_USER` VARCHAR(50) DEFAULT NULL COMMENT '创建用户id',
  `CREATE_TIME` DATETIME(6) DEFAULT NULL COMMENT '创建时间',
  `UPDATE_TIME` DATETIME(6) DEFAULT NULL COMMENT '更新时间',
  `VERSION_BEGIN_USER_ID` VARCHAR(50) DEFAULT NULL COMMENT '版本启用人主键',
  `VERSION_END_USER_ID` VARCHAR(50) DEFAULT NULL COMMENT '版本停用人主键',
  `REMARK` VARCHAR(2000) DEFAULT NULL COMMENT '备注',
  `DATA_VERSION` INT(10) DEFAULT '0' COMMENT '数据版本',
  `SORT_INDEX` INT(10) DEFAULT NULL COMMENT '排序号',
  PRIMARY KEY (`ID`),
  KEY `FK_ORG_DEPARTMENT_V_GROUP_ID` (`GROUP_ID`),
  CONSTRAINT `FK_ORG_DEPARTMENT_V_GROUP_ID` FOREIGN KEY (`GROUP_ID`) REFERENCES `org_group` (`ID`) ON DELETE CASCADE
) COMMENT='组织-部门版本';

/*Data for the table `org_department_v` */

/*Table structure for table `org_factory_org` */

CREATE TABLE `org_factory_org` (
  `ID` VARCHAR(50) NOT NULL COMMENT '主键',
  `ORGANIZATION_ID` VARCHAR(50) NOT NULL COMMENT '所属组织主键',
  `VERSION_ID` VARCHAR(50) DEFAULT NULL COMMENT '版本主键',
  `NAME` VARCHAR(200) NOT NULL COMMENT '名称',
  `SHORT_NAME` VARCHAR(50) DEFAULT NULL COMMENT '简称',
  `CREATE_USER` VARCHAR(50) DEFAULT NULL COMMENT '创建人id',
  `CREATE_TIME` DATETIME(6) DEFAULT NULL COMMENT '创建时间',
  `UPDATE_TIME` DATETIME(6) DEFAULT NULL COMMENT '更新时间',
  `GROUP_ID` VARCHAR(50) NOT NULL COMMENT '所属集团主键',
  `CODE` VARCHAR(50) DEFAULT NULL COMMENT '编码',
  `DATA_VERSION` INT(10) DEFAULT '0' COMMENT '数据版本',
  PRIMARY KEY (`ID`),
  UNIQUE KEY `UK_ORG_FACTORY_ORG_CODE` (`CODE`),
  KEY `FK_ORG_FACTORY_ORG_ORG_ID` (`ORGANIZATION_ID`),
  KEY `FK_ORG_FACTORY_ORG_GROUP_ID` (`GROUP_ID`),
  CONSTRAINT `FK_ORG_FACTORY_ORG_GROUP_ID` FOREIGN KEY (`GROUP_ID`) REFERENCES `org_group` (`ID`) ON DELETE CASCADE,
  CONSTRAINT `FK_ORG_FACTORY_ORG_ORG_ID` FOREIGN KEY (`ORGANIZATION_ID`) REFERENCES `org_organization` (`ID`) ON DELETE CASCADE
) COMMENT='组织-工厂组织';

/*Data for the table `org_factory_org` */

/*Table structure for table `org_factory_org_v` */

CREATE TABLE `org_factory_org_v` (
  `ID` VARCHAR(50) NOT NULL COMMENT '主键',
  `ORGANIZATION_ID` VARCHAR(50) NOT NULL COMMENT '所属组织主键',
  `FACTORY_ORG_ID` VARCHAR(50) DEFAULT NULL COMMENT '工厂组织主键',
  `NAME` VARCHAR(200) NOT NULL COMMENT '名称',
  `SHORT_NAME` VARCHAR(50) DEFAULT NULL COMMENT '简称',
  `CREATE_USER` VARCHAR(50) DEFAULT NULL COMMENT '创建人id',
  `CREATE_TIME` DATETIME(6) DEFAULT NULL COMMENT '创建时间',
  `UPDATE_TIME` VARCHAR(50) DEFAULT NULL COMMENT '更新时间',
  `VERSION_NO` VARCHAR(50) DEFAULT NULL COMMENT '版本编号',
  `VERSION_NAME` VARCHAR(50) DEFAULT NULL COMMENT '版本名称',
  `VERSION_BEGIN_DATE` DATE DEFAULT NULL COMMENT '版本生效日期',
  `VERSION_END_DATE` DATE DEFAULT NULL COMMENT '版本失效日期',
  `GROUP_ID` VARCHAR(50) NOT NULL COMMENT '所属集团主键',
  `IS_LAST_VERSION` INT(1) DEFAULT NULL COMMENT '是否最新版本',
  `CODE` VARCHAR(50) DEFAULT NULL COMMENT '编码',
  `VERSION_BEGIN_USER_ID` VARCHAR(50) DEFAULT NULL COMMENT '版本启用人主键',
  `VERSION_END_USER_ID` VARCHAR(50) DEFAULT NULL COMMENT '版本停用人主键',
  PRIMARY KEY (`ID`),
  KEY `FK_ORG_FACTORY_ORG_V_GROUP_ID` (`GROUP_ID`),
  CONSTRAINT `FK_ORG_FACTORY_ORG_V_GROUP_ID` FOREIGN KEY (`GROUP_ID`) REFERENCES `org_group` (`ID`) ON DELETE CASCADE
) COMMENT='组织-工厂组织版本';

/*Data for the table `org_factory_org_v` */

/*Table structure for table `org_finance_org` */

CREATE TABLE `org_finance_org` (
  `ID` VARCHAR(50) NOT NULL COMMENT '主键',
  `PARENT_ID` VARCHAR(50) DEFAULT NULL COMMENT '上级财务组织主键',
  `ORGANIZATION_ID` VARCHAR(50) DEFAULT NULL COMMENT '所属组织主键',
  `VERSION_ID` VARCHAR(50) DEFAULT NULL COMMENT '版本主键',
  `NAME` VARCHAR(200) DEFAULT NULL COMMENT '名称',
  `SHORT_NAME` VARCHAR(50) DEFAULT NULL COMMENT '简称',
  `CREATE_USER` VARCHAR(50) DEFAULT NULL COMMENT '创建人id',
  `CREATE_TIME` DATETIME(6) DEFAULT NULL COMMENT '创建时间',
  `UPDATE_TIME` DATETIME(6) DEFAULT NULL COMMENT '更新时间',
  `GROUP_ID` VARCHAR(50) DEFAULT NULL COMMENT '所属集团主键',
  `TAX_PAYER_CODE` VARCHAR(50) DEFAULT NULL COMMENT '纳税人识别号',
  `TAX_PAYER_CODE_V` VARCHAR(50) DEFAULT NULL COMMENT '纳税人识别号',
  `IS_TAX_ORG` INT(1) DEFAULT NULL COMMENT '是否税务组织',
  `CODE` VARCHAR(50) DEFAULT NULL COMMENT '编码',
  `DATA_VERSION` INT(10) DEFAULT '0' COMMENT '数据版本',
  PRIMARY KEY (`ID`),
  UNIQUE KEY `UK_ORG_FINANCE_ORG_CODE` (`CODE`),
  KEY `FK_ORG_FINANCE_ORG_GROUP_ID` (`GROUP_ID`),
  CONSTRAINT `FK_ORG_FINANCE_ORG_GROUP_ID` FOREIGN KEY (`GROUP_ID`) REFERENCES `org_group` (`ID`) ON DELETE CASCADE
) COMMENT='组织-财务组织';

/*Data for the table `org_finance_org` */

/*Table structure for table `org_finance_org_v` */

CREATE TABLE `org_finance_org_v` (
  `ID` VARCHAR(50) NOT NULL COMMENT '主键',
  `PARENT_ID` VARCHAR(50) DEFAULT NULL COMMENT '上级财务组织主键',
  `ORGANIZATION_ID` VARCHAR(50) DEFAULT NULL COMMENT '所属组织主键',
  `FINANCE_ORG_ID` VARCHAR(50) DEFAULT NULL COMMENT '财务组织主键',
  `NAME` VARCHAR(200) DEFAULT NULL COMMENT '名称',
  `SHORT_NAME` VARCHAR(50) DEFAULT NULL COMMENT '简称',
  `CREATE_USER` VARCHAR(50) DEFAULT NULL COMMENT '创建人id',
  `CREATE_TIME` DATETIME(6) DEFAULT NULL COMMENT '创建时间',
  `UPDATE_TIME` VARCHAR(50) DEFAULT NULL COMMENT '更新时间',
  `GROUP_ID` VARCHAR(50) DEFAULT NULL COMMENT '所属集团主键',
  `IS_TAX_ORG` INT(1) DEFAULT NULL COMMENT '是否税务组织',
  `IS_LAST_VERSION` INT(1) DEFAULT NULL COMMENT '是否最新版本',
  `VERSION_BEGIN_USER_ID` VARCHAR(50) DEFAULT NULL COMMENT '版本启用人主键',
  `VERSION_END_USER_ID` VARCHAR(50) DEFAULT NULL COMMENT '版本停用人主键',
  PRIMARY KEY (`ID`),
  KEY `FK_ORG_FINANCE_ORG_V_GROUP_ID` (`GROUP_ID`),
  CONSTRAINT `FK_ORG_FINANCE_ORG_V_GROUP_ID` FOREIGN KEY (`GROUP_ID`) REFERENCES `org_group` (`ID`) ON DELETE CASCADE
) COMMENT='组织-财务组织版本';

/*Data for the table `org_finance_org_v` */

/*Table structure for table `org_group` */

CREATE TABLE `org_group` (
  `ID` VARCHAR(50) NOT NULL COMMENT '主键',
  `IS_DELETE` INT(1) DEFAULT '0' COMMENT '逻辑删除 0 否 1是',
  `PARENT_ID` VARCHAR(50) DEFAULT NULL COMMENT '上级集团主键',
  `CODE` VARCHAR(50) NOT NULL COMMENT '编码',
  `NAME` VARCHAR(100) NOT NULL COMMENT '名称',
  `CREATE_USER` VARCHAR(50) DEFAULT NULL COMMENT '创建人id',
  `CREATE_TIME` DATETIME(6) DEFAULT NULL COMMENT '创建时间',
  `UPDATE_TIME` DATETIME(6) DEFAULT NULL COMMENT '更新时间',
  `SORT_INDEX` INT(10) DEFAULT NULL COMMENT '排序号',
  `SORT_PATH` VARCHAR(4000) DEFAULT NULL COMMENT '排序',
  `IS3_ADMIN` INT(1) DEFAULT '1' COMMENT '是否启用三员0不启用1启用',
  `REMARK` VARCHAR(50) DEFAULT NULL COMMENT '备注',
  `SECRET_LEVEL` INT(10) DEFAULT '5' COMMENT '密级5非密4内部3秘密2机密1绝密',
  `DATA_VERSION` INT(10) DEFAULT '0' COMMENT '数据版本',
  PRIMARY KEY (`ID`),
  UNIQUE KEY `UK_ORG_GROUP_CODE` (`CODE`),
  UNIQUE KEY `UK_ORG_GROUP_NAME` (`NAME`),
  UNIQUE KEY `UK_ORG_GROUP_SORT_INDEX` (`PARENT_ID`,`SORT_INDEX`)
) COMMENT='组织-集团';

/*Data for the table `org_group` */

/*Table structure for table `org_hr_org` */

CREATE TABLE `org_hr_org` (
  `ID` VARCHAR(50) NOT NULL COMMENT '主键',
  `PARENT_ID` VARCHAR(50) DEFAULT NULL COMMENT '上级人力资源组织主键',
  `GROUP_ID` VARCHAR(50) DEFAULT NULL COMMENT '所属集团主键',
  `ORGANIZATION_ID` VARCHAR(50) DEFAULT NULL COMMENT '所属组织主键',
  `CODE` VARCHAR(50) DEFAULT NULL COMMENT '编码',
  `NAME` VARCHAR(200) DEFAULT NULL COMMENT '名称',
  `SHORT_NAME` VARCHAR(50) DEFAULT NULL COMMENT '简称',
  `VERSION_ID` VARCHAR(50) DEFAULT NULL COMMENT '版本主键',
  `CREATE_USER` VARCHAR(50) DEFAULT NULL COMMENT '创建人id',
  `CREATE_TIME` DATETIME(6) DEFAULT NULL COMMENT '创建时间',
  `UPDATE_TIME` DATETIME(6) DEFAULT NULL COMMENT '更新时间',
  `DATA_VERSION` INT(10) DEFAULT '0' COMMENT '数据版本',
  PRIMARY KEY (`ID`),
  UNIQUE KEY `FK_ORG_HR_ORG_CODE` (`CODE`),
  KEY `FK_ORG_HR_ORG_GROUP_ID` (`GROUP_ID`),
  KEY `FK_ORG_HR_ORG_ORG_ID` (`ORGANIZATION_ID`),
  CONSTRAINT `FK_ORG_HR_ORG_GROUP_ID` FOREIGN KEY (`GROUP_ID`) REFERENCES `org_group` (`ID`) ON DELETE CASCADE,
  CONSTRAINT `FK_ORG_HR_ORG_ORG_ID` FOREIGN KEY (`ORGANIZATION_ID`) REFERENCES `org_organization` (`ID`) ON DELETE CASCADE
) COMMENT='组织-人力资源组织';

/*Data for the table `org_hr_org` */

/*Table structure for table `org_hr_org_v` */

CREATE TABLE `org_hr_org_v` (
  `ID` VARCHAR(50) NOT NULL COMMENT '主键',
  `PARENT_ID` VARCHAR(50) DEFAULT NULL COMMENT '上级人力资源组织主键',
  `GROUP_ID` VARCHAR(50) DEFAULT NULL COMMENT '所属集团主键',
  `ORGANIZATION_ID` VARCHAR(50) DEFAULT NULL COMMENT '所属组织主键',
  `CODE` VARCHAR(50) DEFAULT NULL COMMENT '所属组织主键',
  `NAME` VARCHAR(200) DEFAULT NULL COMMENT '名称',
  `SHORT_NAME` VARCHAR(50) DEFAULT NULL COMMENT '简称',
  `HR_ORG_ID` VARCHAR(50) DEFAULT NULL COMMENT '人力资源组织主键',
  `CREATE_USER` VARCHAR(50) DEFAULT NULL COMMENT '创建人id',
  `CREATE_TIME` DATETIME(6) DEFAULT NULL COMMENT '创建时间',
  `UPDATE_TIME` DATETIME(6) DEFAULT NULL COMMENT '更新时间',
  `VERSION_NAME` VARCHAR(50) DEFAULT NULL COMMENT '版本名称',
  `VERSION_BEGIN_DATE` DATE DEFAULT NULL COMMENT '版本生效日期',
  `VERSION_END_DATE` DATE DEFAULT NULL COMMENT '版本失效日期',
  `VERSION_NO` VARCHAR(50) DEFAULT NULL COMMENT '版本编号',
  `IS_LAST_VERSION` INT(1) DEFAULT NULL COMMENT '是否最新版本',
  `VERSION_BEGIN_USER_ID` VARCHAR(50) DEFAULT NULL COMMENT '版本启用人主键',
  `VERSION_END_USER_ID` VARCHAR(50) DEFAULT NULL COMMENT '版本停用人主键',
  PRIMARY KEY (`ID`),
  KEY `FK_ORG_HR_ORG_V_GROUP_ID` (`GROUP_ID`),
  CONSTRAINT `FK_ORG_HR_ORG_V_GROUP_ID` FOREIGN KEY (`GROUP_ID`) REFERENCES `org_group` (`ID`) ON DELETE CASCADE
) COMMENT='组织-人力资源组织版本';

/*Data for the table `org_hr_org_v` */

/*Table structure for table `org_maintain_org` */

CREATE TABLE `org_maintain_org` (
  `ID` VARCHAR(50) NOT NULL COMMENT '主键',
  `FINANCE_ORG_ID` VARCHAR(50) DEFAULT NULL COMMENT '默认财务组织主键',
  `ORGANIZATION_ID` VARCHAR(50) NOT NULL COMMENT '所属组织主键',
  `VERSION_ID` VARCHAR(50) DEFAULT NULL COMMENT '版本主键',
  `NAME` VARCHAR(200) NOT NULL COMMENT '名称',
  `SHORT_NAME` VARCHAR(50) DEFAULT NULL COMMENT '简称',
  `CREATE_USER` VARCHAR(50) DEFAULT NULL COMMENT '创建人id',
  `CREATE_TIME` DATETIME(6) DEFAULT NULL COMMENT '创建时间',
  `UPDATE_TIME` VARCHAR(50) DEFAULT NULL COMMENT '更新时间',
  `GROUP_ID` VARCHAR(50) NOT NULL COMMENT '所属集团主键',
  `CODE` VARCHAR(50) DEFAULT NULL COMMENT '编码',
  `REMARK` VARCHAR(2000) DEFAULT NULL COMMENT '备注',
  `DATA_VERSION` INT(10) DEFAULT '0' COMMENT '数据版本',
  PRIMARY KEY (`ID`),
  UNIQUE KEY `UK_ORG_MAINTAIN_ORG_CODE` (`CODE`),
  KEY `FK_ORG_MAINTAIN_ORG_ORG_ID` (`ORGANIZATION_ID`),
  KEY `FK_ORG_MAINTAIN_ORG_GROUP_ID` (`GROUP_ID`),
  CONSTRAINT `FK_ORG_MAINTAIN_ORG_GROUP_ID` FOREIGN KEY (`GROUP_ID`) REFERENCES `org_group` (`ID`) ON DELETE CASCADE,
  CONSTRAINT `FK_ORG_MAINTAIN_ORG_ORG_ID` FOREIGN KEY (`ORGANIZATION_ID`) REFERENCES `org_organization` (`ID`) ON DELETE CASCADE
) COMMENT='组织-维修组织';

/*Data for the table `org_maintain_org` */

/*Table structure for table `org_maintain_org_v` */

CREATE TABLE `org_maintain_org_v` (
  `ID` VARCHAR(50) NOT NULL COMMENT '主键',
  `FINANCE_ORG_ID` VARCHAR(50) DEFAULT NULL COMMENT '默认财务组织主键',
  `ORGANIZATION_ID` VARCHAR(50) NOT NULL COMMENT '所属组织主键',
  `MAINTAIN_ORG_ID` VARCHAR(50) DEFAULT NULL COMMENT '维修组织主键',
  `NAME` VARCHAR(200) NOT NULL COMMENT '名称',
  `SHORT_NAME` VARCHAR(50) DEFAULT NULL COMMENT '简称',
  `CREATE_USER` VARCHAR(50) DEFAULT NULL COMMENT '创建人id',
  `CREATE_TIME` DATETIME(6) DEFAULT NULL COMMENT '创建时间',
  `UPDATE_TIME` VARCHAR(50) DEFAULT NULL COMMENT '更新时间',
  `VERSION_NO` VARCHAR(50) DEFAULT NULL COMMENT '版本编号',
  `VERSION_NAME` VARCHAR(50) DEFAULT NULL COMMENT '版本名称',
  `VERSION_BEGIN_DATE` DATE DEFAULT NULL COMMENT '版本生效日期',
  `VERSION_END_DATE` DATE DEFAULT NULL COMMENT '版本失效日期',
  `GROUP_ID` VARCHAR(50) NOT NULL COMMENT '所属集团主键',
  `IS_LAST_VERSION` INT(1) DEFAULT NULL COMMENT '是否最新版本',
  `CODE` VARCHAR(50) DEFAULT NULL COMMENT '编码',
  `VERSION_BEGIN_USER_ID` VARCHAR(50) DEFAULT NULL COMMENT '版本启用人主键',
  `VERSION_END_USER_ID` VARCHAR(50) DEFAULT NULL COMMENT '版本停用人主键',
  `REMARK` VARCHAR(2000) DEFAULT NULL COMMENT '备注',
  PRIMARY KEY (`ID`),
  KEY `FK_ORG_MAINTAIN_ORG_V_GID` (`GROUP_ID`),
  CONSTRAINT `FK_ORG_MAINTAIN_ORG_V_GID` FOREIGN KEY (`GROUP_ID`) REFERENCES `org_group` (`ID`) ON DELETE CASCADE
) COMMENT='组织-维修组织版本';

/*Data for the table `org_maintain_org_v` */

/*Table structure for table `org_organization` */

CREATE TABLE `org_organization` (
  `ID` VARCHAR(50) NOT NULL COMMENT '主键',
  `IS_DELETE` INT(1) DEFAULT '0' COMMENT '逻辑删除 0 否 1是',
  `PARENT_ID` VARCHAR(50) DEFAULT NULL COMMENT '上级组织主键',
  `GROUP_ID` VARCHAR(50) NOT NULL COMMENT '所属集团主键',
  `CORPORATION_ID` VARCHAR(50) DEFAULT NULL COMMENT '所属公司主键',
  `VERSION_ID` VARCHAR(50) NOT NULL COMMENT '版本主键',
  `CREATE_USER` VARCHAR(50) DEFAULT NULL COMMENT '创建人id',
  `CREATE_TIME` DATETIME(6) DEFAULT NULL COMMENT '创建时间',
  `UPDATE_TIME` DATETIME(6) DEFAULT NULL COMMENT '最后修改时间',
  `REMARK` VARCHAR(2000) DEFAULT NULL COMMENT '备注',
  `NAME` VARCHAR(200) NOT NULL COMMENT '名称',
  `SHORT_NAME` VARCHAR(50) DEFAULT NULL COMMENT '简称',
  `ADDRESS` VARCHAR(100) DEFAULT NULL COMMENT '地址',
  `COUNTRY_ZONE` VARCHAR(20) DEFAULT NULL COMMENT '国家地区',
  `ORGANIZATION_CODE` VARCHAR(50) DEFAULT NULL COMMENT '组织机构码',
  `IS_BUSINESS_UNIT` INT(1) DEFAULT '1' COMMENT '是否业务单元',
  `CODE` VARCHAR(50) DEFAULT NULL COMMENT '编码',
  `DATA_VERSION` INT(10) DEFAULT '0' COMMENT '数据版本',
  `SORT_INDEX` INT(10) NOT NULL COMMENT '排序号',
  `SORT_PATH` VARCHAR(100) NOT NULL COMMENT '排序路径',
  PRIMARY KEY (`ID`),
  UNIQUE KEY `UK_ORG_ORGANIZATION_CODE` (`CODE`),
  KEY `FK_ORG_ORGANIZATION_VER_ID` (`VERSION_ID`),
  KEY `FK_ORG_ORGANIZATION_GROUP_ID` (`GROUP_ID`),
  KEY `FK_ORG_ORGANIZATION_CO_ID` (`CORPORATION_ID`),
  CONSTRAINT `FK_ORG_ORGANIZATION_CO_ID` FOREIGN KEY (`CORPORATION_ID`) REFERENCES `org_corporation` (`ID`) ON DELETE SET NULL,
  CONSTRAINT `FK_ORG_ORGANIZATION_GROUP_ID` FOREIGN KEY (`GROUP_ID`) REFERENCES `org_group` (`ID`) ON DELETE CASCADE,
  CONSTRAINT `FK_ORG_ORGANIZATION_VER_ID` FOREIGN KEY (`VERSION_ID`) REFERENCES `org_organization_v` (`ID`) ON DELETE CASCADE
) COMMENT='组织-组织';

/*Data for the table `org_organization` */

/*Table structure for table `org_organization_type` */

CREATE TABLE `org_organization_type` (
  `ID` VARCHAR(50) NOT NULL COMMENT '主键',
  `IS_CORPORATION` INT(1) DEFAULT NULL COMMENT '是否法人公司组织',
  `IS_PROJECT` INT(1) DEFAULT NULL COMMENT '是否项目组织',
  `IS_ASSET` INT(1) DEFAULT NULL COMMENT '是否固定资产组织',
  `IS_SALES` INT(1) DEFAULT NULL COMMENT '是否销售组织',
  `IS_STOCK` INT(1) DEFAULT NULL COMMENT '是否库存组织',
  `IS_PURCHASE` INT(1) DEFAULT NULL COMMENT '是否采购组织',
  `IS_QC` INT(1) DEFAULT NULL COMMENT '是否质检组织',
  `IS_TRAFFIC` INT(1) DEFAULT NULL COMMENT '是否物流组织',
  `IS_MAINTAIN` INT(1) DEFAULT NULL COMMENT '是否维修组织',
  `IS_HR` INT(1) DEFAULT NULL COMMENT '是否人力资源组织',
  `IS_ADMINISTRATION` INT(1) DEFAULT NULL COMMENT '是否行政组织',
  `IS_FACTORY` INT(1) DEFAULT NULL COMMENT '是否工厂组织',
  `IS_GROUP` INT(1) DEFAULT NULL COMMENT '是否集团组织',
  `IS_FINANCE` INT(1) DEFAULT NULL COMMENT '是否财务组织',
  `DATA_VERSION` INT(10) DEFAULT '0' COMMENT '数据版本',
  `IS_DEPARTMENT` INT(1) DEFAULT NULL COMMENT '是否部门',
  PRIMARY KEY (`ID`),
  CONSTRAINT `FK_ORG_ORGANIZATION_TYPE_ID` FOREIGN KEY (`ID`) REFERENCES `org_organization` (`ID`) ON DELETE CASCADE
) COMMENT='组织-组织-职能';

/*Data for the table `org_organization_type` */

/*Table structure for table `org_organization_v` */

CREATE TABLE `org_organization_v` (
  `ID` VARCHAR(50) NOT NULL COMMENT '主键',
  `PARENT_ID` VARCHAR(50) DEFAULT NULL COMMENT '上级组织主键',
  `GROUP_ID` VARCHAR(50) NOT NULL COMMENT '所属集团主键',
  `CORPORATION_ID` VARCHAR(50) DEFAULT NULL COMMENT '所属公司主键',
  `ORGANIZATION_ID` VARCHAR(50) NOT NULL COMMENT '所属公司主键',
  `REMARK` VARCHAR(2000) DEFAULT NULL COMMENT '备注',
  `NAME` VARCHAR(200) NOT NULL COMMENT '名称',
  `SHORT_NAME` VARCHAR(50) DEFAULT NULL COMMENT '简称',
  `ADDRESS` VARCHAR(100) DEFAULT NULL COMMENT '地址',
  `COUNTRY_ZONE` VARCHAR(20) DEFAULT NULL COMMENT '国家地区',
  `ORGANIZATION_CODE` VARCHAR(50) DEFAULT NULL COMMENT '组织机构码',
  `VERSION_NO` VARCHAR(50) DEFAULT NULL COMMENT '版本编号',
  `VERSION_NAME` VARCHAR(50) DEFAULT NULL COMMENT '版本名称',
  `VERSION_BEGIN_DATE` DATE DEFAULT NULL COMMENT '版本生效日期',
  `VERSION_END_DATE` DATE DEFAULT NULL COMMENT '版本失效日期',
  `IS_BUSINESS_UNIT` INT(1) DEFAULT NULL COMMENT '是否业务单元',
  `CODE` VARCHAR(50) DEFAULT NULL COMMENT '编码',
  `IS_LAST_VERSION` INT(1) DEFAULT NULL COMMENT '是否最新版本',
  `VERSION_BEGIN_USER_ID` VARCHAR(50) DEFAULT NULL COMMENT '版本启用人主键',
  `VERSION_END_USER_ID` VARCHAR(50) DEFAULT NULL COMMENT '版本停用人主键',
  `DATA_VERSION` INT(10) DEFAULT '0' COMMENT '数据版本',
  `SORT_INDEX` INT(10) DEFAULT NULL COMMENT '排序号',
  PRIMARY KEY (`ID`),
  KEY `FK_ORG_ORGANIZATION_V_GID` (`GROUP_ID`),
  CONSTRAINT `FK_ORG_ORGANIZATION_V_GID` FOREIGN KEY (`GROUP_ID`) REFERENCES `org_group` (`ID`) ON DELETE CASCADE
) COMMENT='组织-组织版本';

/*Data for the table `org_organization_v` */

/*Table structure for table `org_organization_v_type` */

CREATE TABLE `org_organization_v_type` (
  `ID` VARCHAR(50) NOT NULL COMMENT '主键',
  `IS_CORPORATION` INT(1) DEFAULT NULL COMMENT '是否法人公司组织',
  `IS_PROJECT` INT(1) DEFAULT NULL COMMENT '是否项目组织',
  `IS_ASSET` INT(1) DEFAULT NULL COMMENT '是否固定资产组织',
  `IS_SALES` INT(1) DEFAULT NULL COMMENT '是否销售组织',
  `IS_STOCK` INT(1) DEFAULT NULL COMMENT '是否库存组织',
  `IS_PURCHASE` INT(1) DEFAULT NULL COMMENT '是否采购组织',
  `IS_QC` INT(1) DEFAULT NULL COMMENT '是否质检组织',
  `IS_TRAFFIC` INT(1) DEFAULT NULL COMMENT '是否物流组织',
  `IS_MAINTAIN` INT(1) DEFAULT NULL COMMENT '是否维修组织',
  `IS_HR` INT(1) DEFAULT NULL COMMENT '是否人力资源组织',
  `IS_ADMINISTRATION` INT(1) DEFAULT NULL COMMENT '是否行政组织',
  `IS_FACTORY` INT(1) DEFAULT NULL COMMENT '是否工厂组织',
  `IS_GROUP` INT(1) DEFAULT NULL COMMENT '是否集团组织',
  `IS_FINANCE` INT(1) DEFAULT NULL COMMENT '是否财务组织',
  `IS_DEPARTMENT` INT(1) DEFAULT NULL COMMENT '是否部门',
  `DATA_VERSION` INT(1) DEFAULT '0' COMMENT '数据版本',
  PRIMARY KEY (`ID`),
  CONSTRAINT `FK_ORG_ORGANIZATION_V_TYPE_ID` FOREIGN KEY (`ID`) REFERENCES `org_organization_v` (`ID`) ON DELETE CASCADE
) COMMENT='组织-组织-职能';

/*Data for the table `org_organization_v_type` */

/*Table structure for table `org_project_org` */

CREATE TABLE `org_project_org` (
  `ID` VARCHAR(50) NOT NULL COMMENT '主键',
  `PARENT_ID` VARCHAR(50) DEFAULT NULL COMMENT '上级项目组织主键',
  `ORGANIZATION_ID` VARCHAR(50) NOT NULL COMMENT '所属组织主键',
  `VERSION_ID` VARCHAR(50) DEFAULT NULL COMMENT '版本主键',
  `NAME` VARCHAR(200) NOT NULL COMMENT '名称',
  `SHORT_NAME` VARCHAR(50) DEFAULT NULL COMMENT '简称',
  `CREATE_USER` VARCHAR(50) DEFAULT NULL COMMENT '创建人id',
  `CREATE_TIME` DATETIME(6) DEFAULT NULL COMMENT '创建时间',
  `UPDATE_TIME` VARCHAR(50) DEFAULT NULL COMMENT '更新时间',
  `GROUP_ID` VARCHAR(50) NOT NULL COMMENT '所属集团主键',
  `CODE` VARCHAR(50) DEFAULT NULL COMMENT '编码',
  `REMARK` VARCHAR(2000) DEFAULT NULL COMMENT '备注',
  `DATA_VERSION` INT(10) DEFAULT '0' COMMENT '数据版本',
  PRIMARY KEY (`ID`),
  UNIQUE KEY `UK_ORG_PROJECT_ORG_CODE` (`CODE`),
  KEY `FK_ORG_PROJECT_ORG_ORG_ID` (`ORGANIZATION_ID`),
  KEY `FK_ORG_PROJECT_ORG_GROUP_ID` (`GROUP_ID`),
  CONSTRAINT `FK_ORG_PROJECT_ORG_GROUP_ID` FOREIGN KEY (`GROUP_ID`) REFERENCES `org_group` (`ID`) ON DELETE CASCADE,
  CONSTRAINT `FK_ORG_PROJECT_ORG_ORG_ID` FOREIGN KEY (`ORGANIZATION_ID`) REFERENCES `org_organization` (`ID`) ON DELETE CASCADE
) COMMENT='组织-项目组织';

/*Data for the table `org_project_org` */

/*Table structure for table `org_project_org_v` */

CREATE TABLE `org_project_org_v` (
  `ID` VARCHAR(50) NOT NULL COMMENT '主键',
  `PARENT_ID` VARCHAR(50) DEFAULT NULL COMMENT '上级项目组织主键',
  `ORGANIZATION_ID` VARCHAR(50) NOT NULL COMMENT '所属组织主键',
  `PROJECT_ORG_ID` VARCHAR(50) DEFAULT NULL COMMENT '所属组织主键',
  `NAME` VARCHAR(200) NOT NULL COMMENT '名称',
  `SHORT_NAME` VARCHAR(50) DEFAULT NULL COMMENT '简称',
  `CREATE_USER` VARCHAR(50) DEFAULT NULL COMMENT '创建人id',
  `CREATE_TIME` DATETIME(6) DEFAULT NULL COMMENT '创建时间',
  `UPDATE_TIME` VARCHAR(50) DEFAULT NULL COMMENT '更新时间',
  `VERSION_NO` VARCHAR(50) DEFAULT NULL COMMENT '版本编号',
  `VERSION_NAME` VARCHAR(50) DEFAULT NULL COMMENT '版本名称',
  `VERSION_BEGIN_DATE` DATE DEFAULT NULL COMMENT '版本生效日期',
  `VERSION_END_DATE` DATE DEFAULT NULL COMMENT '版本失效日期',
  `GROUP_ID` VARCHAR(50) NOT NULL COMMENT '所属集团主键',
  `IS_LAST_VERSION` INT(1) DEFAULT NULL COMMENT '是否最新版本',
  `CODE` VARCHAR(50) DEFAULT NULL COMMENT '编码',
  `VERSION_BEGIN_USER_ID` VARCHAR(50) DEFAULT NULL COMMENT '版本启用人主键',
  `VERSION_END_USER_ID` VARCHAR(50) DEFAULT NULL COMMENT '版本停用人主键',
  `REMARK` VARCHAR(2000) DEFAULT NULL COMMENT '备注',
  PRIMARY KEY (`ID`),
  KEY `FK_ORG_PROJECT_ORG_V_GROUP_ID` (`GROUP_ID`),
  CONSTRAINT `FK_ORG_PROJECT_ORG_V_GROUP_ID` FOREIGN KEY (`GROUP_ID`) REFERENCES `org_group` (`ID`) ON DELETE CASCADE
) COMMENT='组织-项目组织版本';

/*Data for the table `org_project_org_v` */

/*Table structure for table `org_purchase_org` */

CREATE TABLE `org_purchase_org` (
  `ID` VARCHAR(50) NOT NULL COMMENT '主键',
  `PARENT_ID` VARCHAR(50) DEFAULT NULL COMMENT '上级采购组织主键',
  `ORGANIZATION_ID` VARCHAR(50) DEFAULT NULL COMMENT '所属组织主键',
  `VERSION_ID` VARCHAR(50) DEFAULT NULL COMMENT '版本主键',
  `NAME` VARCHAR(200) DEFAULT NULL COMMENT '名称',
  `SHORT_NAME` VARCHAR(50) DEFAULT NULL COMMENT '简称',
  `CREATE_USER` VARCHAR(50) DEFAULT NULL COMMENT '创建人id',
  `CREATE_TIME` DATETIME(6) DEFAULT NULL COMMENT '创建时间',
  `UPDATE_TIME` VARCHAR(50) DEFAULT NULL COMMENT '更新时间',
  `GROUP_ID` VARCHAR(50) DEFAULT NULL COMMENT '所属集团主键',
  `CODE` VARCHAR(50) DEFAULT NULL COMMENT '编码',
  `REMARK` VARCHAR(2000) DEFAULT NULL COMMENT '备注',
  `DATA_VERSION` INT(10) DEFAULT '0' COMMENT '数据版本',
  PRIMARY KEY (`ID`),
  UNIQUE KEY `FK_ORG_PURCHASE_ORG_CODE` (`CODE`),
  KEY `FK_ORG_PURCHASE_ORG_ORG_ID` (`ORGANIZATION_ID`),
  KEY `FK_ORG_PURCHASE_ORG_GROUP_ID` (`GROUP_ID`),
  CONSTRAINT `FK_ORG_PURCHASE_ORG_GROUP_ID` FOREIGN KEY (`GROUP_ID`) REFERENCES `org_group` (`ID`) ON DELETE CASCADE,
  CONSTRAINT `FK_ORG_PURCHASE_ORG_ORG_ID` FOREIGN KEY (`ORGANIZATION_ID`) REFERENCES `org_organization` (`ID`) ON DELETE CASCADE
) COMMENT='组织-采购组织';

/*Data for the table `org_purchase_org` */

/*Table structure for table `org_purchase_org_v` */

CREATE TABLE `org_purchase_org_v` (
  `ID` VARCHAR(50) NOT NULL COMMENT '主键',
  `PARENT_ID` VARCHAR(50) DEFAULT NULL COMMENT '上级采购组织主键',
  `ORGANIZATION_ID` VARCHAR(50) DEFAULT NULL COMMENT '所属组织主键',
  `PURCHASE_ORG_ID` VARCHAR(50) DEFAULT NULL COMMENT '采购组织主键',
  `NAME` VARCHAR(200) DEFAULT NULL COMMENT '名称',
  `SHORT_NAME` VARCHAR(50) DEFAULT NULL COMMENT '简称',
  `CREATE_USER` VARCHAR(50) DEFAULT NULL COMMENT '创建人id',
  `CREATE_TIME` DATETIME(6) DEFAULT NULL COMMENT '创建时间',
  `UPDATE_TIME` VARCHAR(50) DEFAULT NULL COMMENT '更新时间',
  `GROUP_ID` VARCHAR(50) DEFAULT NULL COMMENT '所属集团主键',
  `IS_LAST_VERSION` INT(1) DEFAULT NULL COMMENT '是否最新版本',
  `VERSION_BEGIN_USER_ID` VARCHAR(50) DEFAULT NULL COMMENT '版本启用人主键',
  `VERSION_END_USER_ID` VARCHAR(50) DEFAULT NULL COMMENT '版本停用人主键',
  `REMARK` VARCHAR(2000) DEFAULT NULL COMMENT '备注',
  PRIMARY KEY (`ID`),
  KEY `FK_ORG_PURCHASE_ORG_V_GID` (`GROUP_ID`),
  CONSTRAINT `FK_ORG_PURCHASE_ORG_V_GID` FOREIGN KEY (`GROUP_ID`) REFERENCES `org_group` (`ID`) ON DELETE CASCADE
) COMMENT='组织-采购组织版本';

/*Data for the table `org_purchase_org_v` */

/*Table structure for table `org_sales_org` */

CREATE TABLE `org_sales_org` (
  `ID` VARCHAR(50) NOT NULL COMMENT '主键',
  `PARENT_ID` VARCHAR(50) DEFAULT NULL COMMENT '上级销售组织主键',
  `ORGANIZATION_ID` VARCHAR(50) NOT NULL COMMENT '所属组织主键',
  `VERSION_ID` VARCHAR(50) DEFAULT NULL COMMENT '版本主键',
  `NAME` VARCHAR(200) NOT NULL COMMENT '名称',
  `SHORT_NAME` VARCHAR(50) DEFAULT NULL COMMENT '简称',
  `CREATE_USER` VARCHAR(50) DEFAULT NULL COMMENT '创建人id',
  `CREATE_TIME` DATETIME(6) DEFAULT NULL COMMENT '创建时间',
  `UPDATE_TIME` VARCHAR(50) DEFAULT NULL COMMENT '更新时间',
  `GROUP_ID` VARCHAR(50) NOT NULL COMMENT '所属集团主键',
  `CODE` VARCHAR(50) DEFAULT NULL COMMENT '编码',
  `REMARK` VARCHAR(2000) DEFAULT NULL COMMENT '备注',
  `DATA_VERSION` INT(10) DEFAULT '0' COMMENT '数据版本',
  PRIMARY KEY (`ID`),
  UNIQUE KEY `UK_ORG_SALES_ORG_CODE` (`CODE`),
  KEY `FK_ORG_SALES_ORG_ORG_ID` (`ORGANIZATION_ID`),
  KEY `FK_ORG_SALES_ORG_GROUP_ID` (`GROUP_ID`),
  CONSTRAINT `FK_ORG_SALES_ORG_GROUP_ID` FOREIGN KEY (`GROUP_ID`) REFERENCES `org_group` (`ID`) ON DELETE CASCADE,
  CONSTRAINT `FK_ORG_SALES_ORG_ORG_ID` FOREIGN KEY (`ORGANIZATION_ID`) REFERENCES `org_organization` (`ID`) ON DELETE CASCADE
) COMMENT='组织-销售组织';

/*Data for the table `org_sales_org` */

/*Table structure for table `org_sales_org_v` */

CREATE TABLE `org_sales_org_v` (
  `ID` VARCHAR(50) NOT NULL COMMENT '主键',
  `PARENT_ID` VARCHAR(50) DEFAULT NULL COMMENT '上级销售组织主键',
  `ORGANIZATION_ID` VARCHAR(50) NOT NULL COMMENT '所属组织主键',
  `SALES_ORG_ID` VARCHAR(50) DEFAULT NULL COMMENT '销售组织主键',
  `NAME` VARCHAR(200) NOT NULL COMMENT '名称',
  `SHORT_NAME` VARCHAR(50) DEFAULT NULL COMMENT '简称',
  `CREATE_USER` VARCHAR(50) DEFAULT NULL COMMENT '创建人id',
  `CREATE_TIME` DATETIME(6) DEFAULT NULL COMMENT '创建时间',
  `UPDATE_TIME` VARCHAR(50) DEFAULT NULL COMMENT '更新时间',
  `VERSION_NO` VARCHAR(50) DEFAULT NULL COMMENT '版本编号',
  `VERSION_NAME` VARCHAR(50) DEFAULT NULL COMMENT '版本名称',
  `VERSION_BEGIN_DATE` DATE DEFAULT NULL COMMENT '版本生效日期',
  `VERSION_END_DATE` DATE DEFAULT NULL COMMENT '版本失效日期',
  `GROUP_ID` VARCHAR(50) NOT NULL COMMENT '所属集团主键',
  `IS_LAST_VERSION` INT(1) DEFAULT NULL COMMENT '是否最新版本',
  `CODE` VARCHAR(50) DEFAULT NULL COMMENT '编码',
  `VERSION_BEGIN_USER_ID` VARCHAR(50) DEFAULT NULL COMMENT '版本启用人主键',
  `VERSION_END_USER_ID` VARCHAR(50) DEFAULT NULL COMMENT '版本停用人主键',
  `REMARK` VARCHAR(2000) DEFAULT NULL COMMENT '备注',
  PRIMARY KEY (`ID`),
  KEY `FK_ORG_SALES_ORG_V_GROUP_ID` (`GROUP_ID`),
  CONSTRAINT `FK_ORG_SALES_ORG_V_GROUP_ID` FOREIGN KEY (`GROUP_ID`) REFERENCES `org_group` (`ID`) ON DELETE CASCADE
) COMMENT='组织-销售组织版本';

/*Data for the table `org_sales_org_v` */

/*Table structure for table `org_stock_org` */

CREATE TABLE `org_stock_org` (
  `ID` VARCHAR(50) NOT NULL COMMENT '主键',
  `FINANCE_ORG_ID` VARCHAR(50) DEFAULT NULL COMMENT '所属财务组织主键',
  `ORGANIZATION_ID` VARCHAR(50) NOT NULL COMMENT '所属组织主键',
  `VERSION_ID` VARCHAR(50) DEFAULT NULL COMMENT '版本主键',
  `NAME` VARCHAR(200) NOT NULL COMMENT '名称',
  `SHORT_NAME` VARCHAR(50) DEFAULT NULL COMMENT '简称',
  `CREATE_USER` VARCHAR(50) DEFAULT NULL COMMENT '创建人id',
  `CREATE_TIME` DATETIME(6) DEFAULT NULL COMMENT '创建时间',
  `UPDATE_TIME` VARCHAR(50) DEFAULT NULL COMMENT '更新时间',
  `GROUP_ID` VARCHAR(50) NOT NULL COMMENT '所属集团主键',
  `CODE` VARCHAR(50) DEFAULT NULL COMMENT '编码',
  `REMARK` VARCHAR(2000) DEFAULT NULL COMMENT '备注',
  `DATA_VERSION` INT(10) DEFAULT '0' COMMENT '数据版本',
  PRIMARY KEY (`ID`),
  UNIQUE KEY `UK_ORG_STOCK_ORG_CODE` (`CODE`),
  KEY `FK_ORG_STOCK_ORG_GROUP_ID` (`GROUP_ID`),
  CONSTRAINT `FK_ORG_STOCK_ORG_GROUP_ID` FOREIGN KEY (`GROUP_ID`) REFERENCES `org_group` (`ID`) ON DELETE CASCADE
) COMMENT='组织-库存组织';

/*Data for the table `org_stock_org` */

/*Table structure for table `org_stock_org_v` */

CREATE TABLE `org_stock_org_v` (
  `ID` VARCHAR(50) NOT NULL COMMENT '主键',
  `FINANCE_ORG_ID` VARCHAR(50) DEFAULT NULL COMMENT '所属财务组织主键',
  `ORGANIZATION_ID` VARCHAR(50) NOT NULL COMMENT '所属组织主键',
  `STOCK_ORG_ID` VARCHAR(50) DEFAULT NULL COMMENT '库存组织主键',
  `NAME` VARCHAR(200) NOT NULL COMMENT '名称',
  `SHORT_NAME` VARCHAR(50) DEFAULT NULL COMMENT '简称',
  `CREATE_USER` VARCHAR(50) DEFAULT NULL COMMENT '创建人id',
  `CREATE_TIME` DATETIME(6) DEFAULT NULL COMMENT '创建时间',
  `UPDATE_TIME` VARCHAR(50) DEFAULT NULL COMMENT '更新时间',
  `VERSION_NO` VARCHAR(50) DEFAULT NULL COMMENT '版本编号',
  `VERSION_NAME` VARCHAR(50) DEFAULT NULL COMMENT '版本名称',
  `VERSION_BEGIN_DATE` DATE DEFAULT NULL COMMENT '版本生效日期',
  `VERSION_END_DATE` DATE DEFAULT NULL COMMENT '版本失效日期',
  `GROUP_ID` VARCHAR(50) NOT NULL COMMENT '所属集团主键',
  `IS_LAST_VERSION` INT(1) DEFAULT NULL COMMENT '是否最新版本',
  `CODE` VARCHAR(50) DEFAULT NULL COMMENT '编码',
  `VERSION_BEGIN_USER_ID` VARCHAR(50) DEFAULT NULL COMMENT '版本启用人主键',
  `VERSION_END_USER_ID` VARCHAR(50) DEFAULT NULL COMMENT '版本停用人主键',
  `REMARK` VARCHAR(2000) DEFAULT NULL COMMENT '备注',
  PRIMARY KEY (`ID`),
  KEY `FK_ORG_STOCK_ORG_V_GROUP_ID` (`GROUP_ID`),
  CONSTRAINT `FK_ORG_STOCK_ORG_V_GROUP_ID` FOREIGN KEY (`GROUP_ID`) REFERENCES `org_group` (`ID`) ON DELETE CASCADE
) COMMENT='组织-库存组织版本';

/*Data for the table `org_stock_org_v` */

/*Table structure for table `org_traffic_org` */

CREATE TABLE `org_traffic_org` (
  `ID` VARCHAR(50) NOT NULL COMMENT '主键',
  `FINANCE_ORG_ID` VARCHAR(50) DEFAULT NULL COMMENT '默认财务组织主键',
  `ORGANIZATION_ID` VARCHAR(50) NOT NULL COMMENT '所属组织主键',
  `VERSION_ID` VARCHAR(50) DEFAULT NULL COMMENT '版本主键',
  `NAME` VARCHAR(200) NOT NULL COMMENT '名称',
  `SHORT_NAME` VARCHAR(50) DEFAULT NULL COMMENT '简称',
  `CREATE_USER` VARCHAR(50) DEFAULT NULL COMMENT '创建人id',
  `CREATE_TIME` DATETIME(6) DEFAULT NULL COMMENT '创建时间',
  `UPDATE_TIME` VARCHAR(50) DEFAULT NULL COMMENT '更新时间',
  `GROUP_ID` VARCHAR(50) NOT NULL COMMENT '所属集团主键',
  `CODE` VARCHAR(50) DEFAULT NULL COMMENT '编码',
  `REMARK` VARCHAR(2000) DEFAULT NULL COMMENT '备注',
  `DATA_VERSION` INT(10) DEFAULT '0' COMMENT '数据版本',
  PRIMARY KEY (`ID`),
  UNIQUE KEY `UK_ORG_TRAFFIC_ORG_CODE` (`CODE`),
  KEY `FK_ORG_TRAFFIC_ORG_GROUP_ID` (`GROUP_ID`),
  CONSTRAINT `FK_ORG_TRAFFIC_ORG_GROUP_ID` FOREIGN KEY (`GROUP_ID`) REFERENCES `org_group` (`ID`) ON DELETE CASCADE
) COMMENT='组织-物流组织';

/*Data for the table `org_traffic_org` */

/*Table structure for table `org_traffic_org_v` */

CREATE TABLE `org_traffic_org_v` (
  `ID` VARCHAR(50) NOT NULL COMMENT '主键',
  `FINANCE_ORG_ID` VARCHAR(50) DEFAULT NULL COMMENT '默认财务组织主键',
  `ORGANIZATION_ID` VARCHAR(50) NOT NULL COMMENT '所属组织主键',
  `TRAFFIC_ORG_ID` VARCHAR(50) DEFAULT NULL COMMENT '物流组织主键',
  `NAME` VARCHAR(200) NOT NULL COMMENT '名称',
  `SHORT_NAME` VARCHAR(50) DEFAULT NULL COMMENT '简称',
  `CREATE_USER` VARCHAR(50) DEFAULT NULL COMMENT '创建人id',
  `CREATE_TIME` DATETIME(6) DEFAULT NULL COMMENT '创建时间',
  `UPDATE_TIME` VARCHAR(50) DEFAULT NULL COMMENT '更新时间',
  `VERSION_NO` VARCHAR(50) DEFAULT NULL COMMENT '版本编号',
  `VERSION_NAME` VARCHAR(50) DEFAULT NULL COMMENT '版本名称',
  `VERSION_BEGIN_DATE` DATE DEFAULT NULL COMMENT '版本生效日期',
  `VERSION_END_DATE` DATE DEFAULT NULL COMMENT '版本失效日期',
  `GROUP_ID` VARCHAR(50) NOT NULL COMMENT '所属集团主键',
  `IS_LAST_VERSION` INT(1) DEFAULT NULL COMMENT '是否最新版本',
  `CODE` VARCHAR(50) DEFAULT NULL COMMENT '编码',
  `VERSION_BEGIN_USER_ID` VARCHAR(50) DEFAULT NULL COMMENT '版本启用人主键',
  `VERSION_END_USER_ID` VARCHAR(50) DEFAULT NULL COMMENT '版本停用人主键',
  `REMARK` VARCHAR(2000) DEFAULT NULL COMMENT '备注',
  PRIMARY KEY (`ID`),
  KEY `FK_ORG_TRAFFIC_ORG_V_GROUP_ID` (`GROUP_ID`),
  CONSTRAINT `FK_ORG_TRAFFIC_ORG_V_GROUP_ID` FOREIGN KEY (`GROUP_ID`) REFERENCES `org_group` (`ID`) ON DELETE CASCADE
) COMMENT='组织-物流组织版本';

/*Data for the table `org_traffic_org_v` */

/*Table structure for table `qrtz_blob_triggers` */

CREATE TABLE `qrtz_blob_triggers` (
  `SCHED_NAME` VARCHAR(120) NOT NULL,
  `TRIGGER_NAME` VARCHAR(200) NOT NULL,
  `TRIGGER_GROUP` VARCHAR(200) NOT NULL,
  `BLOB_DATA` BLOB,
  PRIMARY KEY (`SCHED_NAME`,`TRIGGER_NAME`,`TRIGGER_GROUP`),
  KEY `SCHED_NAME` (`SCHED_NAME`,`TRIGGER_NAME`,`TRIGGER_GROUP`),
  CONSTRAINT `QRTZ_BLOB_TRIGGERS_IBFK_1` FOREIGN KEY (`SCHED_NAME`, `TRIGGER_NAME`, `TRIGGER_GROUP`) REFERENCES `qrtz_triggers` (`SCHED_NAME`, `TRIGGER_NAME`, `TRIGGER_GROUP`)
) ENGINE=INNODB DEFAULT CHARSET=utf8;

/*Data for the table `qrtz_blob_triggers` */

/*Table structure for table `qrtz_calendars` */

CREATE TABLE `qrtz_calendars` (
  `SCHED_NAME` VARCHAR(120) NOT NULL,
  `CALENDAR_NAME` VARCHAR(200) NOT NULL,
  `CALENDAR` BLOB NOT NULL,
  PRIMARY KEY (`SCHED_NAME`,`CALENDAR_NAME`)
) ENGINE=INNODB DEFAULT CHARSET=utf8;

/*Data for the table `qrtz_calendars` */

/*Table structure for table `qrtz_config` */

CREATE TABLE `qrtz_config` (
  `ID` VARCHAR(50) NOT NULL COMMENT '主键',
  `CONFIG` LONGTEXT COMMENT '任务配置',
  PRIMARY KEY (`ID`)
) COMMENT='批处理任务配置';

/*Data for the table `qrtz_config` */

/*Table structure for table `qrtz_cron_triggers` */

CREATE TABLE `qrtz_cron_triggers` (
  `SCHED_NAME` VARCHAR(120) NOT NULL,
  `TRIGGER_NAME` VARCHAR(200) NOT NULL,
  `TRIGGER_GROUP` VARCHAR(200) NOT NULL,
  `CRON_EXPRESSION` VARCHAR(120) NOT NULL,
  `TIME_ZONE_ID` VARCHAR(80) DEFAULT NULL,
  PRIMARY KEY (`SCHED_NAME`,`TRIGGER_NAME`,`TRIGGER_GROUP`),
  CONSTRAINT `QRTZ_CRON_TRIGGERS_IBFK_1` FOREIGN KEY (`SCHED_NAME`, `TRIGGER_NAME`, `TRIGGER_GROUP`) REFERENCES `qrtz_triggers` (`SCHED_NAME`, `TRIGGER_NAME`, `TRIGGER_GROUP`)
) ENGINE=INNODB DEFAULT CHARSET=utf8;

/*Data for the table `qrtz_cron_triggers` */

/*Table structure for table `qrtz_fired_triggers` */

CREATE TABLE `qrtz_fired_triggers` (
  `SCHED_NAME` VARCHAR(120) NOT NULL,
  `ENTRY_ID` VARCHAR(95) NOT NULL,
  `TRIGGER_NAME` VARCHAR(200) NOT NULL,
  `TRIGGER_GROUP` VARCHAR(200) NOT NULL,
  `INSTANCE_NAME` VARCHAR(200) NOT NULL,
  `FIRED_TIME` BIGINT(13) NOT NULL,
  `SCHED_TIME` BIGINT(13) NOT NULL,
  `PRIORITY` INT(11) NOT NULL,
  `STATE` VARCHAR(16) NOT NULL,
  `JOB_NAME` VARCHAR(200) DEFAULT NULL,
  `JOB_GROUP` VARCHAR(200) DEFAULT NULL,
  `IS_NONCONCURRENT` VARCHAR(1) DEFAULT NULL,
  `REQUESTS_RECOVERY` VARCHAR(1) DEFAULT NULL,
  PRIMARY KEY (`SCHED_NAME`,`ENTRY_ID`),
  KEY `IDX_QRTZ_FT_TRIG_INST_NAME` (`SCHED_NAME`,`INSTANCE_NAME`),
  KEY `IDX_QRTZ_FT_INST_JOB_REQ_RCVRY` (`SCHED_NAME`,`INSTANCE_NAME`,`REQUESTS_RECOVERY`),
  KEY `IDX_QRTZ_FT_J_G` (`SCHED_NAME`,`JOB_NAME`,`JOB_GROUP`),
  KEY `IDX_QRTZ_FT_JG` (`SCHED_NAME`,`JOB_GROUP`),
  KEY `IDX_QRTZ_FT_T_G` (`SCHED_NAME`,`TRIGGER_NAME`,`TRIGGER_GROUP`),
  KEY `IDX_QRTZ_FT_TG` (`SCHED_NAME`,`TRIGGER_GROUP`)
) ENGINE=INNODB DEFAULT CHARSET=utf8;

/*Data for the table `qrtz_fired_triggers` */

/*Table structure for table `qrtz_job_details` */

CREATE TABLE `qrtz_job_details` (
  `SCHED_NAME` VARCHAR(120) NOT NULL,
  `JOB_NAME` VARCHAR(200) NOT NULL,
  `JOB_GROUP` VARCHAR(200) NOT NULL,
  `DESCRIPTION` VARCHAR(250) DEFAULT NULL,
  `JOB_CLASS_NAME` VARCHAR(250) NOT NULL,
  `IS_DURABLE` VARCHAR(1) NOT NULL,
  `IS_NONCONCURRENT` VARCHAR(1) NOT NULL,
  `IS_UPDATE_DATA` VARCHAR(1) NOT NULL,
  `REQUESTS_RECOVERY` VARCHAR(1) NOT NULL,
  `JOB_DATA` BLOB,
  PRIMARY KEY (`SCHED_NAME`,`JOB_NAME`,`JOB_GROUP`),
  KEY `IDX_QRTZ_J_REQ_RECOVERY` (`SCHED_NAME`,`REQUESTS_RECOVERY`),
  KEY `IDX_QRTZ_J_GRP` (`SCHED_NAME`,`JOB_GROUP`)
) ENGINE=INNODB DEFAULT CHARSET=utf8;

/*Data for the table `qrtz_job_details` */

/*Table structure for table `qrtz_locks` */

CREATE TABLE `qrtz_locks` (
  `SCHED_NAME` VARCHAR(120) NOT NULL,
  `LOCK_NAME` VARCHAR(40) NOT NULL,
  PRIMARY KEY (`SCHED_NAME`,`LOCK_NAME`)
) ENGINE=INNODB DEFAULT CHARSET=utf8;

/*Data for the table `qrtz_locks` */

/*Table structure for table `qrtz_paused_trigger_grps` */

CREATE TABLE `qrtz_paused_trigger_grps` (
  `SCHED_NAME` VARCHAR(120) NOT NULL,
  `TRIGGER_GROUP` VARCHAR(200) NOT NULL,
  PRIMARY KEY (`SCHED_NAME`,`TRIGGER_GROUP`)
) ENGINE=INNODB DEFAULT CHARSET=utf8;

/*Data for the table `qrtz_paused_trigger_grps` */

/*Table structure for table `qrtz_scheduler_state` */

CREATE TABLE `qrtz_scheduler_state` (
  `SCHED_NAME` VARCHAR(120) NOT NULL,
  `INSTANCE_NAME` VARCHAR(200) NOT NULL,
  `LAST_CHECKIN_TIME` BIGINT(13) NOT NULL,
  `CHECKIN_INTERVAL` BIGINT(13) NOT NULL,
  PRIMARY KEY (`SCHED_NAME`,`INSTANCE_NAME`)
) ENGINE=INNODB DEFAULT CHARSET=utf8;

/*Data for the table `qrtz_scheduler_state` */

/*Table structure for table `qrtz_simple_triggers` */

CREATE TABLE `qrtz_simple_triggers` (
  `SCHED_NAME` VARCHAR(120) NOT NULL,
  `TRIGGER_NAME` VARCHAR(200) NOT NULL,
  `TRIGGER_GROUP` VARCHAR(200) NOT NULL,
  `REPEAT_COUNT` BIGINT(7) NOT NULL,
  `REPEAT_INTERVAL` BIGINT(12) NOT NULL,
  `TIMES_TRIGGERED` BIGINT(10) NOT NULL,
  PRIMARY KEY (`SCHED_NAME`,`TRIGGER_NAME`,`TRIGGER_GROUP`),
  CONSTRAINT `QRTZ_SIMPLE_TRIGGERS_IBFK_1` FOREIGN KEY (`SCHED_NAME`, `TRIGGER_NAME`, `TRIGGER_GROUP`) REFERENCES `qrtz_triggers` (`SCHED_NAME`, `TRIGGER_NAME`, `TRIGGER_GROUP`)
) ENGINE=INNODB DEFAULT CHARSET=utf8;

/*Data for the table `qrtz_simple_triggers` */

/*Table structure for table `qrtz_simprop_triggers` */

CREATE TABLE `qrtz_simprop_triggers` (
  `SCHED_NAME` VARCHAR(120) NOT NULL,
  `TRIGGER_NAME` VARCHAR(200) NOT NULL,
  `TRIGGER_GROUP` VARCHAR(200) NOT NULL,
  `STR_PROP_1` VARCHAR(512) DEFAULT NULL,
  `STR_PROP_2` VARCHAR(512) DEFAULT NULL,
  `STR_PROP_3` VARCHAR(512) DEFAULT NULL,
  `INT_PROP_1` INT(11) DEFAULT NULL,
  `INT_PROP_2` INT(11) DEFAULT NULL,
  `LONG_PROP_1` BIGINT(20) DEFAULT NULL,
  `LONG_PROP_2` BIGINT(20) DEFAULT NULL,
  `DEC_PROP_1` DECIMAL(13,4) DEFAULT NULL,
  `DEC_PROP_2` DECIMAL(13,4) DEFAULT NULL,
  `BOOL_PROP_1` VARCHAR(1) DEFAULT NULL,
  `BOOL_PROP_2` VARCHAR(1) DEFAULT NULL,
  PRIMARY KEY (`SCHED_NAME`,`TRIGGER_NAME`,`TRIGGER_GROUP`),
  CONSTRAINT `QRTZ_SIMPROP_TRIGGERS_IBFK_1` FOREIGN KEY (`SCHED_NAME`, `TRIGGER_NAME`, `TRIGGER_GROUP`) REFERENCES `qrtz_triggers` (`SCHED_NAME`, `TRIGGER_NAME`, `TRIGGER_GROUP`)
) ENGINE=INNODB DEFAULT CHARSET=utf8;

/*Data for the table `qrtz_simprop_triggers` */

/*Table structure for table `qrtz_triggers` */

CREATE TABLE `qrtz_triggers` (
  `SCHED_NAME` VARCHAR(120) NOT NULL,
  `TRIGGER_NAME` VARCHAR(200) NOT NULL,
  `TRIGGER_GROUP` VARCHAR(200) NOT NULL,
  `JOB_NAME` VARCHAR(200) NOT NULL,
  `JOB_GROUP` VARCHAR(200) NOT NULL,
  `DESCRIPTION` VARCHAR(250) DEFAULT NULL,
  `NEXT_FIRE_TIME` BIGINT(13) DEFAULT NULL,
  `PREV_FIRE_TIME` BIGINT(13) DEFAULT NULL,
  `PRIORITY` INT(11) DEFAULT NULL,
  `TRIGGER_STATE` VARCHAR(16) NOT NULL,
  `TRIGGER_TYPE` VARCHAR(8) NOT NULL,
  `START_TIME` BIGINT(13) NOT NULL,
  `END_TIME` BIGINT(13) DEFAULT NULL,
  `CALENDAR_NAME` VARCHAR(200) DEFAULT NULL,
  `MISFIRE_INSTR` SMALLINT(2) DEFAULT NULL,
  `JOB_DATA` BLOB,
  PRIMARY KEY (`SCHED_NAME`,`TRIGGER_NAME`,`TRIGGER_GROUP`),
  KEY `IDX_QRTZ_T_J` (`SCHED_NAME`,`JOB_NAME`,`JOB_GROUP`),
  KEY `IDX_QRTZ_T_JG` (`SCHED_NAME`,`JOB_GROUP`),
  KEY `IDX_QRTZ_T_C` (`SCHED_NAME`,`CALENDAR_NAME`),
  KEY `IDX_QRTZ_T_G` (`SCHED_NAME`,`TRIGGER_GROUP`),
  KEY `IDX_QRTZ_T_STATE` (`SCHED_NAME`,`TRIGGER_STATE`),
  KEY `IDX_QRTZ_T_N_STATE` (`SCHED_NAME`,`TRIGGER_NAME`,`TRIGGER_GROUP`,`TRIGGER_STATE`),
  KEY `IDX_QRTZ_T_N_G_STATE` (`SCHED_NAME`,`TRIGGER_GROUP`,`TRIGGER_STATE`),
  KEY `IDX_QRTZ_T_NEXT_FIRE_TIME` (`SCHED_NAME`,`NEXT_FIRE_TIME`),
  KEY `IDX_QRTZ_T_NFT_ST` (`SCHED_NAME`,`TRIGGER_STATE`,`NEXT_FIRE_TIME`),
  KEY `IDX_QRTZ_T_NFT_MISFIRE` (`SCHED_NAME`,`MISFIRE_INSTR`,`NEXT_FIRE_TIME`),
  KEY `IDX_QRTZ_T_NFT_ST_MISFIRE` (`SCHED_NAME`,`MISFIRE_INSTR`,`NEXT_FIRE_TIME`,`TRIGGER_STATE`),
  KEY `IDX_QRTZ_T_NFT_ST_MISFIRE_GRP` (`SCHED_NAME`,`MISFIRE_INSTR`,`NEXT_FIRE_TIME`,`TRIGGER_GROUP`,`TRIGGER_STATE`),
  CONSTRAINT `QRTZ_TRIGGERS_IBFK_1` FOREIGN KEY (`SCHED_NAME`, `JOB_NAME`, `JOB_GROUP`) REFERENCES `qrtz_job_details` (`SCHED_NAME`, `JOB_NAME`, `JOB_GROUP`)
) ENGINE=INNODB DEFAULT CHARSET=utf8;

/*Data for the table `qrtz_triggers` */

/*Table structure for table `sys_api_mix` */

CREATE TABLE `sys_api_mix` (
  `ID` VARCHAR(50) NOT NULL COMMENT '主键',
  `USER_ID` VARCHAR(50) DEFAULT NULL COMMENT '用户id',
  `API_ID` VARCHAR(200) DEFAULT NULL COMMENT '权限id',
  `SIGN` VARCHAR(1000) DEFAULT NULL COMMENT '签名',
  `API_URL` VARCHAR(500) DEFAULT NULL COMMENT '请求路径',
  `API_METHOD` VARCHAR(50) DEFAULT NULL COMMENT '请求方式',
  `DATA_VERSION` INT(10) DEFAULT NULL COMMENT '数据版本',
  PRIMARY KEY (`ID`),
  KEY `FK_SYS_API_MIX_USER_ID` (`USER_ID`),
  CONSTRAINT `FK_SYS_API_MIX_USER_ID` FOREIGN KEY (`USER_ID`) REFERENCES `sys_user` (`ID`) ON DELETE CASCADE ON UPDATE CASCADE
) COMMENT='有效API权限';

/*Data for the table `sys_api_mix` */

/*Table structure for table `sys_api_resource` */

CREATE TABLE `sys_api_resource` (
  `ID` VARCHAR(200) NOT NULL COMMENT '主键',
  `NAME` VARCHAR(500) DEFAULT NULL COMMENT 'api描述',
  `APP_ID` VARCHAR(200) DEFAULT NULL COMMENT '集团应用ID',
  `DATA_VERSION` INT(10) DEFAULT NULL COMMENT '数据版本',
  `API_URL` VARCHAR(500) DEFAULT NULL COMMENT '请求路径',
  `API_METHOD` VARCHAR(50) DEFAULT NULL COMMENT '请求方式',
  PRIMARY KEY (`ID`)
) COMMENT='api资源';

/*Data for the table `sys_api_resource` */

/*Table structure for table `sys_audit_log` */

CREATE TABLE `sys_audit_log` (
  `ID` VARCHAR(50) NOT NULL COMMENT '主键',
  `OP_NAME` VARCHAR(50) DEFAULT NULL COMMENT '操作员姓名',
  `OP_USERNAME` VARCHAR(50) DEFAULT NULL COMMENT '操作员用户名',
  `OP_TIME` DATETIME(6) DEFAULT NULL COMMENT '操作时间',
  `IP_ADDRESS` VARCHAR(50) DEFAULT NULL COMMENT 'ip地址',
  `OP_CONTENT` VARCHAR(2000) DEFAULT NULL COMMENT '操作内容',
  `DATA_VERSION` INT(10) DEFAULT '0' COMMENT '数据版本',
  `SIGN` VARCHAR(1000) DEFAULT NULL COMMENT '签名',
  `GROUP_ID` VARCHAR(50) DEFAULT NULL COMMENT '操作针对的集团',
  `APP_ID` VARCHAR(50) DEFAULT NULL COMMENT '操作针对的应用',
  PRIMARY KEY (`ID`)
) COMMENT='系统审计日志表';

/*Data for the table `sys_audit_log` */

/*Table structure for table `sys_audit_log_backup` */

CREATE TABLE `sys_audit_log_backup` (
  `ID` VARCHAR(50) NOT NULL COMMENT '主键',
  `LID` VARCHAR(200) DEFAULT NULL COMMENT '日志id',
  `OP_CONTENT` VARCHAR(2000) DEFAULT NULL COMMENT '日志内容',
  `OP_NAME` VARCHAR(200) DEFAULT NULL COMMENT '操作员姓名',
  `OP_USERNAME` VARCHAR(200) DEFAULT NULL COMMENT '操作员用户名',
  `OP_TIME` VARCHAR(500) DEFAULT NULL COMMENT '操作时间',
  `IP_ADDRESS` VARCHAR(100) DEFAULT NULL COMMENT 'ip地址',
  `DATA_VERSION` INT(10) DEFAULT '0' COMMENT '数据版本',
  `SIGN` VARCHAR(1000) DEFAULT NULL COMMENT '签名',
  PRIMARY KEY (`ID`)
) COMMENT='系统审计日志表备份';

/*Data for the table `sys_audit_log_backup` */

/*Table structure for table `sys_audit_log_count` */

CREATE TABLE `sys_audit_log_count` (
  `ID` VARCHAR(50) NOT NULL COMMENT '主键',
  `COUNT` VARCHAR(100) DEFAULT NULL COMMENT '日志记录数量',
  PRIMARY KEY (`ID`)
) COMMENT='日志数量记录表';

/*Data for the table `sys_audit_log_count` */

/*Table structure for table `sys_auth` */

CREATE TABLE `sys_auth` (
  `ID` VARCHAR(50) NOT NULL COMMENT '主键',
  `NAME` VARCHAR(50) DEFAULT NULL COMMENT '权限名称',
  `APP_ID` VARCHAR(50) DEFAULT NULL COMMENT '集团应用标识',
  `REMARK` VARCHAR(200) DEFAULT NULL COMMENT '备注',
  `SORT_INDEX` INT(10) DEFAULT '9999' COMMENT '排序',
  `PARENT_ID` VARCHAR(50) DEFAULT NULL COMMENT '父节点id',
  `CREATE_USER` VARCHAR(50) DEFAULT NULL COMMENT '创建人id',
  `CREATE_TIME` DATETIME(6) DEFAULT NULL COMMENT '创建时间',
  `UPDATE_TIME` DATETIME(6) DEFAULT NULL COMMENT '最后一次修改时间',
  `SORT_PATH` VARCHAR(2000) DEFAULT NULL COMMENT '排序路径',
  `IS_ORG_ADMIN` INT(1) DEFAULT '0' COMMENT '是否按组织管控0不是1是',
  `IS_USER_GROUP_ADMIN` INT(1) DEFAULT '0' COMMENT '是否按用户组管控0不是1是',
  `CODE` VARCHAR(200) DEFAULT NULL COMMENT '权限标识',
  `DATA_VERSION` INT(10) DEFAULT '0' COMMENT '数据版本',
  PRIMARY KEY (`ID`),
  KEY `FK_SYS_AUTH_APP_ID` (`APP_ID`),
  CONSTRAINT `FK_SYS_AUTH_APP_ID` FOREIGN KEY (`APP_ID`) REFERENCES `sys_group_app` (`ID`) ON DELETE CASCADE ON UPDATE CASCADE
) COMMENT='系统管理-集团应用权限';

/*Data for the table `sys_auth` */

INSERT  INTO `sys_auth`(`ID`,`NAME`,`APP_ID`,`REMARK`,`SORT_INDEX`,`PARENT_ID`,`CREATE_USER`,`CREATE_TIME`,`UPDATE_TIME`,`SORT_PATH`,`IS_ORG_ADMIN`,`IS_USER_GROUP_ADMIN`,`CODE`,`DATA_VERSION`) VALUES ('04d7893c4a4d4345b18b0789af13753f','审计日志','platform',NULL,4,'e3b15ac90286450fbe5a721c9f542451',NULL,NULL,NULL,'00020004',0,0,'platForm.auditLogManage.AuditLog',0);
INSERT  INTO `sys_auth`(`ID`,`NAME`,`APP_ID`,`REMARK`,`SORT_INDEX`,`PARENT_ID`,`CREATE_USER`,`CREATE_TIME`,`UPDATE_TIME`,`SORT_PATH`,`IS_ORG_ADMIN`,`IS_USER_GROUP_ADMIN`,`CODE`,`DATA_VERSION`) VALUES ('11116279a4a9416a8e20019821e61111','工作日历','platform',NULL,10,'11316279a4a9416a8e20019821e640af',NULL,NULL,NULL,'00030010',0,0,'platform.jobCalendarManage.JobCalendar',0);
INSERT  INTO `sys_auth`(`ID`,`NAME`,`APP_ID`,`REMARK`,`SORT_INDEX`,`PARENT_ID`,`CREATE_USER`,`CREATE_TIME`,`UPDATE_TIME`,`SORT_PATH`,`IS_ORG_ADMIN`,`IS_USER_GROUP_ADMIN`,`CODE`,`DATA_VERSION`) VALUES ('1116ba3204344d37929abd4ad9a15222','全局规则','platform',NULL,3,'3333ba3204344d37929abd4ad9a12222',NULL,NULL,NULL,'00050003',0,0,'globalRuleManage.GlobalRule',0);
INSERT  INTO `sys_auth`(`ID`,`NAME`,`APP_ID`,`REMARK`,`SORT_INDEX`,`PARENT_ID`,`CREATE_USER`,`CREATE_TIME`,`UPDATE_TIME`,`SORT_PATH`,`IS_ORG_ADMIN`,`IS_USER_GROUP_ADMIN`,`CODE`,`DATA_VERSION`) VALUES ('11316279a4a9416a8e20019821e640af','配置管理','platform',NULL,3,'0',NULL,NULL,NULL,'0003',0,0,NULL,0);
INSERT  INTO `sys_auth`(`ID`,`NAME`,`APP_ID`,`REMARK`,`SORT_INDEX`,`PARENT_ID`,`CREATE_USER`,`CREATE_TIME`,`UPDATE_TIME`,`SORT_PATH`,`IS_ORG_ADMIN`,`IS_USER_GROUP_ADMIN`,`CODE`,`DATA_VERSION`) VALUES ('11erb3ec3d6e483b86c4923ea64cfdd0','授权管理','platform',NULL,9,'e3b15ac90286450fbe5a721c9f542451',NULL,NULL,NULL,'00020009',0,0,NULL,0);
INSERT  INTO `sys_auth`(`ID`,`NAME`,`APP_ID`,`REMARK`,`SORT_INDEX`,`PARENT_ID`,`CREATE_USER`,`CREATE_TIME`,`UPDATE_TIME`,`SORT_PATH`,`IS_ORG_ADMIN`,`IS_USER_GROUP_ADMIN`,`CODE`,`DATA_VERSION`) VALUES ('12315ac90286450fbe5a721c9f542344','服务配置管理','platform',NULL,2,'e3b15ac90286450fbe5a721c9f542344',NULL,NULL,NULL,'00040002',0,0,'platForm.nacos.NacosConfigs',0);
INSERT  INTO `sys_auth`(`ID`,`NAME`,`APP_ID`,`REMARK`,`SORT_INDEX`,`PARENT_ID`,`CREATE_USER`,`CREATE_TIME`,`UPDATE_TIME`,`SORT_PATH`,`IS_ORG_ADMIN`,`IS_USER_GROUP_ADMIN`,`CODE`,`DATA_VERSION`) VALUES ('12315ac90286450fbe5a721c9f54ddd1','服务配置管理维护','platform',NULL,2,'12315ac90286450fbe5a721c9f542344',NULL,NULL,NULL,'000400020001',0,0,'platForm.nacos.NacosConfigs.Maintain',0);
INSERT  INTO `sys_auth`(`ID`,`NAME`,`APP_ID`,`REMARK`,`SORT_INDEX`,`PARENT_ID`,`CREATE_USER`,`CREATE_TIME`,`UPDATE_TIME`,`SORT_PATH`,`IS_ORG_ADMIN`,`IS_USER_GROUP_ADMIN`,`CODE`,`DATA_VERSION`) VALUES ('1234ba3204344d37929abd4ad9a1dgth','业务类型','platform',NULL,1,'twerba3204344d37929abd4ad9a1dfgh',NULL,NULL,NULL,'00060001',0,0,'reportType.ReportType',0);
INSERT  INTO `sys_auth`(`ID`,`NAME`,`APP_ID`,`REMARK`,`SORT_INDEX`,`PARENT_ID`,`CREATE_USER`,`CREATE_TIME`,`UPDATE_TIME`,`SORT_PATH`,`IS_ORG_ADMIN`,`IS_USER_GROUP_ADMIN`,`CODE`,`DATA_VERSION`) VALUES ('131e140bc2bd4361af5ee488f92b2111','字典管理维护','platform',NULL,1,'131e140bc2bd4361af5ee488f92b22ad',NULL,NULL,NULL,'000200070001',0,0,'platForm.dictManage.dict.Maintain',0);
INSERT  INTO `sys_auth`(`ID`,`NAME`,`APP_ID`,`REMARK`,`SORT_INDEX`,`PARENT_ID`,`CREATE_USER`,`CREATE_TIME`,`UPDATE_TIME`,`SORT_PATH`,`IS_ORG_ADMIN`,`IS_USER_GROUP_ADMIN`,`CODE`,`DATA_VERSION`) VALUES ('131e140bc2bd4361af5ee488f92b22ad','字典管理','platform',NULL,7,'e3b15ac90286450fbe5a721c9f542451',NULL,NULL,NULL,'00020007',0,0,'platForm.dictManage.dict',0);
INSERT  INTO `sys_auth`(`ID`,`NAME`,`APP_ID`,`REMARK`,`SORT_INDEX`,`PARENT_ID`,`CREATE_USER`,`CREATE_TIME`,`UPDATE_TIME`,`SORT_PATH`,`IS_ORG_ADMIN`,`IS_USER_GROUP_ADMIN`,`CODE`,`DATA_VERSION`) VALUES ('22316279a4a9416a8e20019821e640af','定时任务','platform',NULL,8,'11316279a4a9416a8e20019821e640af',NULL,NULL,NULL,'00030008',0,0,'platform.quartzManage.Schedule',0);
INSERT  INTO `sys_auth`(`ID`,`NAME`,`APP_ID`,`REMARK`,`SORT_INDEX`,`PARENT_ID`,`CREATE_USER`,`CREATE_TIME`,`UPDATE_TIME`,`SORT_PATH`,`IS_ORG_ADMIN`,`IS_USER_GROUP_ADMIN`,`CODE`,`DATA_VERSION`) VALUES ('2234ba3204344d37929abd4ad9a1dgth','报表设计','platform',NULL,2,'twerba3204344d37929abd4ad9a1dfgh',NULL,NULL,NULL,'00060002',0,0,'reportInfo.ReportList',0);
INSERT  INTO `sys_auth`(`ID`,`NAME`,`APP_ID`,`REMARK`,`SORT_INDEX`,`PARENT_ID`,`CREATE_USER`,`CREATE_TIME`,`UPDATE_TIME`,`SORT_PATH`,`IS_ORG_ADMIN`,`IS_USER_GROUP_ADMIN`,`CODE`,`DATA_VERSION`) VALUES ('23315ac90286450fbe5a721c9f542344','服务命名空间','platform',NULL,1,'e3b15ac90286450fbe5a721c9f542344',NULL,NULL,NULL,'00040001',0,0,'platForm.nacos.NacosNamespace',0);
INSERT  INTO `sys_auth`(`ID`,`NAME`,`APP_ID`,`REMARK`,`SORT_INDEX`,`PARENT_ID`,`CREATE_USER`,`CREATE_TIME`,`UPDATE_TIME`,`SORT_PATH`,`IS_ORG_ADMIN`,`IS_USER_GROUP_ADMIN`,`CODE`,`DATA_VERSION`) VALUES ('23315ac90286450fbe5a721c9f54ddd2','服务命名空间维护','platform',NULL,1,'23315ac90286450fbe5a721c9f542344',NULL,NULL,NULL,'000400010001',0,0,'platForm.nacos.NacosNamespace.Maintain',0);
INSERT  INTO `sys_auth`(`ID`,`NAME`,`APP_ID`,`REMARK`,`SORT_INDEX`,`PARENT_ID`,`CREATE_USER`,`CREATE_TIME`,`UPDATE_TIME`,`SORT_PATH`,`IS_ORG_ADMIN`,`IS_USER_GROUP_ADMIN`,`CODE`,`DATA_VERSION`) VALUES ('3234ba3204344d37929abd4ad9a1dgth','报表浏览','platform',NULL,3,'twerba3204344d37929abd4ad9a1dfgh',NULL,NULL,NULL,'00060003',0,0,'reportShow.ReportShow',0);
INSERT  INTO `sys_auth`(`ID`,`NAME`,`APP_ID`,`REMARK`,`SORT_INDEX`,`PARENT_ID`,`CREATE_USER`,`CREATE_TIME`,`UPDATE_TIME`,`SORT_PATH`,`IS_ORG_ADMIN`,`IS_USER_GROUP_ADMIN`,`CODE`,`DATA_VERSION`) VALUES ('3333ba3204344d37929abd4ad9a12222','工作流程','platform',NULL,5,'0',NULL,NULL,NULL,'0005',0,0,NULL,0);
INSERT  INTO `sys_auth`(`ID`,`NAME`,`APP_ID`,`REMARK`,`SORT_INDEX`,`PARENT_ID`,`CREATE_USER`,`CREATE_TIME`,`UPDATE_TIME`,`SORT_PATH`,`IS_ORG_ADMIN`,`IS_USER_GROUP_ADMIN`,`CODE`,`DATA_VERSION`) VALUES ('334qb3ec3d6e483b86c4923ea64cf111','用户授权保存','platform',NULL,1,'334qb3ec3d6e483b86c4923ea64cfdd0',NULL,NULL,NULL,'0002000900010001',0,0,'platForm.grantAuthManage.UserGrantAuth.Save',0);
INSERT  INTO `sys_auth`(`ID`,`NAME`,`APP_ID`,`REMARK`,`SORT_INDEX`,`PARENT_ID`,`CREATE_USER`,`CREATE_TIME`,`UPDATE_TIME`,`SORT_PATH`,`IS_ORG_ADMIN`,`IS_USER_GROUP_ADMIN`,`CODE`,`DATA_VERSION`) VALUES ('334qb3ec3d6e483b86c4923ea64cf112','用户授权激活','platform',NULL,2,'334qb3ec3d6e483b86c4923ea64cfdd0',NULL,NULL,NULL,'0002000900010002',0,0,'platForm.grantAuthManage.UserGrantAuth.Active',0);
INSERT  INTO `sys_auth`(`ID`,`NAME`,`APP_ID`,`REMARK`,`SORT_INDEX`,`PARENT_ID`,`CREATE_USER`,`CREATE_TIME`,`UPDATE_TIME`,`SORT_PATH`,`IS_ORG_ADMIN`,`IS_USER_GROUP_ADMIN`,`CODE`,`DATA_VERSION`) VALUES ('334qb3ec3d6e483b86c4923ea64cf113','指定用户权限管控的组织范围','platform',NULL,3,'334qb3ec3d6e483b86c4923ea64cfdd0',NULL,NULL,NULL,'0002000900010003',0,0,'platForm.grantAuthManage.UserGrantAuth.OrgControlDomain',0);
INSERT  INTO `sys_auth`(`ID`,`NAME`,`APP_ID`,`REMARK`,`SORT_INDEX`,`PARENT_ID`,`CREATE_USER`,`CREATE_TIME`,`UPDATE_TIME`,`SORT_PATH`,`IS_ORG_ADMIN`,`IS_USER_GROUP_ADMIN`,`CODE`,`DATA_VERSION`) VALUES ('334qb3ec3d6e483b86c4923ea64cf114','指定用户权限管控的用户组范围','platform',NULL,4,'334qb3ec3d6e483b86c4923ea64cfdd0',NULL,NULL,NULL,'0002000900010004',0,0,'platForm.grantAuthManage.UserGrantAuth.UserGropuControlDomain',0);
INSERT  INTO `sys_auth`(`ID`,`NAME`,`APP_ID`,`REMARK`,`SORT_INDEX`,`PARENT_ID`,`CREATE_USER`,`CREATE_TIME`,`UPDATE_TIME`,`SORT_PATH`,`IS_ORG_ADMIN`,`IS_USER_GROUP_ADMIN`,`CODE`,`DATA_VERSION`) VALUES ('334qb3ec3d6e483b86c4923ea64cfdd0','用户授权','platform',NULL,1,'11erb3ec3d6e483b86c4923ea64cfdd0',NULL,NULL,NULL,'000200090001',0,0,'platForm.grantAuthManage.UserGrantAuth',0);
INSERT  INTO `sys_auth`(`ID`,`NAME`,`APP_ID`,`REMARK`,`SORT_INDEX`,`PARENT_ID`,`CREATE_USER`,`CREATE_TIME`,`UPDATE_TIME`,`SORT_PATH`,`IS_ORG_ADMIN`,`IS_USER_GROUP_ADMIN`,`CODE`,`DATA_VERSION`) VALUES ('34116279a4a9416a8e20019821e61341','消息配置','platform',NULL,9,'11316279a4a9416a8e20019821e640af',NULL,NULL,NULL,'00030009',0,0,NULL,0);
INSERT  INTO `sys_auth`(`ID`,`NAME`,`APP_ID`,`REMARK`,`SORT_INDEX`,`PARENT_ID`,`CREATE_USER`,`CREATE_TIME`,`UPDATE_TIME`,`SORT_PATH`,`IS_ORG_ADMIN`,`IS_USER_GROUP_ADMIN`,`CODE`,`DATA_VERSION`) VALUES ('34415ac90286450fbe5a721c9f542344','服务列表管理','platform',NULL,3,'e3b15ac90286450fbe5a721c9f542344',NULL,NULL,NULL,'00040003',0,0,'platForm.nacos.NacosService',0);
INSERT  INTO `sys_auth`(`ID`,`NAME`,`APP_ID`,`REMARK`,`SORT_INDEX`,`PARENT_ID`,`CREATE_USER`,`CREATE_TIME`,`UPDATE_TIME`,`SORT_PATH`,`IS_ORG_ADMIN`,`IS_USER_GROUP_ADMIN`,`CODE`,`DATA_VERSION`) VALUES ('34415ac90286450fbe5a721c9f54ddd3','服务列表管理维护','platform',NULL,1,'34415ac90286450fbe5a721c9f542344',NULL,NULL,NULL,'000400030001',0,0,'platForm.nacos.NacosService.Maintain',0);
INSERT  INTO `sys_auth`(`ID`,`NAME`,`APP_ID`,`REMARK`,`SORT_INDEX`,`PARENT_ID`,`CREATE_USER`,`CREATE_TIME`,`UPDATE_TIME`,`SORT_PATH`,`IS_ORG_ADMIN`,`IS_USER_GROUP_ADMIN`,`CODE`,`DATA_VERSION`) VALUES ('3456ba3204344d37929abd4ad9a15678','流程定义','platform',NULL,1,'3333ba3204344d37929abd4ad9a12222',NULL,NULL,NULL,'00050001',0,0,'processDefinition.ProcessList',0);
INSERT  INTO `sys_auth`(`ID`,`NAME`,`APP_ID`,`REMARK`,`SORT_INDEX`,`PARENT_ID`,`CREATE_USER`,`CREATE_TIME`,`UPDATE_TIME`,`SORT_PATH`,`IS_ORG_ADMIN`,`IS_USER_GROUP_ADMIN`,`CODE`,`DATA_VERSION`) VALUES ('39e1b3ec3d6e483b86c4923ea64c1111','权限管理维护','platform',NULL,1,'39e1b3ec3d6e483b86c4923ea64cfdd0',NULL,NULL,NULL,'000300070001',0,0,'platForm.authManage.Auth.Maintain',0);
INSERT  INTO `sys_auth`(`ID`,`NAME`,`APP_ID`,`REMARK`,`SORT_INDEX`,`PARENT_ID`,`CREATE_USER`,`CREATE_TIME`,`UPDATE_TIME`,`SORT_PATH`,`IS_ORG_ADMIN`,`IS_USER_GROUP_ADMIN`,`CODE`,`DATA_VERSION`) VALUES ('39e1b3ec3d6e483b86c4923ea64c1112','指定权限绑定api资源权限','platform',NULL,2,'39e1b3ec3d6e483b86c4923ea64cfdd0',NULL,NULL,NULL,'000300070002',0,0,'platForm.authManage.Auth.ApiDoMain',0);
INSERT  INTO `sys_auth`(`ID`,`NAME`,`APP_ID`,`REMARK`,`SORT_INDEX`,`PARENT_ID`,`CREATE_USER`,`CREATE_TIME`,`UPDATE_TIME`,`SORT_PATH`,`IS_ORG_ADMIN`,`IS_USER_GROUP_ADMIN`,`CODE`,`DATA_VERSION`) VALUES ('39e1b3ec3d6e483b86c4923ea64cf111','数据源管理维护','platform',NULL,1,'39e1b3ec3d6e483b86c4923ea64cfeee',NULL,NULL,NULL,'000300040001',0,0,'platForm.groupDataSource.dataSource.Maintain',0);
INSERT  INTO `sys_auth`(`ID`,`NAME`,`APP_ID`,`REMARK`,`SORT_INDEX`,`PARENT_ID`,`CREATE_USER`,`CREATE_TIME`,`UPDATE_TIME`,`SORT_PATH`,`IS_ORG_ADMIN`,`IS_USER_GROUP_ADMIN`,`CODE`,`DATA_VERSION`) VALUES ('39e1b3ec3d6e483b86c4923ea64cfdd0','权限定义','platform',NULL,7,'11316279a4a9416a8e20019821e640af',NULL,NULL,NULL,'00030007',0,0,'platForm.authManage.Auth',0);
INSERT  INTO `sys_auth`(`ID`,`NAME`,`APP_ID`,`REMARK`,`SORT_INDEX`,`PARENT_ID`,`CREATE_USER`,`CREATE_TIME`,`UPDATE_TIME`,`SORT_PATH`,`IS_ORG_ADMIN`,`IS_USER_GROUP_ADMIN`,`CODE`,`DATA_VERSION`) VALUES ('39e1b3ec3d6e483b86c4923ea64cfeee','数据源管理','platform',NULL,4,'11316279a4a9416a8e20019821e640af',NULL,NULL,NULL,'00030004',0,0,'platForm.groupDataSource.dataSource',0);
INSERT  INTO `sys_auth`(`ID`,`NAME`,`APP_ID`,`REMARK`,`SORT_INDEX`,`PARENT_ID`,`CREATE_USER`,`CREATE_TIME`,`UPDATE_TIME`,`SORT_PATH`,`IS_ORG_ADMIN`,`IS_USER_GROUP_ADMIN`,`CODE`,`DATA_VERSION`) VALUES ('4234ba3204344d37929abd4ad9a1dgth','仪表盘设计','platform',NULL,4,'twerba3204344d37929abd4ad9a1dfgh',NULL,NULL,NULL,'00060004',0,0,'reportDsInfo.ReportList',0);
INSERT  INTO `sys_auth`(`ID`,`NAME`,`APP_ID`,`REMARK`,`SORT_INDEX`,`PARENT_ID`,`CREATE_USER`,`CREATE_TIME`,`UPDATE_TIME`,`SORT_PATH`,`IS_ORG_ADMIN`,`IS_USER_GROUP_ADMIN`,`CODE`,`DATA_VERSION`) VALUES ('45676279a4a9416a8e20019821e6ghjk','消息通道','platform',NULL,1,'34116279a4a9416a8e20019821e61341',NULL,NULL,NULL,'000300090001',0,0,'platform.msgSendManage.MsgSend',0);
INSERT  INTO `sys_auth`(`ID`,`NAME`,`APP_ID`,`REMARK`,`SORT_INDEX`,`PARENT_ID`,`CREATE_USER`,`CREATE_TIME`,`UPDATE_TIME`,`SORT_PATH`,`IS_ORG_ADMIN`,`IS_USER_GROUP_ADMIN`,`CODE`,`DATA_VERSION`) VALUES ('456wb3ec3d6e483b86c4923ea64cf111','角色授权保存','platform',NULL,1,'456wb3ec3d6e483b86c4923ea64cfdd0',NULL,NULL,NULL,'0002000900020001',0,0,'platForm.grantAuthManage.RoleGrantAuth.Save',0);
INSERT  INTO `sys_auth`(`ID`,`NAME`,`APP_ID`,`REMARK`,`SORT_INDEX`,`PARENT_ID`,`CREATE_USER`,`CREATE_TIME`,`UPDATE_TIME`,`SORT_PATH`,`IS_ORG_ADMIN`,`IS_USER_GROUP_ADMIN`,`CODE`,`DATA_VERSION`) VALUES ('456wb3ec3d6e483b86c4923ea64cf112','角色授权激活','platform',NULL,2,'456wb3ec3d6e483b86c4923ea64cfdd0',NULL,NULL,NULL,'0002000900020002',0,0,'platForm.grantAuthManage.RoleGrantAuth.Active',0);
INSERT  INTO `sys_auth`(`ID`,`NAME`,`APP_ID`,`REMARK`,`SORT_INDEX`,`PARENT_ID`,`CREATE_USER`,`CREATE_TIME`,`UPDATE_TIME`,`SORT_PATH`,`IS_ORG_ADMIN`,`IS_USER_GROUP_ADMIN`,`CODE`,`DATA_VERSION`) VALUES ('456wb3ec3d6e483b86c4923ea64cfdd0','角色授权','platform',NULL,2,'11erb3ec3d6e483b86c4923ea64cfdd0',NULL,NULL,NULL,'000200090002',0,0,'platForm.grantAuthManage.RoleGrantAuth',0);
INSERT  INTO `sys_auth`(`ID`,`NAME`,`APP_ID`,`REMARK`,`SORT_INDEX`,`PARENT_ID`,`CREATE_USER`,`CREATE_TIME`,`UPDATE_TIME`,`SORT_PATH`,`IS_ORG_ADMIN`,`IS_USER_GROUP_ADMIN`,`CODE`,`DATA_VERSION`) VALUES ('5234ba3204344d37929abd4ad9a1dgth','仪表盘浏览','platform',NULL,5,'twerba3204344d37929abd4ad9a1dfgh',NULL,NULL,NULL,'00060005',0,0,'reportDsShow.ReportDsShow',0);
INSERT  INTO `sys_auth`(`ID`,`NAME`,`APP_ID`,`REMARK`,`SORT_INDEX`,`PARENT_ID`,`CREATE_USER`,`CREATE_TIME`,`UPDATE_TIME`,`SORT_PATH`,`IS_ORG_ADMIN`,`IS_USER_GROUP_ADMIN`,`CODE`,`DATA_VERSION`) VALUES ('5e80ace300d54486814ee84c1fb29111','部门管理维护','platform',NULL,1,'5e80ace300d54486814ee84c1fb29a3a',NULL,NULL,NULL,'000100030001',0,0,'platForm.orgDepartmentManage.orgDepartment.Maintain',0);
INSERT  INTO `sys_auth`(`ID`,`NAME`,`APP_ID`,`REMARK`,`SORT_INDEX`,`PARENT_ID`,`CREATE_USER`,`CREATE_TIME`,`UPDATE_TIME`,`SORT_PATH`,`IS_ORG_ADMIN`,`IS_USER_GROUP_ADMIN`,`CODE`,`DATA_VERSION`) VALUES ('5e80ace300d54486814ee84c1fb29a3a','部门管理','platform',NULL,3,'bc316279a4a9416a8e20019821e640af',NULL,NULL,NULL,'00010003',0,0,'platForm.orgDepartmentManage.orgDepartment',0);
INSERT  INTO `sys_auth`(`ID`,`NAME`,`APP_ID`,`REMARK`,`SORT_INDEX`,`PARENT_ID`,`CREATE_USER`,`CREATE_TIME`,`UPDATE_TIME`,`SORT_PATH`,`IS_ORG_ADMIN`,`IS_USER_GROUP_ADMIN`,`CODE`,`DATA_VERSION`) VALUES ('5fc1b8842fa04faea8f39beb866fd511','集团三员管理','platform',NULL,1,'e3b15ac90286450fbe5a721c9f542451',NULL,NULL,NULL,'00020001',0,0,'platForm.threeManage.GroupThreeManage',0);
INSERT  INTO `sys_auth`(`ID`,`NAME`,`APP_ID`,`REMARK`,`SORT_INDEX`,`PARENT_ID`,`CREATE_USER`,`CREATE_TIME`,`UPDATE_TIME`,`SORT_PATH`,`IS_ORG_ADMIN`,`IS_USER_GROUP_ADMIN`,`CODE`,`DATA_VERSION`) VALUES ('67e1114e83214aeb8a3ec0a6822fdd30','应用三员管理','platform',NULL,6,'e3b15ac90286450fbe5a721c9f542451',NULL,NULL,NULL,'00020006',0,0,'platForm.threeManage.AppThreeManage',0);
INSERT  INTO `sys_auth`(`ID`,`NAME`,`APP_ID`,`REMARK`,`SORT_INDEX`,`PARENT_ID`,`CREATE_USER`,`CREATE_TIME`,`UPDATE_TIME`,`SORT_PATH`,`IS_ORG_ADMIN`,`IS_USER_GROUP_ADMIN`,`CODE`,`DATA_VERSION`) VALUES ('67yub3ec3d6e483b86c4923ea64cf111','权限授权保存','platform',NULL,1,'67yub3ec3d6e483b86c4923ea64cfdd0',NULL,NULL,NULL,'0002000900030001',0,0,'platForm.grantAuthManage.AuthGrantUserAndRole.Save',0);
INSERT  INTO `sys_auth`(`ID`,`NAME`,`APP_ID`,`REMARK`,`SORT_INDEX`,`PARENT_ID`,`CREATE_USER`,`CREATE_TIME`,`UPDATE_TIME`,`SORT_PATH`,`IS_ORG_ADMIN`,`IS_USER_GROUP_ADMIN`,`CODE`,`DATA_VERSION`) VALUES ('67yub3ec3d6e483b86c4923ea64cf112','权限授权激活','platform',NULL,2,'67yub3ec3d6e483b86c4923ea64cfdd0',NULL,NULL,NULL,'0002000900030002',0,0,'platForm.grantAuthManage.AuthGrantUserAndRole.Active',0);
INSERT  INTO `sys_auth`(`ID`,`NAME`,`APP_ID`,`REMARK`,`SORT_INDEX`,`PARENT_ID`,`CREATE_USER`,`CREATE_TIME`,`UPDATE_TIME`,`SORT_PATH`,`IS_ORG_ADMIN`,`IS_USER_GROUP_ADMIN`,`CODE`,`DATA_VERSION`) VALUES ('67yub3ec3d6e483b86c4923ea64cfdd0','权限授权','platform',NULL,3,'11erb3ec3d6e483b86c4923ea64cfdd0',NULL,NULL,NULL,'000200090003',0,0,'platForm.grantAuthManage.AuthGrantUserAndRole',0);
INSERT  INTO `sys_auth`(`ID`,`NAME`,`APP_ID`,`REMARK`,`SORT_INDEX`,`PARENT_ID`,`CREATE_USER`,`CREATE_TIME`,`UPDATE_TIME`,`SORT_PATH`,`IS_ORG_ADMIN`,`IS_USER_GROUP_ADMIN`,`CODE`,`DATA_VERSION`) VALUES ('7756ba3204344d37929abd4ad9a15699','全局变量','platform',NULL,2,'3333ba3204344d37929abd4ad9a12222',NULL,NULL,NULL,'00050002',0,0,'globalVariantManage.GlobalVariant',0);
INSERT  INTO `sys_auth`(`ID`,`NAME`,`APP_ID`,`REMARK`,`SORT_INDEX`,`PARENT_ID`,`CREATE_USER`,`CREATE_TIME`,`UPDATE_TIME`,`SORT_PATH`,`IS_ORG_ADMIN`,`IS_USER_GROUP_ADMIN`,`CODE`,`DATA_VERSION`) VALUES ('77yub3ec3d6e483b86c4923ea6411111','授权激活','platform',NULL,4,'11erb3ec3d6e483b86c4923ea64cfdd0',NULL,NULL,NULL,'000200090004',0,0,'platForm.grantAuthManage.AuthGrantActive',0);
INSERT  INTO `sys_auth`(`ID`,`NAME`,`APP_ID`,`REMARK`,`SORT_INDEX`,`PARENT_ID`,`CREATE_USER`,`CREATE_TIME`,`UPDATE_TIME`,`SORT_PATH`,`IS_ORG_ADMIN`,`IS_USER_GROUP_ADMIN`,`CODE`,`DATA_VERSION`) VALUES ('8bc5761a4d8d49e680515bc50f4ba111','菜单管理维护','platform',NULL,1,'8bc5761a4d8d49e680515bc50f4baad1',NULL,NULL,NULL,'000300060001',0,0,'platForm.menuManage.Menu.Maintain',0);
INSERT  INTO `sys_auth`(`ID`,`NAME`,`APP_ID`,`REMARK`,`SORT_INDEX`,`PARENT_ID`,`CREATE_USER`,`CREATE_TIME`,`UPDATE_TIME`,`SORT_PATH`,`IS_ORG_ADMIN`,`IS_USER_GROUP_ADMIN`,`CODE`,`DATA_VERSION`) VALUES ('8bc5761a4d8d49e680515bc50f4baad1','菜单管理','platform',NULL,6,'11316279a4a9416a8e20019821e640af',NULL,NULL,NULL,'00030006',0,0,'platForm.menuManage.Menu',0);
INSERT  INTO `sys_auth`(`ID`,`NAME`,`APP_ID`,`REMARK`,`SORT_INDEX`,`PARENT_ID`,`CREATE_USER`,`CREATE_TIME`,`UPDATE_TIME`,`SORT_PATH`,`IS_ORG_ADMIN`,`IS_USER_GROUP_ADMIN`,`CODE`,`DATA_VERSION`) VALUES ('8d4d2caee7f548889988da2747dfaa4a','角色管理','platform',NULL,8,'e3b15ac90286450fbe5a721c9f542451',NULL,NULL,NULL,'00020008',0,0,'platForm.roleManage.Role',0);
INSERT  INTO `sys_auth`(`ID`,`NAME`,`APP_ID`,`REMARK`,`SORT_INDEX`,`PARENT_ID`,`CREATE_USER`,`CREATE_TIME`,`UPDATE_TIME`,`SORT_PATH`,`IS_ORG_ADMIN`,`IS_USER_GROUP_ADMIN`,`CODE`,`DATA_VERSION`) VALUES ('8df5766a29644f50bceee1228964e111','集团管理维护','platform',NULL,1,'8df5766a29644f50bceee1228964e1cc',NULL,NULL,NULL,'000100010001',0,0,'platForm.orgSructureManage.GroupManage.Maintain',0);
INSERT  INTO `sys_auth`(`ID`,`NAME`,`APP_ID`,`REMARK`,`SORT_INDEX`,`PARENT_ID`,`CREATE_USER`,`CREATE_TIME`,`UPDATE_TIME`,`SORT_PATH`,`IS_ORG_ADMIN`,`IS_USER_GROUP_ADMIN`,`CODE`,`DATA_VERSION`) VALUES ('8df5766a29644f50bceee1228964e1cc','集团管理','platform',NULL,1,'bc316279a4a9416a8e20019821e640af',NULL,NULL,NULL,'00010001',0,0,'platForm.orgSructureManage.GroupManage',0);
INSERT  INTO `sys_auth`(`ID`,`NAME`,`APP_ID`,`REMARK`,`SORT_INDEX`,`PARENT_ID`,`CREATE_USER`,`CREATE_TIME`,`UPDATE_TIME`,`SORT_PATH`,`IS_ORG_ADMIN`,`IS_USER_GROUP_ADMIN`,`CODE`,`DATA_VERSION`) VALUES ('a16344b1790e41e98615f6cd19587111','业务单元维护','platform',NULL,1,'a16344b1790e41e98615f6cd19587573',NULL,NULL,NULL,'000100020001',0,0,'platForm.orgSructureManage.BusinessUnitManage.Maintain',0);
INSERT  INTO `sys_auth`(`ID`,`NAME`,`APP_ID`,`REMARK`,`SORT_INDEX`,`PARENT_ID`,`CREATE_USER`,`CREATE_TIME`,`UPDATE_TIME`,`SORT_PATH`,`IS_ORG_ADMIN`,`IS_USER_GROUP_ADMIN`,`CODE`,`DATA_VERSION`) VALUES ('a16344b1790e41e98615f6cd19587112','人员管理维护','platform',NULL,1,'a16344b1790e41e98615f6cd19587571',NULL,NULL,NULL,'000100040001',0,0,'platForm.orgSructureManage.PersonnelManage.Maintain',0);
INSERT  INTO `sys_auth`(`ID`,`NAME`,`APP_ID`,`REMARK`,`SORT_INDEX`,`PARENT_ID`,`CREATE_USER`,`CREATE_TIME`,`UPDATE_TIME`,`SORT_PATH`,`IS_ORG_ADMIN`,`IS_USER_GROUP_ADMIN`,`CODE`,`DATA_VERSION`) VALUES ('a16344b1790e41e98615f6cd19587571','人员管理','platform',NULL,4,'bc316279a4a9416a8e20019821e640af',NULL,NULL,NULL,'00010004',0,0,'platForm.orgSructureManage.PersonnelManage',0);
INSERT  INTO `sys_auth`(`ID`,`NAME`,`APP_ID`,`REMARK`,`SORT_INDEX`,`PARENT_ID`,`CREATE_USER`,`CREATE_TIME`,`UPDATE_TIME`,`SORT_PATH`,`IS_ORG_ADMIN`,`IS_USER_GROUP_ADMIN`,`CODE`,`DATA_VERSION`) VALUES ('a16344b1790e41e98615f6cd19587572','岗位管理','platform',NULL,20,'bc316279a4a9416a8e20019821e640af',NULL,NULL,NULL,'00010020',0,0,'orgSructureManage.PostManage',0);
INSERT  INTO `sys_auth`(`ID`,`NAME`,`APP_ID`,`REMARK`,`SORT_INDEX`,`PARENT_ID`,`CREATE_USER`,`CREATE_TIME`,`UPDATE_TIME`,`SORT_PATH`,`IS_ORG_ADMIN`,`IS_USER_GROUP_ADMIN`,`CODE`,`DATA_VERSION`) VALUES ('a16344b1790e41e98615f6cd19587573','业务单元','platform',NULL,2,'bc316279a4a9416a8e20019821e640af',NULL,NULL,NULL,'00010002',0,0,'platForm.orgSructureManage.BusinessUnitManage',0);
INSERT  INTO `sys_auth`(`ID`,`NAME`,`APP_ID`,`REMARK`,`SORT_INDEX`,`PARENT_ID`,`CREATE_USER`,`CREATE_TIME`,`UPDATE_TIME`,`SORT_PATH`,`IS_ORG_ADMIN`,`IS_USER_GROUP_ADMIN`,`CODE`,`DATA_VERSION`) VALUES ('a16344b1790e41e98615f6cd1958757r','职务管理','platform',NULL,21,'bc316279a4a9416a8e20019821e640af',NULL,NULL,NULL,'00010021',0,0,'orgSructureManage.JobManage',0);
INSERT  INTO `sys_auth`(`ID`,`NAME`,`APP_ID`,`REMARK`,`SORT_INDEX`,`PARENT_ID`,`CREATE_USER`,`CREATE_TIME`,`UPDATE_TIME`,`SORT_PATH`,`IS_ORG_ADMIN`,`IS_USER_GROUP_ADMIN`,`CODE`,`DATA_VERSION`) VALUES ('ac2a8ce16a614324b5ed4e9c24e71111','租户配置项维护','platform',NULL,1,'ac2a8ce16a614324b5ed4e9c24e7e904',NULL,NULL,NULL,'000300010001',0,0,'platForm.configManage.ConfigManage.TenantMaintain',0);
INSERT  INTO `sys_auth`(`ID`,`NAME`,`APP_ID`,`REMARK`,`SORT_INDEX`,`PARENT_ID`,`CREATE_USER`,`CREATE_TIME`,`UPDATE_TIME`,`SORT_PATH`,`IS_ORG_ADMIN`,`IS_USER_GROUP_ADMIN`,`CODE`,`DATA_VERSION`) VALUES ('ac2a8ce16a614324b5ed4e9c24e71112','集团配置项维护','platform',NULL,2,'ac2a8ce16a614324b5ed4e9c24e7e904',NULL,NULL,NULL,'000300010002',0,0,'platForm.configManage.ConfigManage.GroupMaintain',0);
INSERT  INTO `sys_auth`(`ID`,`NAME`,`APP_ID`,`REMARK`,`SORT_INDEX`,`PARENT_ID`,`CREATE_USER`,`CREATE_TIME`,`UPDATE_TIME`,`SORT_PATH`,`IS_ORG_ADMIN`,`IS_USER_GROUP_ADMIN`,`CODE`,`DATA_VERSION`) VALUES ('ac2a8ce16a614324b5ed4e9c24e71113','应用配置项维护','platform',NULL,3,'ac2a8ce16a614324b5ed4e9c24e7e904',NULL,NULL,NULL,'000300010003',0,0,'platForm.configManage.ConfigManage.AppMaintain',0);
INSERT  INTO `sys_auth`(`ID`,`NAME`,`APP_ID`,`REMARK`,`SORT_INDEX`,`PARENT_ID`,`CREATE_USER`,`CREATE_TIME`,`UPDATE_TIME`,`SORT_PATH`,`IS_ORG_ADMIN`,`IS_USER_GROUP_ADMIN`,`CODE`,`DATA_VERSION`) VALUES ('ac2a8ce16a614324b5ed4e9c24e7e111','应用管理维护','platform',NULL,1,'ac2a8ce16a614324b5ed4e9c24e7e905',NULL,NULL,NULL,'000300050001',0,0,'platForm.groupAppManage.GroupApp.Maintain',0);
INSERT  INTO `sys_auth`(`ID`,`NAME`,`APP_ID`,`REMARK`,`SORT_INDEX`,`PARENT_ID`,`CREATE_USER`,`CREATE_TIME`,`UPDATE_TIME`,`SORT_PATH`,`IS_ORG_ADMIN`,`IS_USER_GROUP_ADMIN`,`CODE`,`DATA_VERSION`) VALUES ('ac2a8ce16a614324b5ed4e9c24e7e904','系统配置项管理','platform',NULL,1,'11316279a4a9416a8e20019821e640af',NULL,NULL,NULL,'00030001',0,0,'platForm.configManage.ConfigManage',0);
INSERT  INTO `sys_auth`(`ID`,`NAME`,`APP_ID`,`REMARK`,`SORT_INDEX`,`PARENT_ID`,`CREATE_USER`,`CREATE_TIME`,`UPDATE_TIME`,`SORT_PATH`,`IS_ORG_ADMIN`,`IS_USER_GROUP_ADMIN`,`CODE`,`DATA_VERSION`) VALUES ('ac2a8ce16a614324b5ed4e9c24e7e905','应用管理','platform',NULL,5,'11316279a4a9416a8e20019821e640af',NULL,NULL,NULL,'00030005',0,0,'platForm.groupAppManage.GroupApp',0);
INSERT  INTO `sys_auth`(`ID`,`NAME`,`APP_ID`,`REMARK`,`SORT_INDEX`,`PARENT_ID`,`CREATE_USER`,`CREATE_TIME`,`UPDATE_TIME`,`SORT_PATH`,`IS_ORG_ADMIN`,`IS_USER_GROUP_ADMIN`,`CODE`,`DATA_VERSION`) VALUES ('b50cbc8a2b0645729848403093f42111','用户管理维护','platform',NULL,1,'b50cbc8a2b0645729848403093f4246f',NULL,NULL,NULL,'000200020001',0,0,'platForm.userManage.user.Maintain',0);
INSERT  INTO `sys_auth`(`ID`,`NAME`,`APP_ID`,`REMARK`,`SORT_INDEX`,`PARENT_ID`,`CREATE_USER`,`CREATE_TIME`,`UPDATE_TIME`,`SORT_PATH`,`IS_ORG_ADMIN`,`IS_USER_GROUP_ADMIN`,`CODE`,`DATA_VERSION`) VALUES ('b50cbc8a2b0645729848403093f4246f','用户管理','platform',NULL,2,'e3b15ac90286450fbe5a721c9f542451',NULL,NULL,NULL,'00020002',0,0,'platForm.userManage.user',0);
INSERT  INTO `sys_auth`(`ID`,`NAME`,`APP_ID`,`REMARK`,`SORT_INDEX`,`PARENT_ID`,`CREATE_USER`,`CREATE_TIME`,`UPDATE_TIME`,`SORT_PATH`,`IS_ORG_ADMIN`,`IS_USER_GROUP_ADMIN`,`CODE`,`DATA_VERSION`) VALUES ('bc316279a4a9416a8e20019821e640af','组织架构管理','platform',NULL,1,'0',NULL,NULL,NULL,'0001',0,0,NULL,0);
INSERT  INTO `sys_auth`(`ID`,`NAME`,`APP_ID`,`REMARK`,`SORT_INDEX`,`PARENT_ID`,`CREATE_USER`,`CREATE_TIME`,`UPDATE_TIME`,`SORT_PATH`,`IS_ORG_ADMIN`,`IS_USER_GROUP_ADMIN`,`CODE`,`DATA_VERSION`) VALUES ('e3b15ac90286450fbe5a721c9f542344','服务管理','platform',NULL,4,'0',NULL,NULL,NULL,'0004',0,0,'NULL',0);
INSERT  INTO `sys_auth`(`ID`,`NAME`,`APP_ID`,`REMARK`,`SORT_INDEX`,`PARENT_ID`,`CREATE_USER`,`CREATE_TIME`,`UPDATE_TIME`,`SORT_PATH`,`IS_ORG_ADMIN`,`IS_USER_GROUP_ADMIN`,`CODE`,`DATA_VERSION`) VALUES ('e3b15ac90286450fbe5a721c9f542433','首页','platform',NULL,0,'0',NULL,NULL,NULL,'0000',0,0,'platForm.home.Home',0);
INSERT  INTO `sys_auth`(`ID`,`NAME`,`APP_ID`,`REMARK`,`SORT_INDEX`,`PARENT_ID`,`CREATE_USER`,`CREATE_TIME`,`UPDATE_TIME`,`SORT_PATH`,`IS_ORG_ADMIN`,`IS_USER_GROUP_ADMIN`,`CODE`,`DATA_VERSION`) VALUES ('e3b15ac90286450fbe5a721c9f542451','系统管理','platform',NULL,2,'0',NULL,NULL,NULL,'0002',0,0,NULL,0);
INSERT  INTO `sys_auth`(`ID`,`NAME`,`APP_ID`,`REMARK`,`SORT_INDEX`,`PARENT_ID`,`CREATE_USER`,`CREATE_TIME`,`UPDATE_TIME`,`SORT_PATH`,`IS_ORG_ADMIN`,`IS_USER_GROUP_ADMIN`,`CODE`,`DATA_VERSION`) VALUES ('ffc03579b06a4b7fae6c51c9ff481111','附件租户配置项维护','platform',NULL,1,'ffc03579b06a4b7fae6c51c9ff48b311',NULL,NULL,NULL,'000300020001',0,0,'platForm.fileConfigManage.fileConfig.TenantMaintain',0);
INSERT  INTO `sys_auth`(`ID`,`NAME`,`APP_ID`,`REMARK`,`SORT_INDEX`,`PARENT_ID`,`CREATE_USER`,`CREATE_TIME`,`UPDATE_TIME`,`SORT_PATH`,`IS_ORG_ADMIN`,`IS_USER_GROUP_ADMIN`,`CODE`,`DATA_VERSION`) VALUES ('ffc03579b06a4b7fae6c51c9ff481112','附件集团配置项维护','platform',NULL,2,'ffc03579b06a4b7fae6c51c9ff48b311',NULL,NULL,NULL,'000300020002',0,0,'platForm.fileConfigManage.fileConfig.GroupMaintain',0);
INSERT  INTO `sys_auth`(`ID`,`NAME`,`APP_ID`,`REMARK`,`SORT_INDEX`,`PARENT_ID`,`CREATE_USER`,`CREATE_TIME`,`UPDATE_TIME`,`SORT_PATH`,`IS_ORG_ADMIN`,`IS_USER_GROUP_ADMIN`,`CODE`,`DATA_VERSION`) VALUES ('ffc03579b06a4b7fae6c51c9ff481113','附件应用配置项维护','platform',NULL,3,'ffc03579b06a4b7fae6c51c9ff48b311',NULL,NULL,NULL,'000300020003',0,0,'platForm.fileConfigManage.fileConfig.AppMaintain',0);
INSERT  INTO `sys_auth`(`ID`,`NAME`,`APP_ID`,`REMARK`,`SORT_INDEX`,`PARENT_ID`,`CREATE_USER`,`CREATE_TIME`,`UPDATE_TIME`,`SORT_PATH`,`IS_ORG_ADMIN`,`IS_USER_GROUP_ADMIN`,`CODE`,`DATA_VERSION`) VALUES ('ffc03579b06a4b7fae6c51c9ff482111','附件存储库维护','platform',NULL,1,'ffc03579b06a4b7fae6c51c9ff48b312',NULL,NULL,NULL,'000300030001',0,0,'platForm.fileRepositoryManage.fileRepository.Maintain',0);
INSERT  INTO `sys_auth`(`ID`,`NAME`,`APP_ID`,`REMARK`,`SORT_INDEX`,`PARENT_ID`,`CREATE_USER`,`CREATE_TIME`,`UPDATE_TIME`,`SORT_PATH`,`IS_ORG_ADMIN`,`IS_USER_GROUP_ADMIN`,`CODE`,`DATA_VERSION`) VALUES ('ffc03579b06a4b7fae6c51c9ff48b311','附件配置项管理','platform',NULL,2,'11316279a4a9416a8e20019821e640af',NULL,NULL,NULL,'00030002',0,0,'platForm.fileConfigManage.fileConfig',0);
INSERT  INTO `sys_auth`(`ID`,`NAME`,`APP_ID`,`REMARK`,`SORT_INDEX`,`PARENT_ID`,`CREATE_USER`,`CREATE_TIME`,`UPDATE_TIME`,`SORT_PATH`,`IS_ORG_ADMIN`,`IS_USER_GROUP_ADMIN`,`CODE`,`DATA_VERSION`) VALUES ('ffc03579b06a4b7fae6c51c9ff48b312','附件存储库管理','platform',NULL,3,'11316279a4a9416a8e20019821e640af',NULL,NULL,NULL,'00030003',0,0,'platForm.fileRepositoryManage.fileRepository',0);
INSERT  INTO `sys_auth`(`ID`,`NAME`,`APP_ID`,`REMARK`,`SORT_INDEX`,`PARENT_ID`,`CREATE_USER`,`CREATE_TIME`,`UPDATE_TIME`,`SORT_PATH`,`IS_ORG_ADMIN`,`IS_USER_GROUP_ADMIN`,`CODE`,`DATA_VERSION`) VALUES ('twerba3204344d37929abd4ad9a1dfgh','数据展示','platform',NULL,6,'0',NULL,NULL,NULL,'0006',0,0,NULL,0);
INSERT  INTO `sys_auth`(`ID`,`NAME`,`APP_ID`,`REMARK`,`SORT_INDEX`,`PARENT_ID`,`CREATE_USER`,`CREATE_TIME`,`UPDATE_TIME`,`SORT_PATH`,`IS_ORG_ADMIN`,`IS_USER_GROUP_ADMIN`,`CODE`,`DATA_VERSION`) VALUES ('tyuub3ec3d6e483b86c4923ea64cfwe5','角色用户授予','platform',NULL,5,'11erb3ec3d6e483b86c4923ea64cfdd0',NULL,NULL,NULL,'000200090005',0,0,'roleManage.roleGrant',0);
INSERT  INTO `sys_auth`(`ID`,`NAME`,`APP_ID`,`REMARK`,`SORT_INDEX`,`PARENT_ID`,`CREATE_USER`,`CREATE_TIME`,`UPDATE_TIME`,`SORT_PATH`,`IS_ORG_ADMIN`,`IS_USER_GROUP_ADMIN`,`CODE`,`DATA_VERSION`) VALUES ('yut76279a4a9416a8e20019821e6g45t','消息拓展','platform',NULL,2,'34116279a4a9416a8e20019821e61341',NULL,NULL,NULL,'000300090002',0,0,'platform.msgTypeExtend.MsgExtend',0);

/*Table structure for table `sys_auth_api` */

CREATE TABLE `sys_auth_api` (
  `ID` VARCHAR(50) NOT NULL COMMENT '主键',
  `AUTH_ID` VARCHAR(50) DEFAULT NULL COMMENT '权限id',
  `API_ID` VARCHAR(200) DEFAULT NULL COMMENT 'api资源id',
  `SIGN` VARCHAR(1000) DEFAULT NULL COMMENT '签名',
  `DATA_VERSION` INT(10) DEFAULT NULL COMMENT '数据版本',
  PRIMARY KEY (`ID`),
  KEY `FK_SYS_AUTH_API_AUTH_ID` (`AUTH_ID`),
  CONSTRAINT `FK_SYS_AUTH_API_AUTH_ID` FOREIGN KEY (`AUTH_ID`) REFERENCES `sys_auth` (`ID`) ON DELETE CASCADE ON UPDATE CASCADE
) COMMENT='权限api关系表';

/*Data for the table `sys_auth_api` */

/*Table structure for table `sys_auth_mix` */

CREATE TABLE `sys_auth_mix` (
  `ID` VARCHAR(50) NOT NULL COMMENT '主键',
  `AUTH_ID` VARCHAR(50) DEFAULT NULL COMMENT '权限id',
  `USER_ID` VARCHAR(50) DEFAULT NULL COMMENT '用户id',
  `SIGN` VARCHAR(1000) DEFAULT NULL COMMENT '签名',
  `DATA_VERSION` INT(10) DEFAULT NULL COMMENT '数据版本',
  PRIMARY KEY (`ID`),
  KEY `FK_SYS_AUTH_MIX_AUTH_ID` (`AUTH_ID`),
  KEY `FK_SYS_AUTH_MIX_USER_ID` (`USER_ID`),
  CONSTRAINT `FK_SYS_AUTH_MIX_AUTH_ID` FOREIGN KEY (`AUTH_ID`) REFERENCES `sys_auth` (`ID`) ON DELETE CASCADE ON UPDATE CASCADE,
  CONSTRAINT `FK_SYS_AUTH_MIX_USER_ID` FOREIGN KEY (`USER_ID`) REFERENCES `sys_user` (`ID`) ON DELETE CASCADE ON UPDATE CASCADE
) COMMENT='系统管理-用户有效权限';

/*Data for the table `sys_auth_mix` */

/*Table structure for table `sys_auth_role` */

CREATE TABLE `sys_auth_role` (
  `ID` VARCHAR(50) NOT NULL COMMENT '主键',
  `AUTH_ID` VARCHAR(50) DEFAULT NULL COMMENT '权限主键',
  `ROLE_ID` VARCHAR(50) DEFAULT NULL COMMENT '角色主键',
  `SIGN` VARCHAR(1000) DEFAULT NULL COMMENT '签名',
  `IS_REVOKE` INT(10) DEFAULT '0' COMMENT '是否禁用0不1禁用',
  `CREATE_USER` VARCHAR(50) DEFAULT NULL COMMENT '创建人id',
  `CREATE_TIME` DATETIME(6) DEFAULT NULL COMMENT '创建时间',
  `UPDATE_TIME` DATETIME(6) DEFAULT NULL COMMENT '更新时间',
  `REMARK` VARCHAR(2000) DEFAULT NULL COMMENT '备注',
  PRIMARY KEY (`ID`),
  KEY `FK_SYS_AUTH_ROLE_AUTH_ID` (`AUTH_ID`),
  KEY `FK_SYS_AUTH_ROLE_ROLE_ID` (`ROLE_ID`),
  CONSTRAINT `FK_SYS_AUTH_ROLE_AUTH_ID` FOREIGN KEY (`AUTH_ID`) REFERENCES `sys_auth` (`ID`) ON DELETE CASCADE ON UPDATE CASCADE,
  CONSTRAINT `FK_SYS_AUTH_ROLE_ROLE_ID` FOREIGN KEY (`ROLE_ID`) REFERENCES `sys_role` (`ID`) ON DELETE CASCADE ON UPDATE CASCADE
) COMMENT='系统管理-角色授权';

/*Data for the table `sys_auth_role` */

INSERT  INTO `sys_auth_role`(`ID`,`AUTH_ID`,`ROLE_ID`,`SIGN`,`IS_REVOKE`,`CREATE_USER`,`CREATE_TIME`,`UPDATE_TIME`,`REMARK`) VALUES ('12323fe2ef32403dbf9dc989d0651111','5fc1b8842fa04faea8f39beb866fd511','admin',NULL,0,NULL,NULL,NULL,NULL);
INSERT  INTO `sys_auth_role`(`ID`,`AUTH_ID`,`ROLE_ID`,`SIGN`,`IS_REVOKE`,`CREATE_USER`,`CREATE_TIME`,`UPDATE_TIME`,`REMARK`) VALUES ('12323fe2ef32403dbf9dc989d0651114','8df5766a29644f50bceee1228964e1cc','admin',NULL,0,NULL,NULL,NULL,NULL);
INSERT  INTO `sys_auth_role`(`ID`,`AUTH_ID`,`ROLE_ID`,`SIGN`,`IS_REVOKE`,`CREATE_USER`,`CREATE_TIME`,`UPDATE_TIME`,`REMARK`) VALUES ('12323fe2ef32403dbf9dc989d0651115','8df5766a29644f50bceee1228964e111','admin',NULL,0,NULL,NULL,NULL,NULL);
INSERT  INTO `sys_auth_role`(`ID`,`AUTH_ID`,`ROLE_ID`,`SIGN`,`IS_REVOKE`,`CREATE_USER`,`CREATE_TIME`,`UPDATE_TIME`,`REMARK`) VALUES ('12323fe2ef32403dbf9dc989d0651116','ac2a8ce16a614324b5ed4e9c24e7e904','admin',NULL,0,NULL,NULL,NULL,NULL);
INSERT  INTO `sys_auth_role`(`ID`,`AUTH_ID`,`ROLE_ID`,`SIGN`,`IS_REVOKE`,`CREATE_USER`,`CREATE_TIME`,`UPDATE_TIME`,`REMARK`) VALUES ('12323fe2ef32403dbf9dc989d0651117','ac2a8ce16a614324b5ed4e9c24e71111','admin',NULL,0,NULL,NULL,NULL,NULL);
INSERT  INTO `sys_auth_role`(`ID`,`AUTH_ID`,`ROLE_ID`,`SIGN`,`IS_REVOKE`,`CREATE_USER`,`CREATE_TIME`,`UPDATE_TIME`,`REMARK`) VALUES ('12323fe2ef32403dbf9dc989d0651118','ffc03579b06a4b7fae6c51c9ff48b311','admin',NULL,0,NULL,NULL,NULL,NULL);
INSERT  INTO `sys_auth_role`(`ID`,`AUTH_ID`,`ROLE_ID`,`SIGN`,`IS_REVOKE`,`CREATE_USER`,`CREATE_TIME`,`UPDATE_TIME`,`REMARK`) VALUES ('12323fe2ef32403dbf9dc989d0651119','ffc03579b06a4b7fae6c51c9ff481111','admin',NULL,0,NULL,NULL,NULL,NULL);
INSERT  INTO `sys_auth_role`(`ID`,`AUTH_ID`,`ROLE_ID`,`SIGN`,`IS_REVOKE`,`CREATE_USER`,`CREATE_TIME`,`UPDATE_TIME`,`REMARK`) VALUES ('12323fe2ef32403dbf9dc989d0651120','ffc03579b06a4b7fae6c51c9ff48b312','admin',NULL,0,NULL,NULL,NULL,NULL);
INSERT  INTO `sys_auth_role`(`ID`,`AUTH_ID`,`ROLE_ID`,`SIGN`,`IS_REVOKE`,`CREATE_USER`,`CREATE_TIME`,`UPDATE_TIME`,`REMARK`) VALUES ('12323fe2ef32403dbf9dc989d0651121','ffc03579b06a4b7fae6c51c9ff482111','admin',NULL,0,NULL,NULL,NULL,NULL);
INSERT  INTO `sys_auth_role`(`ID`,`AUTH_ID`,`ROLE_ID`,`SIGN`,`IS_REVOKE`,`CREATE_USER`,`CREATE_TIME`,`UPDATE_TIME`,`REMARK`) VALUES ('12323fe2ef32403dbf9dc989d0651124','67e1114e83214aeb8a3ec0a6822fdd30','groupadmin',NULL,0,NULL,NULL,NULL,NULL);
INSERT  INTO `sys_auth_role`(`ID`,`AUTH_ID`,`ROLE_ID`,`SIGN`,`IS_REVOKE`,`CREATE_USER`,`CREATE_TIME`,`UPDATE_TIME`,`REMARK`) VALUES ('12323fe2ef32403dbf9dc989d0651129','ac2a8ce16a614324b5ed4e9c24e7e905','groupadmin',NULL,0,NULL,NULL,NULL,NULL);
INSERT  INTO `sys_auth_role`(`ID`,`AUTH_ID`,`ROLE_ID`,`SIGN`,`IS_REVOKE`,`CREATE_USER`,`CREATE_TIME`,`UPDATE_TIME`,`REMARK`) VALUES ('12323fe2ef32403dbf9dc989d0651130','ac2a8ce16a614324b5ed4e9c24e7e111','groupadmin',NULL,0,NULL,NULL,NULL,NULL);
INSERT  INTO `sys_auth_role`(`ID`,`AUTH_ID`,`ROLE_ID`,`SIGN`,`IS_REVOKE`,`CREATE_USER`,`CREATE_TIME`,`UPDATE_TIME`,`REMARK`) VALUES ('12323fe2ef32403dbf9dc989d0651131','a16344b1790e41e98615f6cd19587573','groupadmin',NULL,0,NULL,NULL,NULL,NULL);
INSERT  INTO `sys_auth_role`(`ID`,`AUTH_ID`,`ROLE_ID`,`SIGN`,`IS_REVOKE`,`CREATE_USER`,`CREATE_TIME`,`UPDATE_TIME`,`REMARK`) VALUES ('12323fe2ef32403dbf9dc989d0651132','a16344b1790e41e98615f6cd19587111','groupadmin',NULL,0,NULL,NULL,NULL,NULL);
INSERT  INTO `sys_auth_role`(`ID`,`AUTH_ID`,`ROLE_ID`,`SIGN`,`IS_REVOKE`,`CREATE_USER`,`CREATE_TIME`,`UPDATE_TIME`,`REMARK`) VALUES ('12323fe2ef32403dbf9dc989d0651133','5e80ace300d54486814ee84c1fb29a3a','groupadmin',NULL,0,NULL,NULL,NULL,NULL);
INSERT  INTO `sys_auth_role`(`ID`,`AUTH_ID`,`ROLE_ID`,`SIGN`,`IS_REVOKE`,`CREATE_USER`,`CREATE_TIME`,`UPDATE_TIME`,`REMARK`) VALUES ('12323fe2ef32403dbf9dc989d0651134','5e80ace300d54486814ee84c1fb29111','groupadmin',NULL,0,NULL,NULL,NULL,NULL);
INSERT  INTO `sys_auth_role`(`ID`,`AUTH_ID`,`ROLE_ID`,`SIGN`,`IS_REVOKE`,`CREATE_USER`,`CREATE_TIME`,`UPDATE_TIME`,`REMARK`) VALUES ('12323fe2ef32403dbf9dc989d0651135','a16344b1790e41e98615f6cd19587571','groupadmin',NULL,0,NULL,NULL,NULL,NULL);
INSERT  INTO `sys_auth_role`(`ID`,`AUTH_ID`,`ROLE_ID`,`SIGN`,`IS_REVOKE`,`CREATE_USER`,`CREATE_TIME`,`UPDATE_TIME`,`REMARK`) VALUES ('12323fe2ef32403dbf9dc989d0651136','a16344b1790e41e98615f6cd19587112','groupadmin',NULL,0,NULL,NULL,NULL,NULL);
INSERT  INTO `sys_auth_role`(`ID`,`AUTH_ID`,`ROLE_ID`,`SIGN`,`IS_REVOKE`,`CREATE_USER`,`CREATE_TIME`,`UPDATE_TIME`,`REMARK`) VALUES ('12323fe2ef32403dbf9dc989d0651137','b50cbc8a2b0645729848403093f4246f','groupadmin',NULL,0,NULL,NULL,NULL,NULL);
INSERT  INTO `sys_auth_role`(`ID`,`AUTH_ID`,`ROLE_ID`,`SIGN`,`IS_REVOKE`,`CREATE_USER`,`CREATE_TIME`,`UPDATE_TIME`,`REMARK`) VALUES ('12323fe2ef32403dbf9dc989d0651138','b50cbc8a2b0645729848403093f42111','groupadmin',NULL,0,NULL,NULL,NULL,NULL);
INSERT  INTO `sys_auth_role`(`ID`,`AUTH_ID`,`ROLE_ID`,`SIGN`,`IS_REVOKE`,`CREATE_USER`,`CREATE_TIME`,`UPDATE_TIME`,`REMARK`) VALUES ('12323fe2ef32403dbf9dc989d0651139','39e1b3ec3d6e483b86c4923ea64cfeee','groupadmin',NULL,0,NULL,NULL,NULL,NULL);
INSERT  INTO `sys_auth_role`(`ID`,`AUTH_ID`,`ROLE_ID`,`SIGN`,`IS_REVOKE`,`CREATE_USER`,`CREATE_TIME`,`UPDATE_TIME`,`REMARK`) VALUES ('12323fe2ef32403dbf9dc989d0651140','39e1b3ec3d6e483b86c4923ea64cf111','groupadmin',NULL,0,NULL,NULL,NULL,NULL);
INSERT  INTO `sys_auth_role`(`ID`,`AUTH_ID`,`ROLE_ID`,`SIGN`,`IS_REVOKE`,`CREATE_USER`,`CREATE_TIME`,`UPDATE_TIME`,`REMARK`) VALUES ('12323fe2ef32403dbf9dc989d0651141','ac2a8ce16a614324b5ed4e9c24e7e904','groupadmin',NULL,0,NULL,NULL,NULL,NULL);
INSERT  INTO `sys_auth_role`(`ID`,`AUTH_ID`,`ROLE_ID`,`SIGN`,`IS_REVOKE`,`CREATE_USER`,`CREATE_TIME`,`UPDATE_TIME`,`REMARK`) VALUES ('12323fe2ef32403dbf9dc989d0651142','ac2a8ce16a614324b5ed4e9c24e71112','groupadmin',NULL,0,NULL,NULL,NULL,NULL);
INSERT  INTO `sys_auth_role`(`ID`,`AUTH_ID`,`ROLE_ID`,`SIGN`,`IS_REVOKE`,`CREATE_USER`,`CREATE_TIME`,`UPDATE_TIME`,`REMARK`) VALUES ('12323fe2ef32403dbf9dc989d0651143','ffc03579b06a4b7fae6c51c9ff48b311','groupadmin',NULL,0,NULL,NULL,NULL,NULL);
INSERT  INTO `sys_auth_role`(`ID`,`AUTH_ID`,`ROLE_ID`,`SIGN`,`IS_REVOKE`,`CREATE_USER`,`CREATE_TIME`,`UPDATE_TIME`,`REMARK`) VALUES ('12323fe2ef32403dbf9dc989d0651144','ffc03579b06a4b7fae6c51c9ff481112','groupadmin',NULL,0,NULL,NULL,NULL,NULL);
INSERT  INTO `sys_auth_role`(`ID`,`AUTH_ID`,`ROLE_ID`,`SIGN`,`IS_REVOKE`,`CREATE_USER`,`CREATE_TIME`,`UPDATE_TIME`,`REMARK`) VALUES ('12323fe2ef32403dbf9dc989d0651147','ac2a8ce16a614324b5ed4e9c24e7e904','appadmin',NULL,0,NULL,NULL,NULL,NULL);
INSERT  INTO `sys_auth_role`(`ID`,`AUTH_ID`,`ROLE_ID`,`SIGN`,`IS_REVOKE`,`CREATE_USER`,`CREATE_TIME`,`UPDATE_TIME`,`REMARK`) VALUES ('12323fe2ef32403dbf9dc989d0651148','ac2a8ce16a614324b5ed4e9c24e71113','appadmin',NULL,0,NULL,NULL,NULL,NULL);
INSERT  INTO `sys_auth_role`(`ID`,`AUTH_ID`,`ROLE_ID`,`SIGN`,`IS_REVOKE`,`CREATE_USER`,`CREATE_TIME`,`UPDATE_TIME`,`REMARK`) VALUES ('12323fe2ef32403dbf9dc989d0651149','ffc03579b06a4b7fae6c51c9ff48b311','appadmin',NULL,0,NULL,NULL,NULL,NULL);
INSERT  INTO `sys_auth_role`(`ID`,`AUTH_ID`,`ROLE_ID`,`SIGN`,`IS_REVOKE`,`CREATE_USER`,`CREATE_TIME`,`UPDATE_TIME`,`REMARK`) VALUES ('12323fe2ef32403dbf9dc989d0651150','ffc03579b06a4b7fae6c51c9ff481113','appadmin',NULL,0,NULL,NULL,NULL,NULL);
INSERT  INTO `sys_auth_role`(`ID`,`AUTH_ID`,`ROLE_ID`,`SIGN`,`IS_REVOKE`,`CREATE_USER`,`CREATE_TIME`,`UPDATE_TIME`,`REMARK`) VALUES ('12323fe2ef32403dbf9dc989d0651151','131e140bc2bd4361af5ee488f92b22ad','appadmin',NULL,0,NULL,NULL,NULL,NULL);
INSERT  INTO `sys_auth_role`(`ID`,`AUTH_ID`,`ROLE_ID`,`SIGN`,`IS_REVOKE`,`CREATE_USER`,`CREATE_TIME`,`UPDATE_TIME`,`REMARK`) VALUES ('12323fe2ef32403dbf9dc989d0651152','131e140bc2bd4361af5ee488f92b2111','appadmin',NULL,0,NULL,NULL,NULL,NULL);
INSERT  INTO `sys_auth_role`(`ID`,`AUTH_ID`,`ROLE_ID`,`SIGN`,`IS_REVOKE`,`CREATE_USER`,`CREATE_TIME`,`UPDATE_TIME`,`REMARK`) VALUES ('12323fe2ef32403dbf9dc989d0651153','8bc5761a4d8d49e680515bc50f4baad1','appadmin',NULL,0,NULL,NULL,NULL,NULL);
INSERT  INTO `sys_auth_role`(`ID`,`AUTH_ID`,`ROLE_ID`,`SIGN`,`IS_REVOKE`,`CREATE_USER`,`CREATE_TIME`,`UPDATE_TIME`,`REMARK`) VALUES ('12323fe2ef32403dbf9dc989d0651154','8bc5761a4d8d49e680515bc50f4ba111','appadmin',NULL,0,NULL,NULL,NULL,NULL);
INSERT  INTO `sys_auth_role`(`ID`,`AUTH_ID`,`ROLE_ID`,`SIGN`,`IS_REVOKE`,`CREATE_USER`,`CREATE_TIME`,`UPDATE_TIME`,`REMARK`) VALUES ('12323fe2ef32403dbf9dc989d0651155','39e1b3ec3d6e483b86c4923ea64cfdd0','appadmin',NULL,0,NULL,NULL,NULL,NULL);
INSERT  INTO `sys_auth_role`(`ID`,`AUTH_ID`,`ROLE_ID`,`SIGN`,`IS_REVOKE`,`CREATE_USER`,`CREATE_TIME`,`UPDATE_TIME`,`REMARK`) VALUES ('12323fe2ef32403dbf9dc989d0651156','39e1b3ec3d6e483b86c4923ea64c1111','appadmin',NULL,0,NULL,NULL,NULL,NULL);
INSERT  INTO `sys_auth_role`(`ID`,`AUTH_ID`,`ROLE_ID`,`SIGN`,`IS_REVOKE`,`CREATE_USER`,`CREATE_TIME`,`UPDATE_TIME`,`REMARK`) VALUES ('12323fe2ef32403dbf9dc989d0651157','8d4d2caee7f548889988da2747dfaa4a','appadmin',NULL,0,NULL,NULL,NULL,NULL);
INSERT  INTO `sys_auth_role`(`ID`,`AUTH_ID`,`ROLE_ID`,`SIGN`,`IS_REVOKE`,`CREATE_USER`,`CREATE_TIME`,`UPDATE_TIME`,`REMARK`) VALUES ('12323fe2ef32403dbf9dc989d0651158','39e1b3ec3d6e483b86c4923ea64c1112','appadmin',NULL,0,NULL,NULL,NULL,NULL);
INSERT  INTO `sys_auth_role`(`ID`,`AUTH_ID`,`ROLE_ID`,`SIGN`,`IS_REVOKE`,`CREATE_USER`,`CREATE_TIME`,`UPDATE_TIME`,`REMARK`) VALUES ('12323fe2ef32403dbf9dc989d0651164','334qb3ec3d6e483b86c4923ea64cf112','appadmin',NULL,0,NULL,NULL,NULL,NULL);
INSERT  INTO `sys_auth_role`(`ID`,`AUTH_ID`,`ROLE_ID`,`SIGN`,`IS_REVOKE`,`CREATE_USER`,`CREATE_TIME`,`UPDATE_TIME`,`REMARK`) VALUES ('12323fe2ef32403dbf9dc989d0651165','334qb3ec3d6e483b86c4923ea64cfdd0','appsec',NULL,0,NULL,NULL,NULL,NULL);
INSERT  INTO `sys_auth_role`(`ID`,`AUTH_ID`,`ROLE_ID`,`SIGN`,`IS_REVOKE`,`CREATE_USER`,`CREATE_TIME`,`UPDATE_TIME`,`REMARK`) VALUES ('12323fe2ef32403dbf9dc989d0651166','334qb3ec3d6e483b86c4923ea64cf111','appsec',NULL,0,NULL,NULL,NULL,NULL);
INSERT  INTO `sys_auth_role`(`ID`,`AUTH_ID`,`ROLE_ID`,`SIGN`,`IS_REVOKE`,`CREATE_USER`,`CREATE_TIME`,`UPDATE_TIME`,`REMARK`) VALUES ('12323fe2ef32403dbf9dc989d0651167','334qb3ec3d6e483b86c4923ea64cf113','appsec',NULL,0,NULL,NULL,NULL,NULL);
INSERT  INTO `sys_auth_role`(`ID`,`AUTH_ID`,`ROLE_ID`,`SIGN`,`IS_REVOKE`,`CREATE_USER`,`CREATE_TIME`,`UPDATE_TIME`,`REMARK`) VALUES ('12323fe2ef32403dbf9dc989d0651168','334qb3ec3d6e483b86c4923ea64cf114','appsec',NULL,0,NULL,NULL,NULL,NULL);
INSERT  INTO `sys_auth_role`(`ID`,`AUTH_ID`,`ROLE_ID`,`SIGN`,`IS_REVOKE`,`CREATE_USER`,`CREATE_TIME`,`UPDATE_TIME`,`REMARK`) VALUES ('12323fe2ef32403dbf9dc989d0651170','456wb3ec3d6e483b86c4923ea64cf112','appadmin',NULL,0,NULL,NULL,NULL,NULL);
INSERT  INTO `sys_auth_role`(`ID`,`AUTH_ID`,`ROLE_ID`,`SIGN`,`IS_REVOKE`,`CREATE_USER`,`CREATE_TIME`,`UPDATE_TIME`,`REMARK`) VALUES ('12323fe2ef32403dbf9dc989d0651171','456wb3ec3d6e483b86c4923ea64cfdd0','appsec',NULL,0,NULL,NULL,NULL,NULL);
INSERT  INTO `sys_auth_role`(`ID`,`AUTH_ID`,`ROLE_ID`,`SIGN`,`IS_REVOKE`,`CREATE_USER`,`CREATE_TIME`,`UPDATE_TIME`,`REMARK`) VALUES ('12323fe2ef32403dbf9dc989d0651172','456wb3ec3d6e483b86c4923ea64cf111','appsec',NULL,0,NULL,NULL,NULL,NULL);
INSERT  INTO `sys_auth_role`(`ID`,`AUTH_ID`,`ROLE_ID`,`SIGN`,`IS_REVOKE`,`CREATE_USER`,`CREATE_TIME`,`UPDATE_TIME`,`REMARK`) VALUES ('12323fe2ef32403dbf9dc989d0651174','67yub3ec3d6e483b86c4923ea64cf112','appadmin',NULL,0,NULL,NULL,NULL,NULL);
INSERT  INTO `sys_auth_role`(`ID`,`AUTH_ID`,`ROLE_ID`,`SIGN`,`IS_REVOKE`,`CREATE_USER`,`CREATE_TIME`,`UPDATE_TIME`,`REMARK`) VALUES ('12323fe2ef32403dbf9dc989d0651175','67yub3ec3d6e483b86c4923ea64cfdd0','appsec',NULL,0,NULL,NULL,NULL,NULL);
INSERT  INTO `sys_auth_role`(`ID`,`AUTH_ID`,`ROLE_ID`,`SIGN`,`IS_REVOKE`,`CREATE_USER`,`CREATE_TIME`,`UPDATE_TIME`,`REMARK`) VALUES ('12323fe2ef32403dbf9dc989d0651176','67yub3ec3d6e483b86c4923ea64cf111','appsec',NULL,0,NULL,NULL,NULL,NULL);
INSERT  INTO `sys_auth_role`(`ID`,`AUTH_ID`,`ROLE_ID`,`SIGN`,`IS_REVOKE`,`CREATE_USER`,`CREATE_TIME`,`UPDATE_TIME`,`REMARK`) VALUES ('12323fe2ef32403dbf9dc989d0651179','bc316279a4a9416a8e20019821e640af','admin',NULL,0,NULL,NULL,NULL,NULL);
INSERT  INTO `sys_auth_role`(`ID`,`AUTH_ID`,`ROLE_ID`,`SIGN`,`IS_REVOKE`,`CREATE_USER`,`CREATE_TIME`,`UPDATE_TIME`,`REMARK`) VALUES ('12323fe2ef32403dbf9dc989d0651180','e3b15ac90286450fbe5a721c9f542451','admin',NULL,0,NULL,NULL,NULL,NULL);
INSERT  INTO `sys_auth_role`(`ID`,`AUTH_ID`,`ROLE_ID`,`SIGN`,`IS_REVOKE`,`CREATE_USER`,`CREATE_TIME`,`UPDATE_TIME`,`REMARK`) VALUES ('12323fe2ef32403dbf9dc989d0651181','11316279a4a9416a8e20019821e640af','admin',NULL,0,NULL,NULL,NULL,NULL);
INSERT  INTO `sys_auth_role`(`ID`,`AUTH_ID`,`ROLE_ID`,`SIGN`,`IS_REVOKE`,`CREATE_USER`,`CREATE_TIME`,`UPDATE_TIME`,`REMARK`) VALUES ('12323fe2ef32403dbf9dc989d0651182','e3b15ac90286450fbe5a721c9f542451','sec',NULL,0,NULL,NULL,NULL,NULL);
INSERT  INTO `sys_auth_role`(`ID`,`AUTH_ID`,`ROLE_ID`,`SIGN`,`IS_REVOKE`,`CREATE_USER`,`CREATE_TIME`,`UPDATE_TIME`,`REMARK`) VALUES ('12323fe2ef32403dbf9dc989d0651183','e3b15ac90286450fbe5a721c9f542451','auditor',NULL,0,NULL,NULL,NULL,NULL);
INSERT  INTO `sys_auth_role`(`ID`,`AUTH_ID`,`ROLE_ID`,`SIGN`,`IS_REVOKE`,`CREATE_USER`,`CREATE_TIME`,`UPDATE_TIME`,`REMARK`) VALUES ('12323fe2ef32403dbf9dc989d0651184','bc316279a4a9416a8e20019821e640af','groupadmin',NULL,0,NULL,NULL,NULL,NULL);
INSERT  INTO `sys_auth_role`(`ID`,`AUTH_ID`,`ROLE_ID`,`SIGN`,`IS_REVOKE`,`CREATE_USER`,`CREATE_TIME`,`UPDATE_TIME`,`REMARK`) VALUES ('12323fe2ef32403dbf9dc989d0651185','e3b15ac90286450fbe5a721c9f542451','groupadmin',NULL,0,NULL,NULL,NULL,NULL);
INSERT  INTO `sys_auth_role`(`ID`,`AUTH_ID`,`ROLE_ID`,`SIGN`,`IS_REVOKE`,`CREATE_USER`,`CREATE_TIME`,`UPDATE_TIME`,`REMARK`) VALUES ('12323fe2ef32403dbf9dc989d0651186','11316279a4a9416a8e20019821e640af','groupadmin',NULL,0,NULL,NULL,NULL,NULL);
INSERT  INTO `sys_auth_role`(`ID`,`AUTH_ID`,`ROLE_ID`,`SIGN`,`IS_REVOKE`,`CREATE_USER`,`CREATE_TIME`,`UPDATE_TIME`,`REMARK`) VALUES ('12323fe2ef32403dbf9dc989d0651187','e3b15ac90286450fbe5a721c9f542451','groupsec',NULL,0,NULL,NULL,NULL,NULL);
INSERT  INTO `sys_auth_role`(`ID`,`AUTH_ID`,`ROLE_ID`,`SIGN`,`IS_REVOKE`,`CREATE_USER`,`CREATE_TIME`,`UPDATE_TIME`,`REMARK`) VALUES ('12323fe2ef32403dbf9dc989d0651188','e3b15ac90286450fbe5a721c9f542451','groupauditor',NULL,0,NULL,NULL,NULL,NULL);
INSERT  INTO `sys_auth_role`(`ID`,`AUTH_ID`,`ROLE_ID`,`SIGN`,`IS_REVOKE`,`CREATE_USER`,`CREATE_TIME`,`UPDATE_TIME`,`REMARK`) VALUES ('12323fe2ef32403dbf9dc989d0651189','11316279a4a9416a8e20019821e640af','appadmin',NULL,0,NULL,NULL,NULL,NULL);
INSERT  INTO `sys_auth_role`(`ID`,`AUTH_ID`,`ROLE_ID`,`SIGN`,`IS_REVOKE`,`CREATE_USER`,`CREATE_TIME`,`UPDATE_TIME`,`REMARK`) VALUES ('12323fe2ef32403dbf9dc989d0651190','e3b15ac90286450fbe5a721c9f542451','appadmin',NULL,0,NULL,NULL,NULL,NULL);
INSERT  INTO `sys_auth_role`(`ID`,`AUTH_ID`,`ROLE_ID`,`SIGN`,`IS_REVOKE`,`CREATE_USER`,`CREATE_TIME`,`UPDATE_TIME`,`REMARK`) VALUES ('12323fe2ef32403dbf9dc989d0651192','11erb3ec3d6e483b86c4923ea64cfdd0','appadmin',NULL,0,NULL,NULL,NULL,NULL);
INSERT  INTO `sys_auth_role`(`ID`,`AUTH_ID`,`ROLE_ID`,`SIGN`,`IS_REVOKE`,`CREATE_USER`,`CREATE_TIME`,`UPDATE_TIME`,`REMARK`) VALUES ('12323fe2ef32403dbf9dc989d0651193','04d7893c4a4d4345b18b0789af13753f','appsec',NULL,0,NULL,NULL,NULL,NULL);
INSERT  INTO `sys_auth_role`(`ID`,`AUTH_ID`,`ROLE_ID`,`SIGN`,`IS_REVOKE`,`CREATE_USER`,`CREATE_TIME`,`UPDATE_TIME`,`REMARK`) VALUES ('12323fe2ef32403dbf9dc989d0651194','e3b15ac90286450fbe5a721c9f542451','appsec',NULL,0,NULL,NULL,NULL,NULL);
INSERT  INTO `sys_auth_role`(`ID`,`AUTH_ID`,`ROLE_ID`,`SIGN`,`IS_REVOKE`,`CREATE_USER`,`CREATE_TIME`,`UPDATE_TIME`,`REMARK`) VALUES ('12323fe2ef32403dbf9dc989d0651195','11erb3ec3d6e483b86c4923ea64cfdd0','appsec',NULL,0,NULL,NULL,NULL,NULL);
INSERT  INTO `sys_auth_role`(`ID`,`AUTH_ID`,`ROLE_ID`,`SIGN`,`IS_REVOKE`,`CREATE_USER`,`CREATE_TIME`,`UPDATE_TIME`,`REMARK`) VALUES ('12323fe2ef32403dbf9dc989d0651196','04d7893c4a4d4345b18b0789af13753f','appauditor',NULL,0,NULL,NULL,NULL,NULL);
INSERT  INTO `sys_auth_role`(`ID`,`AUTH_ID`,`ROLE_ID`,`SIGN`,`IS_REVOKE`,`CREATE_USER`,`CREATE_TIME`,`UPDATE_TIME`,`REMARK`) VALUES ('12323fe2ef32403dbf9dc989d0651197','e3b15ac90286450fbe5a721c9f542451','appauditor',NULL,0,NULL,NULL,NULL,NULL);
INSERT  INTO `sys_auth_role`(`ID`,`AUTH_ID`,`ROLE_ID`,`SIGN`,`IS_REVOKE`,`CREATE_USER`,`CREATE_TIME`,`UPDATE_TIME`,`REMARK`) VALUES ('12323fe2ef32403dbf9dc989d0651198','04d7893c4a4d4345b18b0789af13753f','sec',NULL,0,NULL,NULL,NULL,NULL);
INSERT  INTO `sys_auth_role`(`ID`,`AUTH_ID`,`ROLE_ID`,`SIGN`,`IS_REVOKE`,`CREATE_USER`,`CREATE_TIME`,`UPDATE_TIME`,`REMARK`) VALUES ('12323fe2ef32403dbf9dc989d0651199','04d7893c4a4d4345b18b0789af13753f','groupsec',NULL,0,NULL,NULL,NULL,NULL);
INSERT  INTO `sys_auth_role`(`ID`,`AUTH_ID`,`ROLE_ID`,`SIGN`,`IS_REVOKE`,`CREATE_USER`,`CREATE_TIME`,`UPDATE_TIME`,`REMARK`) VALUES ('12323fe2ef32403dbf9dc989d0651200','04d7893c4a4d4345b18b0789af13753f','groupauditor',NULL,0,NULL,NULL,NULL,NULL);
INSERT  INTO `sys_auth_role`(`ID`,`AUTH_ID`,`ROLE_ID`,`SIGN`,`IS_REVOKE`,`CREATE_USER`,`CREATE_TIME`,`UPDATE_TIME`,`REMARK`) VALUES ('12323fe2ef32403dbf9dc989d0651201','04d7893c4a4d4345b18b0789af13753f','auditor',NULL,0,NULL,NULL,NULL,NULL);
INSERT  INTO `sys_auth_role`(`ID`,`AUTH_ID`,`ROLE_ID`,`SIGN`,`IS_REVOKE`,`CREATE_USER`,`CREATE_TIME`,`UPDATE_TIME`,`REMARK`) VALUES ('12323fe2ef32403dbf9dc989d0651202','8bc5761a4d8d49e680515bc50f4baad1','groupadmin',NULL,0,NULL,NULL,NULL,NULL);
INSERT  INTO `sys_auth_role`(`ID`,`AUTH_ID`,`ROLE_ID`,`SIGN`,`IS_REVOKE`,`CREATE_USER`,`CREATE_TIME`,`UPDATE_TIME`,`REMARK`) VALUES ('12323fe2ef32403dbf9dc989d0651203','39e1b3ec3d6e483b86c4923ea64cfdd0','groupadmin',NULL,0,NULL,NULL,NULL,NULL);
INSERT  INTO `sys_auth_role`(`ID`,`AUTH_ID`,`ROLE_ID`,`SIGN`,`IS_REVOKE`,`CREATE_USER`,`CREATE_TIME`,`UPDATE_TIME`,`REMARK`) VALUES ('12323fe2ef32403dbf9dc989d0651204','8bc5761a4d8d49e680515bc50f4ba111','groupadmin',NULL,0,NULL,NULL,NULL,NULL);
INSERT  INTO `sys_auth_role`(`ID`,`AUTH_ID`,`ROLE_ID`,`SIGN`,`IS_REVOKE`,`CREATE_USER`,`CREATE_TIME`,`UPDATE_TIME`,`REMARK`) VALUES ('12323fe2ef32403dbf9dc989d0651205','39e1b3ec3d6e483b86c4923ea64c1111','groupadmin',NULL,0,NULL,NULL,NULL,NULL);
INSERT  INTO `sys_auth_role`(`ID`,`AUTH_ID`,`ROLE_ID`,`SIGN`,`IS_REVOKE`,`CREATE_USER`,`CREATE_TIME`,`UPDATE_TIME`,`REMARK`) VALUES ('12323fe2ef32403dbf9dc989d0651206','39e1b3ec3d6e483b86c4923ea64c1112','groupadmin',NULL,0,NULL,NULL,NULL,NULL);
INSERT  INTO `sys_auth_role`(`ID`,`AUTH_ID`,`ROLE_ID`,`SIGN`,`IS_REVOKE`,`CREATE_USER`,`CREATE_TIME`,`UPDATE_TIME`,`REMARK`) VALUES ('12323fe2ef32403dbf9dc989d0651207','e3b15ac90286450fbe5a721c9f542433','admin',NULL,0,NULL,NULL,NULL,NULL);
INSERT  INTO `sys_auth_role`(`ID`,`AUTH_ID`,`ROLE_ID`,`SIGN`,`IS_REVOKE`,`CREATE_USER`,`CREATE_TIME`,`UPDATE_TIME`,`REMARK`) VALUES ('12323fe2ef32403dbf9dc989d0651208','e3b15ac90286450fbe5a721c9f542433','sec',NULL,0,NULL,NULL,NULL,NULL);
INSERT  INTO `sys_auth_role`(`ID`,`AUTH_ID`,`ROLE_ID`,`SIGN`,`IS_REVOKE`,`CREATE_USER`,`CREATE_TIME`,`UPDATE_TIME`,`REMARK`) VALUES ('12323fe2ef32403dbf9dc989d0651209','e3b15ac90286450fbe5a721c9f542433','auditor',NULL,0,NULL,NULL,NULL,NULL);
INSERT  INTO `sys_auth_role`(`ID`,`AUTH_ID`,`ROLE_ID`,`SIGN`,`IS_REVOKE`,`CREATE_USER`,`CREATE_TIME`,`UPDATE_TIME`,`REMARK`) VALUES ('12323fe2ef32403dbf9dc989d0651210','e3b15ac90286450fbe5a721c9f542433','groupadmin',NULL,0,NULL,NULL,NULL,NULL);
INSERT  INTO `sys_auth_role`(`ID`,`AUTH_ID`,`ROLE_ID`,`SIGN`,`IS_REVOKE`,`CREATE_USER`,`CREATE_TIME`,`UPDATE_TIME`,`REMARK`) VALUES ('12323fe2ef32403dbf9dc989d0651211','e3b15ac90286450fbe5a721c9f542433','groupsec',NULL,0,NULL,NULL,NULL,NULL);
INSERT  INTO `sys_auth_role`(`ID`,`AUTH_ID`,`ROLE_ID`,`SIGN`,`IS_REVOKE`,`CREATE_USER`,`CREATE_TIME`,`UPDATE_TIME`,`REMARK`) VALUES ('12323fe2ef32403dbf9dc989d0651212','e3b15ac90286450fbe5a721c9f542433','groupauditor',NULL,0,NULL,NULL,NULL,NULL);
INSERT  INTO `sys_auth_role`(`ID`,`AUTH_ID`,`ROLE_ID`,`SIGN`,`IS_REVOKE`,`CREATE_USER`,`CREATE_TIME`,`UPDATE_TIME`,`REMARK`) VALUES ('12323fe2ef32403dbf9dc989d0651213','e3b15ac90286450fbe5a721c9f542433','appadmin',NULL,0,NULL,NULL,NULL,NULL);
INSERT  INTO `sys_auth_role`(`ID`,`AUTH_ID`,`ROLE_ID`,`SIGN`,`IS_REVOKE`,`CREATE_USER`,`CREATE_TIME`,`UPDATE_TIME`,`REMARK`) VALUES ('12323fe2ef32403dbf9dc989d0651214','e3b15ac90286450fbe5a721c9f542433','appsec',NULL,0,NULL,NULL,NULL,NULL);
INSERT  INTO `sys_auth_role`(`ID`,`AUTH_ID`,`ROLE_ID`,`SIGN`,`IS_REVOKE`,`CREATE_USER`,`CREATE_TIME`,`UPDATE_TIME`,`REMARK`) VALUES ('12323fe2ef32403dbf9dc989d0651215','e3b15ac90286450fbe5a721c9f542433','appauditor',NULL,0,NULL,NULL,NULL,NULL);
INSERT  INTO `sys_auth_role`(`ID`,`AUTH_ID`,`ROLE_ID`,`SIGN`,`IS_REVOKE`,`CREATE_USER`,`CREATE_TIME`,`UPDATE_TIME`,`REMARK`) VALUES ('12323fe2ef32403dbf9dc989d0651216','e3b15ac90286450fbe5a721c9f542344','admin',NULL,0,NULL,NULL,NULL,NULL);
INSERT  INTO `sys_auth_role`(`ID`,`AUTH_ID`,`ROLE_ID`,`SIGN`,`IS_REVOKE`,`CREATE_USER`,`CREATE_TIME`,`UPDATE_TIME`,`REMARK`) VALUES ('12323fe2ef32403dbf9dc989d0651217','12315ac90286450fbe5a721c9f542344','admin',NULL,0,NULL,NULL,NULL,NULL);
INSERT  INTO `sys_auth_role`(`ID`,`AUTH_ID`,`ROLE_ID`,`SIGN`,`IS_REVOKE`,`CREATE_USER`,`CREATE_TIME`,`UPDATE_TIME`,`REMARK`) VALUES ('12323fe2ef32403dbf9dc989d0651218','23315ac90286450fbe5a721c9f542344','admin',NULL,0,NULL,NULL,NULL,NULL);
INSERT  INTO `sys_auth_role`(`ID`,`AUTH_ID`,`ROLE_ID`,`SIGN`,`IS_REVOKE`,`CREATE_USER`,`CREATE_TIME`,`UPDATE_TIME`,`REMARK`) VALUES ('12323fe2ef32403dbf9dc989d0651219','34415ac90286450fbe5a721c9f542344','admin',NULL,0,NULL,NULL,NULL,NULL);
INSERT  INTO `sys_auth_role`(`ID`,`AUTH_ID`,`ROLE_ID`,`SIGN`,`IS_REVOKE`,`CREATE_USER`,`CREATE_TIME`,`UPDATE_TIME`,`REMARK`) VALUES ('12323fe2ef32403dbf9dc989d0651220','12315ac90286450fbe5a721c9f54ddd1','admin',NULL,0,NULL,NULL,NULL,NULL);
INSERT  INTO `sys_auth_role`(`ID`,`AUTH_ID`,`ROLE_ID`,`SIGN`,`IS_REVOKE`,`CREATE_USER`,`CREATE_TIME`,`UPDATE_TIME`,`REMARK`) VALUES ('12323fe2ef32403dbf9dc989d0651221','23315ac90286450fbe5a721c9f54ddd2','admin',NULL,0,NULL,NULL,NULL,NULL);
INSERT  INTO `sys_auth_role`(`ID`,`AUTH_ID`,`ROLE_ID`,`SIGN`,`IS_REVOKE`,`CREATE_USER`,`CREATE_TIME`,`UPDATE_TIME`,`REMARK`) VALUES ('12323fe2ef32403dbf9dc989d0651222','34415ac90286450fbe5a721c9f54ddd3','admin',NULL,0,NULL,NULL,NULL,NULL);
INSERT  INTO `sys_auth_role`(`ID`,`AUTH_ID`,`ROLE_ID`,`SIGN`,`IS_REVOKE`,`CREATE_USER`,`CREATE_TIME`,`UPDATE_TIME`,`REMARK`) VALUES ('12323fe2ef32403dbf9dc989d0651223','77yub3ec3d6e483b86c4923ea6411111','appadmin',NULL,0,NULL,NULL,NULL,NULL);
INSERT  INTO `sys_auth_role`(`ID`,`AUTH_ID`,`ROLE_ID`,`SIGN`,`IS_REVOKE`,`CREATE_USER`,`CREATE_TIME`,`UPDATE_TIME`,`REMARK`) VALUES ('12323fe2ef32403dbf9dc989d0651224','22316279a4a9416a8e20019821e640af','appadmin',NULL,0,NULL,NULL,NULL,NULL);
INSERT  INTO `sys_auth_role`(`ID`,`AUTH_ID`,`ROLE_ID`,`SIGN`,`IS_REVOKE`,`CREATE_USER`,`CREATE_TIME`,`UPDATE_TIME`,`REMARK`) VALUES ('12323fe2ef32403dbf9dc989d0651225','11116279a4a9416a8e20019821e61111','groupadmin',NULL,0,NULL,NULL,NULL,NULL);
INSERT  INTO `sys_auth_role`(`ID`,`AUTH_ID`,`ROLE_ID`,`SIGN`,`IS_REVOKE`,`CREATE_USER`,`CREATE_TIME`,`UPDATE_TIME`,`REMARK`) VALUES ('12323fe2ef32403dbf9dc989d0651227','3333ba3204344d37929abd4ad9a12222','appadmin',NULL,0,NULL,NULL,NULL,NULL);
INSERT  INTO `sys_auth_role`(`ID`,`AUTH_ID`,`ROLE_ID`,`SIGN`,`IS_REVOKE`,`CREATE_USER`,`CREATE_TIME`,`UPDATE_TIME`,`REMARK`) VALUES ('12323fe2ef32403dbf9dc989d0651228','3456ba3204344d37929abd4ad9a15678','appadmin',NULL,0,NULL,NULL,NULL,NULL);
INSERT  INTO `sys_auth_role`(`ID`,`AUTH_ID`,`ROLE_ID`,`SIGN`,`IS_REVOKE`,`CREATE_USER`,`CREATE_TIME`,`UPDATE_TIME`,`REMARK`) VALUES ('12323fe2ef32403dbf9dc989d0651229','7756ba3204344d37929abd4ad9a15699','appadmin',NULL,0,NULL,NULL,NULL,NULL);
INSERT  INTO `sys_auth_role`(`ID`,`AUTH_ID`,`ROLE_ID`,`SIGN`,`IS_REVOKE`,`CREATE_USER`,`CREATE_TIME`,`UPDATE_TIME`,`REMARK`) VALUES ('12323fe2ef32403dbf9dc989d0651230','1116ba3204344d37929abd4ad9a15222','appadmin',NULL,0,NULL,NULL,NULL,NULL);
INSERT  INTO `sys_auth_role`(`ID`,`AUTH_ID`,`ROLE_ID`,`SIGN`,`IS_REVOKE`,`CREATE_USER`,`CREATE_TIME`,`UPDATE_TIME`,`REMARK`) VALUES ('12323fe2ef32403dbf9dc989d0651231','5fc1b8842fa04faea8f39beb866fd511','sec',NULL,0,NULL,NULL,NULL,NULL);
-- INSERT  INTO `sys_auth_role`(`ID`,`AUTH_ID`,`ROLE_ID`,`SIGN`,`IS_REVOKE`,`CREATE_USER`,`CREATE_TIME`,`UPDATE_TIME`,`REMARK`) VALUES ('12323fe2ef32403dbf9dc989d0651233','tyuub3ec3d6e483b86c4923ea64cfwe5','appadmin',NULL,0,NULL,NULL,NULL,NULL);
INSERT  INTO `sys_auth_role`(`ID`,`AUTH_ID`,`ROLE_ID`,`SIGN`,`IS_REVOKE`,`CREATE_USER`,`CREATE_TIME`,`UPDATE_TIME`,`REMARK`) VALUES ('12323fe2ef32403dbf9dc989d0651234','tyuub3ec3d6e483b86c4923ea64cfwe5','appsec',NULL,0,NULL,NULL,NULL,NULL);
INSERT  INTO `sys_auth_role`(`ID`,`AUTH_ID`,`ROLE_ID`,`SIGN`,`IS_REVOKE`,`CREATE_USER`,`CREATE_TIME`,`UPDATE_TIME`,`REMARK`) VALUES ('12323fe2ef32403dbf9dc989d0651235','04d7893c4a4d4345b18b0789af13753f','admin',NULL,0,NULL,NULL,NULL,NULL);
INSERT  INTO `sys_auth_role`(`ID`,`AUTH_ID`,`ROLE_ID`,`SIGN`,`IS_REVOKE`,`CREATE_USER`,`CREATE_TIME`,`UPDATE_TIME`,`REMARK`) VALUES ('12323fe2ef32403dbf9dc989d0651236','04d7893c4a4d4345b18b0789af13753f','groupadmin',NULL,0,NULL,NULL,NULL,NULL);
INSERT  INTO `sys_auth_role`(`ID`,`AUTH_ID`,`ROLE_ID`,`SIGN`,`IS_REVOKE`,`CREATE_USER`,`CREATE_TIME`,`UPDATE_TIME`,`REMARK`) VALUES ('12323fe2ef32403dbf9dc989d0651237','04d7893c4a4d4345b18b0789af13753f','appadmin',NULL,0,NULL,NULL,NULL,NULL);
INSERT  INTO `sys_auth_role`(`ID`,`AUTH_ID`,`ROLE_ID`,`SIGN`,`IS_REVOKE`,`CREATE_USER`,`CREATE_TIME`,`UPDATE_TIME`,`REMARK`) VALUES ('12323fe2ef32403dbf9dc989d0651241','a16344b1790e41e98615f6cd19587572','groupadmin',NULL,0,NULL,NULL,NULL,NULL);
INSERT  INTO `sys_auth_role`(`ID`,`AUTH_ID`,`ROLE_ID`,`SIGN`,`IS_REVOKE`,`CREATE_USER`,`CREATE_TIME`,`UPDATE_TIME`,`REMARK`) VALUES ('12323fe2ef32403dbf9dc989d0651242','a16344b1790e41e98615f6cd1958757r','groupadmin',NULL,0,NULL,NULL,NULL,NULL);
INSERT  INTO `sys_auth_role`(`ID`,`AUTH_ID`,`ROLE_ID`,`SIGN`,`IS_REVOKE`,`CREATE_USER`,`CREATE_TIME`,`UPDATE_TIME`,`REMARK`) VALUES ('12323fe2ef32403dbf9dc989d0651243','twerba3204344d37929abd4ad9a1dfgh','appadmin',NULL,0,NULL,NULL,NULL,NULL);
INSERT  INTO `sys_auth_role`(`ID`,`AUTH_ID`,`ROLE_ID`,`SIGN`,`IS_REVOKE`,`CREATE_USER`,`CREATE_TIME`,`UPDATE_TIME`,`REMARK`) VALUES ('12323fe2ef32403dbf9dc989d0651244','1234ba3204344d37929abd4ad9a1dgth','appadmin',NULL,0,NULL,NULL,NULL,NULL);
INSERT  INTO `sys_auth_role`(`ID`,`AUTH_ID`,`ROLE_ID`,`SIGN`,`IS_REVOKE`,`CREATE_USER`,`CREATE_TIME`,`UPDATE_TIME`,`REMARK`) VALUES ('12323fe2ef32403dbf9dc989d0651245','2234ba3204344d37929abd4ad9a1dgth','appadmin',NULL,0,NULL,NULL,NULL,NULL);
INSERT  INTO `sys_auth_role`(`ID`,`AUTH_ID`,`ROLE_ID`,`SIGN`,`IS_REVOKE`,`CREATE_USER`,`CREATE_TIME`,`UPDATE_TIME`,`REMARK`) VALUES ('12323fe2ef32403dbf9dc989d0651246','3234ba3204344d37929abd4ad9a1dgth','appadmin',NULL,0,NULL,NULL,NULL,NULL);
INSERT  INTO `sys_auth_role`(`ID`,`AUTH_ID`,`ROLE_ID`,`SIGN`,`IS_REVOKE`,`CREATE_USER`,`CREATE_TIME`,`UPDATE_TIME`,`REMARK`) VALUES ('12323fe2ef32403dbf9dc989d0651247','4234ba3204344d37929abd4ad9a1dgth','appadmin',NULL,0,NULL,NULL,NULL,NULL);
INSERT  INTO `sys_auth_role`(`ID`,`AUTH_ID`,`ROLE_ID`,`SIGN`,`IS_REVOKE`,`CREATE_USER`,`CREATE_TIME`,`UPDATE_TIME`,`REMARK`) VALUES ('12323fe2ef32403dbf9dc989d0651248','5234ba3204344d37929abd4ad9a1dgth','appadmin',NULL,0,NULL,NULL,NULL,NULL);
INSERT  INTO `sys_auth_role`(`ID`,`AUTH_ID`,`ROLE_ID`,`SIGN`,`IS_REVOKE`,`CREATE_USER`,`CREATE_TIME`,`UPDATE_TIME`,`REMARK`) VALUES ('12323fe2ef32403dbf9dc989d0651249','34116279a4a9416a8e20019821e61341','admin',NULL,0,NULL,NULL,NULL,NULL);
INSERT  INTO `sys_auth_role`(`ID`,`AUTH_ID`,`ROLE_ID`,`SIGN`,`IS_REVOKE`,`CREATE_USER`,`CREATE_TIME`,`UPDATE_TIME`,`REMARK`) VALUES ('12323fe2ef32403dbf9dc989d0651250','45676279a4a9416a8e20019821e6ghjk','admin',NULL,0,NULL,NULL,NULL,NULL);
INSERT  INTO `sys_auth_role`(`ID`,`AUTH_ID`,`ROLE_ID`,`SIGN`,`IS_REVOKE`,`CREATE_USER`,`CREATE_TIME`,`UPDATE_TIME`,`REMARK`) VALUES ('12323fe2ef32403dbf9dc989d0651251','yut76279a4a9416a8e20019821e6g45t','admin',NULL,0,NULL,NULL,NULL,NULL);
INSERT  INTO `sys_auth_role`(`ID`,`AUTH_ID`,`ROLE_ID`,`SIGN`,`IS_REVOKE`,`CREATE_USER`,`CREATE_TIME`,`UPDATE_TIME`,`REMARK`) VALUES ('12323fe2ef32403dbf9dc989d065rt78','67e1114e83214aeb8a3ec0a6822fdd30','groupsec',NULL,0,NULL,NULL,NULL,NULL);
INSERT  INTO `sys_auth_role`(`ID`,`AUTH_ID`,`ROLE_ID`,`SIGN`,`IS_REVOKE`,`CREATE_USER`,`CREATE_TIME`,`UPDATE_TIME`,`REMARK`) VALUES ('vbnm3fe2ef32403dbf9dc989d06vbnm1','8d4d2caee7f548889988da2747dfaa4a','appsec',NULL,0,NULL,NULL,NULL,NULL);

/*Table structure for table `sys_auth_role_lv` */

CREATE TABLE `sys_auth_role_lv` (
  `ID` VARCHAR(50) NOT NULL COMMENT '主键',
  `VERSION_NO` INT(10) DEFAULT '0' COMMENT '版本编号',
  `IS_LAST_VERSION` INT(1) DEFAULT '0' COMMENT '是否最新版本0不是1是',
  `VERSION_BEGIN_TIME` DATETIME(6) DEFAULT NULL COMMENT '版本启用时间',
  `VERSION_END_TIME` DATETIME(6) DEFAULT NULL COMMENT '版本停用时间',
  `VERSION_BEGIN_USER_ID` VARCHAR(50) DEFAULT NULL COMMENT '版本启用人主键',
  `VERSION_END_USER_ID` VARCHAR(50) DEFAULT NULL COMMENT '版本停用人主键',
  `ROLE_ID` VARCHAR(50) DEFAULT NULL COMMENT '角色id',
  PRIMARY KEY (`ID`)
) COMMENT='系统管理-角色授权版本控制';

/*Data for the table `sys_auth_role_lv` */

INSERT  INTO `sys_auth_role_lv`(`ID`,`VERSION_NO`,`IS_LAST_VERSION`,`VERSION_BEGIN_TIME`,`VERSION_END_TIME`,`VERSION_BEGIN_USER_ID`,`VERSION_END_USER_ID`,`ROLE_ID`) VALUES ('admin',1,1,NULL,NULL,NULL,NULL,'admin');
INSERT  INTO `sys_auth_role_lv`(`ID`,`VERSION_NO`,`IS_LAST_VERSION`,`VERSION_BEGIN_TIME`,`VERSION_END_TIME`,`VERSION_BEGIN_USER_ID`,`VERSION_END_USER_ID`,`ROLE_ID`) VALUES ('appadmin',1,1,NULL,NULL,NULL,NULL,'appadmin');
INSERT  INTO `sys_auth_role_lv`(`ID`,`VERSION_NO`,`IS_LAST_VERSION`,`VERSION_BEGIN_TIME`,`VERSION_END_TIME`,`VERSION_BEGIN_USER_ID`,`VERSION_END_USER_ID`,`ROLE_ID`) VALUES ('appauditor',1,1,NULL,NULL,NULL,NULL,'appauditor');
INSERT  INTO `sys_auth_role_lv`(`ID`,`VERSION_NO`,`IS_LAST_VERSION`,`VERSION_BEGIN_TIME`,`VERSION_END_TIME`,`VERSION_BEGIN_USER_ID`,`VERSION_END_USER_ID`,`ROLE_ID`) VALUES ('appsec',1,1,NULL,NULL,NULL,NULL,'appsec');
INSERT  INTO `sys_auth_role_lv`(`ID`,`VERSION_NO`,`IS_LAST_VERSION`,`VERSION_BEGIN_TIME`,`VERSION_END_TIME`,`VERSION_BEGIN_USER_ID`,`VERSION_END_USER_ID`,`ROLE_ID`) VALUES ('auditor',1,1,NULL,NULL,NULL,NULL,'auditor');
INSERT  INTO `sys_auth_role_lv`(`ID`,`VERSION_NO`,`IS_LAST_VERSION`,`VERSION_BEGIN_TIME`,`VERSION_END_TIME`,`VERSION_BEGIN_USER_ID`,`VERSION_END_USER_ID`,`ROLE_ID`) VALUES ('groupadmin',1,1,NULL,NULL,NULL,NULL,'groupadmin');
INSERT  INTO `sys_auth_role_lv`(`ID`,`VERSION_NO`,`IS_LAST_VERSION`,`VERSION_BEGIN_TIME`,`VERSION_END_TIME`,`VERSION_BEGIN_USER_ID`,`VERSION_END_USER_ID`,`ROLE_ID`) VALUES ('groupauditor',1,1,NULL,NULL,NULL,NULL,'groupauditor');
INSERT  INTO `sys_auth_role_lv`(`ID`,`VERSION_NO`,`IS_LAST_VERSION`,`VERSION_BEGIN_TIME`,`VERSION_END_TIME`,`VERSION_BEGIN_USER_ID`,`VERSION_END_USER_ID`,`ROLE_ID`) VALUES ('groupsec',1,1,NULL,NULL,NULL,NULL,'groupsec');
INSERT  INTO `sys_auth_role_lv`(`ID`,`VERSION_NO`,`IS_LAST_VERSION`,`VERSION_BEGIN_TIME`,`VERSION_END_TIME`,`VERSION_BEGIN_USER_ID`,`VERSION_END_USER_ID`,`ROLE_ID`) VALUES ('sec',1,1,NULL,NULL,NULL,NULL,'sec');

/*Table structure for table `sys_auth_role_v` */

CREATE TABLE `sys_auth_role_v` (
  `ID` VARCHAR(50) NOT NULL COMMENT '主键',
  `AUTH_ID` VARCHAR(50) DEFAULT NULL COMMENT '权限主键',
  `ROLE_ID` VARCHAR(50) DEFAULT NULL COMMENT '角色主键',
  `SIGN` VARCHAR(1000) DEFAULT NULL COMMENT '签名',
  `IS_REVOKE` INT(1) DEFAULT NULL COMMENT '是否禁用',
  `CREATE_USER` VARCHAR(50) DEFAULT NULL COMMENT '创建人id',
  `CREATE_TIME` DATETIME(6) DEFAULT NULL COMMENT '创建时间',
  `UPDATE_TIME` DATETIME(6) DEFAULT NULL COMMENT '更新时间',
  `REMARK` VARCHAR(50) DEFAULT NULL COMMENT '备注',
  `LV_ID` VARCHAR(50) DEFAULT NULL COMMENT '角色授权版本控制主键',
  PRIMARY KEY (`ID`),
  KEY `FK_SYS_AUTH_ROLE_LV_ID` (`LV_ID`),
  CONSTRAINT `FK_SYS_AUTH_ROLE_LV_ID` FOREIGN KEY (`LV_ID`) REFERENCES `sys_auth_role_lv` (`ID`)
) COMMENT='系统管理-角色授权版本历史数据';

/*Data for the table `sys_auth_role_v` */

INSERT  INTO `sys_auth_role_v`(`ID`,`AUTH_ID`,`ROLE_ID`,`SIGN`,`IS_REVOKE`,`CREATE_USER`,`CREATE_TIME`,`UPDATE_TIME`,`REMARK`,`LV_ID`) VALUES ('03A9EA7C-783B-3DB7-4CA9-1EB5BA26EE25','11erb3ec3d6e483b86c4923ea64cfdd0','appsec',NULL,0,NULL,NULL,NULL,NULL,'appsec');
INSERT  INTO `sys_auth_role_v`(`ID`,`AUTH_ID`,`ROLE_ID`,`SIGN`,`IS_REVOKE`,`CREATE_USER`,`CREATE_TIME`,`UPDATE_TIME`,`REMARK`,`LV_ID`) VALUES ('111B1F11-4029-B4A5-A03B-4D3154A66345','3333ba3204344d37929abd4ad9a12222','appadmin',NULL,0,NULL,NULL,NULL,NULL,'appadmin');
INSERT  INTO `sys_auth_role_v`(`ID`,`AUTH_ID`,`ROLE_ID`,`SIGN`,`IS_REVOKE`,`CREATE_USER`,`CREATE_TIME`,`UPDATE_TIME`,`REMARK`,`LV_ID`) VALUES ('11F70485-0733-30C6-B229-5ED50011EEEE','11116279a4a9416a8e20019821e61111','groupadmin',NULL,0,NULL,NULL,NULL,NULL,'groupadmin');
INSERT  INTO `sys_auth_role_v`(`ID`,`AUTH_ID`,`ROLE_ID`,`SIGN`,`IS_REVOKE`,`CREATE_USER`,`CREATE_TIME`,`UPDATE_TIME`,`REMARK`,`LV_ID`) VALUES ('12323fe2ef32403dbf9dc989d0651243','twerba3204344d37929abd4ad9a1dfgh','appadmin',NULL,0,NULL,NULL,NULL,NULL,'appadmin');
INSERT  INTO `sys_auth_role_v`(`ID`,`AUTH_ID`,`ROLE_ID`,`SIGN`,`IS_REVOKE`,`CREATE_USER`,`CREATE_TIME`,`UPDATE_TIME`,`REMARK`,`LV_ID`) VALUES ('12323fe2ef32403dbf9dc989d0651244','1234ba3204344d37929abd4ad9a1dgth','appadmin',NULL,0,NULL,NULL,NULL,NULL,'appadmin');
INSERT  INTO `sys_auth_role_v`(`ID`,`AUTH_ID`,`ROLE_ID`,`SIGN`,`IS_REVOKE`,`CREATE_USER`,`CREATE_TIME`,`UPDATE_TIME`,`REMARK`,`LV_ID`) VALUES ('12323fe2ef32403dbf9dc989d0651245','2234ba3204344d37929abd4ad9a1dgth','appadmin',NULL,0,NULL,NULL,NULL,NULL,'appadmin');
INSERT  INTO `sys_auth_role_v`(`ID`,`AUTH_ID`,`ROLE_ID`,`SIGN`,`IS_REVOKE`,`CREATE_USER`,`CREATE_TIME`,`UPDATE_TIME`,`REMARK`,`LV_ID`) VALUES ('12323fe2ef32403dbf9dc989d0651246','3234ba3204344d37929abd4ad9a1dgth','appadmin',NULL,0,NULL,NULL,NULL,NULL,'appadmin');
INSERT  INTO `sys_auth_role_v`(`ID`,`AUTH_ID`,`ROLE_ID`,`SIGN`,`IS_REVOKE`,`CREATE_USER`,`CREATE_TIME`,`UPDATE_TIME`,`REMARK`,`LV_ID`) VALUES ('12323fe2ef32403dbf9dc989d0651247','4234ba3204344d37929abd4ad9a1dgth','appadmin',NULL,0,NULL,NULL,NULL,NULL,'appadmin');
INSERT  INTO `sys_auth_role_v`(`ID`,`AUTH_ID`,`ROLE_ID`,`SIGN`,`IS_REVOKE`,`CREATE_USER`,`CREATE_TIME`,`UPDATE_TIME`,`REMARK`,`LV_ID`) VALUES ('12323fe2ef32403dbf9dc989d0651248','5234ba3204344d37929abd4ad9a1dgth','appadmin',NULL,0,NULL,NULL,NULL,NULL,'appadmin');
INSERT  INTO `sys_auth_role_v`(`ID`,`AUTH_ID`,`ROLE_ID`,`SIGN`,`IS_REVOKE`,`CREATE_USER`,`CREATE_TIME`,`UPDATE_TIME`,`REMARK`,`LV_ID`) VALUES ('12323fe2ef32403dbf9dc989d0651249','34116279a4a9416a8e20019821e61341','admin',NULL,0,NULL,NULL,NULL,NULL,'admin');
INSERT  INTO `sys_auth_role_v`(`ID`,`AUTH_ID`,`ROLE_ID`,`SIGN`,`IS_REVOKE`,`CREATE_USER`,`CREATE_TIME`,`UPDATE_TIME`,`REMARK`,`LV_ID`) VALUES ('12323fe2ef32403dbf9dc989d0651250','45676279a4a9416a8e20019821e6ghjk','admin',NULL,0,NULL,NULL,NULL,NULL,'admin');
INSERT  INTO `sys_auth_role_v`(`ID`,`AUTH_ID`,`ROLE_ID`,`SIGN`,`IS_REVOKE`,`CREATE_USER`,`CREATE_TIME`,`UPDATE_TIME`,`REMARK`,`LV_ID`) VALUES ('12323fe2ef32403dbf9dc989d0651251','yut76279a4a9416a8e20019821e6g45t','admin',NULL,0,NULL,NULL,NULL,NULL,'admin');
INSERT  INTO `sys_auth_role_v`(`ID`,`AUTH_ID`,`ROLE_ID`,`SIGN`,`IS_REVOKE`,`CREATE_USER`,`CREATE_TIME`,`UPDATE_TIME`,`REMARK`,`LV_ID`) VALUES ('123B1F11-4029-B4A5-A03B-4D3154A66312','3456ba3204344d37929abd4ad9a15678','appadmin',NULL,0,NULL,NULL,NULL,NULL,'appadmin');
INSERT  INTO `sys_auth_role_v`(`ID`,`AUTH_ID`,`ROLE_ID`,`SIGN`,`IS_REVOKE`,`CREATE_USER`,`CREATE_TIME`,`UPDATE_TIME`,`REMARK`,`LV_ID`) VALUES ('1333DE1E-7BE3-A039-BEBD-0B1D6C738B29','e3b15ac90286450fbe5a721c9f542451','groupauditor',NULL,0,NULL,NULL,NULL,NULL,'groupauditor');
INSERT  INTO `sys_auth_role_v`(`ID`,`AUTH_ID`,`ROLE_ID`,`SIGN`,`IS_REVOKE`,`CREATE_USER`,`CREATE_TIME`,`UPDATE_TIME`,`REMARK`,`LV_ID`) VALUES ('1569dc7b6ba04f1fa8e4cc36be871231','04d7893c4a4d4345b18b0789af13753f','admin',NULL,0,NULL,NULL,NULL,NULL,'admin');
INSERT  INTO `sys_auth_role_v`(`ID`,`AUTH_ID`,`ROLE_ID`,`SIGN`,`IS_REVOKE`,`CREATE_USER`,`CREATE_TIME`,`UPDATE_TIME`,`REMARK`,`LV_ID`) VALUES ('15A64284-7936-73B1-2F2C-A9C2D578C3E8','334qb3ec3d6e483b86c4923ea64cfdd0','appsec',NULL,0,NULL,NULL,NULL,NULL,'appsec');
INSERT  INTO `sys_auth_role_v`(`ID`,`AUTH_ID`,`ROLE_ID`,`SIGN`,`IS_REVOKE`,`CREATE_USER`,`CREATE_TIME`,`UPDATE_TIME`,`REMARK`,`LV_ID`) VALUES ('18B00EFA-0733-30C6-A6AA-405F1A301F06','8df5766a29644f50bceee1228964e111','admin',NULL,0,NULL,NULL,NULL,NULL,'admin');
INSERT  INTO `sys_auth_role_v`(`ID`,`AUTH_ID`,`ROLE_ID`,`SIGN`,`IS_REVOKE`,`CREATE_USER`,`CREATE_TIME`,`UPDATE_TIME`,`REMARK`,`LV_ID`) VALUES ('1BA97692-9A3E-95CD-E3A9-60245C39107D','e3b15ac90286450fbe5a721c9f542433','groupsec',NULL,0,NULL,NULL,NULL,NULL,'groupsec');
INSERT  INTO `sys_auth_role_v`(`ID`,`AUTH_ID`,`ROLE_ID`,`SIGN`,`IS_REVOKE`,`CREATE_USER`,`CREATE_TIME`,`UPDATE_TIME`,`REMARK`,`LV_ID`) VALUES ('1E334B40-CA7F-5100-4F3D-32EFFFFA5D9A','11erb3ec3d6e483b86c4923ea64cfdd0','appadmin',NULL,0,NULL,NULL,NULL,NULL,'appadmin');
INSERT  INTO `sys_auth_role_v`(`ID`,`AUTH_ID`,`ROLE_ID`,`SIGN`,`IS_REVOKE`,`CREATE_USER`,`CREATE_TIME`,`UPDATE_TIME`,`REMARK`,`LV_ID`) VALUES ('2035FF38-7936-73B1-A26C-2BF755262885','ac2a8ce16a614324b5ed4e9c24e7e111','groupadmin',NULL,0,NULL,NULL,NULL,NULL,'groupadmin');
INSERT  INTO `sys_auth_role_v`(`ID`,`AUTH_ID`,`ROLE_ID`,`SIGN`,`IS_REVOKE`,`CREATE_USER`,`CREATE_TIME`,`UPDATE_TIME`,`REMARK`,`LV_ID`) VALUES ('20BD6BBE-7936-73B1-517A-CB99C3A172A2','456wb3ec3d6e483b86c4923ea64cfdd0','appsec',NULL,0,NULL,NULL,NULL,NULL,'appsec');
INSERT  INTO `sys_auth_role_v`(`ID`,`AUTH_ID`,`ROLE_ID`,`SIGN`,`IS_REVOKE`,`CREATE_USER`,`CREATE_TIME`,`UPDATE_TIME`,`REMARK`,`LV_ID`) VALUES ('23259E2C-7936-73B1-FAFE-8A8452643E99','a16344b1790e41e98615f6cd19587111','groupadmin',NULL,0,NULL,NULL,NULL,NULL,'groupadmin');
INSERT  INTO `sys_auth_role_v`(`ID`,`AUTH_ID`,`ROLE_ID`,`SIGN`,`IS_REVOKE`,`CREATE_USER`,`CREATE_TIME`,`UPDATE_TIME`,`REMARK`,`LV_ID`) VALUES ('235B1F11-4029-B4A5-A03B-4D3154A66744','1116ba3204344d37929abd4ad9a15222','appadmin',NULL,0,NULL,NULL,NULL,NULL,'appadmin');
INSERT  INTO `sys_auth_role_v`(`ID`,`AUTH_ID`,`ROLE_ID`,`SIGN`,`IS_REVOKE`,`CREATE_USER`,`CREATE_TIME`,`UPDATE_TIME`,`REMARK`,`LV_ID`) VALUES ('2537703A-DC2E-5454-AFFA-4D97433A703B','8df5766a29644f50bceee1228964e1cc','admin',NULL,0,NULL,NULL,NULL,NULL,'admin');
INSERT  INTO `sys_auth_role_v`(`ID`,`AUTH_ID`,`ROLE_ID`,`SIGN`,`IS_REVOKE`,`CREATE_USER`,`CREATE_TIME`,`UPDATE_TIME`,`REMARK`,`LV_ID`) VALUES ('2569dc7b6ba04f1fa8e4cc36be871232','04d7893c4a4d4345b18b0789af13753f','groupadmin',NULL,0,NULL,NULL,NULL,NULL,'groupadmin');
INSERT  INTO `sys_auth_role_v`(`ID`,`AUTH_ID`,`ROLE_ID`,`SIGN`,`IS_REVOKE`,`CREATE_USER`,`CREATE_TIME`,`UPDATE_TIME`,`REMARK`,`LV_ID`) VALUES ('26BA4AFC-CA7F-5100-6171-0E69A2329971','ffc03579b06a4b7fae6c51c9ff48b311','groupadmin',NULL,0,NULL,NULL,NULL,NULL,'groupadmin');
INSERT  INTO `sys_auth_role_v`(`ID`,`AUTH_ID`,`ROLE_ID`,`SIGN`,`IS_REVOKE`,`CREATE_USER`,`CREATE_TIME`,`UPDATE_TIME`,`REMARK`,`LV_ID`) VALUES ('2C6144DA-0AA2-85FC-936C-0DC37C34B059','ffc03579b06a4b7fae6c51c9ff48b311','appadmin',NULL,0,NULL,NULL,NULL,NULL,'appadmin');
INSERT  INTO `sys_auth_role_v`(`ID`,`AUTH_ID`,`ROLE_ID`,`SIGN`,`IS_REVOKE`,`CREATE_USER`,`CREATE_TIME`,`UPDATE_TIME`,`REMARK`,`LV_ID`) VALUES ('2EB9A35E-783B-3DB7-737E-B21922378CB4','ac2a8ce16a614324b5ed4e9c24e7e904','groupadmin',NULL,0,NULL,NULL,NULL,NULL,'groupadmin');
INSERT  INTO `sys_auth_role_v`(`ID`,`AUTH_ID`,`ROLE_ID`,`SIGN`,`IS_REVOKE`,`CREATE_USER`,`CREATE_TIME`,`UPDATE_TIME`,`REMARK`,`LV_ID`) VALUES ('3039C68C-0733-30C6-4FB2-69C9A2260DC1','12315ac90286450fbe5a721c9f542344','admin',NULL,0,NULL,NULL,NULL,NULL,'admin');
INSERT  INTO `sys_auth_role_v`(`ID`,`AUTH_ID`,`ROLE_ID`,`SIGN`,`IS_REVOKE`,`CREATE_USER`,`CREATE_TIME`,`UPDATE_TIME`,`REMARK`,`LV_ID`) VALUES ('32BDAB58-7BE3-A039-D7A7-63602F230FC8','ac2a8ce16a614324b5ed4e9c24e71113','appadmin',NULL,0,NULL,NULL,NULL,NULL,'appadmin');
-- INSERT  INTO `sys_auth_role_v`(`ID`,`AUTH_ID`,`ROLE_ID`,`SIGN`,`IS_REVOKE`,`CREATE_USER`,`CREATE_TIME`,`UPDATE_TIME`,`REMARK`,`LV_ID`) VALUES ('3339dc7b6ba04f1fa8e4cc36be871222','tyuub3ec3d6e483b86c4923ea64cfwe5','appadmin',NULL,0,NULL,NULL,NULL,NULL,'appadmin');
INSERT  INTO `sys_auth_role_v`(`ID`,`AUTH_ID`,`ROLE_ID`,`SIGN`,`IS_REVOKE`,`CREATE_USER`,`CREATE_TIME`,`UPDATE_TIME`,`REMARK`,`LV_ID`) VALUES ('342A4588-433F-2439-E034-A192D035C7E0','11316279a4a9416a8e20019821e640af','admin',NULL,0,NULL,NULL,NULL,NULL,'admin');
INSERT  INTO `sys_auth_role_v`(`ID`,`AUTH_ID`,`ROLE_ID`,`SIGN`,`IS_REVOKE`,`CREATE_USER`,`CREATE_TIME`,`UPDATE_TIME`,`REMARK`,`LV_ID`) VALUES ('345B1F11-4029-B4A5-A03B-4D3154A66789','7756ba3204344d37929abd4ad9a15699','appadmin',NULL,0,NULL,NULL,NULL,NULL,'appadmin');
INSERT  INTO `sys_auth_role_v`(`ID`,`AUTH_ID`,`ROLE_ID`,`SIGN`,`IS_REVOKE`,`CREATE_USER`,`CREATE_TIME`,`UPDATE_TIME`,`REMARK`,`LV_ID`) VALUES ('3569dc7b6ba04f1fa8e4cc36be871233','04d7893c4a4d4345b18b0789af13753f','appadmin',NULL,0,NULL,NULL,NULL,NULL,'appadmin');
INSERT  INTO `sys_auth_role_v`(`ID`,`AUTH_ID`,`ROLE_ID`,`SIGN`,`IS_REVOKE`,`CREATE_USER`,`CREATE_TIME`,`UPDATE_TIME`,`REMARK`,`LV_ID`) VALUES ('36FA8536-0AA2-85FC-D02C-0B5648B0E9FD','131e140bc2bd4361af5ee488f92b22ad','appadmin',NULL,0,NULL,NULL,NULL,NULL,'appadmin');
INSERT  INTO `sys_auth_role_v`(`ID`,`AUTH_ID`,`ROLE_ID`,`SIGN`,`IS_REVOKE`,`CREATE_USER`,`CREATE_TIME`,`UPDATE_TIME`,`REMARK`,`LV_ID`) VALUES ('38B57498-7936-73B1-CE20-91BE803CB063','23315ac90286450fbe5a721c9f54ddd2','admin',NULL,0,NULL,NULL,NULL,NULL,'admin');
INSERT  INTO `sys_auth_role_v`(`ID`,`AUTH_ID`,`ROLE_ID`,`SIGN`,`IS_REVOKE`,`CREATE_USER`,`CREATE_TIME`,`UPDATE_TIME`,`REMARK`,`LV_ID`) VALUES ('39218596-7936-73B1-442A-A435B9F8F85D','a16344b1790e41e98615f6cd19587112','groupadmin',NULL,0,NULL,NULL,NULL,NULL,'groupadmin');
INSERT  INTO `sys_auth_role_v`(`ID`,`AUTH_ID`,`ROLE_ID`,`SIGN`,`IS_REVOKE`,`CREATE_USER`,`CREATE_TIME`,`UPDATE_TIME`,`REMARK`,`LV_ID`) VALUES ('397F7ECC-783B-3DB7-93F1-98FB14687BFA','334qb3ec3d6e483b86c4923ea64cf114','appsec',NULL,0,NULL,NULL,NULL,NULL,'appsec');
INSERT  INTO `sys_auth_role_v`(`ID`,`AUTH_ID`,`ROLE_ID`,`SIGN`,`IS_REVOKE`,`CREATE_USER`,`CREATE_TIME`,`UPDATE_TIME`,`REMARK`,`LV_ID`) VALUES ('3D331730-7936-73B1-8C3F-487F102089EE','ac2a8ce16a614324b5ed4e9c24e71112','groupadmin',NULL,0,NULL,NULL,NULL,NULL,'groupadmin');
INSERT  INTO `sys_auth_role_v`(`ID`,`AUTH_ID`,`ROLE_ID`,`SIGN`,`IS_REVOKE`,`CREATE_USER`,`CREATE_TIME`,`UPDATE_TIME`,`REMARK`,`LV_ID`) VALUES ('3D7BDADC-0AA2-85FC-C4E3-783C003386D0','8bc5761a4d8d49e680515bc50f4ba111','groupadmin',NULL,0,NULL,NULL,NULL,NULL,'groupadmin');
INSERT  INTO `sys_auth_role_v`(`ID`,`AUTH_ID`,`ROLE_ID`,`SIGN`,`IS_REVOKE`,`CREATE_USER`,`CREATE_TIME`,`UPDATE_TIME`,`REMARK`,`LV_ID`) VALUES ('3FF3FCE8-7936-73B1-52FF-502B1E26D05E','67yub3ec3d6e483b86c4923ea64cf112','appadmin',NULL,0,NULL,NULL,NULL,NULL,'appadmin');
INSERT  INTO `sys_auth_role_v`(`ID`,`AUTH_ID`,`ROLE_ID`,`SIGN`,`IS_REVOKE`,`CREATE_USER`,`CREATE_TIME`,`UPDATE_TIME`,`REMARK`,`LV_ID`) VALUES ('4035720F-7936-73B1-A624-E68B18AF00AE','e3b15ac90286450fbe5a721c9f542433','appsec',NULL,0,NULL,NULL,NULL,NULL,'appsec');
INSERT  INTO `sys_auth_role_v`(`ID`,`AUTH_ID`,`ROLE_ID`,`SIGN`,`IS_REVOKE`,`CREATE_USER`,`CREATE_TIME`,`UPDATE_TIME`,`REMARK`,`LV_ID`) VALUES ('40B90209-7CBD-27BB-5776-10A1EB2A741E','67yub3ec3d6e483b86c4923ea64cf111','appsec',NULL,0,NULL,NULL,NULL,NULL,'appsec');
INSERT  INTO `sys_auth_role_v`(`ID`,`AUTH_ID`,`ROLE_ID`,`SIGN`,`IS_REVOKE`,`CREATE_USER`,`CREATE_TIME`,`UPDATE_TIME`,`REMARK`,`LV_ID`) VALUES ('43217E29-0AA2-85FC-F02E-01AC57B7AF49','04d7893c4a4d4345b18b0789af13753f','groupsec',NULL,0,NULL,NULL,NULL,NULL,'groupsec');
INSERT  INTO `sys_auth_role_v`(`ID`,`AUTH_ID`,`ROLE_ID`,`SIGN`,`IS_REVOKE`,`CREATE_USER`,`CREATE_TIME`,`UPDATE_TIME`,`REMARK`,`LV_ID`) VALUES ('43F8DDFF-7BE3-A039-3120-7A525929F757','11316279a4a9416a8e20019821e640af','groupadmin',NULL,0,NULL,NULL,NULL,NULL,'groupadmin');
INSERT  INTO `sys_auth_role_v`(`ID`,`AUTH_ID`,`ROLE_ID`,`SIGN`,`IS_REVOKE`,`CREATE_USER`,`CREATE_TIME`,`UPDATE_TIME`,`REMARK`,`LV_ID`) VALUES ('4569dc7b6ba04f1fa8e4cc36be871234','tyuub3ec3d6e483b86c4923ea64cfwe5','appsec',NULL,0,NULL,NULL,NULL,NULL,'appsec');
INSERT  INTO `sys_auth_role_v`(`ID`,`AUTH_ID`,`ROLE_ID`,`SIGN`,`IS_REVOKE`,`CREATE_USER`,`CREATE_TIME`,`UPDATE_TIME`,`REMARK`,`LV_ID`) VALUES ('4871A589-7BE3-A039-4CE2-7F41A7A6AE73','e3b15ac90286450fbe5a721c9f542451','groupsec',NULL,0,NULL,NULL,NULL,NULL,'groupsec');
INSERT  INTO `sys_auth_role_v`(`ID`,`AUTH_ID`,`ROLE_ID`,`SIGN`,`IS_REVOKE`,`CREATE_USER`,`CREATE_TIME`,`UPDATE_TIME`,`REMARK`,`LV_ID`) VALUES ('4BA4F9F9-CA7F-5100-38AA-8EF2F6B75728','a16344b1790e41e98615f6cd19587573','groupadmin',NULL,0,NULL,NULL,NULL,NULL,'groupadmin');
INSERT  INTO `sys_auth_role_v`(`ID`,`AUTH_ID`,`ROLE_ID`,`SIGN`,`IS_REVOKE`,`CREATE_USER`,`CREATE_TIME`,`UPDATE_TIME`,`REMARK`,`LV_ID`) VALUES ('55261A67-DC2E-5454-1AE2-9CA6E1B65D96','bc316279a4a9416a8e20019821e640af','admin',NULL,0,NULL,NULL,NULL,NULL,'admin');
INSERT  INTO `sys_auth_role_v`(`ID`,`AUTH_ID`,`ROLE_ID`,`SIGN`,`IS_REVOKE`,`CREATE_USER`,`CREATE_TIME`,`UPDATE_TIME`,`REMARK`,`LV_ID`) VALUES ('5633F20F-783B-3DB7-5524-BB65B0223167','e3b15ac90286450fbe5a721c9f542433','auditor',NULL,0,NULL,NULL,NULL,NULL,'auditor');
INSERT  INTO `sys_auth_role_v`(`ID`,`AUTH_ID`,`ROLE_ID`,`SIGN`,`IS_REVOKE`,`CREATE_USER`,`CREATE_TIME`,`UPDATE_TIME`,`REMARK`,`LV_ID`) VALUES ('5CB67D83-0733-30C6-47BD-309D1472DF32','ac2a8ce16a614324b5ed4e9c24e71111','admin',NULL,0,NULL,NULL,NULL,NULL,'admin');
INSERT  INTO `sys_auth_role_v`(`ID`,`AUTH_ID`,`ROLE_ID`,`SIGN`,`IS_REVOKE`,`CREATE_USER`,`CREATE_TIME`,`UPDATE_TIME`,`REMARK`,`LV_ID`) VALUES ('64EF23F1-CA7F-5100-1D2E-443E38B2617C','04d7893c4a4d4345b18b0789af13753f','appsec',NULL,0,NULL,NULL,NULL,NULL,'appsec');
INSERT  INTO `sys_auth_role_v`(`ID`,`AUTH_ID`,`ROLE_ID`,`SIGN`,`IS_REVOKE`,`CREATE_USER`,`CREATE_TIME`,`UPDATE_TIME`,`REMARK`,`LV_ID`) VALUES ('67870485-0733-0000-B229-5ED50026EA82','5fc1b8842fa04faea8f39beb866fd511','sec',NULL,0,NULL,NULL,NULL,NULL,'sec');
INSERT  INTO `sys_auth_role_v`(`ID`,`AUTH_ID`,`ROLE_ID`,`SIGN`,`IS_REVOKE`,`CREATE_USER`,`CREATE_TIME`,`UPDATE_TIME`,`REMARK`,`LV_ID`) VALUES ('67870485-0733-0000-ghuy-5ED50026EA82','67e1114e83214aeb8a3ec0a6822fdd30','groupsec',NULL,0,NULL,NULL,NULL,NULL,'groupsec');
INSERT  INTO `sys_auth_role_v`(`ID`,`AUTH_ID`,`ROLE_ID`,`SIGN`,`IS_REVOKE`,`CREATE_USER`,`CREATE_TIME`,`UPDATE_TIME`,`REMARK`,`LV_ID`) VALUES ('6787ghjk-0733-0000-B229-5ED5rftyEA82','8d4d2caee7f548889988da2747dfaa4a','appsec',NULL,0,NULL,NULL,NULL,NULL,'appsec');
INSERT  INTO `sys_auth_role_v`(`ID`,`AUTH_ID`,`ROLE_ID`,`SIGN`,`IS_REVOKE`,`CREATE_USER`,`CREATE_TIME`,`UPDATE_TIME`,`REMARK`,`LV_ID`) VALUES ('6A2B1C03-7BE3-A039-3332-4350FD3EC2D8','39e1b3ec3d6e483b86c4923ea64c1111','groupadmin',NULL,0,NULL,NULL,NULL,NULL,'groupadmin');
INSERT  INTO `sys_auth_role_v`(`ID`,`AUTH_ID`,`ROLE_ID`,`SIGN`,`IS_REVOKE`,`CREATE_USER`,`CREATE_TIME`,`UPDATE_TIME`,`REMARK`,`LV_ID`) VALUES ('6B65BF71-0733-30C6-783B-3967836BDF37','e3b15ac90286450fbe5a721c9f542451','admin',NULL,0,NULL,NULL,NULL,NULL,'admin');
INSERT  INTO `sys_auth_role_v`(`ID`,`AUTH_ID`,`ROLE_ID`,`SIGN`,`IS_REVOKE`,`CREATE_USER`,`CREATE_TIME`,`UPDATE_TIME`,`REMARK`,`LV_ID`) VALUES ('6C62ACC3-7BE3-A039-96BE-D00D64616455','39e1b3ec3d6e483b86c4923ea64c1111','appadmin',NULL,0,NULL,NULL,NULL,NULL,'appadmin');
INSERT  INTO `sys_auth_role_v`(`ID`,`AUTH_ID`,`ROLE_ID`,`SIGN`,`IS_REVOKE`,`CREATE_USER`,`CREATE_TIME`,`UPDATE_TIME`,`REMARK`,`LV_ID`) VALUES ('6FBC4199-CA7F-5100-E83E-86CE9932BF1B','456wb3ec3d6e483b86c4923ea64cf111','appsec',NULL,0,NULL,NULL,NULL,NULL,'appsec');
INSERT  INTO `sys_auth_role_v`(`ID`,`AUTH_ID`,`ROLE_ID`,`SIGN`,`IS_REVOKE`,`CREATE_USER`,`CREATE_TIME`,`UPDATE_TIME`,`REMARK`,`LV_ID`) VALUES ('72208165-7936-73B1-B0A0-632716226C22','5e80ace300d54486814ee84c1fb29111','groupadmin',NULL,0,NULL,NULL,NULL,NULL,'groupadmin');
INSERT  INTO `sys_auth_role_v`(`ID`,`AUTH_ID`,`ROLE_ID`,`SIGN`,`IS_REVOKE`,`CREATE_USER`,`CREATE_TIME`,`UPDATE_TIME`,`REMARK`,`LV_ID`) VALUES ('72336B23-7936-73B1-8220-41F7BB2AC5DB','04d7893c4a4d4345b18b0789af13753f','auditor',NULL,0,NULL,NULL,NULL,NULL,'auditor');
INSERT  INTO `sys_auth_role_v`(`ID`,`AUTH_ID`,`ROLE_ID`,`SIGN`,`IS_REVOKE`,`CREATE_USER`,`CREATE_TIME`,`UPDATE_TIME`,`REMARK`,`LV_ID`) VALUES ('7825AE25-0733-30C6-DDE7-0F8A59B9D047','e3b15ac90286450fbe5a721c9f542433','admin',NULL,0,NULL,NULL,NULL,NULL,'admin');
INSERT  INTO `sys_auth_role_v`(`ID`,`AUTH_ID`,`ROLE_ID`,`SIGN`,`IS_REVOKE`,`CREATE_USER`,`CREATE_TIME`,`UPDATE_TIME`,`REMARK`,`LV_ID`) VALUES ('7869dc7b6ba04f1fa8e4cc36be871278','a16344b1790e41e98615f6cd19587572','groupadmin',NULL,0,NULL,NULL,NULL,NULL,'groupadmin');
INSERT  INTO `sys_auth_role_v`(`ID`,`AUTH_ID`,`ROLE_ID`,`SIGN`,`IS_REVOKE`,`CREATE_USER`,`CREATE_TIME`,`UPDATE_TIME`,`REMARK`,`LV_ID`) VALUES ('7DBB1FD1-9A3E-95CD-1C2C-FFB2943925F5','39e1b3ec3d6e483b86c4923ea64c1112','appadmin',NULL,0,NULL,NULL,NULL,NULL,'appadmin');
INSERT  INTO `sys_auth_role_v`(`ID`,`AUTH_ID`,`ROLE_ID`,`SIGN`,`IS_REVOKE`,`CREATE_USER`,`CREATE_TIME`,`UPDATE_TIME`,`REMARK`,`LV_ID`) VALUES ('7E23A37F-783B-3DB7-DABE-43EA223F60EA','34415ac90286450fbe5a721c9f54ddd3','admin',NULL,0,NULL,NULL,NULL,NULL,'admin');
INSERT  INTO `sys_auth_role_v`(`ID`,`AUTH_ID`,`ROLE_ID`,`SIGN`,`IS_REVOKE`,`CREATE_USER`,`CREATE_TIME`,`UPDATE_TIME`,`REMARK`,`LV_ID`) VALUES ('7F2ED413-A436-5545-382E-1B346F39913B','bc316279a4a9416a8e20019821e640af','groupadmin',NULL,0,NULL,NULL,NULL,NULL,'groupadmin');
INSERT  INTO `sys_auth_role_v`(`ID`,`AUTH_ID`,`ROLE_ID`,`SIGN`,`IS_REVOKE`,`CREATE_USER`,`CREATE_TIME`,`UPDATE_TIME`,`REMARK`,`LV_ID`) VALUES ('80288C3F-95EC-15CF-D5BE-1A3ED9BD3DC2','e3b15ac90286450fbe5a721c9f542451','appauditor',NULL,0,NULL,NULL,NULL,NULL,'appauditor');
INSERT  INTO `sys_auth_role_v`(`ID`,`AUTH_ID`,`ROLE_ID`,`SIGN`,`IS_REVOKE`,`CREATE_USER`,`CREATE_TIME`,`UPDATE_TIME`,`REMARK`,`LV_ID`) VALUES ('82FBC331-7936-73B1-6B34-1BCBB9622743','67yub3ec3d6e483b86c4923ea64cfdd0','appsec',NULL,0,NULL,NULL,NULL,NULL,'appsec');
INSERT  INTO `sys_auth_role_v`(`ID`,`AUTH_ID`,`ROLE_ID`,`SIGN`,`IS_REVOKE`,`CREATE_USER`,`CREATE_TIME`,`UPDATE_TIME`,`REMARK`,`LV_ID`) VALUES ('8969dc7b6ba04f1fa8e4cc36be871289','a16344b1790e41e98615f6cd1958757r','groupadmin',NULL,0,NULL,NULL,NULL,NULL,'groupadmin');
INSERT  INTO `sys_auth_role_v`(`ID`,`AUTH_ID`,`ROLE_ID`,`SIGN`,`IS_REVOKE`,`CREATE_USER`,`CREATE_TIME`,`UPDATE_TIME`,`REMARK`,`LV_ID`) VALUES ('907AB189-433F-2439-EB2C-2C9A4E36CC19','ac2a8ce16a614324b5ed4e9c24e7e904','admin',NULL,0,NULL,NULL,NULL,NULL,'admin');
INSERT  INTO `sys_auth_role_v`(`ID`,`AUTH_ID`,`ROLE_ID`,`SIGN`,`IS_REVOKE`,`CREATE_USER`,`CREATE_TIME`,`UPDATE_TIME`,`REMARK`,`LV_ID`) VALUES ('912D07DF-5B70-3FBD-86BD-750FA82A680D','e3b15ac90286450fbe5a721c9f542433','groupadmin',NULL,0,NULL,NULL,NULL,NULL,'groupadmin');
INSERT  INTO `sys_auth_role_v`(`ID`,`AUTH_ID`,`ROLE_ID`,`SIGN`,`IS_REVOKE`,`CREATE_USER`,`CREATE_TIME`,`UPDATE_TIME`,`REMARK`,`LV_ID`) VALUES ('913A51CD-95EC-15CF-F331-4D96EA3E2C54','77yub3ec3d6e483b86c4923ea6411111','appadmin',NULL,0,NULL,NULL,NULL,NULL,'appadmin');
INSERT  INTO `sys_auth_role_v`(`ID`,`AUTH_ID`,`ROLE_ID`,`SIGN`,`IS_REVOKE`,`CREATE_USER`,`CREATE_TIME`,`UPDATE_TIME`,`REMARK`,`LV_ID`) VALUES ('92A26209-0AA2-85FC-9D63-E2BBD0EA0E1A','8d4d2caee7f548889988da2747dfaa4a','appadmin',NULL,0,NULL,NULL,NULL,NULL,'appadmin');
INSERT  INTO `sys_auth_role_v`(`ID`,`AUTH_ID`,`ROLE_ID`,`SIGN`,`IS_REVOKE`,`CREATE_USER`,`CREATE_TIME`,`UPDATE_TIME`,`REMARK`,`LV_ID`) VALUES ('9D31365F-95EC-15CF-6936-DE4D4F3E3B01','e3b15ac90286450fbe5a721c9f542433','sec',NULL,0,NULL,NULL,NULL,NULL,'sec');
INSERT  INTO `sys_auth_role_v`(`ID`,`AUTH_ID`,`ROLE_ID`,`SIGN`,`IS_REVOKE`,`CREATE_USER`,`CREATE_TIME`,`UPDATE_TIME`,`REMARK`,`LV_ID`) VALUES ('9DE0131D-783B-3DB7-B327-55614E242353','5e80ace300d54486814ee84c1fb29a3a','groupadmin',NULL,0,NULL,NULL,NULL,NULL,'groupadmin');
INSERT  INTO `sys_auth_role_v`(`ID`,`AUTH_ID`,`ROLE_ID`,`SIGN`,`IS_REVOKE`,`CREATE_USER`,`CREATE_TIME`,`UPDATE_TIME`,`REMARK`,`LV_ID`) VALUES ('9E278319-7936-73B1-B0F1-771BA8FCAD9D','334qb3ec3d6e483b86c4923ea64cf112','appadmin',NULL,0,NULL,NULL,NULL,NULL,'appadmin');
INSERT  INTO `sys_auth_role_v`(`ID`,`AUTH_ID`,`ROLE_ID`,`SIGN`,`IS_REVOKE`,`CREATE_USER`,`CREATE_TIME`,`UPDATE_TIME`,`REMARK`,`LV_ID`) VALUES ('9E79AA8B-95EC-15CF-092E-DB48BE36D801','b50cbc8a2b0645729848403093f4246f','groupadmin',NULL,0,NULL,NULL,NULL,NULL,'groupadmin');
INSERT  INTO `sys_auth_role_v`(`ID`,`AUTH_ID`,`ROLE_ID`,`SIGN`,`IS_REVOKE`,`CREATE_USER`,`CREATE_TIME`,`UPDATE_TIME`,`REMARK`,`LV_ID`) VALUES ('A6B11F09-CA7F-5100-32BF-4A166577AF9D','334qb3ec3d6e483b86c4923ea64cf111','appsec',NULL,0,NULL,NULL,NULL,NULL,'appsec');
INSERT  INTO `sys_auth_role_v`(`ID`,`AUTH_ID`,`ROLE_ID`,`SIGN`,`IS_REVOKE`,`CREATE_USER`,`CREATE_TIME`,`UPDATE_TIME`,`REMARK`,`LV_ID`) VALUES ('A727ACC5-DC2E-5454-BFAB-308BE022512C','ffc03579b06a4b7fae6c51c9ff48b311','admin',NULL,0,NULL,NULL,NULL,NULL,'admin');
INSERT  INTO `sys_auth_role_v`(`ID`,`AUTH_ID`,`ROLE_ID`,`SIGN`,`IS_REVOKE`,`CREATE_USER`,`CREATE_TIME`,`UPDATE_TIME`,`REMARK`,`LV_ID`) VALUES ('A7A61995-7936-73B1-B9F5-B673702E049D','39e1b3ec3d6e483b86c4923ea64cf111','groupadmin',NULL,0,NULL,NULL,NULL,NULL,'groupadmin');
INSERT  INTO `sys_auth_role_v`(`ID`,`AUTH_ID`,`ROLE_ID`,`SIGN`,`IS_REVOKE`,`CREATE_USER`,`CREATE_TIME`,`UPDATE_TIME`,`REMARK`,`LV_ID`) VALUES ('A9F70485-0733-30C6-B229-5ED50026EA82','5fc1b8842fa04faea8f39beb866fd511','admin',NULL,0,NULL,NULL,NULL,NULL,'admin');
INSERT  INTO `sys_auth_role_v`(`ID`,`AUTH_ID`,`ROLE_ID`,`SIGN`,`IS_REVOKE`,`CREATE_USER`,`CREATE_TIME`,`UPDATE_TIME`,`REMARK`,`LV_ID`) VALUES ('A9F70485-0733-30C6-B229-5ED50026EQQQ','22316279a4a9416a8e20019821e640af','appadmin',NULL,0,NULL,NULL,NULL,NULL,'appadmin');
INSERT  INTO `sys_auth_role_v`(`ID`,`AUTH_ID`,`ROLE_ID`,`SIGN`,`IS_REVOKE`,`CREATE_USER`,`CREATE_TIME`,`UPDATE_TIME`,`REMARK`,`LV_ID`) VALUES ('ADB6D18B-0AA2-85FC-FEBC-ADD899F292D9','ac2a8ce16a614324b5ed4e9c24e7e904','appadmin',NULL,0,NULL,NULL,NULL,NULL,'appadmin');
INSERT  INTO `sys_auth_role_v`(`ID`,`AUTH_ID`,`ROLE_ID`,`SIGN`,`IS_REVOKE`,`CREATE_USER`,`CREATE_TIME`,`UPDATE_TIME`,`REMARK`,`LV_ID`) VALUES ('AE68D031-5B70-3FBD-52B3-27DFBD756081','8bc5761a4d8d49e680515bc50f4ba111','appadmin',NULL,0,NULL,NULL,NULL,NULL,'appadmin');
INSERT  INTO `sys_auth_role_v`(`ID`,`AUTH_ID`,`ROLE_ID`,`SIGN`,`IS_REVOKE`,`CREATE_USER`,`CREATE_TIME`,`UPDATE_TIME`,`REMARK`,`LV_ID`) VALUES ('B1ED9625-7936-73B1-1C3A-13D0082E2596','e3b15ac90286450fbe5a721c9f542433','appadmin',NULL,0,NULL,NULL,NULL,NULL,'appadmin');
INSERT  INTO `sys_auth_role_v`(`ID`,`AUTH_ID`,`ROLE_ID`,`SIGN`,`IS_REVOKE`,`CREATE_USER`,`CREATE_TIME`,`UPDATE_TIME`,`REMARK`,`LV_ID`) VALUES ('B53FF307-7936-73B1-4C3E-2B6B86E5F5FB','b50cbc8a2b0645729848403093f42111','groupadmin',NULL,0,NULL,NULL,NULL,NULL,'groupadmin');
INSERT  INTO `sys_auth_role_v`(`ID`,`AUTH_ID`,`ROLE_ID`,`SIGN`,`IS_REVOKE`,`CREATE_USER`,`CREATE_TIME`,`UPDATE_TIME`,`REMARK`,`LV_ID`) VALUES ('B5A1FD97-7936-73B1-2864-FDB45A293E3F','04d7893c4a4d4345b18b0789af13753f','sec',NULL,0,NULL,NULL,NULL,NULL,'sec');
INSERT  INTO `sys_auth_role_v`(`ID`,`AUTH_ID`,`ROLE_ID`,`SIGN`,`IS_REVOKE`,`CREATE_USER`,`CREATE_TIME`,`UPDATE_TIME`,`REMARK`,`LV_ID`) VALUES ('BAE41FDD-DC2E-5454-4DBC-CBE186B4731D','e3b15ac90286450fbe5a721c9f542344','admin',NULL,0,NULL,NULL,NULL,NULL,'admin');
INSERT  INTO `sys_auth_role_v`(`ID`,`AUTH_ID`,`ROLE_ID`,`SIGN`,`IS_REVOKE`,`CREATE_USER`,`CREATE_TIME`,`UPDATE_TIME`,`REMARK`,`LV_ID`) VALUES ('BB35DFE9-9A3E-95CD-DA3A-84BC02AF248C','39e1b3ec3d6e483b86c4923ea64cfdd0','groupadmin',NULL,0,NULL,NULL,NULL,NULL,'groupadmin');
INSERT  INTO `sys_auth_role_v`(`ID`,`AUTH_ID`,`ROLE_ID`,`SIGN`,`IS_REVOKE`,`CREATE_USER`,`CREATE_TIME`,`UPDATE_TIME`,`REMARK`,`LV_ID`) VALUES ('BB673E8F-0AA2-85FC-F1F1-5AFCB926D32B','8bc5761a4d8d49e680515bc50f4baad1','groupadmin',NULL,0,NULL,NULL,NULL,NULL,'groupadmin');
INSERT  INTO `sys_auth_role_v`(`ID`,`AUTH_ID`,`ROLE_ID`,`SIGN`,`IS_REVOKE`,`CREATE_USER`,`CREATE_TIME`,`UPDATE_TIME`,`REMARK`,`LV_ID`) VALUES ('BDFEDE2F-CA7F-5100-B779-907355F9D445','a16344b1790e41e98615f6cd19587571','groupadmin',NULL,0,NULL,NULL,NULL,NULL,'groupadmin');
INSERT  INTO `sys_auth_role_v`(`ID`,`AUTH_ID`,`ROLE_ID`,`SIGN`,`IS_REVOKE`,`CREATE_USER`,`CREATE_TIME`,`UPDATE_TIME`,`REMARK`,`LV_ID`) VALUES ('BEAF67F1-7936-73B1-C023-8474B4BAC5CB','e3b15ac90286450fbe5a721c9f542451','appsec',NULL,0,NULL,NULL,NULL,NULL,'appsec');
INSERT  INTO `sys_auth_role_v`(`ID`,`AUTH_ID`,`ROLE_ID`,`SIGN`,`IS_REVOKE`,`CREATE_USER`,`CREATE_TIME`,`UPDATE_TIME`,`REMARK`,`LV_ID`) VALUES ('BF2433AD-7936-73B1-F7A1-886C8E275677','e3b15ac90286450fbe5a721c9f542433','appauditor',NULL,0,NULL,NULL,NULL,NULL,'appauditor');
INSERT  INTO `sys_auth_role_v`(`ID`,`AUTH_ID`,`ROLE_ID`,`SIGN`,`IS_REVOKE`,`CREATE_USER`,`CREATE_TIME`,`UPDATE_TIME`,`REMARK`,`LV_ID`) VALUES ('BF2C14C1-0AA2-85FC-A834-1717172BA262','04d7893c4a4d4345b18b0789af13753f','groupauditor',NULL,0,NULL,NULL,NULL,NULL,'groupauditor');
INSERT  INTO `sys_auth_role_v`(`ID`,`AUTH_ID`,`ROLE_ID`,`SIGN`,`IS_REVOKE`,`CREATE_USER`,`CREATE_TIME`,`UPDATE_TIME`,`REMARK`,`LV_ID`) VALUES ('BFE83931-7936-73B1-9B23-09B183E06E5F','334qb3ec3d6e483b86c4923ea64cf113','appsec',NULL,0,NULL,NULL,NULL,NULL,'appsec');
INSERT  INTO `sys_auth_role_v`(`ID`,`AUTH_ID`,`ROLE_ID`,`SIGN`,`IS_REVOKE`,`CREATE_USER`,`CREATE_TIME`,`UPDATE_TIME`,`REMARK`,`LV_ID`) VALUES ('C127D7E2-7538-4F65-C63D-DE107A293837','ffc03579b06a4b7fae6c51c9ff48b312','admin',NULL,0,NULL,NULL,NULL,NULL,'admin');
INSERT  INTO `sys_auth_role_v`(`ID`,`AUTH_ID`,`ROLE_ID`,`SIGN`,`IS_REVOKE`,`CREATE_USER`,`CREATE_TIME`,`UPDATE_TIME`,`REMARK`,`LV_ID`) VALUES ('C220AA26-CA7F-5100-4E36-AFB7E1B8DA9E','e3b15ac90286450fbe5a721c9f542451','auditor',NULL,0,NULL,NULL,NULL,NULL,'auditor');
INSERT  INTO `sys_auth_role_v`(`ID`,`AUTH_ID`,`ROLE_ID`,`SIGN`,`IS_REVOKE`,`CREATE_USER`,`CREATE_TIME`,`UPDATE_TIME`,`REMARK`,`LV_ID`) VALUES ('C2312F98-0AA2-85FC-6E3E-6AE5CBE2292A','e3b15ac90286450fbe5a721c9f542451','groupadmin',NULL,0,NULL,NULL,NULL,NULL,'groupadmin');
INSERT  INTO `sys_auth_role_v`(`ID`,`AUTH_ID`,`ROLE_ID`,`SIGN`,`IS_REVOKE`,`CREATE_USER`,`CREATE_TIME`,`UPDATE_TIME`,`REMARK`,`LV_ID`) VALUES ('C4247416-0AA2-85FC-F1A0-720CCA31CD0E','8bc5761a4d8d49e680515bc50f4baad1','appadmin',NULL,0,NULL,NULL,NULL,NULL,'appadmin');
INSERT  INTO `sys_auth_role_v`(`ID`,`AUTH_ID`,`ROLE_ID`,`SIGN`,`IS_REVOKE`,`CREATE_USER`,`CREATE_TIME`,`UPDATE_TIME`,`REMARK`,`LV_ID`) VALUES ('C9A1A78E-7936-73B1-21B1-810849A3EFB1','67e1114e83214aeb8a3ec0a6822fdd30','groupadmin',NULL,0,NULL,NULL,NULL,NULL,'groupadmin');
INSERT  INTO `sys_auth_role_v`(`ID`,`AUTH_ID`,`ROLE_ID`,`SIGN`,`IS_REVOKE`,`CREATE_USER`,`CREATE_TIME`,`UPDATE_TIME`,`REMARK`,`LV_ID`) VALUES ('CBF34330-CA7F-5100-38B4-E9AE093C24C0','456wb3ec3d6e483b86c4923ea64cf112','appadmin',NULL,0,NULL,NULL,NULL,NULL,'appadmin');
INSERT  INTO `sys_auth_role_v`(`ID`,`AUTH_ID`,`ROLE_ID`,`SIGN`,`IS_REVOKE`,`CREATE_USER`,`CREATE_TIME`,`UPDATE_TIME`,`REMARK`,`LV_ID`) VALUES ('D63A3FC2-0AA2-85FC-8FF5-C5A7EDB0FFCE','39e1b3ec3d6e483b86c4923ea64c1112','groupadmin',NULL,0,NULL,NULL,NULL,NULL,'groupadmin');
INSERT  INTO `sys_auth_role_v`(`ID`,`AUTH_ID`,`ROLE_ID`,`SIGN`,`IS_REVOKE`,`CREATE_USER`,`CREATE_TIME`,`UPDATE_TIME`,`REMARK`,`LV_ID`) VALUES ('D9782F7C-7936-73B1-6EB6-41972035A262','34415ac90286450fbe5a721c9f542344','admin',NULL,0,NULL,NULL,NULL,NULL,'admin');
INSERT  INTO `sys_auth_role_v`(`ID`,`AUTH_ID`,`ROLE_ID`,`SIGN`,`IS_REVOKE`,`CREATE_USER`,`CREATE_TIME`,`UPDATE_TIME`,`REMARK`,`LV_ID`) VALUES ('DB31BA34-7936-73B1-D0AB-535607B1B052','e3b15ac90286450fbe5a721c9f542451','appadmin',NULL,0,NULL,NULL,NULL,NULL,'appadmin');
INSERT  INTO `sys_auth_role_v`(`ID`,`AUTH_ID`,`ROLE_ID`,`SIGN`,`IS_REVOKE`,`CREATE_USER`,`CREATE_TIME`,`UPDATE_TIME`,`REMARK`,`LV_ID`) VALUES ('DDE9B8F6-A436-5545-38A0-AADEF031BCF0','23315ac90286450fbe5a721c9f542344','admin',NULL,0,NULL,NULL,NULL,NULL,'admin');
INSERT  INTO `sys_auth_role_v`(`ID`,`AUTH_ID`,`ROLE_ID`,`SIGN`,`IS_REVOKE`,`CREATE_USER`,`CREATE_TIME`,`UPDATE_TIME`,`REMARK`,`LV_ID`) VALUES ('E0337EEC-CA7F-5100-53B7-A8FBD220D110','e3b15ac90286450fbe5a721c9f542451','sec',NULL,0,NULL,NULL,NULL,NULL,'sec');
INSERT  INTO `sys_auth_role_v`(`ID`,`AUTH_ID`,`ROLE_ID`,`SIGN`,`IS_REVOKE`,`CREATE_USER`,`CREATE_TIME`,`UPDATE_TIME`,`REMARK`,`LV_ID`) VALUES ('E037A12E-0733-30C6-322B-8298D6BE21FA','ffc03579b06a4b7fae6c51c9ff482111','admin',NULL,0,NULL,NULL,NULL,NULL,'admin');
INSERT  INTO `sys_auth_role_v`(`ID`,`AUTH_ID`,`ROLE_ID`,`SIGN`,`IS_REVOKE`,`CREATE_USER`,`CREATE_TIME`,`UPDATE_TIME`,`REMARK`,`LV_ID`) VALUES ('E0A722D4-CA7F-5100-72EC-FB01432EF2AF','39e1b3ec3d6e483b86c4923ea64cfeee','groupadmin',NULL,0,NULL,NULL,NULL,NULL,'groupadmin');
INSERT  INTO `sys_auth_role_v`(`ID`,`AUTH_ID`,`ROLE_ID`,`SIGN`,`IS_REVOKE`,`CREATE_USER`,`CREATE_TIME`,`UPDATE_TIME`,`REMARK`,`LV_ID`) VALUES ('E13F3C0C-0AA2-85FC-0B2B-98761038D310','39e1b3ec3d6e483b86c4923ea64cfdd0','appadmin',NULL,0,NULL,NULL,NULL,NULL,'appadmin');
INSERT  INTO `sys_auth_role_v`(`ID`,`AUTH_ID`,`ROLE_ID`,`SIGN`,`IS_REVOKE`,`CREATE_USER`,`CREATE_TIME`,`UPDATE_TIME`,`REMARK`,`LV_ID`) VALUES ('E235239C-4461-5569-6B2C-162F57B2AE9D','e3b15ac90286450fbe5a721c9f542433','groupauditor',NULL,0,NULL,NULL,NULL,NULL,'groupauditor');
INSERT  INTO `sys_auth_role_v`(`ID`,`AUTH_ID`,`ROLE_ID`,`SIGN`,`IS_REVOKE`,`CREATE_USER`,`CREATE_TIME`,`UPDATE_TIME`,`REMARK`,`LV_ID`) VALUES ('E926CF2A-CA7F-5100-A96C-DF69AE248883','12315ac90286450fbe5a721c9f54ddd1','admin',NULL,0,NULL,NULL,NULL,NULL,'admin');
INSERT  INTO `sys_auth_role_v`(`ID`,`AUTH_ID`,`ROLE_ID`,`SIGN`,`IS_REVOKE`,`CREATE_USER`,`CREATE_TIME`,`UPDATE_TIME`,`REMARK`,`LV_ID`) VALUES ('F1BC5622-7936-73B1-5E3A-0BDF9A353FA5','ffc03579b06a4b7fae6c51c9ff481112','groupadmin',NULL,0,NULL,NULL,NULL,NULL,'groupadmin');
INSERT  INTO `sys_auth_role_v`(`ID`,`AUTH_ID`,`ROLE_ID`,`SIGN`,`IS_REVOKE`,`CREATE_USER`,`CREATE_TIME`,`UPDATE_TIME`,`REMARK`,`LV_ID`) VALUES ('F22A153A-9A3E-95CD-8F2A-C221AD290B03','ffc03579b06a4b7fae6c51c9ff481113','appadmin',NULL,0,NULL,NULL,NULL,NULL,'appadmin');
INSERT  INTO `sys_auth_role_v`(`ID`,`AUTH_ID`,`ROLE_ID`,`SIGN`,`IS_REVOKE`,`CREATE_USER`,`CREATE_TIME`,`UPDATE_TIME`,`REMARK`,`LV_ID`) VALUES ('F2EBF516-783B-3DB7-E628-33666C24132B','11316279a4a9416a8e20019821e640af','appadmin',NULL,0,NULL,NULL,NULL,NULL,'appadmin');
INSERT  INTO `sys_auth_role_v`(`ID`,`AUTH_ID`,`ROLE_ID`,`SIGN`,`IS_REVOKE`,`CREATE_USER`,`CREATE_TIME`,`UPDATE_TIME`,`REMARK`,`LV_ID`) VALUES ('FB2696D6-7936-73B1-8239-E39DBD3078A3','04d7893c4a4d4345b18b0789af13753f','appauditor',NULL,0,NULL,NULL,NULL,NULL,'appauditor');
INSERT  INTO `sys_auth_role_v`(`ID`,`AUTH_ID`,`ROLE_ID`,`SIGN`,`IS_REVOKE`,`CREATE_USER`,`CREATE_TIME`,`UPDATE_TIME`,`REMARK`,`LV_ID`) VALUES ('FF6637AA-7CBD-27BB-64A8-B799E5EAC8BA','ac2a8ce16a614324b5ed4e9c24e7e905','groupadmin',NULL,0,NULL,NULL,NULL,NULL,'groupadmin');

/*Table structure for table `sys_auth_scope_app` */

CREATE TABLE `sys_auth_scope_app` (
  `ID` VARCHAR(50) NOT NULL COMMENT '主键',
  `AUTH_ID` VARCHAR(50) DEFAULT NULL COMMENT '权限主键',
  `USER_ID` VARCHAR(50) DEFAULT NULL COMMENT '用户主键',
  `APP_ID` VARCHAR(50) DEFAULT NULL COMMENT '集团应用主键',
  `IS_ACTIVATED` INT(1) DEFAULT '0' COMMENT '是否被激活，0没有，1是',
  `ROLE_TYPE` INT(10) DEFAULT '0' COMMENT '角色类型(1租户系统管理员,2租户安全保密员,3租户安全审计员)(11集团系统管理员,22集团安全保密员,33集团安全审计员)(111应用系统管理员,222应用安全保密员,333应用安全审计员)(1111开发平台超级管理员,2222项目管理人员,3333项目开发人员)',
  PRIMARY KEY (`ID`),
  KEY `FK_SYS_AUTH_SCOPE_APP_AUTH` (`AUTH_ID`),
  KEY `FK_SYS_AUTH_SCOPE_APP_APP` (`APP_ID`),
  KEY `FK_SYS_AUTH_SCOPE_APP_USER` (`USER_ID`),
  CONSTRAINT `FK_SYS_AUTH_SCOPE_APP_APP` FOREIGN KEY (`APP_ID`) REFERENCES `sys_group_app` (`ID`) ON DELETE CASCADE,
  CONSTRAINT `FK_SYS_AUTH_SCOPE_APP_AUTH` FOREIGN KEY (`AUTH_ID`) REFERENCES `sys_auth` (`ID`) ON DELETE CASCADE,
  CONSTRAINT `FK_SYS_AUTH_SCOPE_APP_USER` FOREIGN KEY (`USER_ID`) REFERENCES `sys_user` (`ID`) ON DELETE CASCADE
) COMMENT='系统管理-有效权限-授权应用';

/*Data for the table `sys_auth_scope_app` */

/*Table structure for table `sys_auth_scope_org` */

CREATE TABLE `sys_auth_scope_org` (
  `ID` VARCHAR(50) NOT NULL COMMENT '主键',
  `AUTH_ID` VARCHAR(50) DEFAULT NULL COMMENT '权限主键',
  `USER_ID` VARCHAR(50) DEFAULT NULL COMMENT '用户主键',
  `ORGANIZATION_ID` VARCHAR(50) DEFAULT NULL COMMENT '授权组织主键(按规则授权时为空)',
  `RULE_ID` VARCHAR(50) DEFAULT NULL COMMENT '授权组织规则主键',
  `IS_RULE` INT(1) DEFAULT '0' COMMENT '是否按规则授权组织',
  `RULE_PARAMS` VARCHAR(50) DEFAULT NULL COMMENT '规则参数',
  `IS_ACTIVATED` INT(1) DEFAULT '0' COMMENT '是否被激活，0没有，1是',
  `ROLE_TYPE` INT(10) DEFAULT '0' COMMENT '角色类型（111应用系统管理员,222应用安全保密员,333应用安全审计员）',
  PRIMARY KEY (`ID`),
  KEY `FK_SYS_AUTH_SCOPE_ORG_AUTH_ID` (`AUTH_ID`),
  KEY `FK_SYS_AUTH_SCOPE_ORG_RULE_ID` (`RULE_ID`),
  KEY `FK_SYS_AUTH_SCOPE_ORG_USR_ID` (`USER_ID`),
  CONSTRAINT `FK_SYS_AUTH_SCOPE_ORG_AUTH_ID` FOREIGN KEY (`AUTH_ID`) REFERENCES `sys_auth` (`ID`) ON DELETE CASCADE,
  CONSTRAINT `FK_SYS_AUTH_SCOPE_ORG_RULE_ID` FOREIGN KEY (`RULE_ID`) REFERENCES `sys_rule` (`ID`) ON DELETE CASCADE,
  CONSTRAINT `FK_SYS_AUTH_SCOPE_ORG_USR_ID` FOREIGN KEY (`USER_ID`) REFERENCES `sys_user` (`ID`) ON DELETE CASCADE
) COMMENT='系统管理-用户有效权限-授权组织';

/*Data for the table `sys_auth_scope_org` */

/*Table structure for table `sys_auth_scope_user_group` */

CREATE TABLE `sys_auth_scope_user_group` (
  `ID` VARCHAR(50) NOT NULL COMMENT '主键',
  `AUTH_ID` VARCHAR(50) DEFAULT NULL COMMENT '权限主键',
  `USER_ID` VARCHAR(50) DEFAULT NULL COMMENT '用户主键',
  `USER_GROUP_ID` VARCHAR(50) DEFAULT NULL COMMENT '授权用户组主键(按规则授权时为空)',
  `RULE_ID` VARCHAR(50) DEFAULT NULL COMMENT '权限规则主键',
  `IS_RULE` INT(1) DEFAULT '0' COMMENT '是否规则授权用户组',
  `RULE_PARAMS` VARCHAR(50) DEFAULT NULL COMMENT '规则参数',
  `IS_ACTIVATED` INT(1) DEFAULT '0' COMMENT '是否被激活，0没有，1是',
  `ROLE_TYPE` INT(10) DEFAULT '0' COMMENT '角色类型（111应用系统管理员,222应用安全保密员,333应用安全审计员）',
  PRIMARY KEY (`ID`),
  KEY `FK_SYS_AUTH_SCOPE_UG_AUTH_ID` (`AUTH_ID`),
  KEY `FK_SYS_AUTH_SCOPE_UG_USER_ID` (`USER_ID`),
  KEY `FK_SYS_AUTH_SCOPE_UG_RULE_ID` (`RULE_ID`),
  CONSTRAINT `FK_SYS_AUTH_SCOPE_UG_AUTH_ID` FOREIGN KEY (`AUTH_ID`) REFERENCES `sys_auth` (`ID`) ON DELETE CASCADE,
  CONSTRAINT `FK_SYS_AUTH_SCOPE_UG_RULE_ID` FOREIGN KEY (`RULE_ID`) REFERENCES `sys_rule` (`ID`) ON DELETE CASCADE,
  CONSTRAINT `FK_SYS_AUTH_SCOPE_UG_USER_ID` FOREIGN KEY (`USER_ID`) REFERENCES `sys_user` (`ID`) ON DELETE CASCADE
) COMMENT='系统管理-有效权限-授权用户组';

/*Data for the table `sys_auth_scope_user_group` */

/*Table structure for table `sys_auth_user` */

CREATE TABLE `sys_auth_user` (
  `ID` VARCHAR(50) NOT NULL COMMENT '主键',
  `AUTH_ID` VARCHAR(50) DEFAULT NULL COMMENT '权限主键',
  `USER_ID` VARCHAR(50) DEFAULT NULL COMMENT '用户主键',
  `SIGN` VARCHAR(1000) DEFAULT NULL COMMENT '签名',
  `IS_REVOKE` INT(1) DEFAULT '0' COMMENT '是否禁用0不1禁用',
  `CREATE_USER` VARCHAR(50) DEFAULT NULL COMMENT '创建人id',
  `CREATE_TIME` DATETIME(6) DEFAULT NULL COMMENT '创建时间',
  `DATA_VERSION` INT(10) DEFAULT NULL COMMENT '数据版本',
  `APP_ID` VARCHAR(50) DEFAULT NULL COMMENT '应用ID',
  PRIMARY KEY (`ID`),
  KEY `FK_SYS_AUTH_USER_AUTH_ID` (`AUTH_ID`),
  KEY `FK_SYS_AUTH_USER_USER_ID` (`USER_ID`),
  CONSTRAINT `FK_SYS_AUTH_USER_AUTH_ID` FOREIGN KEY (`AUTH_ID`) REFERENCES `sys_auth` (`ID`) ON DELETE CASCADE ON UPDATE CASCADE,
  CONSTRAINT `FK_SYS_AUTH_USER_USER_ID` FOREIGN KEY (`USER_ID`) REFERENCES `sys_user` (`ID`) ON DELETE CASCADE ON UPDATE CASCADE
) COMMENT='系统管理-用户授权';

/*Data for the table `sys_auth_user` */

/*Table structure for table `sys_auth_user_lv` */

CREATE TABLE `sys_auth_user_lv` (
  `ID` VARCHAR(50) NOT NULL COMMENT '主键',
  `VERSION_NO` INT(10) DEFAULT '0' COMMENT '版本编号',
  `IS_LAST_VERSION` INT(1) DEFAULT '0' COMMENT '是否最新版本0不是1是',
  `VERSION_BEGIN_TIME` DATETIME(6) DEFAULT NULL COMMENT '版本启用时间',
  `VERSION_END_TIME` DATETIME(6) DEFAULT NULL COMMENT '版本停用时间',
  `VERSION_BEGIN_USER_ID` VARCHAR(50) DEFAULT NULL COMMENT '版本启用人主键',
  `VERSION_END_USER_ID` VARCHAR(50) DEFAULT NULL COMMENT '版本停用人主键',
  `USER_ID` VARCHAR(50) DEFAULT NULL COMMENT '用户id',
  PRIMARY KEY (`ID`)
) COMMENT='系统管理-用户授权版本控制';

/*Data for the table `sys_auth_user_lv` */

/*Table structure for table `sys_auth_user_v` */

CREATE TABLE `sys_auth_user_v` (
  `ID` VARCHAR(50) NOT NULL COMMENT '主键',
  `AUTH_ID` VARCHAR(50) DEFAULT NULL COMMENT '权限主键',
  `USER_ID` VARCHAR(50) DEFAULT NULL COMMENT '用户主键',
  `SIGN` VARCHAR(1000) DEFAULT NULL COMMENT '签名',
  `IS_REVOKE` INT(1) DEFAULT '0' COMMENT '是否禁用',
  `CREATE_TIME` DATETIME(6) DEFAULT NULL COMMENT '创建时间',
  `CREATE_USER` VARCHAR(50) DEFAULT NULL COMMENT '创建人id',
  `LV_ID` VARCHAR(50) DEFAULT NULL COMMENT '用户授权版本控制主键',
  `APP_ID` VARCHAR(50) DEFAULT NULL COMMENT '应用ID',
  PRIMARY KEY (`ID`),
  KEY `FK_SYS_AUTH_USER_LV_ID` (`LV_ID`),
  CONSTRAINT `FK_SYS_AUTH_USER_LV_ID` FOREIGN KEY (`LV_ID`) REFERENCES `sys_auth_user_lv` (`ID`)
) COMMENT='系统管理-用户授权版本历史数据';

/*Data for the table `sys_auth_user_v` */

/*Table structure for table `sys_config` */

CREATE TABLE `sys_config` (
  `NAME` VARCHAR(200) NOT NULL COMMENT '属性名',
  `VALUE` VARCHAR(4000) NOT NULL COMMENT '属性值',
  `REMARK` VARCHAR(2000) DEFAULT NULL COMMENT '属性说明',
  `CREATE_TIME` DATETIME(6) DEFAULT NULL COMMENT '创建时间',
  `UPDATE_TIME` DATETIME(6) DEFAULT NULL COMMENT '更新时间',
  `SORT_INDEX` INT(10) DEFAULT NULL COMMENT '排序值',
  `ID` VARCHAR(50) NOT NULL COMMENT '主键',
  `CREATE_USER` VARCHAR(50) DEFAULT NULL COMMENT '创建人',
  `APP_ID` VARCHAR(50) DEFAULT NULL COMMENT '集团应用标识',
  `GROUP_ID` VARCHAR(50) DEFAULT NULL COMMENT '集团标识',
  `DATA_VERSION` INT(10) DEFAULT '0' COMMENT '数据版本',
  `SCOPE` INT(10) DEFAULT '0' COMMENT '配置范围 1租户 2集团 3应用',
  `TYPE` VARCHAR(50) DEFAULT NULL COMMENT '配置项类型',
  PRIMARY KEY (`ID`)
) COMMENT='系统配置项';

/*Data for the table `sys_config` */

/*Table structure for table `sys_dict` */

CREATE TABLE `sys_dict` (
  `ID` VARCHAR(50) NOT NULL COMMENT '标号',
  `TYPE` VARCHAR(50) DEFAULT NULL COMMENT '类型',
  `NAME` VARCHAR(50) DEFAULT NULL COMMENT '名称',
  `EXPLAIN` VARCHAR(50) DEFAULT NULL COMMENT '说明',
  `APP_ID` VARCHAR(50) DEFAULT NULL COMMENT '集团应用id',
  `DATA_VERSION` INT(10) DEFAULT '0' COMMENT '数据版本',
  PRIMARY KEY (`ID`),
  KEY `FK_SYS_DICT_APP_ID` (`APP_ID`),
  CONSTRAINT `FK_SYS_DICT_APP_ID` FOREIGN KEY (`APP_ID`) REFERENCES `sys_group_app` (`ID`) ON DELETE CASCADE ON UPDATE CASCADE
) COMMENT='字典类型';

/*Data for the table `sys_dict` */

/*Table structure for table `sys_dict_value` */

CREATE TABLE `sys_dict_value` (
  `ID` VARCHAR(50) NOT NULL COMMENT '标号',
  `TYPE_ID` VARCHAR(50) NOT NULL COMMENT '类型编号',
  `DICT_NAME` VARCHAR(2000) DEFAULT NULL COMMENT '字典名称',
  `SORT_INDEX` INT(10) DEFAULT '9999' COMMENT '显示顺序',
  `APP_ID` VARCHAR(50) DEFAULT NULL COMMENT '应用id',
  `TYPE` VARCHAR(50) DEFAULT NULL COMMENT '类型',
  `DATA_VERSION` INT(10) DEFAULT '0' COMMENT '数据版本',
  `DICT_VALUE` VARCHAR(2000) DEFAULT NULL COMMENT '字典数据',
  `PARENT_ID` VARCHAR(50) DEFAULT NULL COMMENT '父节点id',
  `SORT_PATH` VARCHAR(2000) DEFAULT NULL COMMENT '排序路径',
  `REMARK` VARCHAR(2000) DEFAULT NULL COMMENT '备注',
  PRIMARY KEY (`ID`),
  KEY `FK_SYS_DICT_VALUE_TYPE_ID` (`TYPE_ID`),
  CONSTRAINT `FK_SYS_DICT_VALUE_TYPE_ID` FOREIGN KEY (`TYPE_ID`) REFERENCES `sys_dict` (`ID`) ON DELETE CASCADE ON UPDATE CASCADE
) COMMENT='字典数据表';

/*Data for the table `sys_dict_value` */

/*Table structure for table `sys_form_item_tip` */

CREATE TABLE `sys_form_item_tip` (
  `ID` VARCHAR(50) NOT NULL COMMENT '主键',
  `FORM_ID` VARCHAR(50) DEFAULT NULL COMMENT '表单id',
  `FORM_TITLE` VARCHAR(50) DEFAULT NULL COMMENT '表单标题',
  `DATA_NAME` VARCHAR(50) NOT NULL COMMENT '字段数据name',
  `DATA_FIELD` VARCHAR(50) DEFAULT NULL COMMENT '字段名称',
  `TIP` VARCHAR(2000) DEFAULT NULL COMMENT '提示信息',
  `MENU_ID` VARCHAR(50) DEFAULT NULL COMMENT '菜单编号',
  `MENU_NAME` VARCHAR(50) DEFAULT NULL COMMENT '菜单名称',
  `DATA_VERSION` INT(10) DEFAULT '0' COMMENT '数据版本',
  PRIMARY KEY (`ID`)
) COMMENT='表单字段提示信息表';

/*Data for the table `sys_form_item_tip` */

/*Table structure for table `sys_group_app` */

CREATE TABLE `sys_group_app` (
  `ID` VARCHAR(50) NOT NULL COMMENT '应用标识',
  `NAME` VARCHAR(200) DEFAULT NULL COMMENT '应用名称',
  `HAS_UI` INT(1) DEFAULT '0' COMMENT '前后端分离 0不是1是',
  `UI_NAME` VARCHAR(50) DEFAULT NULL COMMENT '前端服务名称',
  `VERSION` VARCHAR(50) DEFAULT NULL COMMENT '版本',
  `ICON` VARCHAR(200) DEFAULT NULL COMMENT '应用图标',
  `SORT_INDEX` INT(10) DEFAULT NULL COMMENT '排序',
  `REMARK` VARCHAR(2000) DEFAULT NULL COMMENT '备注',
  `CREATE_USER` VARCHAR(50) DEFAULT NULL COMMENT '创建人',
  `CREATE_TIME` DATETIME(6) DEFAULT NULL COMMENT '创建时间',
  `UPDATE_TIME` DATETIME(6) DEFAULT NULL COMMENT '最新更新时间',
  `SECRET_LEVEL` INT(10) DEFAULT NULL COMMENT '密级5非密4内部3秘密2机密1绝密',
  `GROUP_ID` VARCHAR(50) DEFAULT NULL COMMENT '集团id(为空时为平台应用)',
  `DATASOURCE_ID` VARCHAR(50) DEFAULT NULL COMMENT '数据源id',
  `IS_3_ADMIN` INT(10) DEFAULT '1' COMMENT '是否启用三员0不启用1启用',
  `DATA_VERSION` INT(10) DEFAULT '0' COMMENT '数据版本',
  `IS_MAIN_APP` INT(10) DEFAULT '0' COMMENT '是否为集团默认app 1是 0不是',
  PRIMARY KEY (`ID`),
  KEY `FK_SYS_GROUP_APP_GROUP_ID` (`GROUP_ID`),
  KEY `FK_SYS_GROUP_APP_DS_ID` (`DATASOURCE_ID`),
  CONSTRAINT `FK_SYS_GROUP_APP_DS_ID` FOREIGN KEY (`DATASOURCE_ID`) REFERENCES `sys_group_datasource` (`ID`),
  CONSTRAINT `FK_SYS_GROUP_APP_GROUP_ID` FOREIGN KEY (`GROUP_ID`) REFERENCES `org_group` (`ID`) ON DELETE CASCADE ON UPDATE CASCADE
) COMMENT='集团应用库';

/*Data for the table `sys_group_app` */

INSERT  INTO `sys_group_app`(`ID`,`NAME`,`HAS_UI`,`UI_NAME`,`VERSION`,`ICON`,`SORT_INDEX`,`REMARK`,`CREATE_USER`,`CREATE_TIME`,`UPDATE_TIME`,`SECRET_LEVEL`,`GROUP_ID`,`DATASOURCE_ID`,`IS_3_ADMIN`,`DATA_VERSION`,`IS_MAIN_APP`) VALUES ('platform','ace平台',0,NULL,'1.0',NULL,NULL,NULL,NULL,NULL,NULL,NULL,NULL,NULL,1,0,0);

/*Table structure for table `sys_group_datasource` */

CREATE TABLE `sys_group_datasource` (
  `ID` VARCHAR(50) NOT NULL COMMENT '主键',
  `GROUP_ID` VARCHAR(50) DEFAULT NULL COMMENT '集团主键',
  `TYPE` VARCHAR(50) DEFAULT NULL COMMENT '数据库类型',
  `USERNAME` VARCHAR(50) DEFAULT NULL COMMENT '用户名',
  `PASSWORD` VARCHAR(50) DEFAULT NULL COMMENT '密码',
  `URL` VARCHAR(200) DEFAULT NULL COMMENT '路径',
  `IS_MAJOR` INT(10) DEFAULT '1' COMMENT '是否为主数据源 1是0不是',
  `DATA_VERSION` INT(10) DEFAULT '0' COMMENT '数据版本',
  `DRIVER_NAME` VARCHAR(50) DEFAULT NULL COMMENT '驱动名称',
  PRIMARY KEY (`ID`),
  KEY `FK_SYS_GROUP_DATASOURCE_GID` (`GROUP_ID`),
  CONSTRAINT `FK_SYS_GROUP_DATASOURCE_GID` FOREIGN KEY (`GROUP_ID`) REFERENCES `org_group` (`ID`) ON DELETE CASCADE ON UPDATE CASCADE
) COMMENT='应用绑定数据源';

/*Data for the table `sys_group_datasource` */

/*Table structure for table `sys_job_calendar` */

CREATE TABLE `sys_job_calendar` (
  `ID` VARCHAR(50) NOT NULL COMMENT '主键',
  `STATE` INT(1) DEFAULT '0' COMMENT '状态 (0为工作日，1为休息日)',
  `ORGANIZATION_ID` VARCHAR(50) DEFAULT NULL COMMENT '业务单元ID',
  `YEAR` VARCHAR(10) DEFAULT NULL COMMENT '年',
  `MONTH` VARCHAR(10) DEFAULT NULL COMMENT '月',
  `DAY` VARCHAR(10) DEFAULT NULL COMMENT '日',
  PRIMARY KEY (`ID`),
  KEY `FK_CALENDAR_ORG_ID` (`ORGANIZATION_ID`),
  CONSTRAINT `FK_CALENDAR_ORG_ID` FOREIGN KEY (`ORGANIZATION_ID`) REFERENCES `org_organization` (`ID`) ON DELETE CASCADE
) COMMENT='工作日表';

/*Data for the table `sys_job_calendar` */

/*Table structure for table `sys_menu` */

CREATE TABLE `sys_menu` (
  `ID` VARCHAR(50) NOT NULL COMMENT '主键',
  `NAME` VARCHAR(200) DEFAULT NULL COMMENT '菜单名称',
  `PARENT_ID` VARCHAR(50) DEFAULT NULL COMMENT '父级菜单id',
  `APP_ID` VARCHAR(50) DEFAULT NULL COMMENT '应用id',
  `PARENT_NAME` VARCHAR(200) DEFAULT NULL COMMENT '父级菜单名称',
  `URL` VARCHAR(200) DEFAULT NULL COMMENT '菜单路径',
  `TYPE` INT(10) DEFAULT NULL COMMENT '菜单类型-0目录1菜单2按钮',
  `ICON` VARCHAR(200) DEFAULT NULL COMMENT '菜单图标',
  `AUTH_ID` VARCHAR(50) DEFAULT NULL COMMENT '权限id',
  `BTN_AUTH` VARCHAR(50) DEFAULT NULL COMMENT '权限标识',
  `IS_LEAF` INT(10) DEFAULT NULL COMMENT '是否是叶子节点0不是1是',
  `SORT_INDEX` INT(10) DEFAULT NULL COMMENT '当前菜单下排序',
  `ALL_ORDER` INT(10) DEFAULT NULL COMMENT '全局排序',
  `SORT_PATH` VARCHAR(80) DEFAULT NULL COMMENT '路径供排序时候使用',
  `OPEN_STYLE` VARCHAR(50) DEFAULT NULL COMMENT '打开方式',
  `CLOSE_NOTICE` INT(10) DEFAULT NULL COMMENT '关闭提示0不提示1提示',
  `CREATE_USER` VARCHAR(50) DEFAULT NULL COMMENT '创建人主键',
  `CREATE_TIME` DATETIME(6) DEFAULT NULL COMMENT '创建时间',
  `UPDATE_TIME` DATETIME(6) DEFAULT NULL COMMENT '更新时间',
  `LEAF` INT(10) DEFAULT NULL COMMENT '叶子数量',
  `MENU_AUTH` INT(10) DEFAULT NULL COMMENT '菜单所属权限0平台1应用',
  `REMARK` VARCHAR(2000) DEFAULT NULL COMMENT '备注',
  `DATA_VERSION` INT(10) DEFAULT '0' COMMENT '数据版本',
  `IS_IFRAME` INT(10) DEFAULT '0' COMMENT '是否是嵌套IFRAME,0不是，1是',
  PRIMARY KEY (`ID`),
  UNIQUE KEY `UK_SYS_MENU_PID_SORT_INDEX` (`PARENT_ID`,`SORT_INDEX`,`APP_ID`),
  KEY `FK_SYS_MENU_APP_ID` (`APP_ID`),
  KEY `FK_SYS_MENU_AUTH_ID` (`AUTH_ID`),
  CONSTRAINT `FK_SYS_MENU_APP_ID` FOREIGN KEY (`APP_ID`) REFERENCES `sys_group_app` (`ID`) ON DELETE CASCADE,
  CONSTRAINT `FK_SYS_MENU_AUTH_ID` FOREIGN KEY (`AUTH_ID`) REFERENCES `sys_auth` (`ID`) ON DELETE SET NULL
) COMMENT='系统菜单';

/*Data for the table `sys_menu` */

INSERT  INTO `sys_menu`(`ID`,`NAME`,`PARENT_ID`,`APP_ID`,`PARENT_NAME`,`URL`,`TYPE`,`ICON`,`AUTH_ID`,`BTN_AUTH`,`IS_LEAF`,`SORT_INDEX`,`ALL_ORDER`,`SORT_PATH`,`OPEN_STYLE`,`CLOSE_NOTICE`,`CREATE_USER`,`CREATE_TIME`,`UPDATE_TIME`,`LEAF`,`MENU_AUTH`,`REMARK`,`DATA_VERSION`,`IS_IFRAME`) VALUES ('04d7893c4a4d4345b18b0789af13753f','审计日志','e3b15ac90286450fbe5a721c9f542451','platform','系统管理','auditLogManage/views/AuditLog',0,'iconfont icon-clipboard-check','04d7893c4a4d4345b18b0789af13753f',NULL,NULL,4,NULL,'00020004',NULL,NULL,NULL,NULL,NULL,NULL,NULL,NULL,0,0);
INSERT  INTO `sys_menu`(`ID`,`NAME`,`PARENT_ID`,`APP_ID`,`PARENT_NAME`,`URL`,`TYPE`,`ICON`,`AUTH_ID`,`BTN_AUTH`,`IS_LEAF`,`SORT_INDEX`,`ALL_ORDER`,`SORT_PATH`,`OPEN_STYLE`,`CLOSE_NOTICE`,`CREATE_USER`,`CREATE_TIME`,`UPDATE_TIME`,`LEAF`,`MENU_AUTH`,`REMARK`,`DATA_VERSION`,`IS_IFRAME`) VALUES ('11116279a4a9416a8e20019821e61111','工作日历','11316279a4a9416a8e20019821e640af','platform','配置管理','jobCalendarManage/views/JobCalendar',1,'el-icon-date','11116279a4a9416a8e20019821e61111',NULL,NULL,10,NULL,'00030010',NULL,NULL,NULL,NULL,NULL,NULL,NULL,NULL,0,0);
INSERT  INTO `sys_menu`(`ID`,`NAME`,`PARENT_ID`,`APP_ID`,`PARENT_NAME`,`URL`,`TYPE`,`ICON`,`AUTH_ID`,`BTN_AUTH`,`IS_LEAF`,`SORT_INDEX`,`ALL_ORDER`,`SORT_PATH`,`OPEN_STYLE`,`CLOSE_NOTICE`,`CREATE_USER`,`CREATE_TIME`,`UPDATE_TIME`,`LEAF`,`MENU_AUTH`,`REMARK`,`DATA_VERSION`,`IS_IFRAME`) VALUES ('1116ba3204344d37929abd4ad9a15222','全局规则','3333ba3204344d37929abd4ad9a12222','platform','工作流程','globalRuleManage/views/GlobalRule',1,'fa fa-bolt','1116ba3204344d37929abd4ad9a15222',NULL,NULL,3,NULL,'00050003',NULL,NULL,NULL,NULL,NULL,NULL,NULL,NULL,0,0);
INSERT  INTO `sys_menu`(`ID`,`NAME`,`PARENT_ID`,`APP_ID`,`PARENT_NAME`,`URL`,`TYPE`,`ICON`,`AUTH_ID`,`BTN_AUTH`,`IS_LEAF`,`SORT_INDEX`,`ALL_ORDER`,`SORT_PATH`,`OPEN_STYLE`,`CLOSE_NOTICE`,`CREATE_USER`,`CREATE_TIME`,`UPDATE_TIME`,`LEAF`,`MENU_AUTH`,`REMARK`,`DATA_VERSION`,`IS_IFRAME`) VALUES ('11316279a4a9416a8e20019821e640af','配置管理','0','platform','一级菜单',NULL,0,'el-icon-s-grid','11316279a4a9416a8e20019821e640af',NULL,NULL,3,NULL,'0003',NULL,NULL,NULL,NULL,NULL,NULL,NULL,NULL,0,0);
INSERT  INTO `sys_menu`(`ID`,`NAME`,`PARENT_ID`,`APP_ID`,`PARENT_NAME`,`URL`,`TYPE`,`ICON`,`AUTH_ID`,`BTN_AUTH`,`IS_LEAF`,`SORT_INDEX`,`ALL_ORDER`,`SORT_PATH`,`OPEN_STYLE`,`CLOSE_NOTICE`,`CREATE_USER`,`CREATE_TIME`,`UPDATE_TIME`,`LEAF`,`MENU_AUTH`,`REMARK`,`DATA_VERSION`,`IS_IFRAME`) VALUES ('11erb3ec3d6e483b86c4923ea64cfdd0','授权管理','e3b15ac90286450fbe5a721c9f542451','platform','系统管理',NULL,0,'iconfont icon-user-shield','11erb3ec3d6e483b86c4923ea64cfdd0',NULL,NULL,9,NULL,'00020009',NULL,NULL,NULL,NULL,NULL,NULL,NULL,NULL,0,0);
INSERT  INTO `sys_menu`(`ID`,`NAME`,`PARENT_ID`,`APP_ID`,`PARENT_NAME`,`URL`,`TYPE`,`ICON`,`AUTH_ID`,`BTN_AUTH`,`IS_LEAF`,`SORT_INDEX`,`ALL_ORDER`,`SORT_PATH`,`OPEN_STYLE`,`CLOSE_NOTICE`,`CREATE_USER`,`CREATE_TIME`,`UPDATE_TIME`,`LEAF`,`MENU_AUTH`,`REMARK`,`DATA_VERSION`,`IS_IFRAME`) VALUES ('12315ac90286450fbe5a721c9f542344','服务配置','e3b15ac90286450fbe5a721c9f542344','platform','服务管理','nacos/views/NacosConfigs',1,'fa fa-cogs','12315ac90286450fbe5a721c9f542344',NULL,NULL,2,NULL,'00040002',NULL,NULL,NULL,NULL,NULL,NULL,NULL,NULL,0,0);
INSERT  INTO `sys_menu`(`ID`,`NAME`,`PARENT_ID`,`APP_ID`,`PARENT_NAME`,`URL`,`TYPE`,`ICON`,`AUTH_ID`,`BTN_AUTH`,`IS_LEAF`,`SORT_INDEX`,`ALL_ORDER`,`SORT_PATH`,`OPEN_STYLE`,`CLOSE_NOTICE`,`CREATE_USER`,`CREATE_TIME`,`UPDATE_TIME`,`LEAF`,`MENU_AUTH`,`REMARK`,`DATA_VERSION`,`IS_IFRAME`) VALUES ('1234ba3204344d37929abd4ad9a1dgth','业务类型管理','twerba3204344d37929abd4ad9a1dfgh','platform','数据展示','reportType/views/ReportType',1,'fa fa-align-justify','1234ba3204344d37929abd4ad9a1dgth',NULL,NULL,1,NULL,'00060001',NULL,NULL,NULL,NULL,NULL,NULL,NULL,NULL,0,0);
INSERT  INTO `sys_menu`(`ID`,`NAME`,`PARENT_ID`,`APP_ID`,`PARENT_NAME`,`URL`,`TYPE`,`ICON`,`AUTH_ID`,`BTN_AUTH`,`IS_LEAF`,`SORT_INDEX`,`ALL_ORDER`,`SORT_PATH`,`OPEN_STYLE`,`CLOSE_NOTICE`,`CREATE_USER`,`CREATE_TIME`,`UPDATE_TIME`,`LEAF`,`MENU_AUTH`,`REMARK`,`DATA_VERSION`,`IS_IFRAME`) VALUES ('131e140bc2bd4361af5ee488f92b22ad','字典维护','e3b15ac90286450fbe5a721c9f542451','platform','系统管理','dictManage/views/dict',1,'iconfont icon-atlas','131e140bc2bd4361af5ee488f92b22ad',NULL,NULL,7,NULL,'00020007',NULL,NULL,NULL,NULL,NULL,NULL,NULL,NULL,0,0);
INSERT  INTO `sys_menu`(`ID`,`NAME`,`PARENT_ID`,`APP_ID`,`PARENT_NAME`,`URL`,`TYPE`,`ICON`,`AUTH_ID`,`BTN_AUTH`,`IS_LEAF`,`SORT_INDEX`,`ALL_ORDER`,`SORT_PATH`,`OPEN_STYLE`,`CLOSE_NOTICE`,`CREATE_USER`,`CREATE_TIME`,`UPDATE_TIME`,`LEAF`,`MENU_AUTH`,`REMARK`,`DATA_VERSION`,`IS_IFRAME`) VALUES ('22316279a4a9416a8e20019821e640af','定时任务','11316279a4a9416a8e20019821e640af','platform','配置管理','quartzManage/views/Schedule',1,'el-icon-message-solid','22316279a4a9416a8e20019821e640af',NULL,NULL,8,NULL,'00030008',NULL,NULL,NULL,NULL,NULL,NULL,NULL,NULL,0,0);
INSERT  INTO `sys_menu`(`ID`,`NAME`,`PARENT_ID`,`APP_ID`,`PARENT_NAME`,`URL`,`TYPE`,`ICON`,`AUTH_ID`,`BTN_AUTH`,`IS_LEAF`,`SORT_INDEX`,`ALL_ORDER`,`SORT_PATH`,`OPEN_STYLE`,`CLOSE_NOTICE`,`CREATE_USER`,`CREATE_TIME`,`UPDATE_TIME`,`LEAF`,`MENU_AUTH`,`REMARK`,`DATA_VERSION`,`IS_IFRAME`) VALUES ('2234ba3204344d37929abd4ad9a1dgth','报表设计','twerba3204344d37929abd4ad9a1dfgh','platform','数据展示','reportInfo/views/ReportList',1,'fa fa-area-chart','2234ba3204344d37929abd4ad9a1dgth',NULL,NULL,2,NULL,'00060002',NULL,NULL,NULL,NULL,NULL,NULL,NULL,NULL,0,0);
INSERT  INTO `sys_menu`(`ID`,`NAME`,`PARENT_ID`,`APP_ID`,`PARENT_NAME`,`URL`,`TYPE`,`ICON`,`AUTH_ID`,`BTN_AUTH`,`IS_LEAF`,`SORT_INDEX`,`ALL_ORDER`,`SORT_PATH`,`OPEN_STYLE`,`CLOSE_NOTICE`,`CREATE_USER`,`CREATE_TIME`,`UPDATE_TIME`,`LEAF`,`MENU_AUTH`,`REMARK`,`DATA_VERSION`,`IS_IFRAME`) VALUES ('23315ac90286450fbe5a721c9f542344','命名空间','e3b15ac90286450fbe5a721c9f542344','platform','服务管理','nacos/views/NacosNamespace',1,'fa fa-cube','23315ac90286450fbe5a721c9f542344',NULL,NULL,1,NULL,'00040001',NULL,NULL,NULL,NULL,NULL,NULL,NULL,NULL,0,0);
INSERT  INTO `sys_menu`(`ID`,`NAME`,`PARENT_ID`,`APP_ID`,`PARENT_NAME`,`URL`,`TYPE`,`ICON`,`AUTH_ID`,`BTN_AUTH`,`IS_LEAF`,`SORT_INDEX`,`ALL_ORDER`,`SORT_PATH`,`OPEN_STYLE`,`CLOSE_NOTICE`,`CREATE_USER`,`CREATE_TIME`,`UPDATE_TIME`,`LEAF`,`MENU_AUTH`,`REMARK`,`DATA_VERSION`,`IS_IFRAME`) VALUES ('3234ba3204344d37929abd4ad9a1dgth','报表浏览','twerba3204344d37929abd4ad9a1dfgh','platform','数据展示','reportShow/views/ReportShow',1,'fa fa-list','3234ba3204344d37929abd4ad9a1dgth',NULL,NULL,3,NULL,'00060003',NULL,NULL,NULL,NULL,NULL,NULL,NULL,NULL,0,0);
INSERT  INTO `sys_menu`(`ID`,`NAME`,`PARENT_ID`,`APP_ID`,`PARENT_NAME`,`URL`,`TYPE`,`ICON`,`AUTH_ID`,`BTN_AUTH`,`IS_LEAF`,`SORT_INDEX`,`ALL_ORDER`,`SORT_PATH`,`OPEN_STYLE`,`CLOSE_NOTICE`,`CREATE_USER`,`CREATE_TIME`,`UPDATE_TIME`,`LEAF`,`MENU_AUTH`,`REMARK`,`DATA_VERSION`,`IS_IFRAME`) VALUES ('3333ba3204344d37929abd4ad9a12222','工作流程','0','platform','一级菜单',NULL,0,'fa fa-cubes','3333ba3204344d37929abd4ad9a12222',NULL,NULL,5,NULL,'0005',NULL,NULL,NULL,NULL,NULL,NULL,NULL,NULL,0,0);
INSERT  INTO `sys_menu`(`ID`,`NAME`,`PARENT_ID`,`APP_ID`,`PARENT_NAME`,`URL`,`TYPE`,`ICON`,`AUTH_ID`,`BTN_AUTH`,`IS_LEAF`,`SORT_INDEX`,`ALL_ORDER`,`SORT_PATH`,`OPEN_STYLE`,`CLOSE_NOTICE`,`CREATE_USER`,`CREATE_TIME`,`UPDATE_TIME`,`LEAF`,`MENU_AUTH`,`REMARK`,`DATA_VERSION`,`IS_IFRAME`) VALUES ('334qb3ec3d6e483b86c4923ea64cfdd0','用户授权','11erb3ec3d6e483b86c4923ea64cfdd0','platform','授权管理','grantAuthManage/views/UserGrantAuth',1,'iconfont icon-user-shield','334qb3ec3d6e483b86c4923ea64cfdd0',NULL,NULL,1,NULL,'000200090001',NULL,NULL,NULL,NULL,NULL,NULL,NULL,NULL,0,0);
INSERT  INTO `sys_menu`(`ID`,`NAME`,`PARENT_ID`,`APP_ID`,`PARENT_NAME`,`URL`,`TYPE`,`ICON`,`AUTH_ID`,`BTN_AUTH`,`IS_LEAF`,`SORT_INDEX`,`ALL_ORDER`,`SORT_PATH`,`OPEN_STYLE`,`CLOSE_NOTICE`,`CREATE_USER`,`CREATE_TIME`,`UPDATE_TIME`,`LEAF`,`MENU_AUTH`,`REMARK`,`DATA_VERSION`,`IS_IFRAME`) VALUES ('34116279a4a9416a8e20019821e61341','消息配置','11316279a4a9416a8e20019821e640af','platform','配置管理',NULL,0,'el-icon-message','34116279a4a9416a8e20019821e61341',NULL,NULL,9,NULL,'00030009',NULL,NULL,NULL,NULL,NULL,NULL,NULL,NULL,0,0);
INSERT  INTO `sys_menu`(`ID`,`NAME`,`PARENT_ID`,`APP_ID`,`PARENT_NAME`,`URL`,`TYPE`,`ICON`,`AUTH_ID`,`BTN_AUTH`,`IS_LEAF`,`SORT_INDEX`,`ALL_ORDER`,`SORT_PATH`,`OPEN_STYLE`,`CLOSE_NOTICE`,`CREATE_USER`,`CREATE_TIME`,`UPDATE_TIME`,`LEAF`,`MENU_AUTH`,`REMARK`,`DATA_VERSION`,`IS_IFRAME`) VALUES ('34415ac90286450fbe5a721c9f542344','服务列表','e3b15ac90286450fbe5a721c9f542344','platform','服务管理','nacos/views/NacosService',1,'fa fa-cubes','34415ac90286450fbe5a721c9f542344',NULL,NULL,3,NULL,'00040003',NULL,NULL,NULL,NULL,NULL,NULL,NULL,NULL,0,0);
INSERT  INTO `sys_menu`(`ID`,`NAME`,`PARENT_ID`,`APP_ID`,`PARENT_NAME`,`URL`,`TYPE`,`ICON`,`AUTH_ID`,`BTN_AUTH`,`IS_LEAF`,`SORT_INDEX`,`ALL_ORDER`,`SORT_PATH`,`OPEN_STYLE`,`CLOSE_NOTICE`,`CREATE_USER`,`CREATE_TIME`,`UPDATE_TIME`,`LEAF`,`MENU_AUTH`,`REMARK`,`DATA_VERSION`,`IS_IFRAME`) VALUES ('3456ba3204344d37929abd4ad9a15678','流程定义','3333ba3204344d37929abd4ad9a12222','platform','工作流程','processDefinition/views/ProcessList',1,'fa fa-cube','3456ba3204344d37929abd4ad9a15678',NULL,NULL,1,NULL,'00050001',NULL,NULL,NULL,NULL,NULL,NULL,NULL,NULL,0,0);
INSERT  INTO `sys_menu`(`ID`,`NAME`,`PARENT_ID`,`APP_ID`,`PARENT_NAME`,`URL`,`TYPE`,`ICON`,`AUTH_ID`,`BTN_AUTH`,`IS_LEAF`,`SORT_INDEX`,`ALL_ORDER`,`SORT_PATH`,`OPEN_STYLE`,`CLOSE_NOTICE`,`CREATE_USER`,`CREATE_TIME`,`UPDATE_TIME`,`LEAF`,`MENU_AUTH`,`REMARK`,`DATA_VERSION`,`IS_IFRAME`) VALUES ('39e1b3ec3d6e483b86c4923ea64cfdd0','权限定义','11316279a4a9416a8e20019821e640af','platform','配置管理','authManage/views/Auth',1,'iconfont icon-setting-permissions','39e1b3ec3d6e483b86c4923ea64cfdd0',NULL,NULL,7,NULL,'00030007',NULL,NULL,NULL,NULL,NULL,NULL,NULL,NULL,0,0);
INSERT  INTO `sys_menu`(`ID`,`NAME`,`PARENT_ID`,`APP_ID`,`PARENT_NAME`,`URL`,`TYPE`,`ICON`,`AUTH_ID`,`BTN_AUTH`,`IS_LEAF`,`SORT_INDEX`,`ALL_ORDER`,`SORT_PATH`,`OPEN_STYLE`,`CLOSE_NOTICE`,`CREATE_USER`,`CREATE_TIME`,`UPDATE_TIME`,`LEAF`,`MENU_AUTH`,`REMARK`,`DATA_VERSION`,`IS_IFRAME`) VALUES ('39e1b3ec3d6e483b86c4923ea64cfeee','数据源管理','11316279a4a9416a8e20019821e640af','platform','配置管理','groupDataSource/views/dataSource',1,'iconfont icon-server','39e1b3ec3d6e483b86c4923ea64cfeee',NULL,NULL,4,NULL,'00030004',NULL,NULL,NULL,NULL,NULL,NULL,NULL,NULL,0,0);
INSERT  INTO `sys_menu`(`ID`,`NAME`,`PARENT_ID`,`APP_ID`,`PARENT_NAME`,`URL`,`TYPE`,`ICON`,`AUTH_ID`,`BTN_AUTH`,`IS_LEAF`,`SORT_INDEX`,`ALL_ORDER`,`SORT_PATH`,`OPEN_STYLE`,`CLOSE_NOTICE`,`CREATE_USER`,`CREATE_TIME`,`UPDATE_TIME`,`LEAF`,`MENU_AUTH`,`REMARK`,`DATA_VERSION`,`IS_IFRAME`) VALUES ('4234ba3204344d37929abd4ad9a1dgth','仪表盘设计','twerba3204344d37929abd4ad9a1dfgh','platform','数据展示','reportDsInfo/views/ReportDsList',1,'fa fa-pie-chart','4234ba3204344d37929abd4ad9a1dgth',NULL,NULL,4,NULL,'00060004',NULL,NULL,NULL,NULL,NULL,NULL,NULL,NULL,0,0);
INSERT  INTO `sys_menu`(`ID`,`NAME`,`PARENT_ID`,`APP_ID`,`PARENT_NAME`,`URL`,`TYPE`,`ICON`,`AUTH_ID`,`BTN_AUTH`,`IS_LEAF`,`SORT_INDEX`,`ALL_ORDER`,`SORT_PATH`,`OPEN_STYLE`,`CLOSE_NOTICE`,`CREATE_USER`,`CREATE_TIME`,`UPDATE_TIME`,`LEAF`,`MENU_AUTH`,`REMARK`,`DATA_VERSION`,`IS_IFRAME`) VALUES ('45676279a4a9416a8e20019821e6ghjk','消息通道','34116279a4a9416a8e20019821e61341','platform','消息配置','msgSendManage/views/MsgSend',1,'fa fa-eraser','45676279a4a9416a8e20019821e6ghjk',NULL,NULL,1,NULL,'000300090001',NULL,NULL,NULL,NULL,NULL,NULL,NULL,NULL,0,0);
INSERT  INTO `sys_menu`(`ID`,`NAME`,`PARENT_ID`,`APP_ID`,`PARENT_NAME`,`URL`,`TYPE`,`ICON`,`AUTH_ID`,`BTN_AUTH`,`IS_LEAF`,`SORT_INDEX`,`ALL_ORDER`,`SORT_PATH`,`OPEN_STYLE`,`CLOSE_NOTICE`,`CREATE_USER`,`CREATE_TIME`,`UPDATE_TIME`,`LEAF`,`MENU_AUTH`,`REMARK`,`DATA_VERSION`,`IS_IFRAME`) VALUES ('456wb3ec3d6e483b86c4923ea64cfdd0','角色授权','11erb3ec3d6e483b86c4923ea64cfdd0','platform','授权管理','grantAuthManage/views/RoleGrantAuth',1,'iconfont icon-street-view','456wb3ec3d6e483b86c4923ea64cfdd0',NULL,NULL,2,NULL,'000200090002',NULL,NULL,NULL,NULL,NULL,NULL,NULL,NULL,0,0);
INSERT  INTO `sys_menu`(`ID`,`NAME`,`PARENT_ID`,`APP_ID`,`PARENT_NAME`,`URL`,`TYPE`,`ICON`,`AUTH_ID`,`BTN_AUTH`,`IS_LEAF`,`SORT_INDEX`,`ALL_ORDER`,`SORT_PATH`,`OPEN_STYLE`,`CLOSE_NOTICE`,`CREATE_USER`,`CREATE_TIME`,`UPDATE_TIME`,`LEAF`,`MENU_AUTH`,`REMARK`,`DATA_VERSION`,`IS_IFRAME`) VALUES ('5234ba3204344d37929abd4ad9a1dgth','仪表盘浏览','twerba3204344d37929abd4ad9a1dfgh','platform','数据展示','reportDsShow/views/ReportDsShow',1,'fa fa-list-ul','5234ba3204344d37929abd4ad9a1dgth',NULL,NULL,5,NULL,'00060005',NULL,NULL,NULL,NULL,NULL,NULL,NULL,NULL,0,0);
INSERT  INTO `sys_menu`(`ID`,`NAME`,`PARENT_ID`,`APP_ID`,`PARENT_NAME`,`URL`,`TYPE`,`ICON`,`AUTH_ID`,`BTN_AUTH`,`IS_LEAF`,`SORT_INDEX`,`ALL_ORDER`,`SORT_PATH`,`OPEN_STYLE`,`CLOSE_NOTICE`,`CREATE_USER`,`CREATE_TIME`,`UPDATE_TIME`,`LEAF`,`MENU_AUTH`,`REMARK`,`DATA_VERSION`,`IS_IFRAME`) VALUES ('5e80ace300d54486814ee84c1fb29a3a','部门管理','bc316279a4a9416a8e20019821e640af','platform','组织架构管理','orgDepartmentManage/views/orgDepartment',1,'iconfont icon-th-list','5e80ace300d54486814ee84c1fb29a3a',NULL,NULL,3,NULL,'00010003',NULL,NULL,NULL,NULL,NULL,NULL,NULL,NULL,0,0);
INSERT  INTO `sys_menu`(`ID`,`NAME`,`PARENT_ID`,`APP_ID`,`PARENT_NAME`,`URL`,`TYPE`,`ICON`,`AUTH_ID`,`BTN_AUTH`,`IS_LEAF`,`SORT_INDEX`,`ALL_ORDER`,`SORT_PATH`,`OPEN_STYLE`,`CLOSE_NOTICE`,`CREATE_USER`,`CREATE_TIME`,`UPDATE_TIME`,`LEAF`,`MENU_AUTH`,`REMARK`,`DATA_VERSION`,`IS_IFRAME`) VALUES ('5fc1b8842fa04faea8f39beb866fd511','集团三员','e3b15ac90286450fbe5a721c9f542451','platform','系统管理','threeManage/views/GroupThreeManage',1,'iconfont icon-user-tie','5fc1b8842fa04faea8f39beb866fd511',NULL,NULL,1,NULL,'00020001',NULL,NULL,NULL,NULL,NULL,NULL,NULL,NULL,0,0);
INSERT  INTO `sys_menu`(`ID`,`NAME`,`PARENT_ID`,`APP_ID`,`PARENT_NAME`,`URL`,`TYPE`,`ICON`,`AUTH_ID`,`BTN_AUTH`,`IS_LEAF`,`SORT_INDEX`,`ALL_ORDER`,`SORT_PATH`,`OPEN_STYLE`,`CLOSE_NOTICE`,`CREATE_USER`,`CREATE_TIME`,`UPDATE_TIME`,`LEAF`,`MENU_AUTH`,`REMARK`,`DATA_VERSION`,`IS_IFRAME`) VALUES ('67e1114e83214aeb8a3ec0a6822fdd30','应用三员','e3b15ac90286450fbe5a721c9f542451','platform','系统管理','threeManage/views/AppThreeManage',1,'iconfont icon-users','67e1114e83214aeb8a3ec0a6822fdd30',NULL,NULL,6,NULL,'00020006',NULL,NULL,NULL,NULL,NULL,NULL,NULL,NULL,0,0);
INSERT  INTO `sys_menu`(`ID`,`NAME`,`PARENT_ID`,`APP_ID`,`PARENT_NAME`,`URL`,`TYPE`,`ICON`,`AUTH_ID`,`BTN_AUTH`,`IS_LEAF`,`SORT_INDEX`,`ALL_ORDER`,`SORT_PATH`,`OPEN_STYLE`,`CLOSE_NOTICE`,`CREATE_USER`,`CREATE_TIME`,`UPDATE_TIME`,`LEAF`,`MENU_AUTH`,`REMARK`,`DATA_VERSION`,`IS_IFRAME`) VALUES ('67yub3ec3d6e483b86c4923ea64cfdd0','权限授权','11erb3ec3d6e483b86c4923ea64cfdd0','platform','授权管理','grantAuthManage/views/AuthGrantUserAndRole',1,'iconfont icon-setting-permissions','67yub3ec3d6e483b86c4923ea64cfdd0',NULL,NULL,3,NULL,'000200090003',NULL,NULL,NULL,NULL,NULL,NULL,NULL,NULL,0,0);
INSERT  INTO `sys_menu`(`ID`,`NAME`,`PARENT_ID`,`APP_ID`,`PARENT_NAME`,`URL`,`TYPE`,`ICON`,`AUTH_ID`,`BTN_AUTH`,`IS_LEAF`,`SORT_INDEX`,`ALL_ORDER`,`SORT_PATH`,`OPEN_STYLE`,`CLOSE_NOTICE`,`CREATE_USER`,`CREATE_TIME`,`UPDATE_TIME`,`LEAF`,`MENU_AUTH`,`REMARK`,`DATA_VERSION`,`IS_IFRAME`) VALUES ('7756ba3204344d37929abd4ad9a15699','全局变量','3333ba3204344d37929abd4ad9a12222','platform','工作流程','globalVariantManage/views/GlobalVariant',1,'fa fa-cog','7756ba3204344d37929abd4ad9a15699',NULL,NULL,2,NULL,'00050002',NULL,NULL,NULL,NULL,NULL,NULL,NULL,NULL,0,0);
INSERT  INTO `sys_menu`(`ID`,`NAME`,`PARENT_ID`,`APP_ID`,`PARENT_NAME`,`URL`,`TYPE`,`ICON`,`AUTH_ID`,`BTN_AUTH`,`IS_LEAF`,`SORT_INDEX`,`ALL_ORDER`,`SORT_PATH`,`OPEN_STYLE`,`CLOSE_NOTICE`,`CREATE_USER`,`CREATE_TIME`,`UPDATE_TIME`,`LEAF`,`MENU_AUTH`,`REMARK`,`DATA_VERSION`,`IS_IFRAME`) VALUES ('77yub3ec3d6e483b86c4923ea6411111','授权激活','11erb3ec3d6e483b86c4923ea64cfdd0','platform','授权管理','grantAuthManage/views/AuthGrantActive',1,'iconfont icon-setting-permissions','77yub3ec3d6e483b86c4923ea6411111',NULL,NULL,4,NULL,'000200090004',NULL,NULL,NULL,NULL,NULL,NULL,NULL,NULL,0,0);
INSERT  INTO `sys_menu`(`ID`,`NAME`,`PARENT_ID`,`APP_ID`,`PARENT_NAME`,`URL`,`TYPE`,`ICON`,`AUTH_ID`,`BTN_AUTH`,`IS_LEAF`,`SORT_INDEX`,`ALL_ORDER`,`SORT_PATH`,`OPEN_STYLE`,`CLOSE_NOTICE`,`CREATE_USER`,`CREATE_TIME`,`UPDATE_TIME`,`LEAF`,`MENU_AUTH`,`REMARK`,`DATA_VERSION`,`IS_IFRAME`) VALUES ('8bc5761a4d8d49e680515bc50f4baad1','菜单管理','11316279a4a9416a8e20019821e640af','platform','配置管理','menuManage/views/Menu',1,'iconfont icon-list-ul','8bc5761a4d8d49e680515bc50f4baad1',NULL,NULL,6,NULL,'00030006',NULL,NULL,NULL,NULL,NULL,NULL,NULL,NULL,0,0);
INSERT  INTO `sys_menu`(`ID`,`NAME`,`PARENT_ID`,`APP_ID`,`PARENT_NAME`,`URL`,`TYPE`,`ICON`,`AUTH_ID`,`BTN_AUTH`,`IS_LEAF`,`SORT_INDEX`,`ALL_ORDER`,`SORT_PATH`,`OPEN_STYLE`,`CLOSE_NOTICE`,`CREATE_USER`,`CREATE_TIME`,`UPDATE_TIME`,`LEAF`,`MENU_AUTH`,`REMARK`,`DATA_VERSION`,`IS_IFRAME`) VALUES ('8d4d2caee7f548889988da2747dfaa4a','角色管理','e3b15ac90286450fbe5a721c9f542451','platform','系统管理','roleManage/views/Role',1,'iconfont icon-user-circle','8d4d2caee7f548889988da2747dfaa4a',NULL,NULL,8,NULL,'00020008',NULL,NULL,NULL,NULL,NULL,NULL,NULL,NULL,0,0);
INSERT  INTO `sys_menu`(`ID`,`NAME`,`PARENT_ID`,`APP_ID`,`PARENT_NAME`,`URL`,`TYPE`,`ICON`,`AUTH_ID`,`BTN_AUTH`,`IS_LEAF`,`SORT_INDEX`,`ALL_ORDER`,`SORT_PATH`,`OPEN_STYLE`,`CLOSE_NOTICE`,`CREATE_USER`,`CREATE_TIME`,`UPDATE_TIME`,`LEAF`,`MENU_AUTH`,`REMARK`,`DATA_VERSION`,`IS_IFRAME`) VALUES ('8df5766a29644f50bceee1228964e1cc','集团管理','bc316279a4a9416a8e20019821e640af','platform','组织架构管理','orgSructureManage/views/GroupManage',1,'iconfont icon-loufang','8df5766a29644f50bceee1228964e1cc',NULL,NULL,1,NULL,'00010001',NULL,NULL,NULL,NULL,NULL,NULL,NULL,NULL,0,0);
INSERT  INTO `sys_menu`(`ID`,`NAME`,`PARENT_ID`,`APP_ID`,`PARENT_NAME`,`URL`,`TYPE`,`ICON`,`AUTH_ID`,`BTN_AUTH`,`IS_LEAF`,`SORT_INDEX`,`ALL_ORDER`,`SORT_PATH`,`OPEN_STYLE`,`CLOSE_NOTICE`,`CREATE_USER`,`CREATE_TIME`,`UPDATE_TIME`,`LEAF`,`MENU_AUTH`,`REMARK`,`DATA_VERSION`,`IS_IFRAME`) VALUES ('a16344b1790e41e98615f6cd19587412','证件管理','bc316279a4a9416a8e20019821e640af','platform','组织架构管理','orgSructureManage/views/PersonIdTypeManage',1,'el-icon-bank-card','a16344b1790e41e98615f6cd19587572',NULL,NULL,22,NULL,'00010022',NULL,NULL,NULL,NULL,NULL,NULL,NULL,NULL,0,0);
INSERT  INTO `sys_menu`(`ID`,`NAME`,`PARENT_ID`,`APP_ID`,`PARENT_NAME`,`URL`,`TYPE`,`ICON`,`AUTH_ID`,`BTN_AUTH`,`IS_LEAF`,`SORT_INDEX`,`ALL_ORDER`,`SORT_PATH`,`OPEN_STYLE`,`CLOSE_NOTICE`,`CREATE_USER`,`CREATE_TIME`,`UPDATE_TIME`,`LEAF`,`MENU_AUTH`,`REMARK`,`DATA_VERSION`,`IS_IFRAME`) VALUES ('a16344b1790e41e98615f6cd19587571','人员管理','bc316279a4a9416a8e20019821e640af','platform','组织架构管理','orgSructureManage/views/PersonnelManage',1,'iconfont icon-users-cog','a16344b1790e41e98615f6cd19587571',NULL,NULL,4,NULL,'00010004',NULL,NULL,NULL,NULL,NULL,NULL,NULL,NULL,0,0);
INSERT  INTO `sys_menu`(`ID`,`NAME`,`PARENT_ID`,`APP_ID`,`PARENT_NAME`,`URL`,`TYPE`,`ICON`,`AUTH_ID`,`BTN_AUTH`,`IS_LEAF`,`SORT_INDEX`,`ALL_ORDER`,`SORT_PATH`,`OPEN_STYLE`,`CLOSE_NOTICE`,`CREATE_USER`,`CREATE_TIME`,`UPDATE_TIME`,`LEAF`,`MENU_AUTH`,`REMARK`,`DATA_VERSION`,`IS_IFRAME`) VALUES ('a16344b1790e41e98615f6cd19587572','岗位管理','bc316279a4a9416a8e20019821e640af','platform','组织架构管理','orgSructureManage/views/PostManage',1,'el-icon-user','a16344b1790e41e98615f6cd19587571',NULL,NULL,20,NULL,'00010020',NULL,NULL,NULL,NULL,NULL,NULL,NULL,NULL,0,0);
INSERT  INTO `sys_menu`(`ID`,`NAME`,`PARENT_ID`,`APP_ID`,`PARENT_NAME`,`URL`,`TYPE`,`ICON`,`AUTH_ID`,`BTN_AUTH`,`IS_LEAF`,`SORT_INDEX`,`ALL_ORDER`,`SORT_PATH`,`OPEN_STYLE`,`CLOSE_NOTICE`,`CREATE_USER`,`CREATE_TIME`,`UPDATE_TIME`,`LEAF`,`MENU_AUTH`,`REMARK`,`DATA_VERSION`,`IS_IFRAME`) VALUES ('a16344b1790e41e98615f6cd19587573','业务单元','bc316279a4a9416a8e20019821e640af','platform','组织架构管理','orgSructureManage/views/BusinessUnitManage',1,'iconfont icon-appstore-fill','a16344b1790e41e98615f6cd19587573',NULL,NULL,2,NULL,'00010002',NULL,NULL,NULL,NULL,NULL,NULL,NULL,NULL,0,0);
INSERT  INTO `sys_menu`(`ID`,`NAME`,`PARENT_ID`,`APP_ID`,`PARENT_NAME`,`URL`,`TYPE`,`ICON`,`AUTH_ID`,`BTN_AUTH`,`IS_LEAF`,`SORT_INDEX`,`ALL_ORDER`,`SORT_PATH`,`OPEN_STYLE`,`CLOSE_NOTICE`,`CREATE_USER`,`CREATE_TIME`,`UPDATE_TIME`,`LEAF`,`MENU_AUTH`,`REMARK`,`DATA_VERSION`,`IS_IFRAME`) VALUES ('a16344b1790e41e98615f6cd1958757r','职务管理','bc316279a4a9416a8e20019821e640af','platform','组织架构管理','orgSructureManage/views/JobManage',1,'el-icon-s-check','a16344b1790e41e98615f6cd19587571',NULL,NULL,21,NULL,'00010021',NULL,NULL,NULL,NULL,NULL,NULL,NULL,NULL,0,0);
INSERT  INTO `sys_menu`(`ID`,`NAME`,`PARENT_ID`,`APP_ID`,`PARENT_NAME`,`URL`,`TYPE`,`ICON`,`AUTH_ID`,`BTN_AUTH`,`IS_LEAF`,`SORT_INDEX`,`ALL_ORDER`,`SORT_PATH`,`OPEN_STYLE`,`CLOSE_NOTICE`,`CREATE_USER`,`CREATE_TIME`,`UPDATE_TIME`,`LEAF`,`MENU_AUTH`,`REMARK`,`DATA_VERSION`,`IS_IFRAME`) VALUES ('ac2a8ce16a614324b5ed4e9c24e7e904','系统配置','11316279a4a9416a8e20019821e640af','platform','配置管理','configManage/views/ConfigManage',1,'iconfont icon-cogs','ac2a8ce16a614324b5ed4e9c24e7e904',NULL,NULL,1,NULL,'00030001',NULL,NULL,NULL,NULL,NULL,NULL,NULL,NULL,0,0);
INSERT  INTO `sys_menu`(`ID`,`NAME`,`PARENT_ID`,`APP_ID`,`PARENT_NAME`,`URL`,`TYPE`,`ICON`,`AUTH_ID`,`BTN_AUTH`,`IS_LEAF`,`SORT_INDEX`,`ALL_ORDER`,`SORT_PATH`,`OPEN_STYLE`,`CLOSE_NOTICE`,`CREATE_USER`,`CREATE_TIME`,`UPDATE_TIME`,`LEAF`,`MENU_AUTH`,`REMARK`,`DATA_VERSION`,`IS_IFRAME`) VALUES ('ac2a8ce16a614324b5ed4e9c24e7e905','应用管理','11316279a4a9416a8e20019821e640af','platform','配置管理','groupAppManage/views/GroupApp',1,'iconfont icon-box','ac2a8ce16a614324b5ed4e9c24e7e905',NULL,NULL,5,NULL,'00030005',NULL,NULL,NULL,NULL,NULL,NULL,NULL,NULL,0,0);
INSERT  INTO `sys_menu`(`ID`,`NAME`,`PARENT_ID`,`APP_ID`,`PARENT_NAME`,`URL`,`TYPE`,`ICON`,`AUTH_ID`,`BTN_AUTH`,`IS_LEAF`,`SORT_INDEX`,`ALL_ORDER`,`SORT_PATH`,`OPEN_STYLE`,`CLOSE_NOTICE`,`CREATE_USER`,`CREATE_TIME`,`UPDATE_TIME`,`LEAF`,`MENU_AUTH`,`REMARK`,`DATA_VERSION`,`IS_IFRAME`) VALUES ('b50cbc8a2b0645729848403093f4246f','用户管理','e3b15ac90286450fbe5a721c9f542451','platform','系统管理','userManage/views/user',1,'iconfont icon-users-cog','b50cbc8a2b0645729848403093f4246f',NULL,NULL,2,NULL,'00020002',NULL,NULL,NULL,NULL,NULL,NULL,NULL,NULL,0,0);
INSERT  INTO `sys_menu`(`ID`,`NAME`,`PARENT_ID`,`APP_ID`,`PARENT_NAME`,`URL`,`TYPE`,`ICON`,`AUTH_ID`,`BTN_AUTH`,`IS_LEAF`,`SORT_INDEX`,`ALL_ORDER`,`SORT_PATH`,`OPEN_STYLE`,`CLOSE_NOTICE`,`CREATE_USER`,`CREATE_TIME`,`UPDATE_TIME`,`LEAF`,`MENU_AUTH`,`REMARK`,`DATA_VERSION`,`IS_IFRAME`) VALUES ('bc316279a4a9416a8e20019821e640af','组织管理','0','platform','一级菜单',NULL,0,'iconfont icon-sitemap','bc316279a4a9416a8e20019821e640af',NULL,NULL,1,NULL,'0001',NULL,NULL,NULL,NULL,NULL,NULL,NULL,NULL,0,0);
INSERT  INTO `sys_menu`(`ID`,`NAME`,`PARENT_ID`,`APP_ID`,`PARENT_NAME`,`URL`,`TYPE`,`ICON`,`AUTH_ID`,`BTN_AUTH`,`IS_LEAF`,`SORT_INDEX`,`ALL_ORDER`,`SORT_PATH`,`OPEN_STYLE`,`CLOSE_NOTICE`,`CREATE_USER`,`CREATE_TIME`,`UPDATE_TIME`,`LEAF`,`MENU_AUTH`,`REMARK`,`DATA_VERSION`,`IS_IFRAME`) VALUES ('e3b15ac90286450fbe5a721c9f542344','服务管理','0','platform','一级菜单',NULL,0,'fa fa-server','e3b15ac90286450fbe5a721c9f542344',NULL,NULL,4,NULL,'0004',NULL,NULL,NULL,NULL,NULL,NULL,NULL,NULL,0,0);
INSERT  INTO `sys_menu`(`ID`,`NAME`,`PARENT_ID`,`APP_ID`,`PARENT_NAME`,`URL`,`TYPE`,`ICON`,`AUTH_ID`,`BTN_AUTH`,`IS_LEAF`,`SORT_INDEX`,`ALL_ORDER`,`SORT_PATH`,`OPEN_STYLE`,`CLOSE_NOTICE`,`CREATE_USER`,`CREATE_TIME`,`UPDATE_TIME`,`LEAF`,`MENU_AUTH`,`REMARK`,`DATA_VERSION`,`IS_IFRAME`) VALUES ('e3b15ac90286450fbe5a721c9f542433','首页','0','platform','一级菜单','home/views/Home',1,'iconfont icon-home','e3b15ac90286450fbe5a721c9f542433',NULL,NULL,0,NULL,'0000',NULL,NULL,NULL,NULL,NULL,NULL,NULL,NULL,0,0);
INSERT  INTO `sys_menu`(`ID`,`NAME`,`PARENT_ID`,`APP_ID`,`PARENT_NAME`,`URL`,`TYPE`,`ICON`,`AUTH_ID`,`BTN_AUTH`,`IS_LEAF`,`SORT_INDEX`,`ALL_ORDER`,`SORT_PATH`,`OPEN_STYLE`,`CLOSE_NOTICE`,`CREATE_USER`,`CREATE_TIME`,`UPDATE_TIME`,`LEAF`,`MENU_AUTH`,`REMARK`,`DATA_VERSION`,`IS_IFRAME`) VALUES ('e3b15ac90286450fbe5a721c9f542451','系统管理','0','platform','一级菜单',NULL,0,'iconfont icon-laptop','e3b15ac90286450fbe5a721c9f542451',NULL,NULL,2,NULL,'0002',NULL,NULL,NULL,NULL,NULL,NULL,NULL,NULL,0,0);
INSERT  INTO `sys_menu`(`ID`,`NAME`,`PARENT_ID`,`APP_ID`,`PARENT_NAME`,`URL`,`TYPE`,`ICON`,`AUTH_ID`,`BTN_AUTH`,`IS_LEAF`,`SORT_INDEX`,`ALL_ORDER`,`SORT_PATH`,`OPEN_STYLE`,`CLOSE_NOTICE`,`CREATE_USER`,`CREATE_TIME`,`UPDATE_TIME`,`LEAF`,`MENU_AUTH`,`REMARK`,`DATA_VERSION`,`IS_IFRAME`) VALUES ('ffc03579b06a4b7fae6c51c9ff48b311','附件配置','11316279a4a9416a8e20019821e640af','platform','配置管理','fileConfigManage/views/fileConfig',1,'iconfont icon-file-invoice','ffc03579b06a4b7fae6c51c9ff48b311',NULL,NULL,2,NULL,'00030002',NULL,NULL,NULL,NULL,NULL,NULL,NULL,NULL,0,0);
INSERT  INTO `sys_menu`(`ID`,`NAME`,`PARENT_ID`,`APP_ID`,`PARENT_NAME`,`URL`,`TYPE`,`ICON`,`AUTH_ID`,`BTN_AUTH`,`IS_LEAF`,`SORT_INDEX`,`ALL_ORDER`,`SORT_PATH`,`OPEN_STYLE`,`CLOSE_NOTICE`,`CREATE_USER`,`CREATE_TIME`,`UPDATE_TIME`,`LEAF`,`MENU_AUTH`,`REMARK`,`DATA_VERSION`,`IS_IFRAME`) VALUES ('ffc03579b06a4b7fae6c51c9ff48b312','附件存储','11316279a4a9416a8e20019821e640af','platform','配置管理','fileRepositoryManage/views/fileRepository',1,'iconfont icon-inbox','ffc03579b06a4b7fae6c51c9ff48b312',NULL,NULL,3,NULL,'00030003',NULL,NULL,NULL,NULL,NULL,NULL,NULL,NULL,0,0);
INSERT  INTO `sys_menu`(`ID`,`NAME`,`PARENT_ID`,`APP_ID`,`PARENT_NAME`,`URL`,`TYPE`,`ICON`,`AUTH_ID`,`BTN_AUTH`,`IS_LEAF`,`SORT_INDEX`,`ALL_ORDER`,`SORT_PATH`,`OPEN_STYLE`,`CLOSE_NOTICE`,`CREATE_USER`,`CREATE_TIME`,`UPDATE_TIME`,`LEAF`,`MENU_AUTH`,`REMARK`,`DATA_VERSION`,`IS_IFRAME`) VALUES ('twerba3204344d37929abd4ad9a1dfgh','数据展示','0','platform','一级菜单',NULL,0,'fa fa-bar-chart','twerba3204344d37929abd4ad9a1dfgh',NULL,NULL,6,NULL,'0006',NULL,NULL,NULL,NULL,NULL,NULL,NULL,NULL,0,0);
INSERT  INTO `sys_menu`(`ID`,`NAME`,`PARENT_ID`,`APP_ID`,`PARENT_NAME`,`URL`,`TYPE`,`ICON`,`AUTH_ID`,`BTN_AUTH`,`IS_LEAF`,`SORT_INDEX`,`ALL_ORDER`,`SORT_PATH`,`OPEN_STYLE`,`CLOSE_NOTICE`,`CREATE_USER`,`CREATE_TIME`,`UPDATE_TIME`,`LEAF`,`MENU_AUTH`,`REMARK`,`DATA_VERSION`,`IS_IFRAME`) VALUES ('tyuub3ec3d6e483b86c4923ea64cfwe5','角色用户授予','11erb3ec3d6e483b86c4923ea64cfdd0','platform','授权管理','roleManage/views/RoleGrant',1,'iconfont icon-setting-permissions','tyuub3ec3d6e483b86c4923ea64cfwe5',NULL,NULL,5,NULL,'000200090005',NULL,NULL,NULL,NULL,NULL,NULL,NULL,NULL,0,0);
INSERT  INTO `sys_menu`(`ID`,`NAME`,`PARENT_ID`,`APP_ID`,`PARENT_NAME`,`URL`,`TYPE`,`ICON`,`AUTH_ID`,`BTN_AUTH`,`IS_LEAF`,`SORT_INDEX`,`ALL_ORDER`,`SORT_PATH`,`OPEN_STYLE`,`CLOSE_NOTICE`,`CREATE_USER`,`CREATE_TIME`,`UPDATE_TIME`,`LEAF`,`MENU_AUTH`,`REMARK`,`DATA_VERSION`,`IS_IFRAME`) VALUES ('yut76279a4a9416a8e20019821e6g45t','通道扩展','34116279a4a9416a8e20019821e61341','platform','消息配置','msgTypeExtend/views/MsgExtend',1,'fa fa-arrows-alt','yut76279a4a9416a8e20019821e6g45t',NULL,NULL,2,NULL,'000300090002',NULL,NULL,NULL,NULL,NULL,NULL,NULL,NULL,0,0);

/*Table structure for table `sys_message` */

CREATE TABLE `sys_message` (
  `ID` VARCHAR(50) NOT NULL COMMENT '主键',
  `TITLE` VARCHAR(500) DEFAULT NULL COMMENT '消息标题',
  `CONTENT` VARCHAR(2000) DEFAULT NULL COMMENT '消息内容',
  `URL` VARCHAR(200) DEFAULT NULL COMMENT '消息推送路径',
  `APP_ID` VARCHAR(50) DEFAULT NULL COMMENT '发送应用id',
  `TYPE` VARCHAR(50) DEFAULT NULL COMMENT '消息类型',
  `CREATE_TIME` DATETIME(6) DEFAULT NULL COMMENT '创建时间',
  `CREATE_USER` VARCHAR(50) DEFAULT NULL COMMENT '创建人',
  `REMARK` VARCHAR(2000) DEFAULT NULL COMMENT '备注',
  `RECEIVE_USERS` LONGTEXT COMMENT '接受人id集合',
  `BUSINESS_TYPE` VARCHAR(500) DEFAULT NULL COMMENT '消息业务类型',
  `HANDLER_MSG_TYPE` VARCHAR(500) DEFAULT NULL COMMENT '消息处理类型',
  `DATA_VERSION` INT(10) DEFAULT '0' COMMENT '数据版本',
  PRIMARY KEY (`ID`),
  KEY `FK_SYS_MESSAGE_APP_ID` (`APP_ID`),
  CONSTRAINT `FK_SYS_MESSAGE_APP_ID` FOREIGN KEY (`APP_ID`) REFERENCES `sys_group_app` (`ID`) ON DELETE CASCADE
) COMMENT='系统消息表';

/*Data for the table `sys_message` */

/*Table structure for table `sys_msg_read` */

CREATE TABLE `sys_msg_read` (
  `ID` VARCHAR(50) NOT NULL COMMENT '主键',
  `USER_ID` VARCHAR(50) DEFAULT NULL COMMENT '用户id',
  `MSG_ID` VARCHAR(50) DEFAULT NULL COMMENT '消息id',
  PRIMARY KEY (`ID`),
  KEY `FK_SYS_MSG_READ_MSG_ID` (`MSG_ID`),
  KEY `FK_SYS_MSG_READ_USER_ID` (`USER_ID`),
  CONSTRAINT `FK_SYS_MSG_READ_MSG_ID` FOREIGN KEY (`MSG_ID`) REFERENCES `sys_message` (`ID`) ON DELETE CASCADE,
  CONSTRAINT `FK_SYS_MSG_READ_USER_ID` FOREIGN KEY (`USER_ID`) REFERENCES `sys_user` (`ID`) ON DELETE CASCADE
) COMMENT='消息已读表';

/*Data for the table `sys_msg_read` */

/*Table structure for table `sys_msg_send_type` */

CREATE TABLE `sys_msg_send_type` (
  `ID` VARCHAR(50) NOT NULL COMMENT '主键',
  `CHANNEL_NAME` VARCHAR(50) DEFAULT NULL COMMENT '频道名称',
  `SEND_MODE` VARCHAR(50) DEFAULT NULL COMMENT '发送方式',
  PRIMARY KEY (`ID`)
) COMMENT='消息发送方式';

/*Data for the table `sys_msg_send_type` */

INSERT  INTO `sys_msg_send_type`(`ID`,`CHANNEL_NAME`,`SEND_MODE`) VALUES ('83a409e3e03344b7a07eac38105ae5d5','default','msgSocket');

/*Table structure for table `sys_msg_type_extend` */

CREATE TABLE `sys_msg_type_extend` (
  `ID` VARCHAR(50) NOT NULL COMMENT '主键',
  `NAME` VARCHAR(200) DEFAULT NULL COMMENT '类型名称',
  `APP_ID` VARCHAR(50) DEFAULT NULL COMMENT '应用标识',
  `URL` VARCHAR(200) DEFAULT NULL COMMENT '消息实现请求路径',
  PRIMARY KEY (`ID`)
) COMMENT='消息拓展类型';

/*Data for the table `sys_msg_type_extend` */

/*Table structure for table `sys_msg_unread` */

CREATE TABLE `sys_msg_unread` (
  `ID` VARCHAR(50) NOT NULL COMMENT '主键',
  `USER_ID` VARCHAR(50) DEFAULT NULL COMMENT '用户id',
  `MSG_ID` VARCHAR(50) DEFAULT NULL COMMENT '消息id',
  PRIMARY KEY (`ID`),
  KEY `FK_SYS_MSG_UNREAD_MSG_ID` (`MSG_ID`),
  KEY `FK_SYS_MSG_UNREAD_USER_ID` (`USER_ID`),
  CONSTRAINT `FK_SYS_MSG_UNREAD_MSG_ID` FOREIGN KEY (`MSG_ID`) REFERENCES `sys_message` (`ID`) ON DELETE CASCADE,
  CONSTRAINT `FK_SYS_MSG_UNREAD_USER_ID` FOREIGN KEY (`USER_ID`) REFERENCES `sys_user` (`ID`) ON DELETE CASCADE
) COMMENT='消息未读表';

/*Data for the table `sys_msg_unread` */

/*Table structure for table `sys_password_policy` */

CREATE TABLE `sys_password_policy` (
  `ID` VARCHAR(50) NOT NULL COMMENT '主键',
  `LEN` INT(10) DEFAULT '0' COMMENT '密码长度',
  `FAILURE_TIMES` INT(10) DEFAULT '0' COMMENT '登录失败次数',
  `START_USE_TIME` DATETIME(6) DEFAULT NULL COMMENT '密码开始使用时间',
  `CHANGE_NUM` INT(10) DEFAULT '0' COMMENT '密码更改次数',
  `CREATE_USER` VARCHAR(50) DEFAULT NULL COMMENT '创建人id',
  `CREATE_TIME` DATETIME(6) DEFAULT NULL COMMENT '创建时间',
  `UPDATE_TIME` DATETIME(6) DEFAULT NULL COMMENT '最后修改时间',
  `SECRET_LEVEL` INT(10) DEFAULT '0' COMMENT '密级',
  `USE_MAX_TIME` INT(10) DEFAULT '0' COMMENT '密码使用最长期限',
  `USE_MIN_TIME` INT(10) DEFAULT '0' COMMENT '密码使用最短期限',
  `LOCK_MINUTES` INT(10) DEFAULT '0' COMMENT '锁定时长(分钟)',
  `RESET_FAILURE_TIMES_TIME` INT(10) DEFAULT NULL COMMENT '重置失败次数的时长（分钟）',
  `REMARK` VARCHAR(2000) DEFAULT NULL COMMENT '备注',
  `DATA_VERSION` INT(10) DEFAULT '0' COMMENT '数据版本',
  PRIMARY KEY (`ID`)
) COMMENT='密码安全策略表';

/*Data for the table `sys_password_policy` */

INSERT  INTO `sys_password_policy`(`ID`,`LEN`,`FAILURE_TIMES`,`START_USE_TIME`,`CHANGE_NUM`,`CREATE_USER`,`CREATE_TIME`,`UPDATE_TIME`,`SECRET_LEVEL`,`USE_MAX_TIME`,`USE_MIN_TIME`,`LOCK_MINUTES`,`RESET_FAILURE_TIMES_TIME`,`REMARK`,`DATA_VERSION`) VALUES ('bdpolicy-1',8,5,NULL,5,NULL,NULL,NULL,0,20,1,15,15,NULL,0);
INSERT  INTO `sys_password_policy`(`ID`,`LEN`,`FAILURE_TIMES`,`START_USE_TIME`,`CHANGE_NUM`,`CREATE_USER`,`CREATE_TIME`,`UPDATE_TIME`,`SECRET_LEVEL`,`USE_MAX_TIME`,`USE_MIN_TIME`,`LOCK_MINUTES`,`RESET_FAILURE_TIMES_TIME`,`REMARK`,`DATA_VERSION`) VALUES ('bdpolicy-2',8,5,NULL,5,NULL,NULL,NULL,0,20,1,15,15,NULL,0);
INSERT  INTO `sys_password_policy`(`ID`,`LEN`,`FAILURE_TIMES`,`START_USE_TIME`,`CHANGE_NUM`,`CREATE_USER`,`CREATE_TIME`,`UPDATE_TIME`,`SECRET_LEVEL`,`USE_MAX_TIME`,`USE_MIN_TIME`,`LOCK_MINUTES`,`RESET_FAILURE_TIMES_TIME`,`REMARK`,`DATA_VERSION`) VALUES ('bdpolicy-3',8,5,NULL,5,NULL,NULL,NULL,0,20,1,15,15,NULL,0);
INSERT  INTO `sys_password_policy`(`ID`,`LEN`,`FAILURE_TIMES`,`START_USE_TIME`,`CHANGE_NUM`,`CREATE_USER`,`CREATE_TIME`,`UPDATE_TIME`,`SECRET_LEVEL`,`USE_MAX_TIME`,`USE_MIN_TIME`,`LOCK_MINUTES`,`RESET_FAILURE_TIMES_TIME`,`REMARK`,`DATA_VERSION`) VALUES ('bdpolicy-4',8,5,NULL,5,NULL,NULL,NULL,0,20,1,15,15,NULL,0);
INSERT  INTO `sys_password_policy`(`ID`,`LEN`,`FAILURE_TIMES`,`START_USE_TIME`,`CHANGE_NUM`,`CREATE_USER`,`CREATE_TIME`,`UPDATE_TIME`,`SECRET_LEVEL`,`USE_MAX_TIME`,`USE_MIN_TIME`,`LOCK_MINUTES`,`RESET_FAILURE_TIMES_TIME`,`REMARK`,`DATA_VERSION`) VALUES ('bdpolicy-5',8,5,NULL,5,NULL,NULL,NULL,0,20,1,15,15,NULL,0);

/*Table structure for table `sys_record` */

CREATE TABLE `sys_record` (
  `ID` VARCHAR(50) NOT NULL COMMENT '主键',
  `USER_ID` VARCHAR(50) DEFAULT NULL COMMENT '用户id',
  `USER_NAME` VARCHAR(50) DEFAULT NULL COMMENT '用户名',
  `TIME` DATE DEFAULT NULL COMMENT '发生时间',
  `IP` VARCHAR(50) DEFAULT NULL COMMENT 'ip',
  `KIND` VARCHAR(12) DEFAULT NULL COMMENT '事件类别：0 安全审计、1 普通操作、2 工作流、3 文件访问',
  `CONTENT` LONGTEXT COMMENT '日志内容',
  `DATA_VERSION` INT(10) DEFAULT '0' COMMENT '数据版本',
  PRIMARY KEY (`ID`)
) COMMENT='系统日志';

/*Data for the table `sys_record` */

/*Table structure for table `sys_role` */

CREATE TABLE `sys_role` (
  `ID` VARCHAR(50) NOT NULL COMMENT '角色表',
  `NAME` VARCHAR(50) DEFAULT NULL COMMENT '角色名',
  `EXPLAIN` VARCHAR(50) DEFAULT NULL COMMENT '角色说明',
  `ROLE_TYPE` INT(10) DEFAULT '0' COMMENT '角色类型(1租户系统管理员,2租户安全保密员,3租户安全审计员)(11集团系统管理员,22集团安全保密员,33集团安全审计员)(111应用系统管理员,222应用安全保密员,333应用安全审计员)',
  `CREATE_TIME` DATETIME(6) DEFAULT NULL COMMENT '创建时间',
  `CREATE_USER` VARCHAR(50) DEFAULT NULL COMMENT '创建人',
  `UPDATE_TIME` DATETIME(6) DEFAULT NULL COMMENT '最后修改时间',
  `REMARK` VARCHAR(2000) DEFAULT NULL COMMENT '备注',
  `APP_ID` VARCHAR(50) DEFAULT NULL COMMENT '集团应用标识',
  `DATA_VERSION` INT(10) DEFAULT '0' COMMENT '数据版本',
  PRIMARY KEY (`ID`),
  KEY `FK_SYS_ROLE_APP_ID` (`APP_ID`),
  CONSTRAINT `FK_SYS_ROLE_APP_ID` FOREIGN KEY (`APP_ID`) REFERENCES `sys_group_app` (`ID`) ON DELETE CASCADE ON UPDATE CASCADE
) COMMENT='角色表';

/*Data for the table `sys_role` */

INSERT  INTO `sys_role`(`ID`,`NAME`,`EXPLAIN`,`ROLE_TYPE`,`CREATE_TIME`,`CREATE_USER`,`UPDATE_TIME`,`REMARK`,`APP_ID`,`DATA_VERSION`) VALUES ('admin','租户系统管理员',NULL,1,NULL,NULL,NULL,NULL,'platform',0);
INSERT  INTO `sys_role`(`ID`,`NAME`,`EXPLAIN`,`ROLE_TYPE`,`CREATE_TIME`,`CREATE_USER`,`UPDATE_TIME`,`REMARK`,`APP_ID`,`DATA_VERSION`) VALUES ('appadmin','应用系统管理员',NULL,111,NULL,NULL,NULL,NULL,'platform',0);
INSERT  INTO `sys_role`(`ID`,`NAME`,`EXPLAIN`,`ROLE_TYPE`,`CREATE_TIME`,`CREATE_USER`,`UPDATE_TIME`,`REMARK`,`APP_ID`,`DATA_VERSION`) VALUES ('appauditor','应用安全审计员',NULL,333,NULL,NULL,NULL,NULL,'platform',0);
INSERT  INTO `sys_role`(`ID`,`NAME`,`EXPLAIN`,`ROLE_TYPE`,`CREATE_TIME`,`CREATE_USER`,`UPDATE_TIME`,`REMARK`,`APP_ID`,`DATA_VERSION`) VALUES ('appsec','应用安全保密员',NULL,222,NULL,NULL,NULL,NULL,'platform',0);
INSERT  INTO `sys_role`(`ID`,`NAME`,`EXPLAIN`,`ROLE_TYPE`,`CREATE_TIME`,`CREATE_USER`,`UPDATE_TIME`,`REMARK`,`APP_ID`,`DATA_VERSION`) VALUES ('auditor','租户安全审计员',NULL,3,NULL,NULL,NULL,NULL,'platform',0);
INSERT  INTO `sys_role`(`ID`,`NAME`,`EXPLAIN`,`ROLE_TYPE`,`CREATE_TIME`,`CREATE_USER`,`UPDATE_TIME`,`REMARK`,`APP_ID`,`DATA_VERSION`) VALUES ('groupadmin','集团系统管理员',NULL,11,NULL,NULL,NULL,NULL,'platform',0);
INSERT  INTO `sys_role`(`ID`,`NAME`,`EXPLAIN`,`ROLE_TYPE`,`CREATE_TIME`,`CREATE_USER`,`UPDATE_TIME`,`REMARK`,`APP_ID`,`DATA_VERSION`) VALUES ('groupauditor','集团安全审计员',NULL,33,NULL,NULL,NULL,NULL,'platform',0);
INSERT  INTO `sys_role`(`ID`,`NAME`,`EXPLAIN`,`ROLE_TYPE`,`CREATE_TIME`,`CREATE_USER`,`UPDATE_TIME`,`REMARK`,`APP_ID`,`DATA_VERSION`) VALUES ('groupsec','集团安全保密员',NULL,22,NULL,NULL,NULL,NULL,'platform',0);
INSERT  INTO `sys_role`(`ID`,`NAME`,`EXPLAIN`,`ROLE_TYPE`,`CREATE_TIME`,`CREATE_USER`,`UPDATE_TIME`,`REMARK`,`APP_ID`,`DATA_VERSION`) VALUES ('sec','租户安全保密员',NULL,2,NULL,NULL,NULL,NULL,'platform',0);

/*Table structure for table `sys_role_mutex` */

CREATE TABLE `sys_role_mutex` (
  `ID` VARCHAR(50) NOT NULL COMMENT '主键',
  `ROLE_ID` VARCHAR(50) DEFAULT NULL COMMENT '角色id',
  `ROLE_MUTEX_ID` VARCHAR(50) DEFAULT NULL COMMENT '互斥角色id',
  `CREATE_USER` VARCHAR(50) DEFAULT NULL COMMENT '创建人',
  `CREATE_TIME` DATETIME(6) DEFAULT NULL COMMENT '创建时间',
  `UPDATE_TIME` DATETIME(6) DEFAULT NULL COMMENT '最新一次修改时间',
  `REMARK` VARCHAR(2000) DEFAULT NULL COMMENT '备注',
  `DATA_VERSION` INT(10) DEFAULT NULL COMMENT '数据版本',
  PRIMARY KEY (`ID`),
  KEY `FK_SYS_ROLE_MUTEX_ROLE_ID` (`ROLE_MUTEX_ID`),
  KEY `FK_SYS_ROLE_ROLE_ID` (`ROLE_ID`),
  CONSTRAINT `FK_SYS_ROLE_MUTEX_ROLE_ID` FOREIGN KEY (`ROLE_MUTEX_ID`) REFERENCES `sys_role` (`ID`) ON DELETE CASCADE ON UPDATE CASCADE,
  CONSTRAINT `FK_SYS_ROLE_ROLE_ID` FOREIGN KEY (`ROLE_ID`) REFERENCES `sys_role` (`ID`) ON DELETE CASCADE ON UPDATE CASCADE
) COMMENT='角色互斥关系表';

/*Data for the table `sys_role_mutex` */

/*Table structure for table `sys_role_relation` */

CREATE TABLE `sys_role_relation` (
  `ID` VARCHAR(50) NOT NULL COMMENT '主键',
  `PID` VARCHAR(50) DEFAULT NULL COMMENT '上级角色',
  `CID` VARCHAR(50) DEFAULT NULL COMMENT '下级角色',
  `CREATE_USER` VARCHAR(50) DEFAULT NULL COMMENT '创建人id',
  `CREATE_TIME` DATETIME(6) DEFAULT NULL COMMENT '创建时间',
  `UPDATE_TIME` DATETIME(6) DEFAULT NULL COMMENT '最后更新时间',
  `REMARK` VARCHAR(50) DEFAULT NULL COMMENT '备注',
  `DATA_VERSION` INT(10) DEFAULT '0' COMMENT '数据版本',
  PRIMARY KEY (`ID`),
  KEY `FK_SYS_ROLE_RELATION_PID` (`PID`),
  KEY `FK_SYS_ROLE_RELATION_CID` (`CID`),
  CONSTRAINT `FK_SYS_ROLE_RELATION_CID` FOREIGN KEY (`CID`) REFERENCES `sys_role` (`ID`) ON DELETE CASCADE ON UPDATE CASCADE,
  CONSTRAINT `FK_SYS_ROLE_RELATION_PID` FOREIGN KEY (`PID`) REFERENCES `sys_role` (`ID`) ON DELETE CASCADE ON UPDATE CASCADE
) COMMENT='角色关系表';

/*Data for the table `sys_role_relation` */

/*Table structure for table `sys_rule` */

CREATE TABLE `sys_rule` (
  `ID` VARCHAR(50) NOT NULL COMMENT '主键',
  `CODE` VARCHAR(50) NOT NULL COMMENT '编码',
  `NAME` VARCHAR(100) NOT NULL COMMENT '名称',
  `CLASS_NAME` VARCHAR(100) DEFAULT NULL COMMENT '规则实现类',
  `RULE_TYPE` VARCHAR(50) DEFAULT NULL COMMENT '规则类型(0授权组织规则,1授权用户组规则)',
  `CREATE_USER` VARCHAR(50) DEFAULT NULL COMMENT '创建人id',
  `CREATE_TIME` DATETIME(6) DEFAULT NULL COMMENT '创建时间',
  `UPDATE_TIME` DATETIME(6) DEFAULT NULL COMMENT '更新时间',
  `REMARK` VARCHAR(200) DEFAULT NULL COMMENT '备注',
  `DATA_VERSION` INT(10) DEFAULT '0' COMMENT '数据版本',
  PRIMARY KEY (`ID`),
  UNIQUE KEY `UK_SM_AUTH_RULE_CODE` (`CODE`)
) COMMENT='系统管理-规则';

/*Data for the table `sys_rule` */

/*Table structure for table `sys_user` */

CREATE TABLE `sys_user` (
  `ID` VARCHAR(50) NOT NULL COMMENT '主键',
  `STAFF_NO` VARCHAR(50) DEFAULT NULL COMMENT '工号',
  `USER_NAME` VARCHAR(50) NOT NULL COMMENT '登录名',
  `REAL_NAME` VARCHAR(50) DEFAULT NULL COMMENT '用户名称',
  `EMAIL` VARCHAR(50) DEFAULT NULL COMMENT '电子邮箱',
  `PHONE_NUMBER` VARCHAR(50) DEFAULT NULL COMMENT '联系电话',
  `USER_TYPE` INT(10) DEFAULT '3' COMMENT '用户类型（0租户管理员,1集团管理员,11待激活的集团管理员,111未分配的集团管理员,2应用管理员,22待激活的应用管理员,222未分配的应用管理员,3普通用户）',
  `REMARK` VARCHAR(2000) DEFAULT NULL COMMENT '备注',
  `START_FLAG` VARCHAR(50) DEFAULT '1' COMMENT '启用标志 0 禁用 1 启用',
  `SECRET_LEVEL` INT(10) DEFAULT NULL COMMENT '用户密级',
  `SORT_INDEX` INT(10) DEFAULT '9999' COMMENT '用户排序',
  `USER_POST` VARCHAR(50) DEFAULT NULL COMMENT '邮编',
  `CREATE_TIME` DATETIME(6) DEFAULT NULL COMMENT '创建时间',
  `UPDATE_TIME` DATETIME(6) DEFAULT NULL COMMENT '上次修改时间',
  `PASSWORD` VARCHAR(50) DEFAULT NULL COMMENT '用户密码',
  `PASSWORD_UPDATE_TIME` DATETIME(6) DEFAULT NULL COMMENT '密码最近一次修改时间',
  `PERSON_DOC_ID` VARCHAR(50) DEFAULT NULL COMMENT '人员档案主键',
  `BASE_DOC_TYPE` VARCHAR(50) DEFAULT NULL COMMENT '身份类型（员工/外部系统/开发者/客户/供应商/审计）',
  `PINYIN` VARCHAR(100) DEFAULT NULL COMMENT '用户名称拼音',
  `PSW_POLICY_ID` VARCHAR(50) DEFAULT NULL COMMENT '密码策略id',
  `FAIL_LOGIN_TIMES` INT(10) DEFAULT NULL COMMENT '用户失败登录次数',
  `CREATE_USER` VARCHAR(50) DEFAULT NULL COMMENT '创建人主键',
  `UNLOCK_TIME` DATETIME(6) DEFAULT NULL COMMENT '账户解锁时间',
  `IS_FIRST_LOGIN` INT(1) DEFAULT '1' COMMENT '是否第一次登录 0 否 1是',
  `IS_DELETE` INT(1) DEFAULT '0' COMMENT '逻辑删除 0 否 1是',
  `DATA_VERSION` INT(10) DEFAULT '0' COMMENT '数据版本',
  `ORGANIZATION_ID` VARCHAR(50) DEFAULT NULL COMMENT '所属业务单元ID',
  `GROUP_ID` VARCHAR(50) DEFAULT NULL COMMENT '所属集团ID',
  PRIMARY KEY (`ID`),
  UNIQUE KEY `UK_SYS_USER_USER_NAME` (`USER_NAME`),
  UNIQUE KEY `UK_SYS_USER_STAFF_NO` (`STAFF_NO`),
  KEY `FK_SYS_USER_PWD_POLICY_ID` (`PSW_POLICY_ID`),
  KEY `FK_SYS_USER_ID_GROUP_ID` (`GROUP_ID`),
  KEY `FK_SYS_USER_ID_ORG_ID` (`ORGANIZATION_ID`),
  KEY `FK_SYS_USER_PSN_DOC_ID` (`PERSON_DOC_ID`),
  CONSTRAINT `FK_SYS_USER_ID_GROUP_ID` FOREIGN KEY (`GROUP_ID`) REFERENCES `org_group` (`ID`),
  CONSTRAINT `FK_SYS_USER_ID_ORG_ID` FOREIGN KEY (`ORGANIZATION_ID`) REFERENCES `org_organization` (`ID`),
  CONSTRAINT `FK_SYS_USER_PSN_DOC_ID` FOREIGN KEY (`PERSON_DOC_ID`) REFERENCES `bd_person_doc` (`ID`) ON DELETE SET NULL,
  CONSTRAINT `FK_SYS_USER_PWD_POLICY_ID` FOREIGN KEY (`PSW_POLICY_ID`) REFERENCES `sys_password_policy` (`ID`) ON DELETE SET NULL
) COMMENT='用户表';

/*Data for the table `sys_user` */

INSERT  INTO `sys_user`(`ID`,`STAFF_NO`,`USER_NAME`,`REAL_NAME`,`EMAIL`,`PHONE_NUMBER`,`USER_TYPE`,`REMARK`,`START_FLAG`,`SECRET_LEVEL`,`SORT_INDEX`,`USER_POST`,`CREATE_TIME`,`UPDATE_TIME`,`PASSWORD`,`PASSWORD_UPDATE_TIME`,`PERSON_DOC_ID`,`BASE_DOC_TYPE`,`PINYIN`,`PSW_POLICY_ID`,`FAIL_LOGIN_TIMES`,`CREATE_USER`,`UNLOCK_TIME`,`IS_FIRST_LOGIN`,`IS_DELETE`,`DATA_VERSION`,`ORGANIZATION_ID`,`GROUP_ID`) VALUES ('webservice',NULL,'webservice',NULL,NULL,NULL,3,NULL,'1',NULL,9999,NULL,NULL,NULL,NULL,NULL,NULL,NULL,NULL,NULL,NULL,NULL,NULL,1,0,0,NULL,NULL);

/*Table structure for table `sys_user_admin_org` */

CREATE TABLE `sys_user_admin_org` (
  `ID` VARCHAR(50) NOT NULL COMMENT '主键',
  `USER_ID` VARCHAR(50) DEFAULT NULL COMMENT '用户主键',
  `ORGANIZATION_ID` VARCHAR(50) DEFAULT NULL COMMENT '授权组织主键(按规则授权时为空)',
  `RULE_ID` VARCHAR(50) DEFAULT NULL COMMENT '授权组织规则主键',
  `RULE_PARAMS` VARCHAR(200) DEFAULT NULL COMMENT '规则参数',
  `IS_RULE` INT(1) DEFAULT NULL COMMENT '是否按规则授权组织',
  `DATA_VERSION` INT(10) DEFAULT NULL COMMENT '版本号',
  `IS_ACTIVATED` INT(1) DEFAULT '0' COMMENT '是否被激活，0没有，1是',
  `ROLE_TYPE` INT(10) DEFAULT '0' COMMENT '角色类型（11集团系统管理员,22集团安全保密员,33集团安全审计员）',
  PRIMARY KEY (`ID`),
  KEY `FK_SYS_USER_ADMIN_ORG_ORG_ID` (`ORGANIZATION_ID`),
  KEY `FK_SYS_USER_ADMIN_ORG_RULE_ID` (`RULE_ID`),
  KEY `FK_SYS_USER_ADMIN_ORG_USER_ID` (`USER_ID`),
  CONSTRAINT `FK_SYS_USER_ADMIN_ORG_ORG_ID` FOREIGN KEY (`ORGANIZATION_ID`) REFERENCES `org_organization` (`ID`) ON DELETE CASCADE,
  CONSTRAINT `FK_SYS_USER_ADMIN_ORG_RULE_ID` FOREIGN KEY (`RULE_ID`) REFERENCES `sys_rule` (`ID`) ON DELETE CASCADE,
  CONSTRAINT `FK_SYS_USER_ADMIN_ORG_USER_ID` FOREIGN KEY (`USER_ID`) REFERENCES `sys_user` (`ID`) ON DELETE CASCADE
) COMMENT='系统管理-用户-可管理的组织';

/*Data for the table `sys_user_admin_org` */

/*Table structure for table `sys_user_admin_user_group` */

CREATE TABLE `sys_user_admin_user_group` (
  `ID` VARCHAR(50) NOT NULL COMMENT '主键',
  `USER_ID` VARCHAR(50) DEFAULT NULL COMMENT '用户主键',
  `USER_GROUP_ID` VARCHAR(50) DEFAULT NULL COMMENT '授权用户组主键(按规则授权时为空)',
  `RULE_ID` VARCHAR(50) DEFAULT NULL COMMENT '授权用户组规则主键',
  `IS_RULE` INT(1) DEFAULT NULL COMMENT '是否按规则授权用户组',
  `RULE_PARAMS` VARCHAR(50) DEFAULT NULL COMMENT '规则参数',
  PRIMARY KEY (`ID`),
  KEY `FK_SYS_USER_ADMIN_UG_USER_ID` (`USER_ID`),
  KEY `FK_SYS_USER_ADMIN_UG_UG_ID` (`USER_GROUP_ID`),
  KEY `FK_SYS_USER_ADMIN_UG_RULE_ID` (`RULE_ID`),
  CONSTRAINT `FK_SYS_USER_ADMIN_UG_RULE_ID` FOREIGN KEY (`RULE_ID`) REFERENCES `sys_rule` (`ID`) ON DELETE CASCADE,
  CONSTRAINT `FK_SYS_USER_ADMIN_UG_UG_ID` FOREIGN KEY (`USER_GROUP_ID`) REFERENCES `sys_user_group` (`ID`) ON DELETE CASCADE,
  CONSTRAINT `FK_SYS_USER_ADMIN_UG_USER_ID` FOREIGN KEY (`USER_ID`) REFERENCES `sys_user` (`ID`) ON DELETE CASCADE
) COMMENT='系统管理-用户-可管理的用户组';

/*Data for the table `sys_user_admin_user_group` */

/*Table structure for table `sys_user_group` */

CREATE TABLE `sys_user_group` (
  `ID` VARCHAR(50) NOT NULL COMMENT '主键',
  `PARENT_ID` VARCHAR(50) DEFAULT NULL COMMENT '父级主键',
  `GROUP_ID` VARCHAR(50) DEFAULT NULL COMMENT '所属集团主键',
  `ORGANIZATION_ID` VARCHAR(50) DEFAULT NULL COMMENT '所属组织主键',
  `NAME` VARCHAR(100) NOT NULL COMMENT '名称',
  `CODE` VARCHAR(50) NOT NULL COMMENT '编码',
  `CREATE_TIME` DATETIME(6) DEFAULT NULL COMMENT '创建时间',
  `CREATE_USER` VARCHAR(50) DEFAULT NULL COMMENT '创建人id',
  `UPDATE_TIME` DATETIME(6) DEFAULT NULL COMMENT '更新时间',
  `INNER_CODE` VARCHAR(50) DEFAULT NULL COMMENT '内部码',
  `APP_ID` VARCHAR(50) DEFAULT NULL COMMENT '集团应用主键',
  `REMARK` VARCHAR(2000) DEFAULT NULL COMMENT '备注',
  `SORT_INDEX` INT(10) NOT NULL DEFAULT '0' COMMENT '排序号',
  `SORT_PATH` VARCHAR(4000) NOT NULL COMMENT '排序路径',
  `DATA_VERSION` INT(10) DEFAULT '0' COMMENT '数据版本',
  PRIMARY KEY (`ID`),
  KEY `FK_SYS_USER_GROUP_GROUP_ID` (`GROUP_ID`),
  KEY `FK_SYS_USER_GROUP_ORG_ID` (`ORGANIZATION_ID`),
  CONSTRAINT `FK_SYS_USER_GROUP_GROUP_ID` FOREIGN KEY (`GROUP_ID`) REFERENCES `org_group` (`ID`) ON DELETE CASCADE,
  CONSTRAINT `FK_SYS_USER_GROUP_ORG_ID` FOREIGN KEY (`ORGANIZATION_ID`) REFERENCES `org_organization` (`ID`) ON DELETE CASCADE
) COMMENT='系统管理-用户组';

/*Data for the table `sys_user_group` */

/*Table structure for table `sys_user_group_user` */

CREATE TABLE `sys_user_group_user` (
  `ID` VARCHAR(50) NOT NULL COMMENT '主键',
  `USER_ID` VARCHAR(50) DEFAULT NULL COMMENT '用户主键',
  `USER_GROUP_ID` VARCHAR(50) DEFAULT NULL COMMENT '用户组主键',
  `DATA_VERSION` INT(10) DEFAULT '0' COMMENT '数据版本',
  PRIMARY KEY (`ID`),
  UNIQUE KEY `UK_SYS_USER_GROUP_UID_GID` (`USER_GROUP_ID`,`USER_ID`),
  KEY `FK_SYS_USER_GROUP_USER_UID` (`USER_ID`),
  CONSTRAINT `FK_SYS_USER_GROUP_USER_UG_ID` FOREIGN KEY (`USER_GROUP_ID`) REFERENCES `sys_user_group` (`ID`) ON DELETE CASCADE,
  CONSTRAINT `FK_SYS_USER_GROUP_USER_UID` FOREIGN KEY (`USER_ID`) REFERENCES `sys_user` (`ID`) ON DELETE CASCADE
) COMMENT='系统管理-用户组与用户关系';

/*Data for the table `sys_user_group_user` */

/*Table structure for table `sys_user_login` */

CREATE TABLE `sys_user_login` (
  `ID` VARCHAR(50) NOT NULL COMMENT '主键',
  `USER_ID` VARCHAR(50) DEFAULT NULL COMMENT '用户主键',
  `STATUS` INT(1) DEFAULT NULL COMMENT '登录状态：0 失败，1成功',
  `LOGIN_TIME` DATETIME(6) DEFAULT NULL COMMENT '登录时间',
  `USER_NAME` VARCHAR(50) DEFAULT NULL COMMENT '用户名',
  PRIMARY KEY (`ID`)
) COMMENT='用户登录记录表';

/*Data for the table `sys_user_login` */

/*Table structure for table `sys_user_password_history` */

CREATE TABLE `sys_user_password_history` (
  `ID` VARCHAR(50) NOT NULL COMMENT '主键',
  `USER_ID` VARCHAR(50) DEFAULT NULL COMMENT '用户主键',
  `PASSWORD` VARCHAR(50) DEFAULT NULL COMMENT '用户密码',
  `CREATE_TIME` DATETIME(6) DEFAULT NULL COMMENT '记录创建时间',
  PRIMARY KEY (`ID`)
) COMMENT='用户密码修改历史表';

/*Data for the table `sys_user_password_history` */

/*Table structure for table `sys_user_role` */

CREATE TABLE `sys_user_role` (
  `ID` VARCHAR(50) NOT NULL COMMENT '主键',
  `USER_ID` VARCHAR(50) DEFAULT NULL COMMENT '用户主键',
  `ROLE_ID` VARCHAR(50) DEFAULT NULL COMMENT '角色主键',
  `CREATE_USER` VARCHAR(50) DEFAULT NULL COMMENT '创建人ID',
  `CREATE_TIME` DATETIME(6) DEFAULT NULL COMMENT '创建时间',
  `UPDATE_TIME` DATETIME(6) DEFAULT NULL COMMENT '更新时间',
  `REMARK` VARCHAR(2000) DEFAULT NULL COMMENT '备注',
  `DATA_VERSION` INT(10) DEFAULT '0' COMMENT '数据版本',
  `APP_ID` VARCHAR(50) DEFAULT NULL COMMENT '应用ID',
  `IS_ACTIVATED` INT(1) DEFAULT '0' COMMENT '是否被激活，0没有，1是',
  PRIMARY KEY (`ID`),
  KEY `FK_SYSTEM_USER_ROLE_ROLE_ID` (`ROLE_ID`),
  KEY `FK_SYSTEM_USER_ROLE_USER_ID` (`USER_ID`),
  CONSTRAINT `FK_SYSTEM_USER_ROLE_ROLE_ID` FOREIGN KEY (`ROLE_ID`) REFERENCES `sys_role` (`ID`) ON DELETE CASCADE ON UPDATE CASCADE,
  CONSTRAINT `FK_SYSTEM_USER_ROLE_USER_ID` FOREIGN KEY (`USER_ID`) REFERENCES `sys_user` (`ID`) ON DELETE CASCADE ON UPDATE CASCADE
) COMMENT='用户角色关系表';

/*Data for the table `sys_user_role` */

/*Table structure for table `sys_user_role_lv` */

CREATE TABLE `sys_user_role_lv` (
  `ID` VARCHAR(50) NOT NULL COMMENT '主键',
  `USER_ID` VARCHAR(50) DEFAULT NULL COMMENT '用户ID',
  `VERSION` INT(11) DEFAULT NULL COMMENT '版本号',
  `CREATE_USER` VARCHAR(50) DEFAULT NULL COMMENT '创建用户',
  `CREATE_TIME` DATETIME(6) DEFAULT NULL COMMENT '创建时间',
  `IS_LATEST` INT(1) DEFAULT NULL COMMENT '是否最新',
  `APP_ID` VARCHAR(50) DEFAULT NULL COMMENT '应用ID',
  PRIMARY KEY (`ID`),
  KEY `FK_SYS_USER_ROLE_LV_USER` (`USER_ID`),
  CONSTRAINT `FK_SYS_USER_ROLE_LV_USER` FOREIGN KEY (`USER_ID`) REFERENCES `sys_user` (`ID`) ON DELETE CASCADE
) COMMENT='用户角色历史数据主表';

/*Data for the table `sys_user_role_lv` */

/*Table structure for table `sys_user_role_v` */

CREATE TABLE `sys_user_role_v` (
  `ID` VARCHAR(50) NOT NULL COMMENT '主键',
  `ROLE_ID` VARCHAR(50) DEFAULT NULL COMMENT '角色ID',
  `LV_ID` VARCHAR(50) DEFAULT NULL COMMENT '主表ID',
  PRIMARY KEY (`ID`),
  KEY `FK_SYS_USER_ROLE_V_LV` (`LV_ID`),
  CONSTRAINT `FK_SYS_USER_ROLE_V_LV` FOREIGN KEY (`LV_ID`) REFERENCES `sys_user_role_lv` (`ID`) ON DELETE CASCADE
) COMMENT='用户角色历史版本数据';

/*Data for the table `sys_user_role_v` */

/*Table structure for table `sys_wait_grant_auth` */

CREATE TABLE `sys_wait_grant_auth` (
  `ID` VARCHAR(50) NOT NULL COMMENT '主键',
  `ACTIVATE_ID` VARCHAR(50) DEFAULT NULL COMMENT '用户主键或角色主键',
  `TYPE` INT(1) DEFAULT NULL COMMENT '0为用户1为角色',
  PRIMARY KEY (`ID`)
) COMMENT='待激活的用户或角色表';

/*Data for the table `sys_wait_grant_auth` */
SET FOREIGN_KEY_CHECKS=1;


ALTER TABLE `SYS_CONFIG` ADD (`LONG_VALUE` LONGTEXT COMMENT '长型值，储存背景图片等');

UPDATE SYS_MENU SET PARENT_ID='11316279a4a9416a8e20019821e640af' , PARENT_NAME='配置管理' , SORT_INDEX=11 , SORT_PATH='00030011' WHERE ID='131e140bc2bd4361af5ee488f92b22ad';
UPDATE SYS_AUTH SET PARENT_ID='11316279a4a9416a8e20019821e640af' ,  SORT_INDEX=11 , SORT_PATH='00030011' WHERE ID='131e140bc2bd4361af5ee488f92b22ad';

ALTER TABLE `SYS_DICT` add (`GROUP_ID` VARCHAR(50) COMMENT '集团ID');
ALTER TABLE `SYS_DICT` add (`SCOPE` INT(1) COMMENT '配置范围 1租户 2集团 3应用');

ALTER TABLE `SYS_DICT_VALUE` add (`GROUP_ID` VARCHAR(50) COMMENT '集团ID');
ALTER TABLE `SYS_DICT_VALUE` add (`SCOPE` INT(1) COMMENT '配置范围 1租户 2集团 3应用');

insert into `SYS_AUTH_ROLE` (`ID`,`AUTH_ID`,`ROLE_ID`,`SIGN`,`IS_REVOKE`,`CREATE_USER`,`CREATE_TIME`,`UPDATE_TIME`,`REMARK`) values ('12323fe2ef32403dbf9dc989d0651252', '131e140bc2bd4361af5ee488f92b22ad', 'admin', null, 0, null, null, null, null);
insert into `SYS_AUTH_ROLE` (`ID`,`AUTH_ID`,`ROLE_ID`,`SIGN`,`IS_REVOKE`,`CREATE_USER`,`CREATE_TIME`,`UPDATE_TIME`,`REMARK`) values ('12323fe2ef32403dbf9dc989d0651253', '131e140bc2bd4361af5ee488f92b22ad', 'groupadmin', null, 0, null, null, null, null);

insert into `SYS_AUTH_ROLE_V` (`ID`,`AUTH_ID`,`ROLE_ID`,`SIGN`,`IS_REVOKE`,`CREATE_USER`,`CREATE_TIME`,`UPDATE_TIME`,`REMARK`,`LV_ID`) values ('12323fe2ef32403dbf9dc989d0651252', '131e140bc2bd4361af5ee488f92b22ad', 'admin', null, 0, null, null, null, null, 'admin');
insert into `SYS_AUTH_ROLE_V` (`ID`,`AUTH_ID`,`ROLE_ID`,`SIGN`,`IS_REVOKE`,`CREATE_USER`,`CREATE_TIME`,`UPDATE_TIME`,`REMARK`,`LV_ID`) values ('12323fe2ef32403dbf9dc989d0651253', '131e140bc2bd4361af5ee488f92b22ad', 'groupadmin', null, 0, null, null, null, null, 'groupadmin');

DELETE FROM SYS_AUTH WHERE ID = '131e140bc2bd4361af5ee488f92b2111';

insert into `SYS_AUTH` (`ID`,`NAME`,`APP_ID`,`REMARK`,`SORT_INDEX`,`PARENT_ID`,`CREATE_USER`,`CREATE_TIME`,`UPDATE_TIME`,`SORT_PATH`,`IS_ORG_ADMIN`,`IS_USER_GROUP_ADMIN`,`CODE`,`DATA_VERSION`) values ('1160858109884c5095eed968472c0234', '租户级字典维护', 'platform', null, 1, '131e140bc2bd4361af5ee488f92b22ad', null, null, null, '000300110001', 0, 0, 'platForm.dictManage.Dict.TenantMaintain', 0);
insert into `SYS_AUTH` (`ID`,`NAME`,`APP_ID`,`REMARK`,`SORT_INDEX`,`PARENT_ID`,`CREATE_USER`,`CREATE_TIME`,`UPDATE_TIME`,`SORT_PATH`,`IS_ORG_ADMIN`,`IS_USER_GROUP_ADMIN`,`CODE`,`DATA_VERSION`) values ('1160858109884c5095eed968472c0235', '集团级字典维护', 'platform', null, 2, '131e140bc2bd4361af5ee488f92b22ad', null, null, null, '000300110002', 0, 0, 'platForm.dictManage.Dict.GroupMaintain', 0);
insert into `SYS_AUTH` (`ID`,`NAME`,`APP_ID`,`REMARK`,`SORT_INDEX`,`PARENT_ID`,`CREATE_USER`,`CREATE_TIME`,`UPDATE_TIME`,`SORT_PATH`,`IS_ORG_ADMIN`,`IS_USER_GROUP_ADMIN`,`CODE`,`DATA_VERSION`) values ('1160858109884c5095eed968472c0236', '应用级字典维护', 'platform', null, 3, '131e140bc2bd4361af5ee488f92b22ad', null, null, null, '000300110003', 0, 0, 'platForm.dictManage.Dict.AppMaintain', 0);

insert into `SYS_AUTH_ROLE` (`ID`,`AUTH_ID`,`ROLE_ID`,`SIGN`,`IS_REVOKE`,`CREATE_USER`,`CREATE_TIME`,`UPDATE_TIME`,`REMARK`) values ('134757e07a3249d6ad180da0b4681111', '1160858109884c5095eed968472c0234', 'admin', null, 0, null, null, null, null);
insert into `SYS_AUTH_ROLE` (`ID`,`AUTH_ID`,`ROLE_ID`,`SIGN`,`IS_REVOKE`,`CREATE_USER`,`CREATE_TIME`,`UPDATE_TIME`,`REMARK`) values ('134757e07a3249d6ad180da0b4681112', '1160858109884c5095eed968472c0235', 'groupadmin', null, 0, null, null, null, null);
insert into `SYS_AUTH_ROLE` (`ID`,`AUTH_ID`,`ROLE_ID`,`SIGN`,`IS_REVOKE`,`CREATE_USER`,`CREATE_TIME`,`UPDATE_TIME`,`REMARK`) values ('134757e07a3249d6ad180da0b4681113', '1160858109884c5095eed968472c0236', 'appadmin', null, 0, null, null, null, null);

insert into `SYS_AUTH_ROLE_V` (`ID`,`AUTH_ID`,`ROLE_ID`,`SIGN`,`IS_REVOKE`,`CREATE_USER`,`CREATE_TIME`,`UPDATE_TIME`,`REMARK`,`LV_ID`) values ('134757e07a3249d6ad180da0b4681111', '1160858109884c5095eed968472c0234', 'admin', null, 0, null, null, null, null, 'admin');
insert into `SYS_AUTH_ROLE_V` (`ID`,`AUTH_ID`,`ROLE_ID`,`SIGN`,`IS_REVOKE`,`CREATE_USER`,`CREATE_TIME`,`UPDATE_TIME`,`REMARK`,`LV_ID`) values ('134757e07a3249d6ad180da0b4681112', '1160858109884c5095eed968472c0235', 'groupadmin', null, 0, null, null, null, null, 'groupadmin');
insert into `SYS_AUTH_ROLE_V` (`ID`,`AUTH_ID`,`ROLE_ID`,`SIGN`,`IS_REVOKE`,`CREATE_USER`,`CREATE_TIME`,`UPDATE_TIME`,`REMARK`,`LV_ID`) values ('134757e07a3249d6ad180da0b4681113', '1160858109884c5095eed968472c0236', 'appadmin', null, 0, null, null, null, null, 'appadmin');

alter table `SYS_DICT` DROP foreign key FK_SYS_DICT_APP_ID;
alter table `SYS_MENU` DROP foreign key FK_SYS_MENU_AUTH_ID;

/**
2019/11/7
 */

alter table `BD_POST` add (`TYPE_ID` VARCHAR(50) COMMENT '岗位类别主键');

/**
2019/11/8
 */
DELETE FROM SYS_AUTH WHERE ID IN ('ffc03579b06a4b7fae6c51c9ff481111','ffc03579b06a4b7fae6c51c9ff481112','ffc03579b06a4b7fae6c51c9ff481113');
DELETE FROM SYS_AUTH_ROLE_V WHERE AUTH_ID='ffc03579b06a4b7fae6c51c9ff481111' AND ROLE_ID='admin';
DELETE FROM SYS_AUTH_ROLE_V WHERE AUTH_ID='ffc03579b06a4b7fae6c51c9ff481112' AND ROLE_ID='groupadmin';
DELETE FROM SYS_AUTH_ROLE_V WHERE AUTH_ID='ffc03579b06a4b7fae6c51c9ff481113' AND ROLE_ID='appadmin';
DELETE FROM SYS_AUTH_ROLE_V WHERE AUTH_ID='ffc03579b06a4b7fae6c51c9ff48b311' AND ROLE_ID='admin';
DELETE FROM SYS_AUTH_ROLE_V WHERE AUTH_ID='ffc03579b06a4b7fae6c51c9ff48b311' AND ROLE_ID='groupadmin';


/**
2019/11/11
 */
alter table `SYS_GROUP_DATASOURCE` add (`NAME` VARCHAR(50) COMMENT '数据源名称');
/**
2019/11/13
 */
insert into `SYS_CONFIG` (`NAME`,`VALUE`,`REMARK`,`CREATE_TIME`,`UPDATE_TIME`,`SORT_INDEX`,`ID`,`CREATE_USER`,`APP_ID`,`GROUP_ID`,`DATA_VERSION`,`SCOPE`,`TYPE`,`LONG_VALUE`) values ('platformName', '企业管理平台', '平台名称', null, null, 2, 'platformName', null, '', '', 0, 1, null, null);

alter table `SYS_WAIT_GRANT_AUTH` add (`APP_ID` VARCHAR(50) COMMENT '应用ID');
alter table `SYS_USER` modify  `PINYIN` varchar(100);


alter table `SYS_AUDIT_LOG` add (`USER_TYPE` VARCHAR(50) COMMENT '用户类型（0租户管理员,1集团管理员,2应用管理员,3普通用户）');

alter table `SYS_AUDIT_LOG_BACKUP` add (`USER_TYPE` VARCHAR(100) COMMENT '用户类型（0租户管理员,1集团管理员,2应用管理员,3普通用户）');

update
sys_audit_log a set
a.user_type =  (select b.user_type from sys_user b where a.op_name = b.real_name limit 1);


/**
2019/11/19
 */
CREATE TABLE `REPORT_TYPE`
(
`ID` VARCHAR(50) NOT NULL COMMENT '主键',
`NAME` VARCHAR(500) COMMENT '类别名称',
`APP_ID` VARCHAR(500) COMMENT '应用id',
`SORT` INT(10) DEFAULT 9999 COMMENT '排序',
`DATA_VERSION` INT(10) DEFAULT 0 COMMENT '数据版本',
`TYPE` INT(10) DEFAULT 1 COMMENT '类别类型 1报表2仪表盘',
`PARENT_ID` VARCHAR(50) COMMENT '父节点ID',
PRIMARY KEY(`ID`),
CONSTRAINT `FK_REPORT_TYPE_APP_ID` FOREIGN KEY(`APP_ID`) REFERENCES `SYS_GROUP_APP`(`ID`) ON DELETE CASCADE
)
COMMENT = '报表类别';

CREATE TABLE `REPORT_INFO`
(
`ID` VARCHAR(50) NOT NULL COMMENT '主键',
`APP_ID` VARCHAR(50) COMMENT '应用id',
`TYPE_ID` VARCHAR(50) COMMENT '报表类型id',
`NAME` VARCHAR(500) COMMENT '报表名称',
`AUTH` VARCHAR(2000) COMMENT '查看权限集合',
`IS_PUBLIC` INT(10) DEFAULT 0 COMMENT '公开报表（0不公开1公开）开放报表，无需登录查看',
`REFRESH_TYPE` INT(10) DEFAULT 0 COMMENT '自动刷新类型（0不自动刷新，1定时刷新，2推送事假定时刷新）',
`SHOW_ITEM` VARCHAR(2000) COMMENT '查看选项',
`MRT_STR` LONGTEXT COMMENT '报表信息',
`DATA_VERSION` INT(10) DEFAULT 0 COMMENT '数据版本',
`IS_AUTO_FLIP` INT(10) COMMENT '自动翻页',
`REMARKS` VARCHAR(2000) COMMENT '描述',
PRIMARY KEY(`ID`),
CONSTRAINT `FK_REPORT_INFO_APP_ID` FOREIGN KEY(`APP_ID`) REFERENCES `SYS_GROUP_APP`(`ID`) ON DELETE CASCADE,
CONSTRAINT `FK_REPORT_INFO_TYPE_ID` FOREIGN KEY(`TYPE_ID`) REFERENCES `REPORT_TYPE`(`ID`) ON DELETE CASCADE
)
COMMENT = '报表信息';

/**
2019/11/21
--删除管理员针对审计日志的菜单管理
 */

delete from `sys_auth_role` where `auth_id`='04d7893c4a4d4345b18b0789af13753f' and `role_id` in ('admin','groupadmin','appadmin');
delete from `sys_auth_role_v` where `auth_id`='04d7893c4a4d4345b18b0789af13753f' and `role_id` in ('admin','groupadmin','appadmin');

/**
--对已存在管理员的有效权限删除掉审计日志的菜单管理
*/
delete from `sys_auth_mix` where `user_id` in (select `user_id` from `sys_user_role` where `role_id` in ('admin','groupadmin','appadmin') and `is_activated`=1) and `auth_id`='04d7893c4a4d4345b18b0789af13753f';

ALTER TABLE `SYS_AUDIT_LOG` ADD (`ROLE_ID` VARCHAR(50) COMMENT '该操作人对应的管理员角色');

ALTER TABLE `SYS_AUDIT_LOG_BACKUP` ADD (`ROLE_ID` VARCHAR(200) COMMENT '该操作人对应的管理员角色');

ALTER TABLE `SYS_AUDIT_LOG_BACKUP` ADD (`GROUP_ID` VARCHAR(200) COMMENT '集团ID');

ALTER TABLE `SYS_AUDIT_LOG_BACKUP` ADD (`APP_ID` VARCHAR(200) COMMENT '应用ID');

UPDATE
sys_audit_log a SET
a.role_id = (SELECT c.role_id FROM sys_user_role c WHERE c.user_id = (SELECT b.id FROM sys_user b WHERE a.op_name=b.real_name LIMIT 1) LIMIT 1) WHERE a.user_type!=3;


/**
2019/11/22
 */
insert into `SYS_AUTH` (`ID`,`NAME`,`APP_ID`,`REMARK`,`SORT_INDEX`,`PARENT_ID`,`CREATE_USER`,`CREATE_TIME`,`UPDATE_TIME`,`SORT_PATH`,`IS_ORG_ADMIN`,`IS_USER_GROUP_ADMIN`,`CODE`,`DATA_VERSION`) values ('frggb3ec3d6e483b86c4923ea64cvbnu', '角色审计', 'platform', null,6, '11erb3ec3d6e483b86c4923ea64cfdd0', null, null, null, '000200090006', 0, 0, 'roleAuditManage.roleAudit', 0);
insert into `SYS_AUTH` (`ID`,`NAME`,`APP_ID`,`REMARK`,`SORT_INDEX`,`PARENT_ID`,`CREATE_USER`,`CREATE_TIME`,`UPDATE_TIME`,`SORT_PATH`,`IS_ORG_ADMIN`,`IS_USER_GROUP_ADMIN`,`CODE`,`DATA_VERSION`) values ('hjuub3ec3d6e483b86c4923ea64cnmui', '授权审计', 'platform', null,7, '11erb3ec3d6e483b86c4923ea64cfdd0', null, null, null, '000200090007', 0, 0, 'grantAuthAuditManage.grantAuthAudit', 0);

insert into `SYS_MENU` (`ID`,`NAME`,`PARENT_ID`,`APP_ID`,`PARENT_NAME`,`URL`,`TYPE`,`ICON`,`AUTH_ID`,`BTN_AUTH`,`IS_LEAF`,`SORT_INDEX`,`ALL_ORDER`,`SORT_PATH`,`OPEN_STYLE`,`CLOSE_NOTICE`,`CREATE_USER`,`CREATE_TIME`,`UPDATE_TIME`,`LEAF`,`MENU_AUTH`,`REMARK`,`DATA_VERSION`,`IS_IFRAME`) values ('frggb3ec3d6e483b86c4923ea64cvbnu', '角色审计', '11erb3ec3d6e483b86c4923ea64cfdd0', 'platform', '授权管理', 'roleAuditManage/views/RoleAudit', 1, 'fa fa-wpforms', 'frggb3ec3d6e483b86c4923ea64cvbnu', null, null, 6, null, '000200090006', null, null, null, null, null, null, null, null, 0, 0);
insert into `SYS_MENU` (`ID`,`NAME`,`PARENT_ID`,`APP_ID`,`PARENT_NAME`,`URL`,`TYPE`,`ICON`,`AUTH_ID`,`BTN_AUTH`,`IS_LEAF`,`SORT_INDEX`,`ALL_ORDER`,`SORT_PATH`,`OPEN_STYLE`,`CLOSE_NOTICE`,`CREATE_USER`,`CREATE_TIME`,`UPDATE_TIME`,`LEAF`,`MENU_AUTH`,`REMARK`,`DATA_VERSION`,`IS_IFRAME`) values ('hjuub3ec3d6e483b86c4923ea64cnmui', '授权审计', '11erb3ec3d6e483b86c4923ea64cfdd0', 'platform', '授权管理', 'grantAuthAuditManage/views/GrantAuthAudit', 1, 'fa fa-calendar-o', 'hjuub3ec3d6e483b86c4923ea64cnmui', null, null, 7, null, '000200090007', null, null, null, null, null, null, null, null, 0, 0);

insert into `SYS_AUTH_ROLE` (`ID`,`AUTH_ID`,`ROLE_ID`,`SIGN`,`IS_REVOKE`,`CREATE_USER`,`CREATE_TIME`,`UPDATE_TIME`,`REMARK`) values ('12323fe2ef32403dbf9dc989d0651254', 'frggb3ec3d6e483b86c4923ea64cvbnu', 'appauditor', null, 0, null, null, null, null);
insert into `SYS_AUTH_ROLE` (`ID`,`AUTH_ID`,`ROLE_ID`,`SIGN`,`IS_REVOKE`,`CREATE_USER`,`CREATE_TIME`,`UPDATE_TIME`,`REMARK`) values ('12323fe2ef32403dbf9dc989d0651255', 'hjuub3ec3d6e483b86c4923ea64cnmui', 'appauditor', null, 0, null, null, null, null);
insert into `SYS_AUTH_ROLE_V` (`ID`,`AUTH_ID`,`ROLE_ID`,`SIGN`,`IS_REVOKE`,`CREATE_USER`,`CREATE_TIME`,`UPDATE_TIME`,`REMARK`,`LV_ID`) values ('12323fe2ef32403dbf9dc989d0651254', 'frggb3ec3d6e483b86c4923ea64cvbnu', 'appauditor', null, 0, null, null, null, null, 'appauditor');
insert into `SYS_AUTH_ROLE_V` (`ID`,`AUTH_ID`,`ROLE_ID`,`SIGN`,`IS_REVOKE`,`CREATE_USER`,`CREATE_TIME`,`UPDATE_TIME`,`REMARK`,`LV_ID`) values ('12323fe2ef32403dbf9dc989d0651255', 'hjuub3ec3d6e483b86c4923ea64cnmui', 'appauditor', null, 0, null, null, null, null, 'appauditor');


insert into `SYS_AUTH_ROLE` (`ID`,`AUTH_ID`,`ROLE_ID`,`SIGN`,`IS_REVOKE`,`CREATE_USER`,`CREATE_TIME`,`UPDATE_TIME`,`REMARK`) values ('12323fe2ef32403dbf9dc989d0651256', '11erb3ec3d6e483b86c4923ea64cfdd0', 'appauditor', null, 0, null, null, null, null);
insert into `SYS_AUTH_ROLE_V` (`ID`,`AUTH_ID`,`ROLE_ID`,`SIGN`,`IS_REVOKE`,`CREATE_USER`,`CREATE_TIME`,`UPDATE_TIME`,`REMARK`,`LV_ID`) values ('12323fe2ef32403dbf9dc989d0651256', '11erb3ec3d6e483b86c4923ea64cfdd0', 'appauditor', null, 0, null, null, null, null, 'appauditor');


/**
2019/11/25
 */
ALTER TABLE `SYS_USER_ROLE_V` ADD (`ROLE_NAME` VARCHAR(50) COMMENT '角色名称');

ALTER TABLE `SYS_AUTH_ROLE_V` ADD (`AUTH_NAME` VARCHAR(50) COMMENT '权限名称');

ALTER TABLE `SYS_AUTH_USER_V` ADD (`AUTH_NAME` VARCHAR(50) COMMENT '权限名称');

ALTER TABLE `SYS_AUTH_USER_LV` ADD (`APP_ID` VARCHAR(50) COMMENT '应用ID');

ALTER TABLE `SYS_AUTH_ROLE_LV` ADD (`APP_ID` VARCHAR(50) COMMENT '应用ID');

ALTER TABLE `SYS_USER` ADD (`IS_IP_BIND` INT(1) DEFAULT 0 COMMENT '是否激活IP绑定0否，1是');

ALTER TABLE `SYS_USER` ADD (`IP_ADDRESS` VARCHAR(50) COMMENT 'IP地址');


CREATE TABLE `SYS_USER_THIRD_PARTY`(
  `ID` VARCHAR(50) NOT NULL COMMENT '主键',
  `USER_ID` VARCHAR(50) NOT NULL COMMENT '用户主键',
  `TYPE` VARCHAR(50) NOT NULL COMMENT '第三方账号类型',
  `TYPE_NAME` VARCHAR(50) NOT NULL COMMENT '第三方账号类型名称',
  `ACCOUNT` VARCHAR(200) NOT NULL COMMENT '第三方账号详情',
  `KEY_ONE` VARCHAR(200) COMMENT '预留字段1',
  `KEY_TWO` VARCHAR(200) COMMENT '预留字段2',
  `KEY_THREE` VARCHAR(200) COMMENT '预留字段3',
  `KEY_FOUR` VARCHAR(200) COMMENT '预留字段4',
  `DATA_VERSION` INT(1) DEFAULT 1 COMMENT '数据版本',
  `CREATE_USER` VARCHAR(50) COMMENT '创建人ID',
  `CREATE_TIME` DATE COMMENT '创建时间',
  `UPDATE_TIME` DATE COMMENT '更新时间',
  PRIMARY KEY (`ID`),
  CONSTRAINT `FK_USER_THIRD_PARTY_USERID` FOREIGN KEY(`USER_ID`) REFERENCES `SYS_USER`(`ID`) ON DELETE CASCADE
)
COMMENT = '用户绑定第三账号信息';



/**
2019-11-29 运行日志管理
 */

INSERT INTO `SYS_MENU` (`ID`, `NAME`, `PARENT_ID`, `APP_ID`, `PARENT_NAME`, `URL`, `TYPE`, `ICON`, `AUTH_ID`,
`BTN_AUTH`, `IS_LEAF`, `SORT_INDEX`, `ALL_ORDER`, `SORT_PATH`, `OPEN_STYLE`, `CLOSE_NOTICE`, `CREATE_USER`, `CREATE_TIME`, `UPDATE_TIME`, `LEAF`, `MENU_AUTH`, `REMARK`, `DATA_VERSION`, `IS_IFRAME`)
VALUES ('99ea2ad7ea4a4e54acdaff4c84bb8371', '运行日志', 'e3b15ac90286450fbe5a721c9f542451', 'platform', '系统管理',
'workingLogManage/views/workingLog', '1', 'fa fa-window-maximize', '99ea2ad7ea4a4e54acdaff4c84bb8371', NULL, NULL, 29, NULL, '00020029', NULL, NULL, 'dde891f1a0c34a12add515b3b3ab7763', NULL, NULL, NULL, NULL, NULL, '0', '0');

insert into `SYS_AUTH` (`ID`,`NAME`,`APP_ID`,`REMARK`,`SORT_INDEX`,`PARENT_ID`,`CREATE_USER`,`CREATE_TIME`,`UPDATE_TIME`,`SORT_PATH`,`IS_ORG_ADMIN`,`IS_USER_GROUP_ADMIN`,`CODE`,`DATA_VERSION`) values ('99ea2ad7ea4a4e54acdaff4c84bb8371', '运行日志', 'platform', null,29, 'e3b15ac90286450fbe5a721c9f542451', null, null, null, '00020029', 0, 0, 'workingLogManage.views.workingLog', 0);


insert into `SYS_AUTH_ROLE` (`ID`,`AUTH_ID`,`ROLE_ID`,`SIGN`,`IS_REVOKE`,`CREATE_USER`,`CREATE_TIME`,`UPDATE_TIME`,`REMARK`) values ('99ea2ad7ea4a4e54acdaff4c84bb8371', '99ea2ad7ea4a4e54acdaff4c84bb8371', 'groupadmin', null, 0, null, null, null, null);
insert into `SYS_AUTH_ROLE` (`ID`,`AUTH_ID`,`ROLE_ID`,`SIGN`,`IS_REVOKE`,`CREATE_USER`,`CREATE_TIME`,`UPDATE_TIME`,`REMARK`) values ('99ea2ad7ea4a4e54acdaff4c84bb8372', '99ea2ad7ea4a4e54acdaff4c84bb8371', 'admin', null, 0, null, null, null, null);

insert into `SYS_AUTH_ROLE_V` (`ID`,`AUTH_ID`,`ROLE_ID`,`SIGN`,`IS_REVOKE`,`CREATE_USER`,`CREATE_TIME`,`UPDATE_TIME`,`REMARK`,`LV_ID`) values ('99ea2ad7ea4a4e54acdaff4c84bb8371', '99ea2ad7ea4a4e54acdaff4c84bb8371', 'groupadmin', null, 0, null, null, null, null, 'groupadmin');

insert into `SYS_AUTH_ROLE_V` (`ID`,`AUTH_ID`,`ROLE_ID`,`SIGN`,`IS_REVOKE`,`CREATE_USER`,`CREATE_TIME`,`UPDATE_TIME`,`REMARK`,`LV_ID`) values ('99ea2ad7ea4a4e54acdaff4c84bb8372', '99ea2ad7ea4a4e54acdaff4c84bb8371', 'admin', null, 0, null, null, null, null, 'admin');


INSERT INTO `SYS_MENU` (`ID`, `NAME`, `PARENT_ID`, `APP_ID`, `PARENT_NAME`, `URL`, `TYPE`, `ICON`, `AUTH_ID`, `BTN_AUTH`, `IS_LEAF`, `SORT_INDEX`, `ALL_ORDER`, `SORT_PATH`, `OPEN_STYLE`, `CLOSE_NOTICE`, `CREATE_USER`, `CREATE_TIME`, `UPDATE_TIME`, `LEAF`, `MENU_AUTH`, `REMARK`, `DATA_VERSION`, `IS_IFRAME`)
VALUES ('99ea2ad7ea4a4e54acdaff4c84bb8370', '平台运行日志', 'e3b15ac90286450fbe5a721c9f542451', 'platform', '系统管理', 'workingLogManage/views/aceWorkingLog', '1', 'fa fa-window-maximize', '99ea2ad7ea4a4e54acdaff4c84bb8370', NULL, NULL, 19, NULL, '00020019', NULL, NULL, 'dde891f1a0c34a12add515b3b3ab7763', NULL, NULL, NULL, NULL, NULL, '0', '0');


insert into `SYS_AUTH` (`ID`,`NAME`,`APP_ID`,`REMARK`,`SORT_INDEX`,`PARENT_ID`,`CREATE_USER`,`CREATE_TIME`,`UPDATE_TIME`,`SORT_PATH`,`IS_ORG_ADMIN`,`IS_USER_GROUP_ADMIN`,`CODE`,`DATA_VERSION`) values ('99ea2ad7ea4a4e54acdaff4c84bb8370', '平台运行日志', 'platform', null,19, 'e3b15ac90286450fbe5a721c9f542451', null, null, null, '00020019', 0, 0, 'workingLogManage.views.aceWorkingLog', 0);

insert into `SYS_AUTH_ROLE` (`ID`,`AUTH_ID`,`ROLE_ID`,`SIGN`,`IS_REVOKE`,`CREATE_USER`,`CREATE_TIME`,`UPDATE_TIME`,`REMARK`) values ('99ea2ad7ea4a4e54acdaff4c84bb8375', '99ea2ad7ea4a4e54acdaff4c84bb8370', 'admin', null, 0, null, null, null, null);

insert into `SYS_AUTH_ROLE_V` (`ID`,`AUTH_ID`,`ROLE_ID`,`SIGN`,`IS_REVOKE`,`CREATE_USER`,`CREATE_TIME`,`UPDATE_TIME`,`REMARK`,`LV_ID`) values ('99ea2ad7ea4a4e54acdaff4c84bb8375', '99ea2ad7ea4a4e54acdaff4c84bb8370', 'admin', null, 0, null, null, null, null, 'admin');


/**
  2019/12/2
 */
ALTER TABLE `SYS_AUTH_SCOPE_APP` COMMENT '系统管理-应用三员-授权应用';

ALTER TABLE `SYS_AUTH_SCOPE_ORG` COMMENT '系统管理-应用三员-授权组织';

ALTER TABLE `SYS_AUTH_SCOPE_USER_GROUP` COMMENT '系统管理-应用三员-授权用户组';

/**
2019/12/5
 */
alter table SYS_AUDIT_LOG add (`TYPE` VARCHAR(50) comment '操作类别');

alter table SYS_AUDIT_LOG add (`TITLE` VARCHAR(300) comment '操作标题');

alter table SYS_AUDIT_LOG_BACKUP add (`TYPE` VARCHAR(200) comment '操作类别');

alter table SYS_AUDIT_LOG_BACKUP add (`TITLE` VARCHAR(600) comment '操作标题');
alter table SYS_AUDIT_LOG  MODIFY OP_CONTENT LONGTEXT ;
alter table SYS_AUDIT_LOG_BACKUP  MODIFY OP_CONTENT LONGTEXT ;

INSERT INTO SYS_MENU (`ID`, `NAME`, `PARENT_ID`, `APP_ID`, `PARENT_NAME`, `URL`, `TYPE`, `ICON`, `AUTH_ID`, `BTN_AUTH`, `IS_LEAF`, `SORT_INDEX`, `ALL_ORDER`, `SORT_PATH`, `OPEN_STYLE`, `CLOSE_NOTICE`, `CREATE_USER`, `CREATE_TIME`, `UPDATE_TIME`, `LEAF`, `MENU_AUTH`, `REMARK`, `DATA_VERSION`, `IS_IFRAME`)
VALUES ('19ea2ad7ea4a4e54acdaff4c84bb8370', '应用审计日志', 'e3b15ac90286450fbe5a721c9f542451', 'platform', '系统管理',
'auditLogManage/views/AppAuditLog', '1', 'fa fa-window-maximize', '19ea2ad7ea4a4e54acdaff4c84bb8370', NULL, NULL, 5, NULL, '00020005', NULL, NULL, 'dde891f1a0c34a12add515b3b3ab7763', NULL, NULL, NULL, NULL, NULL, '0', '0');


insert into `SYS_AUTH` (`ID`,`NAME`,`APP_ID`,`REMARK`,`SORT_INDEX`,`PARENT_ID`,`CREATE_USER`,`CREATE_TIME`,`UPDATE_TIME`,`SORT_PATH`,`IS_ORG_ADMIN`,`IS_USER_GROUP_ADMIN`,`CODE`,`DATA_VERSION`) values ('19ea2ad7ea4a4e54acdaff4c84bb8370', '应用运行日志', 'platform', null,5, 'e3b15ac90286450fbe5a721c9f542451', null, null, null, '00020005', 0, 0, 'workingLogManage.views.aceWorkingLog', 0);

insert into `SYS_AUTH_ROLE` (`ID`,`AUTH_ID`,`ROLE_ID`,`SIGN`,`IS_REVOKE`,`CREATE_USER`,`CREATE_TIME`,`UPDATE_TIME`,`REMARK`) values ('29ea2ad7ea4a4e54acdaff4c84bb8370', '19ea2ad7ea4a4e54acdaff4c84bb8370', 'sec', null, 0, null, null, null, null);

insert into `SYS_AUTH_ROLE_V` (`ID`,`AUTH_ID`,`ROLE_ID`,`SIGN`,`IS_REVOKE`,`CREATE_USER`,`CREATE_TIME`,`UPDATE_TIME`,`REMARK`,`LV_ID`) values ('29ea2ad7ea4a4e54acdaff4c84bb8370', '19ea2ad7ea4a4e54acdaff4c84bb8370', 'sec', null, 0, null, null, null, null, 'sec');

insert into `SYS_AUTH_ROLE` (`ID`,`AUTH_ID`,`ROLE_ID`,`SIGN`,`IS_REVOKE`,`CREATE_USER`,`CREATE_TIME`,`UPDATE_TIME`,`REMARK`) values ('59ea2ad7ea4a4e54acdaff4c84bb8370', '19ea2ad7ea4a4e54acdaff4c84bb8370', 'groupsec', null, 0, null, null, null, null);

insert into `SYS_AUTH_ROLE_V` (`ID`,`AUTH_ID`,`ROLE_ID`,`SIGN`,`IS_REVOKE`,`CREATE_USER`,`CREATE_TIME`,`UPDATE_TIME`,`REMARK`,`LV_ID`) values ('59ea2ad7ea4a4e54acdaff4c84bb8370', '19ea2ad7ea4a4e54acdaff4c84bb8370', 'groupsec', null, 0, null, null, null, null, 'groupsec');

insert into `SYS_AUTH_ROLE` (`ID`,`AUTH_ID`,`ROLE_ID`,`SIGN`,`IS_REVOKE`,`CREATE_USER`,`CREATE_TIME`,`UPDATE_TIME`,`REMARK`) values ('19ea2ad7ea4a4e54acdaff4c84bb8370', '19ea2ad7ea4a4e54acdaff4c84bb8370', 'appsec', null, 0, null, null, null, null);

insert into `SYS_AUTH_ROLE_V` (`ID`,`AUTH_ID`,`ROLE_ID`,`SIGN`,`IS_REVOKE`,`CREATE_USER`,`CREATE_TIME`,`UPDATE_TIME`,`REMARK`,`LV_ID`) values ('19ea2ad7ea4a4e54acdaff4c84bb8370', '19ea2ad7ea4a4e54acdaff4c84bb8370', 'appsec', null, 0, null, null, null, null, 'appsec');


/**
2019/12/6
 */
alter table SYS_AUDIT_LOG add (`TYPE_TAG` VARCHAR(50) comment '操作类别标签');
alter table SYS_AUDIT_LOG_BACKUP add (`TYPE_TAG` VARCHAR(200) comment '操作类别标签');

/**
2019/12/9
 */

CREATE TABLE `SYS_APP_MENU_DISPLAY`(
  `ID` VARCHAR(50) NOT NULL COMMENT '主键',
  `APP_ID` VARCHAR(50) COMMENT '应用ID',
  `MENU_ID` VARCHAR(50) COMMENT '菜单ID',
  `USER_ID` VARCHAR(50) COMMENT '用户ID',
  `MENU_ICON` VARCHAR(200) NOT NULL COMMENT '菜单图标',
  `MENU_URL` VARCHAR(200) COMMENT '菜单URL',
  `MENU_NAME` VARCHAR(50) COMMENT '菜单名称',
  `MENU_SORT_INDEX` INT(10) COMMENT '菜单序号',
  PRIMARY KEY (`ID`, `MENU_ICON`),
  CONSTRAINT `FK_DISPLAY_APP_ID` FOREIGN KEY (`APP_ID`) REFERENCES `SYS_GROUP_APP`(`ID`) ON DELETE CASCADE,
  CONSTRAINT `FK_DISPLAY_MENU_ID` FOREIGN KEY (`MENU_ID`) REFERENCES `SYS_MENU`(`ID`) ON DELETE CASCADE,
  CONSTRAINT `FK_DISPLAY_USER_ID` FOREIGN KEY (`USER_ID`) REFERENCES `SYS_USER`(`ID`) ON DELETE CASCADE
)
COMMENT='应用下菜单显示在平台管控台的信息表';

/**
2019/12/12
 */
CREATE TABLE `SYS_WAIT_GRANT_USER`(
  `ID` VARCHAR(50) NOT NULL COMMENT '主键',
  `USER_ID` VARCHAR(50) COMMENT '用户ID',
  `APP_ID` VARCHAR(50) COMMENT '应用ID',
  PRIMARY KEY (`ID`),
  CONSTRAINT `FK_WAIT_GRANT_USER_ID` FOREIGN KEY (`USER_ID`) REFERENCES `sys_user`(`ID`),
  CONSTRAINT `FK_WAIT_GRANT_APP_ID` FOREIGN KEY (`APP_ID`) REFERENCES `sys_group_app`(`ID`)
)
COMMENT='角色用户授予—待激活的用户表';

ALTER TABLE `SYS_USER_ROLE` DROP COLUMN `IS_ACTIVATED`;

ALTER TABLE `SYS_API_MIX`
  ADD COLUMN `AUTH_ID` VARCHAR(50) NULL   COMMENT '权限ID',
  ADD CONSTRAINT `FK_API_MIX_AUTH_ID` FOREIGN KEY (`AUTH_ID`) REFERENCES `SYS_AUTH`(`ID`);


/**
2019/12/18
 */
alter table `SYS_APP_MENU_DISPLAY` DROP foreign key FK_DISPLAY_MENU_ID;

alter table `SYS_AUTH_SCOPE_APP` DROP foreign key FK_SYS_AUTH_SCOPE_APP_AUTH;

alter table `SYS_AUTH_SCOPE_ORG` DROP foreign key FK_SYS_AUTH_SCOPE_ORG_AUTH_ID;

alter table `SYS_AUTH_SCOPE_USER_GROUP` DROP foreign key FK_SYS_AUTH_SCOPE_UG_AUTH_ID;

ALTER TABLE `SYS_AUTH_MIX`
  ADD COLUMN `APP_ID` VARCHAR(50)  COMMENT '应用ID';

ALTER TABLE `SYS_AUTH_MIX`
  CHANGE `DATA_VERSION` `DATA_VERSION` INT(10) DEFAULT 0  NULL   COMMENT '数据版本';

/**
2019/12/19
 */
ALTER TABLE `SYS_API_MIX`
  ADD COLUMN `APP_ID` VARCHAR(50)  COMMENT '应用ID';

ALTER TABLE `SYS_API_MIX`
  CHANGE `DATA_VERSION` `DATA_VERSION` INT(10) DEFAULT 0  NULL   COMMENT '数据版本';
/**
2019/12/24
 */
alter table `SYS_GROUP_APP` add COLUMN `IS_LOCK` INT(1) DEFAULT 0 COMMENT '应用是否被锁住 1是 0不是';
alter table `SYS_GROUP_APP` add COLUMN `LOCK_TIME` DATE COMMENT '应用锁 操作时间';
alter table `SYS_CONFIG` add COLUMN `UPDATE_TYPE` INT(1) DEFAULT 0 COMMENT '配置项更新策略 0立即更新 1重启更新';


/**
2019/12/25
 */
alter table `SYS_USER` modify  `IP_ADDRESS` varchar(1000);
/**
2020/1/14
 */
ALTER TABLE `SYS_ROLE` CHANGE `EXPLAIN` `ROLE_EXPLAIN`varchar(200);

ALTER TABLE `SYS_DICT` CHANGE `EXPLAIN` `DICT_EXPLAIN`varchar(200);

UPDATE SYS_MENU set name='应用运行日志',icon='fa fa-window-restore' where id='99ea2ad7ea4a4e54acdaff4c84bb8371';

UPDATE SYS_MENU set name='用户操作日志' where id='19ea2ad7ea4a4e54acdaff4c84bb8370';

insert into SYS_CONFIG(`ID`,`NAME`,`VALUE`) values('ace-sql-version', 'ace-sql-version', '1.0.0');
/**
2020/2/14
 */
ALTER TABLE `sys_auth_role_v` DROP FOREIGN KEY `FK_SYS_AUTH_ROLE_LV_ID`;

ALTER TABLE `sys_auth_role_v` ADD CONSTRAINT `FK_SYS_AUTH_ROLE_LV_ID` FOREIGN KEY (`LV_ID`) REFERENCES `sys_auth_role_lv`(`ID`) ON DELETE CASCADE;

ALTER TABLE `sys_auth_user_v` DROP FOREIGN KEY `FK_SYS_AUTH_USER_LV_ID`;

ALTER TABLE `sys_auth_user_v` ADD CONSTRAINT `FK_SYS_AUTH_USER_LV_ID` FOREIGN KEY (`LV_ID`) REFERENCES `sys_auth_user_lv`(`ID`) ON DELETE CASCADE;


/**
2020/2/18
 */
ALTER TABLE `SYS_WAIT_GRANT_USER` COMMENT '角色分配—待激活的用户表';
UPDATE SYS_MENU SET NAME='角色分配' WHERE ID='tyuub3ec3d6e483b86c4923ea64cfwe5';
UPDATE SYS_AUTH SET NAME='角色分配' WHERE ID='tyuub3ec3d6e483b86c4923ea64cfwe5';

INSERT  INTO `sys_auth`(`ID`,`NAME`,`APP_ID`,`REMARK`,`SORT_INDEX`,`PARENT_ID`,`CREATE_USER`,`CREATE_TIME`,`UPDATE_TIME`,`SORT_PATH`,`IS_ORG_ADMIN`,`IS_USER_GROUP_ADMIN`,`CODE`,`DATA_VERSION`) VALUES ('werty3ec3d6e483b86c4923ea64ccvbn','分配角色激活','platform',NULL,8,'11erb3ec3d6e483b86c4923ea64cfdd0',NULL,NULL,NULL,'000200090008',0,0,'roleManage.roleActivate',0);
INSERT  INTO `sys_menu`(`ID`,`NAME`,`PARENT_ID`,`APP_ID`,`PARENT_NAME`,`URL`,`TYPE`,`ICON`,`AUTH_ID`,`BTN_AUTH`,`IS_LEAF`,`SORT_INDEX`,`ALL_ORDER`,`SORT_PATH`,`OPEN_STYLE`,`CLOSE_NOTICE`,`CREATE_USER`,`CREATE_TIME`,`UPDATE_TIME`,`LEAF`,`MENU_AUTH`,`REMARK`,`DATA_VERSION`,`IS_IFRAME`) VALUES ('werty3ec3d6e483b86c4923ea64ccvbn','分配角色激活','11erb3ec3d6e483b86c4923ea64cfdd0','platform','授权管理','roleManage/views/RoleGrant',1,'iconfont icon-setting-permissions','werty3ec3d6e483b86c4923ea64ccvbn',NULL,NULL,8,NULL,'000200090008',NULL,NULL,NULL,NULL,NULL,NULL,NULL,NULL,0,0);
INSERT  INTO `sys_auth_role`(`ID`,`AUTH_ID`,`ROLE_ID`,`SIGN`,`IS_REVOKE`,`CREATE_USER`,`CREATE_TIME`,`UPDATE_TIME`,`REMARK`) VALUES ('3e4r5ec3d6e483b86c4923ea64cv67n','werty3ec3d6e483b86c4923ea64ccvbn','appadmin',NULL,0,NULL,NULL,NULL,NULL);
INSERT  INTO `sys_auth_role_v`(`ID`,`AUTH_ID`,`ROLE_ID`,`SIGN`,`IS_REVOKE`,`CREATE_USER`,`CREATE_TIME`,`UPDATE_TIME`,`REMARK`,`LV_ID`) VALUES ('3e4r5ec3d6e483b86c4923ea64cv67n','werty3ec3d6e483b86c4923ea64ccvbn','appadmin',NULL,0,NULL,NULL,NULL,NULL,'appadmin');


-- DELETE FROM `sys_auth_mix` WHERE `user_id` IN (SELECT `user_id` FROM `sys_user_role` WHERE `role_id` IN ('appadmin')) AND `auth_id`='tyuub3ec3d6e483b86c4923ea64cfwe5';


/**
2020/2/26
 */
delete from `SYS_CONFIG` where `id` = 'ace-sql-version';
insert into `SYS_CONFIG`(`ID`,`NAME`,`VALUE`,`SCOPE`) values('ace-sql-version', 'ace-sql-version', '1.0.0', 1);
alter table `SYS_AUDIT_LOG_BACKUP` modify  `IP_ADDRESS` varchar(1000);
alter table `SYS_AUDIT_LOG` modify  `IP_ADDRESS` varchar(1000);


/**
2020/3/17
 */
ALTER TABLE `BD_PERSON_DOC` ADD COLUMN `SORT_INDEX` INT(10) DEFAULT 0 COMMENT '排序号';

/**
2020/04/02
 */
CREATE TABLE `SYS_COMPONENT_REGISTER`(
  `ID` VARCHAR(50) NOT NULL COMMENT '主键',
  `APP_ID` VARCHAR(50) COMMENT '应用ID',
  `NAME` VARCHAR(50) COMMENT '组件名',
  `COMPONENT_URL` VARCHAR(200) COMMENT '组件地址路径',
  `AUTH_ID` VARCHAR(50) COMMENT '组件对应的权限ID',
  `COLUMN_ONE` VARCHAR(50) COMMENT '字段1',
  `COLUMN_TWO` VARCHAR(50) COMMENT '字段2',
  `CREATE_TIME` DATETIME(6) DEFAULT NULL COMMENT '创建时间',
  `COL_SPAN` INT(10) DEFAULT '0' COMMENT '在首页所占列数',
  PRIMARY KEY (`ID`),
  CONSTRAINT `FK_COMPONENT_APP_ID` FOREIGN KEY (`APP_ID`) REFERENCES `sys_group_app`(`ID`) ON UPDATE CASCADE ON DELETE CASCADE,
  CONSTRAINT `FK_COMPONENT_AUTH_ID` FOREIGN KEY (`AUTH_ID`) REFERENCES `sys_auth`(`ID`) ON UPDATE CASCADE ON DELETE SET NULL
)
COMMENT='应用组件注册表';

CREATE TABLE `SYS_COMPONENT_USER`(
  `ID` VARCHAR(50) NOT NULL COMMENT '主键',
  `COMPONENT_INFO` LONGTEXT COMMENT '组件信息',
  `APP_ID` VARCHAR(50) COMMENT '应用ID',
  `USER_ID` VARCHAR(50) COMMENT '用户ID',
  PRIMARY KEY (`ID`),
  CONSTRAINT `FK_COMPONENT_USER_APP_ID` FOREIGN KEY (`APP_ID`) REFERENCES `sys_group_app`(`ID`) ON DELETE CASCADE,
  CONSTRAINT `FK_COMPONENT_USER_USER_ID` FOREIGN KEY (`USER_ID`) REFERENCES `sys_user`(`ID`) ON DELETE CASCADE
)
COMMENT='普通用户登录应用首页组件排版信息表';

insert into `SYS_AUTH` (`ID`,`NAME`,`APP_ID`,`REMARK`,`SORT_INDEX`,`PARENT_ID`,`CREATE_USER`,`CREATE_TIME`,`UPDATE_TIME`,`SORT_PATH`,`IS_ORG_ADMIN`,`IS_USER_GROUP_ADMIN`,`CODE`,`DATA_VERSION`) values ('19ea2ad7ea4a4e54acdaff4yhmzq8370', '组件注册', 'platform', null,12, '11316279a4a9416a8e20019821e640af', null, null, null, '00030012', 0, 0, 'platForm.componentRegisterManage.componentRegister', 0);

insert into `SYS_MENU` (`ID`,`NAME`,`PARENT_ID`,`APP_ID`,`PARENT_NAME`,`URL`,`TYPE`,`ICON`,`AUTH_ID`,`BTN_AUTH`,`IS_LEAF`,`SORT_INDEX`,`ALL_ORDER`,`SORT_PATH`,`OPEN_STYLE`,`CLOSE_NOTICE`,`CREATE_USER`,`CREATE_TIME`,`UPDATE_TIME`,`LEAF`,`MENU_AUTH`,`REMARK`,`DATA_VERSION`,`IS_IFRAME`) values ('19ea2ad7ea4a4e54acdaff4yhmzq8370', '组件注册', '11316279a4a9416a8e20019821e640af', 'platform', '配置管理', 'componentRegisterManage/views/ComponentRegister', 1, 'fa fa-registered', '19ea2ad7ea4a4e54acdaff4yhmzq8370', null, null, 12, null, '00030012', null, null, null, null, null, null, null, null, 0, 0);

insert into `SYS_AUTH_ROLE` (`ID`,`AUTH_ID`,`ROLE_ID`,`SIGN`,`IS_REVOKE`,`CREATE_USER`,`CREATE_TIME`,`UPDATE_TIME`,`REMARK`) values ('2qwctad7ea4a4e54acdaff4c84bb8370', '19ea2ad7ea4a4e54acdaff4yhmzq8370', 'appadmin', null, 0, null, null, null, null);

insert into `SYS_AUTH_ROLE_V` (`ID`,`AUTH_ID`,`ROLE_ID`,`SIGN`,`IS_REVOKE`,`CREATE_USER`,`CREATE_TIME`,`UPDATE_TIME`,`REMARK`,`LV_ID`) values ('29ea2ad7eawdfe54acdafcbc84bb8370', '19ea2ad7ea4a4e54acdaff4yhmzq8370', 'appadmin', null, 0, null, null, null, null, 'appadmin');


/**
2020/4/7
 */
ALTER TABLE `ORG_DEPARTMENT` ADD COLUMN `IS_ENTITY` INT(1) DEFAULT 1 COMMENT '是否实体部门';

/**
 * 修改消息通道给应用管理员
 * @author zuogang
 * @date 2020/4/14 8:30
 */
delete from sys_menu where name in ('消息配置','通道扩展');

delete from sys_auth where name in ('消息配置','消息拓展');

delete from sys_auth_role_v where auth_id in ('34116279a4a9416a8e20019821e61341','yut76279a4a9416a8e20019821e6g45t');

update sys_menu set parent_id='11316279a4a9416a8e20019821e640af',PARENT_NAME='配置管理',sort_index=9,sort_path='00030009'   where id='45676279a4a9416a8e20019821e6ghjk';

update sys_auth set parent_id='11316279a4a9416a8e20019821e640af' , sort_index=9, sort_path='00030009' where id='45676279a4a9416a8e20019821e6ghjk';

update sys_auth_role set role_id='appadmin' where role_id='admin' and auth_id='45676279a4a9416a8e20019821e6ghjk';

update sys_auth_role_v set role_id='appadmin',lv_id='appadmin' where auth_id='45676279a4a9416a8e20019821e6ghjk' and lv_id='admin';

/**
 * 消息通道添加APPID字段
 * @author shanwj
 * @date 2020/4/16 18:06
 */

ALTER TABLE `SYS_MSG_SEND_TYPE` ADD COLUMN `APP_ID` VARCHAR(50) COMMENT '应用id';

ALTER TABLE `SYS_MSG_SEND_TYPE`
  ADD CONSTRAINT `FK_SYS_MSG_SEND_TYPE_APP_ID` FOREIGN KEY (`APP_ID`) REFERENCES `SYS_GROUP_APP`(`ID`);

/**
 *  API关联表添加外键
 * @return
 * @author zuogang
 * @date 2020/4/17 10:51
 */
ALTER TABLE `SYS_AUTH_API`
  ADD CONSTRAINT `FK_AUTH_API_API_ID` FOREIGN KEY (`API_ID`) REFERENCES `SYS_API_RESOURCE`(`ID`) ON UPDATE CASCADE ON DELETE CASCADE;

ALTER TABLE `SYS_API_MIX`
  ADD CONSTRAINT `FK_API_MIX_API_ID` FOREIGN KEY (`API_ID`) REFERENCES `SYS_API_RESOURCE`(`ID`) ON UPDATE CASCADE ON DELETE CASCADE;


/**
 *  小程序
 * @return
 * @author 单文金
 * @date 2020/4/24 10:51
 */

 CREATE TABLE `SYS_MICRO_APP`(
  `ID` VARCHAR(50) NOT NULL COMMENT '主键',
  `APP_ID` VARCHAR(100) COMMENT '小程序appId',
  `NAME` VARCHAR(500) COMMENT '名称',
  `APP_SECRET` VARCHAR(200) COMMENT '密钥',
  `ACCESS_TOKEN` VARCHAR(500) COMMENT '组件对应的权限ID',
  `TYPE` VARCHAR(50) COMMENT '小程序类型',
  `CURRENT_VERSION` VARCHAR(50) COMMENT '上线版本',
  `AUDIT_VERSION` VARCHAR(50)  COMMENT '审核版本',
  `DATA_VERSION` INT(10) DEFAULT '0' COMMENT '数据版本',
  PRIMARY KEY (`ID`)
)COMMENT='平台小程序';

/**
 *  消息模板
 * @return
 * @author 单文金
 * @date 2020/4/27 10:51
 */
CREATE TABLE `SYS_MSG_TEMPLATE`
(
`ID` VARCHAR(50) NOT NULL COMMENT '主键',
`TEMPLATE_TITLE` VARCHAR(1000) COMMENT '模板标题',
`AUTH` VARCHAR(500) COMMENT '调用权限',
`TEMPLATE_CONTENT` VARCHAR(2000) COMMENT '模板',
`TEMPLATE_ID` VARCHAR(200) COMMENT '模板id',
`URL` VARCHAR(200) COMMENT '消息链接',
`CREATE_TIME` DATETIME(6) COMMENT '创建时间',
`CREATE_USER` VARCHAR(50) COMMENT '创建人',
`DATA_VERSION` INT(10) DEFAULT '0' COMMENT '数据版本',
`APP_ID` VARCHAR(50) COMMENT '应用ID',
  PRIMARY KEY (`ID`),
  CONSTRAINT `FK_SYS_MSG_TEMPLATE_APP_ID` FOREIGN KEY (`APP_ID`) REFERENCES `SYS_GROUP_APP`(`ID`) ON UPDATE CASCADE ON DELETE CASCADE
)COMMENT='消息模板';



CREATE TABLE `SYS_MSG_TEMPLATE_CONFIG`
(
`ID` VARCHAR(50) NOT NULL COMMENT '主键',
`TEMPLATE_ID` VARCHAR(200) COMMENT '小程序消息模板ID',
`IS_OPEN` INT(1) DEFAULT 0 COMMENT '是否启用0不启用1启用',
`URL` VARCHAR(200) COMMENT '链接路径',
`TID` VARCHAR(50) COMMENT '平台消息模板id',
`TITLE` VARCHAR(1000) COMMENT '小程序消息模板标题',
`CONTENT` VARCHAR(2000) COMMENT '小程序消息模板内容',
`TYPE` VARCHAR(100) COMMENT '消息信使类型',
`MICRO_APP_ID` VARCHAR(200)  COMMENT '小程序标识',
`MICRO_APP_NAME` VARCHAR(500) COMMENT '小程序名称',
  PRIMARY KEY (`ID`),
  CONSTRAINT `FK_SYS_MSG_TEMPLATE_CONFIG_TID` FOREIGN KEY (`TID`) REFERENCES `SYS_MSG_TEMPLATE`(`ID`) ON UPDATE CASCADE ON DELETE CASCADE
)COMMENT='消息模板';


/**
 * 小程序和消息模板菜单分配管理员
 * @author zuogang
 * @date 2020/4/30 10:43
 */
INSERT INTO `SYS_AUTH` (`ID`,`NAME`,`APP_ID`,`REMARK`,`SORT_INDEX`,`PARENT_ID`,`CREATE_USER`,`CREATE_TIME`,`UPDATE_TIME`,`SORT_PATH`,`IS_ORG_ADMIN`,`IS_USER_GROUP_ADMIN`,`CODE`,`DATA_VERSION`) VALUES ('vbnmhd7ea4a4e54acdaff4yhmzq8370', '小程序管理', 'platform', NULL,13, '11316279a4a9416a8e20019821e640af', NULL, NULL, NULL, '00030013', 0, 0, 'platForm.microAppManag.MicroApp', 0);

INSERT INTO `SYS_MENU` (`ID`,`NAME`,`PARENT_ID`,`APP_ID`,`PARENT_NAME`,`URL`,`TYPE`,`ICON`,`AUTH_ID`,`BTN_AUTH`,`IS_LEAF`,`SORT_INDEX`,`ALL_ORDER`,`SORT_PATH`,`OPEN_STYLE`,`CLOSE_NOTICE`,`CREATE_USER`,`CREATE_TIME`,`UPDATE_TIME`,`LEAF`,`MENU_AUTH`,`REMARK`,`DATA_VERSION`,`IS_IFRAME`) VALUES ('vbnmhd7ea4a4e54acdaff4yhmzq8370', '小程序管理', '11316279a4a9416a8e20019821e640af', 'platform', '配置管理', 'microAppManage/views/MicroApp', 1, 'fa fa-cubes', 'vbnmhd7ea4a4e54acdaff4yhmzq8370', NULL, NULL, 13, NULL, '00030013', NULL, NULL, NULL, NULL, NULL, NULL, NULL, NULL, 0, 0);

INSERT INTO `SYS_AUTH_ROLE` (`ID`,`AUTH_ID`,`ROLE_ID`,`SIGN`,`IS_REVOKE`,`CREATE_USER`,`CREATE_TIME`,`UPDATE_TIME`,`REMARK`) VALUES ('vrtyhd7ea4a4e54acdaff4yhmzq8370', 'vbnmhd7ea4a4e54acdaff4yhmzq8370', 'groupadmin', NULL, 0, NULL, NULL, NULL, NULL);

INSERT INTO `SYS_AUTH_ROLE_V` (`ID`,`AUTH_ID`,`ROLE_ID`,`SIGN`,`IS_REVOKE`,`CREATE_USER`,`CREATE_TIME`,`UPDATE_TIME`,`REMARK`,`LV_ID`) VALUES ('vrtyhd7ea4a4e54acdaff4yhmzq8370', 'vbnmhd7ea4a4e54acdaff4yhmzq8370', 'groupadmin', NULL, 0, NULL, NULL, NULL, NULL, 'groupadmin');


INSERT INTO `SYS_AUTH` (`ID`,`NAME`,`APP_ID`,`REMARK`,`SORT_INDEX`,`PARENT_ID`,`CREATE_USER`,`CREATE_TIME`,`UPDATE_TIME`,`SORT_PATH`,`IS_ORG_ADMIN`,`IS_USER_GROUP_ADMIN`,`CODE`,`DATA_VERSION`) VALUES ('bnuimd7ea4a4e54acdaff4yhmzq8370', '消息模板', 'platform', NULL,14, '11316279a4a9416a8e20019821e640af', NULL, NULL, NULL, '00030014', 0, 0, 'platForm.msgTemplateManage.MsgTemplate', 0);

INSERT INTO `SYS_MENU` (`ID`,`NAME`,`PARENT_ID`,`APP_ID`,`PARENT_NAME`,`URL`,`TYPE`,`ICON`,`AUTH_ID`,`BTN_AUTH`,`IS_LEAF`,`SORT_INDEX`,`ALL_ORDER`,`SORT_PATH`,`OPEN_STYLE`,`CLOSE_NOTICE`,`CREATE_USER`,`CREATE_TIME`,`UPDATE_TIME`,`LEAF`,`MENU_AUTH`,`REMARK`,`DATA_VERSION`,`IS_IFRAME`) VALUES ('bnuimd7ea4a4e54acdaff4yhmzq8370', '消息模板', '11316279a4a9416a8e20019821e640af', 'platform', '配置管理', 'msgTemplateManage/views/MsgTemplate', 1, 'fa fa-comments-o', 'bnuimd7ea4a4e54acdaff4yhmzq8370', NULL, NULL, 14, NULL, '00030014', NULL, NULL, NULL, NULL, NULL, NULL, NULL, NULL, 0, 0);

INSERT INTO `SYS_AUTH_ROLE` (`ID`,`AUTH_ID`,`ROLE_ID`,`SIGN`,`IS_REVOKE`,`CREATE_USER`,`CREATE_TIME`,`UPDATE_TIME`,`REMARK`) VALUES ('qwtyhdwea4a4e54acdaff4yhmzq8370', 'bnuimd7ea4a4e54acdaff4yhmzq8370', 'appadmin', NULL, 0, NULL, NULL, NULL, NULL);

INSERT INTO `SYS_AUTH_ROLE_V` (`ID`,`AUTH_ID`,`ROLE_ID`,`SIGN`,`IS_REVOKE`,`CREATE_USER`,`CREATE_TIME`,`UPDATE_TIME`,`REMARK`,`LV_ID`) VALUES ('qwtyhdwea4a4e54acdaff4yhmzq8370', 'bnuimd7ea4a4e54acdaff4yhmzq8370', 'appadmin', NULL, 0, NULL, NULL, NULL, NULL, 'appadmin');


/**
 * 改善权限授权逻辑
 * @param null
 * @return
 * @author zuogang
 * @date 2020/5/25 17:32
 */
ALTER TABLE `SYS_AUTH_ROLE` ADD COLUMN `AUTH_NAME` VARCHAR(50) COMMENT '权限名';
ALTER TABLE `SYS_AUTH_ROLE` ADD COLUMN `ROLE_NAME` VARCHAR(50) COMMENT '角色名';
ALTER TABLE `SYS_AUTH_USER` ADD COLUMN `AUTH_NAME` VARCHAR(50) COMMENT '权限名';
ALTER TABLE `SYS_AUTH_USER` ADD COLUMN `REAL_NAME` VARCHAR(50) COMMENT '用户名';
ALTER TABLE `SYS_USER_ROLE` ADD COLUMN `ROLE_NAME` VARCHAR(50) COMMENT '角色名';
ALTER TABLE `SYS_USER_ROLE` ADD COLUMN `REAL_NAME` VARCHAR(50) COMMENT '用户名';

update sys_user_role a set a.role_name=(select b.name from sys_role b where b.id = a.role_id);
update sys_user_role a set a.real_name=(select b.real_name from sys_user b where b.id = a.user_id);

update sys_auth_role a set a.role_name=(select b.name from sys_role b where b.id = a.role_id);
update sys_auth_role a set a.auth_name=(select b.name from sys_auth b where b.id = a.auth_id);

update sys_auth_user a set a.real_name=(select b.real_name from sys_user b where b.id = a.user_id);
update sys_auth_user a set a.auth_name=(select b.name from sys_auth b where b.id = a.auth_id);

update sys_user set SECRET_LEVEL=4 where SECRET_LEVEL=5;

/**
 * 开发平台服务API定义模块复制到业务平台中，支持大屏在线定制开发
 * @param null
 * @return
 * @author zuogang
 * @date 2020/6/3 8:32
 */
CREATE TABLE `SYS_APP_INTERFACE`(
  `ID` VARCHAR(50) NOT NULL COMMENT '主键',
  `APP_ID` VARCHAR(50) COMMENT '应用ID',
  `NAME` VARCHAR(50) COMMENT '接口名',
  `IS_PAGE_GET` INT(1) COMMENT '是否分页方法,0否1是',
  `SQL_CONTENT` LONGTEXT COMMENT 'sql语句',
  `CREATE_TIME` DATETIME(6) COMMENT '创建时间',
  `DESCRIPTION` VARCHAR(200) COMMENT '描述',
  PRIMARY KEY (`ID`),
  CONSTRAINT `FK_APP_INTERFACE_APP_ID` FOREIGN KEY (`APP_ID`) REFERENCES `sys_group_app`(`ID`) ON UPDATE CASCADE ON DELETE CASCADE
)
COMMENT='应用接口信息表';

CREATE TABLE `SYS_APP_INTERFACE_INPUT`(
  `ID` VARCHAR(50) NOT NULL COMMENT '主键',
  `PARAM_KEY` VARCHAR(50) COMMENT '键',
  `PARAM_DEFAULT_VALUE` VARCHAR(100) COMMENT '缺省值',
  `PARAM_TYPE` VARCHAR(50) COMMENT '参数类型',
  `INTERFACE_ID` VARCHAR(50) COMMENT '接口主键',
  PRIMARY KEY (`ID`),
  CONSTRAINT `FK_INPUT_INTERFACE_ID` FOREIGN KEY (`INTERFACE_ID`) REFERENCES `sys_app_interface`(`ID`) ON UPDATE CASCADE ON DELETE CASCADE
)
COMMENT='接口sql入参信息表';

CREATE TABLE `SYS_APP_INTERFACE_OUTPUT`(
  `ID` VARCHAR(50) NOT NULL COMMENT '主键',
  `PARAM_KEY` VARCHAR(50) COMMENT '键',
  `PARAM_TYPE` VARCHAR(50) COMMENT '参数类型',
  `INTERFACE_ID` VARCHAR(50) COMMENT '接口主键',
  `PARAM_LABEL` VARCHAR(100) COMMENT '字段注释',
  PRIMARY KEY (`ID`),
  CONSTRAINT `FK_OUTPUT_INTERFACE_ID` FOREIGN KEY (`INTERFACE_ID`) REFERENCES `sys_app_interface`(`ID`) ON UPDATE CASCADE ON DELETE CASCADE
)
COMMENT='接口sql出参信息表';



/**
 * 消息添加appId
 *
 * @author shanwj
 * @date 2020/5/26 15:58
 */
ALTER TABLE `SYS_MSG_UNREAD` ADD COLUMN `APP_ID` VARCHAR(50) COMMENT '应用id';
ALTER TABLE `SYS_MSG_READ` ADD COLUMN `APP_ID` VARCHAR(50) COMMENT '应用id';
/**
 * 报表添加数据源
 *
 * @author shanwj
 * @date 2020/6/3 9:31
 */
ALTER TABLE `REPORT_INFO` ADD COLUMN `DATASOURCE_ID` VARCHAR(2000) COMMENT '数据源id';

/**
 *  为应用管理员添加接口管理菜单
 * @param null
 * @return
 * @author zuogang
 * @date 2020/6/3 14:10
 */
insert into `SYS_AUTH` (`ID`,`NAME`,`APP_ID`,`REMARK`,`SORT_INDEX`,`PARENT_ID`,`CREATE_USER`,`CREATE_TIME`,`UPDATE_TIME`,`SORT_PATH`,`IS_ORG_ADMIN`,`IS_USER_GROUP_ADMIN`,`CODE`,`DATA_VERSION`) values ('byasmd7ea4a4e54acdaff4yhmzq8370', '接口管理', 'platform', null,15, '11316279a4a9416a8e20019821e640af', null, null, null, '00030015', 0, 0, 'platForm.interfaceManage.Interface', 0);

insert into `SYS_MENU` (`ID`,`NAME`,`PARENT_ID`,`APP_ID`,`PARENT_NAME`,`URL`,`TYPE`,`ICON`,`AUTH_ID`,`BTN_AUTH`,`IS_LEAF`,`SORT_INDEX`,`ALL_ORDER`,`SORT_PATH`,`OPEN_STYLE`,`CLOSE_NOTICE`,`CREATE_USER`,`CREATE_TIME`,`UPDATE_TIME`,`LEAF`,`MENU_AUTH`,`REMARK`,`DATA_VERSION`,`IS_IFRAME`) values ('byasmd7ea4a4e54acdaff4yhmzq8370', '接口管理', '11316279a4a9416a8e20019821e640af', 'platform', '配置管理', 'interfaceManage/views/Interface', 1, 'fa fa-window-restore', 'byasmd7ea4a4e54acdaff4yhmzq8370', null, null, 15, null, '00030015', null, null, null, null, null, null, null, null, 0, 0);

insert into `SYS_AUTH_ROLE` (`ID`,`AUTH_ID`,`ROLE_ID`,`SIGN`,`IS_REVOKE`,`CREATE_USER`,`CREATE_TIME`,`UPDATE_TIME`,`REMARK`) values ('byasmd7ea4a4e54acdaff4yhmzq8370', 'byasmd7ea4a4e54acdaff4yhmzq8370', 'appadmin', null, 0, null, null, null, null);

insert into `SYS_AUTH_ROLE_V` (`ID`,`AUTH_ID`,`ROLE_ID`,`SIGN`,`IS_REVOKE`,`CREATE_USER`,`CREATE_TIME`,`UPDATE_TIME`,`REMARK`,`LV_ID`) values ('byasmd7ea4a4e54acdaff4yhmzq8370', 'byasmd7ea4a4e54acdaff4yhmzq8370', 'appadmin', null, 0, null, null, null, null, 'appadmin');


alter table `SYS_GROUP_APP` DROP foreign key FK_SYS_GROUP_APP_DS_ID;

/**
 *  数据源添加到应用下
 * @author shanwj
 * @date 2020/6/4 14:37
 */
alter table `SYS_GROUP_DATASOURCE` DROP foreign key FK_SYS_GROUP_DATASOURCE_GID;

ALTER TABLE `SYS_GROUP_DATASOURCE` ADD COLUMN `APP_ID` VARCHAR(50) COMMENT '应用id';

ALTER TABLE `SYS_GROUP_DATASOURCE`
  ADD CONSTRAINT `SYS_GROUP_DATASOURCE_APP_ID` FOREIGN KEY (`APP_ID`) REFERENCES `SYS_GROUP_APP`(`ID`) ON UPDATE CASCADE ON DELETE CASCADE;





/**
 *  添加大屏相关表
 * @param null
 * @return
 * @author zuogang
 * @date 2020/6/4 15:26
 */
alter table `REPORT_TYPE` modify column `TYPE` INT(10) DEFAULT 1 COMMENT '类别类型 1报表2仪表盘3大屏';


CREATE TABLE `BLADE_VISUAL`(
  `ID` VARCHAR(50) NOT NULL COMMENT '主键',
  `TITLE` VARCHAR(500) COMMENT '大屏标题',
  `BACKGROUND_INFO` LONGTEXT COMMENT '大屏背景',
  `CATEGORY` VARCHAR(50) COMMENT '业务类型ID',
  `PASSWORD` VARCHAR(255) COMMENT '发布密码',
  `CREATE_USER` VARCHAR(50) COMMENT '创建人',
  `CREATE_TIME` DATETIME(6) COMMENT '创建时间',
  `UPDATE_USER` VARCHAR(50) COMMENT '修改人',
  `UPDATE_TIME` DATETIME(6) COMMENT '修改时间',
  `STATUS` INT(10) COMMENT '状态',
  `IS_DELETED` INT(10) COMMENT '是否已删除0否1是',
  `DETAIL` LONGTEXT COMMENT '配置json',
  `COMPONENT` LONGTEXT COMMENT '组件json',
  `APP_ID` VARCHAR(50) COMMENT '应用ID',
  PRIMARY KEY (`ID`),
  CONSTRAINT `FK_VISUAL_CATEGORY` FOREIGN KEY (`CATEGORY`) REFERENCES `report_type`(`ID`) ON UPDATE CASCADE ON DELETE CASCADE,
  CONSTRAINT `FK_VISUAL_APP_ID` FOREIGN KEY (`APP_ID`) REFERENCES `sys_group_app`(`ID`) ON UPDATE CASCADE ON DELETE CASCADE
)
COMMENT='大屏信息数据表';

CREATE TABLE `BLADE_VISUAL_MAP`(
  `ID` VARCHAR(50) NOT NULL COMMENT '主键',
  `NAME` VARCHAR(255) COMMENT '地图名称',
  `DATA` LONGTEXT COMMENT '地图数据',
  `APP_ID` VARCHAR(50) COMMENT '应用ID',
  PRIMARY KEY (`ID`),
  CONSTRAINT `FK_VISUAL_MAP_APP_ID` FOREIGN KEY (`APP_ID`) REFERENCES `sys_group_app`(`ID`) ON UPDATE CASCADE ON DELETE CASCADE
)
COMMENT='可视化地图配置表';


/**
 * 数据源管理迁移到应用管理员下
 * @param null
 * @return
 * @author zuogang
 * @date 2020/6/8 8:21
 */
UPDATE sys_auth_role SET role_id='appadmin' WHERE auth_id in ('39e1b3ec3d6e483b86c4923ea64cfeee','39e1b3ec3d6e483b86c4923ea64cf111');
UPDATE sys_auth_role_v SET role_id='appadmin',lv_id='appadmin' WHERE auth_id in ('39e1b3ec3d6e483b86c4923ea64cfeee','39e1b3ec3d6e483b86c4923ea64cf111');

alter table SYS_GROUP_DATASOURCE drop column GROUP_ID;

ALTER TABLE `SYS_APP_INTERFACE` ADD COLUMN `DS_ID` VARCHAR(50) COMMENT '数据源ID';

ALTER TABLE `SYS_APP_INTERFACE`
  ADD CONSTRAINT `FK_APP_INTERFACE_DS_ID` FOREIGN KEY (`DS_ID`) REFERENCES `SYS_GROUP_DATASOURCE`(`ID`) ON UPDATE CASCADE ON DELETE CASCADE;

/**
 *
 * @param null
 * @return
 * @author zuogang
 * @date 2020/6/11 15:01
 */
ALTER TABLE `SYS_APP_INTERFACE` ADD COLUMN `AUTH_ID` VARCHAR(50) COMMENT '权限id';
ALTER TABLE `BLADE_VISUAL` ADD COLUMN `AUTH_ID` VARCHAR(50) COMMENT '权限id';

/**
 * 接口标识
 * @param null
 * @return
 * @author zuogang
 * @date 2020/6/15 10:12
 */
ALTER TABLE `SYS_APP_INTERFACE` ADD COLUMN `CODE` VARCHAR(50) NOT NULL COMMENT '接口标识';

insert into `SYS_AUTH` (`ID`,`NAME`,`APP_ID`,`REMARK`,`SORT_INDEX`,`PARENT_ID`,`CREATE_USER`,`CREATE_TIME`,`UPDATE_TIME`,`SORT_PATH`,`IS_ORG_ADMIN`,`IS_USER_GROUP_ADMIN`,`CODE`,`DATA_VERSION`) values ('7784ba3204344d37929abd4ad9a1dgth', '数据大屏', 'platform', null, 6, 'twerba3204344d37929abd4ad9a1dfgh', null, null, null, '00060006', 0, 0, 'dataScreen.views.dataScreenList', 0);
insert into `SYS_MENU` (`ID`,`NAME`,`PARENT_ID`,`APP_ID`,`PARENT_NAME`,`URL`,`TYPE`,`ICON`,`AUTH_ID`,`BTN_AUTH`,`IS_LEAF`,`SORT_INDEX`,`ALL_ORDER`,`SORT_PATH`,`OPEN_STYLE`,`CLOSE_NOTICE`,`CREATE_USER`,`CREATE_TIME`,`UPDATE_TIME`,`LEAF`,`MENU_AUTH`,`REMARK`,`DATA_VERSION`,`IS_IFRAME`) values ('7784ba3204344d37929abd4ad9a1dgth', '数据大屏', 'twerba3204344d37929abd4ad9a1dfgh', 'platform', '数据展示', 'dataScreen/views/dataScreenList', 1, 'iconfont icon-dashboard-fill', '7784ba3204344d37929abd4ad9a1dgth', null, null, 6, null, '00060006', null, null, null, null, null, null, null, null, 0, 0);
insert into `SYS_AUTH_ROLE` (`ID`,`AUTH_ID`,`ROLE_ID`,`SIGN`,`IS_REVOKE`,`CREATE_USER`,`CREATE_TIME`,`UPDATE_TIME`,`REMARK`) values ('7784ba3204344d37929abd4ad9a1dgth', '7784ba3204344d37929abd4ad9a1dgth', 'appadmin', null, 0, null, null, null, null);
insert into `SYS_AUTH_ROLE_V` (`ID`,`AUTH_ID`,`ROLE_ID`,`SIGN`,`IS_REVOKE`,`CREATE_USER`,`CREATE_TIME`,`UPDATE_TIME`,`REMARK`,`LV_ID`) values ('7784ba3204344d37929abd4ad9a1dgth', '7784ba3204344d37929abd4ad9a1dgth', 'appadmin', null, 0, null, null, null, null, 'appadmin');


insert into `SYS_AUTH` (`ID`,`NAME`,`APP_ID`,`REMARK`,`SORT_INDEX`,`PARENT_ID`,`CREATE_USER`,`CREATE_TIME`,`UPDATE_TIME`,`SORT_PATH`,`IS_ORG_ADMIN`,`IS_USER_GROUP_ADMIN`,`CODE`,`DATA_VERSION`) values ('4599ba3204344d37929abd4ad9a1dgth', '地图管理', 'platform', null, 7, 'twerba3204344d37929abd4ad9a1dfgh', null, null, null, '00060007', 0, 0, 'dataScreen.views.dataMapList', 0);
insert into `SYS_MENU` (`ID`,`NAME`,`PARENT_ID`,`APP_ID`,`PARENT_NAME`,`URL`,`TYPE`,`ICON`,`AUTH_ID`,`BTN_AUTH`,`IS_LEAF`,`SORT_INDEX`,`ALL_ORDER`,`SORT_PATH`,`OPEN_STYLE`,`CLOSE_NOTICE`,`CREATE_USER`,`CREATE_TIME`,`UPDATE_TIME`,`LEAF`,`MENU_AUTH`,`REMARK`,`DATA_VERSION`,`IS_IFRAME`) values ('4599ba3204344d37929abd4ad9a1dgth', '地图管理', 'twerba3204344d37929abd4ad9a1dfgh', 'platform', '数据展示', 'dataScreen/views/dataMapList', 1, 'iconfont icon-map-marked-alt', '4599ba3204344d37929abd4ad9a1dgth', null, null, 7, null, '00060007', null, null, null, null, null, null, null, null, 0, 0);
insert into `SYS_AUTH_ROLE` (`ID`,`AUTH_ID`,`ROLE_ID`,`SIGN`,`IS_REVOKE`,`CREATE_USER`,`CREATE_TIME`,`UPDATE_TIME`,`REMARK`) values ('4599ba3204344d37929abd4ad9a1dgth', '4599ba3204344d37929abd4ad9a1dgth', 'appadmin', null, 0, null, null, null, null);
insert into `SYS_AUTH_ROLE_V` (`ID`,`AUTH_ID`,`ROLE_ID`,`SIGN`,`IS_REVOKE`,`CREATE_USER`,`CREATE_TIME`,`UPDATE_TIME`,`REMARK`,`LV_ID`) values ('4599ba3204344d37929abd4ad9a1dgth', '4599ba3204344d37929abd4ad9a1dgth', 'appadmin', null, 0, null, null, null, null, 'appadmin');


/**
 * 地图删除APPID
 * @param null
 * @return
 * @author zuogang
 * @date 2020/7/6 17:58
 */
alter table `blade_visual_map` DROP foreign key FK_VISUAL_MAP_APP_ID;
ALTER TABLE `blade_visual_map` DROP COLUMN `app_id`;

alter table `BD_PERSON_JOB` MODIFY  COLUMN `PERSON_CODE` VARCHAR(50)  NULL;
update `sys_menu` set `url`='dataScreen/components/list/map' where `name`='地图管理';

/**
 * 开发平台
 * @param null
 * @return
 * @author zuogang
 * @date 2020/7/13 9:26
 */
/**
app
*/
insert into `SYS_GROUP_APP` (`ID`,`NAME`,`VERSION`,`ICON`,`SORT_INDEX`,`REMARK`,`CREATE_USER`,`CREATE_TIME`,`UPDATE_TIME`,`SECRET_LEVEL`,`GROUP_ID`,`IS_3_ADMIN`,`DATA_VERSION`,`IS_MAIN_APP`,`HAS_UI`,`UI_NAME`,`IS_LOCK`,`LOCK_TIME`,`DATASOURCE_ID`) values ('dev-platform', '快速开发平台', '1.0', null, null, null, null, null, null, null, null, 1, 1060, 0, 0, null, 0, null, null);
/**
role
*/
insert into `SYS_ROLE` (`ID`,`NAME`,`ROLE_EXPLAIN`,`ROLE_TYPE`,`CREATE_TIME`,`CREATE_USER`,`UPDATE_TIME`,`REMARK`,`APP_ID`,`DATA_VERSION`) values ('devadmin', '开发平台超级管理员', null,1111, null, null, null, null, 'dev-platform', 0);
insert into `SYS_ROLE` (`ID`,`NAME`,`ROLE_EXPLAIN`,`ROLE_TYPE`,`CREATE_TIME`,`CREATE_USER`,`UPDATE_TIME`,`REMARK`,`APP_ID`,`DATA_VERSION`) values ('devmaintainer', '开发项目管理人员', null,2222, null, null, null, null, 'dev-platform', 0);
insert into `SYS_ROLE` (`ID`,`NAME`,`ROLE_EXPLAIN`,`ROLE_TYPE`,`CREATE_TIME`,`CREATE_USER`,`UPDATE_TIME`,`REMARK`,`APP_ID`,`DATA_VERSION`) values ('devdeveloper', '开发平台项目开发人员', null,3333, null, null, null, null, 'dev-platform', 0);
/**
auth
*/
insert into `SYS_AUTH` (`ID`,`NAME`,`APP_ID`,`REMARK`,`SORT_INDEX`,`PARENT_ID`,`CREATE_USER`,`CREATE_TIME`,`UPDATE_TIME`,`SORT_PATH`,`IS_ORG_ADMIN`,`IS_USER_GROUP_ADMIN`,`CODE`,`DATA_VERSION`) values ('227f8578d72c4cd6b78125ab97c2f17d', '项目管理', 'dev-platform', '', 1, '0', 'e924956d25d94c099430748a777a6b16', null, null, '000001', 0, 0, null, 0);
insert into `SYS_AUTH` (`ID`,`NAME`,`APP_ID`,`REMARK`,`SORT_INDEX`,`PARENT_ID`,`CREATE_USER`,`CREATE_TIME`,`UPDATE_TIME`,`SORT_PATH`,`IS_ORG_ADMIN`,`IS_USER_GROUP_ADMIN`,`CODE`,`DATA_VERSION`) values ('a2c96add3b7744c3939083d5351f3828', '项目信息', 'dev-platform', '', 1, '227f8578d72c4cd6b78125ab97c2f17d', 'e924956d25d94c099430748a777a6b16', null, null, '000001000001', 0, 0, 'devPlatForm.ProInfoManage.ProInfo', 0);
insert into `SYS_AUTH` (`ID`,`NAME`,`APP_ID`,`REMARK`,`SORT_INDEX`,`PARENT_ID`,`CREATE_USER`,`CREATE_TIME`,`UPDATE_TIME`,`SORT_PATH`,`IS_ORG_ADMIN`,`IS_USER_GROUP_ADMIN`,`CODE`,`DATA_VERSION`) values ('8f9dec2ca33040e199f9e922f906dc7f', '数据源管理', 'dev-platform', '', 2, '227f8578d72c4cd6b78125ab97c2f17d', 'e924956d25d94c099430748a777a6b16', null, null, '000001000002', 0, 0, 'devPlatForm.ProDatasourceManage.ProDatasource', 0);
insert into `SYS_AUTH` (`ID`,`NAME`,`APP_ID`,`REMARK`,`SORT_INDEX`,`PARENT_ID`,`CREATE_USER`,`CREATE_TIME`,`UPDATE_TIME`,`SORT_PATH`,`IS_ORG_ADMIN`,`IS_USER_GROUP_ADMIN`,`CODE`,`DATA_VERSION`) values ('ad2b809bf7084d2db69dd56793cb5e1c', '服务管理', 'dev-platform', '', 3, '227f8578d72c4cd6b78125ab97c2f17d', 'e924956d25d94c099430748a777a6b16', null, null, '000001000003', 0, 0, 'devPlatForm.serviceMange', 0);
insert into `SYS_AUTH` (`ID`,`NAME`,`APP_ID`,`REMARK`,`SORT_INDEX`,`PARENT_ID`,`CREATE_USER`,`CREATE_TIME`,`UPDATE_TIME`,`SORT_PATH`,`IS_ORG_ADMIN`,`IS_USER_GROUP_ADMIN`,`CODE`,`DATA_VERSION`) values ('3860126718034cc2a7dbd8311bfb3ff1', '应用信息', 'dev-platform', '', 1, 'ad2b809bf7084d2db69dd56793cb5e1c', 'e924956d25d94c099430748a777a6b16', null, null, '000001000003000001', 0, 0, 'devPlatForm.ProServiceManage.ProService', 0);
insert into `SYS_AUTH` (`ID`,`NAME`,`APP_ID`,`REMARK`,`SORT_INDEX`,`PARENT_ID`,`CREATE_USER`,`CREATE_TIME`,`UPDATE_TIME`,`SORT_PATH`,`IS_ORG_ADMIN`,`IS_USER_GROUP_ADMIN`,`CODE`,`DATA_VERSION`) values ('2a3c459a0c814a098bdc41cb0e4b830e', '模型管理', 'dev-platform', '', 2, 'ad2b809bf7084d2db69dd56793cb5e1c', 'e924956d25d94c099430748a777a6b16', null, null, '000001000003000002', 0, 0, 'devPlatForm.ProModelManage.ProModel', 0);
insert into `SYS_AUTH` (`ID`,`NAME`,`APP_ID`,`REMARK`,`SORT_INDEX`,`PARENT_ID`,`CREATE_USER`,`CREATE_TIME`,`UPDATE_TIME`,`SORT_PATH`,`IS_ORG_ADMIN`,`IS_USER_GROUP_ADMIN`,`CODE`,`DATA_VERSION`) values ('e0c7623e577d4811af97dc6eab9c14d6', '接口管理', 'dev-platform', '', 3, 'ad2b809bf7084d2db69dd56793cb5e1c', 'e924956d25d94c099430748a777a6b16', null, null, '000001000003000003', 0, 0, 'devPlatForm.InterfaceManage.Interface', 0);
insert into `SYS_AUTH` (`ID`,`NAME`,`APP_ID`,`REMARK`,`SORT_INDEX`,`PARENT_ID`,`CREATE_USER`,`CREATE_TIME`,`UPDATE_TIME`,`SORT_PATH`,`IS_ORG_ADMIN`,`IS_USER_GROUP_ADMIN`,`CODE`,`DATA_VERSION`) values ('c6d75746103e4dc99d9d0ce27f0e1af1', '页面设计', 'dev-platform', '', 4, 'ad2b809bf7084d2db69dd56793cb5e1c', 'e924956d25d94c099430748a777a6b16', null, null, '000001000003000004', 0, 0, 'devPlatForm.PageDesignManage.PageDesign', 0);
insert into `SYS_AUTH` (`ID`,`NAME`,`APP_ID`,`REMARK`,`SORT_INDEX`,`PARENT_ID`,`CREATE_USER`,`CREATE_TIME`,`UPDATE_TIME`,`SORT_PATH`,`IS_ORG_ADMIN`,`IS_USER_GROUP_ADMIN`,`CODE`,`DATA_VERSION`) values ('09a55900eb974483b599b4343afb7c52', '系统管理', 'dev-platform', '', 2, '0', 'e924956d25d94c099430748a777a6b16', null, null, '000002', 0, 0, 'devplatform.configMange', 0);
insert into `SYS_AUTH` (`ID`,`NAME`,`APP_ID`,`REMARK`,`SORT_INDEX`,`PARENT_ID`,`CREATE_USER`,`CREATE_TIME`,`UPDATE_TIME`,`SORT_PATH`,`IS_ORG_ADMIN`,`IS_USER_GROUP_ADMIN`,`CODE`,`DATA_VERSION`) values ('e668d7fddbac4aa3a3fdb6502d00ac7d', '用户管理', 'dev-platform', '', 1, '09a55900eb974483b599b4343afb7c52', 'e924956d25d94c099430748a777a6b16', null, null, '000002000001', 0, 0, 'devPlatForm.UserManage.DevUser', 0);
insert into `SYS_AUTH` (`ID`,`NAME`,`APP_ID`,`REMARK`,`SORT_INDEX`,`PARENT_ID`,`CREATE_USER`,`CREATE_TIME`,`UPDATE_TIME`,`SORT_PATH`,`IS_ORG_ADMIN`,`IS_USER_GROUP_ADMIN`,`CODE`,`DATA_VERSION`) values ('74b709f180014414831c66d0ff290a49', '增删改', 'dev-platform', '', 10, 'a2c96add3b7744c3939083d5351f3828', 'e924956d25d94c099430748a777a6b16', null, null, '000001000001000010', 0, 0, 'ProInfo.addOrUpdOrDel', 0);
insert into `SYS_AUTH` (`ID`,`NAME`,`APP_ID`,`REMARK`,`SORT_INDEX`,`PARENT_ID`,`CREATE_USER`,`CREATE_TIME`,`UPDATE_TIME`,`SORT_PATH`,`IS_ORG_ADMIN`,`IS_USER_GROUP_ADMIN`,`CODE`,`DATA_VERSION`) values ('7416563936d84eefafc65325402b380e', '增删改', 'dev-platform', '', 10, '8f9dec2ca33040e199f9e922f906dc7f', 'e924956d25d94c099430748a777a6b16', null, null, '000001000002000010', 0, 0, 'ProDatasource.addOrUpdOrDel', 0);
insert into `SYS_AUTH` (`ID`,`NAME`,`APP_ID`,`REMARK`,`SORT_INDEX`,`PARENT_ID`,`CREATE_USER`,`CREATE_TIME`,`UPDATE_TIME`,`SORT_PATH`,`IS_ORG_ADMIN`,`IS_USER_GROUP_ADMIN`,`CODE`,`DATA_VERSION`) values ('9c844c3686904ccb8ed6c51bd5a7bf5d', '增删改', 'dev-platform', '', 10, '3860126718034cc2a7dbd8311bfb3ff1', 'e924956d25d94c099430748a777a6b16', null, null, '000001000003000001000010', 0, 0, 'service.addOrUpdOrDel', 0);
insert into `SYS_AUTH` (`ID`,`NAME`,`APP_ID`,`REMARK`,`SORT_INDEX`,`PARENT_ID`,`CREATE_USER`,`CREATE_TIME`,`UPDATE_TIME`,`SORT_PATH`,`IS_ORG_ADMIN`,`IS_USER_GROUP_ADMIN`,`CODE`,`DATA_VERSION`) values ('1ea55832fa9c40979e015f8c12c420b3', '增删改', 'dev-platform', '', 10, '2a3c459a0c814a098bdc41cb0e4b830e', 'e924956d25d94c099430748a777a6b16', null, null, '000001000003000002000010', 0, 0, 'proModel.addOrUpdOrDel', 0);
insert into `SYS_AUTH` (`ID`,`NAME`,`APP_ID`,`REMARK`,`SORT_INDEX`,`PARENT_ID`,`CREATE_USER`,`CREATE_TIME`,`UPDATE_TIME`,`SORT_PATH`,`IS_ORG_ADMIN`,`IS_USER_GROUP_ADMIN`,`CODE`,`DATA_VERSION`) values ('5373fd0c912b4c0fa4c46474199f9858', '增删改', 'dev-platform', '', 10, 'e0c7623e577d4811af97dc6eab9c14d6', 'e924956d25d94c099430748a777a6b16', null, null, '000001000003000003000010', 0, 0, 'interface.addOrUpdOrDel', 0);
insert into `SYS_AUTH` (`ID`,`NAME`,`APP_ID`,`REMARK`,`SORT_INDEX`,`PARENT_ID`,`CREATE_USER`,`CREATE_TIME`,`UPDATE_TIME`,`SORT_PATH`,`IS_ORG_ADMIN`,`IS_USER_GROUP_ADMIN`,`CODE`,`DATA_VERSION`) values ('d9ec0e8823c44aab931666f72bee0965', '增删改', 'dev-platform', '', 10, 'c6d75746103e4dc99d9d0ce27f0e1af1', 'e924956d25d94c099430748a777a6b16', null, null, '000001000003000004000010', 0, 0, 'pageDesign.addOrUpdeOrDel', 0);
/**
menu
*/
insert into `SYS_MENU` (`ID`,`NAME`,`PARENT_ID`,`APP_ID`,`PARENT_NAME`,`URL`,`TYPE`,`ICON`,`AUTH_ID`,`BTN_AUTH`,`IS_LEAF`,`SORT_INDEX`,`ALL_ORDER`,`SORT_PATH`,`OPEN_STYLE`,`CLOSE_NOTICE`,`CREATE_USER`,`CREATE_TIME`,`UPDATE_TIME`,`LEAF`,`MENU_AUTH`,`REMARK`,`DATA_VERSION`,`IS_IFRAME`) values ('227f8578d72c4cd6b78125ab97c2f17d', '项目管理', '0', 'dev-platform', '一级菜单', '', 0, 'fa fa-cubes', '227f8578d72c4cd6b78125ab97c2f17d', null, null, 1, null, '000001', null, null, 'e924956d25d94c099430748a777a6b16', null, null, null, null, '', 0, 0);
insert into `SYS_MENU` (`ID`,`NAME`,`PARENT_ID`,`APP_ID`,`PARENT_NAME`,`URL`,`TYPE`,`ICON`,`AUTH_ID`,`BTN_AUTH`,`IS_LEAF`,`SORT_INDEX`,`ALL_ORDER`,`SORT_PATH`,`OPEN_STYLE`,`CLOSE_NOTICE`,`CREATE_USER`,`CREATE_TIME`,`UPDATE_TIME`,`LEAF`,`MENU_AUTH`,`REMARK`,`DATA_VERSION`,`IS_IFRAME`) values ('a2c96add3b7744c3939083d5351f3828', '项目信息', '227f8578d72c4cd6b78125ab97c2f17d', 'dev-platform', '项目管理', 'devplatform/ProInfoManage/views/ProInfo', 1, 'fa fa-align-justify', 'a2c96add3b7744c3939083d5351f3828', null, null, 1, null, '000001000001', null, null, 'e924956d25d94c099430748a777a6b16', null, null, null, null, '', 0, 0);
insert into `SYS_MENU` (`ID`,`NAME`,`PARENT_ID`,`APP_ID`,`PARENT_NAME`,`URL`,`TYPE`,`ICON`,`AUTH_ID`,`BTN_AUTH`,`IS_LEAF`,`SORT_INDEX`,`ALL_ORDER`,`SORT_PATH`,`OPEN_STYLE`,`CLOSE_NOTICE`,`CREATE_USER`,`CREATE_TIME`,`UPDATE_TIME`,`LEAF`,`MENU_AUTH`,`REMARK`,`DATA_VERSION`,`IS_IFRAME`) values ('8f9dec2ca33040e199f9e922f906dc7f', '数据源管理', '227f8578d72c4cd6b78125ab97c2f17d', 'dev-platform', '项目管理', 'devplatform/ProDatasourceManage/views/ProDatasource', 1, 'fa fa-database', '8f9dec2ca33040e199f9e922f906dc7f', null, null, 2, null, '000001000002', null, null, 'e924956d25d94c099430748a777a6b16', null, null, null, null, '', 0, 0);
insert into `SYS_MENU` (`ID`,`NAME`,`PARENT_ID`,`APP_ID`,`PARENT_NAME`,`URL`,`TYPE`,`ICON`,`AUTH_ID`,`BTN_AUTH`,`IS_LEAF`,`SORT_INDEX`,`ALL_ORDER`,`SORT_PATH`,`OPEN_STYLE`,`CLOSE_NOTICE`,`CREATE_USER`,`CREATE_TIME`,`UPDATE_TIME`,`LEAF`,`MENU_AUTH`,`REMARK`,`DATA_VERSION`,`IS_IFRAME`) values ('ad2b809bf7084d2db69dd56793cb5e1c', '服务管理', '227f8578d72c4cd6b78125ab97c2f17d', 'dev-platform', '项目管理', '', 0, 'fa fa-binoculars', 'ad2b809bf7084d2db69dd56793cb5e1c', null, null, 3, null, '000001000003', null, null, 'e924956d25d94c099430748a777a6b16', null, null, null, null, '', 0, 0);
insert into `SYS_MENU` (`ID`,`NAME`,`PARENT_ID`,`APP_ID`,`PARENT_NAME`,`URL`,`TYPE`,`ICON`,`AUTH_ID`,`BTN_AUTH`,`IS_LEAF`,`SORT_INDEX`,`ALL_ORDER`,`SORT_PATH`,`OPEN_STYLE`,`CLOSE_NOTICE`,`CREATE_USER`,`CREATE_TIME`,`UPDATE_TIME`,`LEAF`,`MENU_AUTH`,`REMARK`,`DATA_VERSION`,`IS_IFRAME`) values ('3860126718034cc2a7dbd8311bfb3ff1', '应用信息', 'ad2b809bf7084d2db69dd56793cb5e1c', 'dev-platform', '服务管理', 'devplatform/ProServiceManage/views/ProService', 1, 'fa fa-gears', '3860126718034cc2a7dbd8311bfb3ff1', null, null, 1, null, '000001000003000001', null, null, 'e924956d25d94c099430748a777a6b16', null, null, null, null, '', 0, 0);
insert into `SYS_MENU` (`ID`,`NAME`,`PARENT_ID`,`APP_ID`,`PARENT_NAME`,`URL`,`TYPE`,`ICON`,`AUTH_ID`,`BTN_AUTH`,`IS_LEAF`,`SORT_INDEX`,`ALL_ORDER`,`SORT_PATH`,`OPEN_STYLE`,`CLOSE_NOTICE`,`CREATE_USER`,`CREATE_TIME`,`UPDATE_TIME`,`LEAF`,`MENU_AUTH`,`REMARK`,`DATA_VERSION`,`IS_IFRAME`) values ('2a3c459a0c814a098bdc41cb0e4b830e', '模型管理', 'ad2b809bf7084d2db69dd56793cb5e1c', 'dev-platform', '服务管理', 'devplatform/ProModelManage/views/ProModel', 1, 'fa fa-briefcase', '2a3c459a0c814a098bdc41cb0e4b830e', null, null, 2, null, '000001000003000002', null, null, 'e924956d25d94c099430748a777a6b16', null, null, null, null, '', 0, 0);
insert into `SYS_MENU` (`ID`,`NAME`,`PARENT_ID`,`APP_ID`,`PARENT_NAME`,`URL`,`TYPE`,`ICON`,`AUTH_ID`,`BTN_AUTH`,`IS_LEAF`,`SORT_INDEX`,`ALL_ORDER`,`SORT_PATH`,`OPEN_STYLE`,`CLOSE_NOTICE`,`CREATE_USER`,`CREATE_TIME`,`UPDATE_TIME`,`LEAF`,`MENU_AUTH`,`REMARK`,`DATA_VERSION`,`IS_IFRAME`) values ('e0c7623e577d4811af97dc6eab9c14d6', '接口管理', 'ad2b809bf7084d2db69dd56793cb5e1c', 'dev-platform', '服务管理', 'devplatform/InterfaceManage/views/Interface', 1, 'fa fa-window-restore', 'e0c7623e577d4811af97dc6eab9c14d6', null, null, 3, null, '000001000003000003', null, null, 'e924956d25d94c099430748a777a6b16', null, null, null, null, '', 0, 0);
insert into `SYS_MENU` (`ID`,`NAME`,`PARENT_ID`,`APP_ID`,`PARENT_NAME`,`URL`,`TYPE`,`ICON`,`AUTH_ID`,`BTN_AUTH`,`IS_LEAF`,`SORT_INDEX`,`ALL_ORDER`,`SORT_PATH`,`OPEN_STYLE`,`CLOSE_NOTICE`,`CREATE_USER`,`CREATE_TIME`,`UPDATE_TIME`,`LEAF`,`MENU_AUTH`,`REMARK`,`DATA_VERSION`,`IS_IFRAME`) values ('c6d75746103e4dc99d9d0ce27f0e1af1', '页面设计', 'ad2b809bf7084d2db69dd56793cb5e1c', 'dev-platform', '服务管理', 'devplatform/PageDesignManage/views/PageDesign', 1, 'fa fa-window-maximize', 'c6d75746103e4dc99d9d0ce27f0e1af1', null, null, 4, null, '000001000003000004', null, null, 'e924956d25d94c099430748a777a6b16', null, null, null, null, '', 0, 0);
insert into `SYS_MENU` (`ID`,`NAME`,`PARENT_ID`,`APP_ID`,`PARENT_NAME`,`URL`,`TYPE`,`ICON`,`AUTH_ID`,`BTN_AUTH`,`IS_LEAF`,`SORT_INDEX`,`ALL_ORDER`,`SORT_PATH`,`OPEN_STYLE`,`CLOSE_NOTICE`,`CREATE_USER`,`CREATE_TIME`,`UPDATE_TIME`,`LEAF`,`MENU_AUTH`,`REMARK`,`DATA_VERSION`,`IS_IFRAME`) values ('09a55900eb974483b599b4343afb7c52', '系统管理', '0', 'dev-platform', '一级菜单', '', 0, 'fa fa-archive', '09a55900eb974483b599b4343afb7c52', null, null, 2, null, '000002', null, null, 'e924956d25d94c099430748a777a6b16', null, null, null, null, '', 0, 0);
insert into `SYS_MENU` (`ID`,`NAME`,`PARENT_ID`,`APP_ID`,`PARENT_NAME`,`URL`,`TYPE`,`ICON`,`AUTH_ID`,`BTN_AUTH`,`IS_LEAF`,`SORT_INDEX`,`ALL_ORDER`,`SORT_PATH`,`OPEN_STYLE`,`CLOSE_NOTICE`,`CREATE_USER`,`CREATE_TIME`,`UPDATE_TIME`,`LEAF`,`MENU_AUTH`,`REMARK`,`DATA_VERSION`,`IS_IFRAME`) values ('e668d7fddbac4aa3a3fdb6502d00ac7d', '用户管理', '09a55900eb974483b599b4343afb7c52', 'dev-platform', '系统管理', 'devplatform/UserManage/views/DevUser', 1, 'fa fa-user', 'e668d7fddbac4aa3a3fdb6502d00ac7d', null, null, 1, null, '000002000001', null, null, 'e924956d25d94c099430748a777a6b16', null, null, null, null, '', 0, 0);
/**
authRole
*/
insert into `SYS_AUTH_ROLE` (`ID`,`AUTH_ID`,`ROLE_ID`,`SIGN`,`IS_REVOKE`,`CREATE_USER`,`CREATE_TIME`,`UPDATE_TIME`,`REMARK`,`AUTH_NAME`,`ROLE_NAME`) values ('04cf67c89b9b4fcca2387096ea809ace', '227f8578d72c4cd6b78125ab97c2f17d', 'devadmin', null, 0, '1d25e7e5ce164c95bd283f7d6c9b644a', null, null, null, '项目管理', 'devadmin');
insert into `SYS_AUTH_ROLE` (`ID`,`AUTH_ID`,`ROLE_ID`,`SIGN`,`IS_REVOKE`,`CREATE_USER`,`CREATE_TIME`,`UPDATE_TIME`,`REMARK`,`AUTH_NAME`,`ROLE_NAME`) values ('de0be48b7de54f438270d57d2189c7b4', 'a2c96add3b7744c3939083d5351f3828', 'devadmin', null, 0, '1d25e7e5ce164c95bd283f7d6c9b644a', null, null, null, '项目信息', 'devadmin');
insert into `SYS_AUTH_ROLE` (`ID`,`AUTH_ID`,`ROLE_ID`,`SIGN`,`IS_REVOKE`,`CREATE_USER`,`CREATE_TIME`,`UPDATE_TIME`,`REMARK`,`AUTH_NAME`,`ROLE_NAME`) values ('9f4676acbf954ba3a6954c2cb636d3ce', '8f9dec2ca33040e199f9e922f906dc7f', 'devadmin', null, 0, '1d25e7e5ce164c95bd283f7d6c9b644a', null, null, null, '数据源管理', 'devadmin');
insert into `SYS_AUTH_ROLE` (`ID`,`AUTH_ID`,`ROLE_ID`,`SIGN`,`IS_REVOKE`,`CREATE_USER`,`CREATE_TIME`,`UPDATE_TIME`,`REMARK`,`AUTH_NAME`,`ROLE_NAME`) values ('e6199f9a57e743f1a9a9bcc62e182152', 'ad2b809bf7084d2db69dd56793cb5e1c', 'devadmin', null, 0, '1d25e7e5ce164c95bd283f7d6c9b644a', null, null, null, '服务管理', 'devadmin');
insert into `SYS_AUTH_ROLE` (`ID`,`AUTH_ID`,`ROLE_ID`,`SIGN`,`IS_REVOKE`,`CREATE_USER`,`CREATE_TIME`,`UPDATE_TIME`,`REMARK`,`AUTH_NAME`,`ROLE_NAME`) values ('51c7be6e3dd44e94aff6323b0b5c51a6', '3860126718034cc2a7dbd8311bfb3ff1', 'devadmin', null, 0, '1d25e7e5ce164c95bd283f7d6c9b644a', null, null, null, '应用信息', 'devadmin');
insert into `SYS_AUTH_ROLE` (`ID`,`AUTH_ID`,`ROLE_ID`,`SIGN`,`IS_REVOKE`,`CREATE_USER`,`CREATE_TIME`,`UPDATE_TIME`,`REMARK`,`AUTH_NAME`,`ROLE_NAME`) values ('2dfe00218f0241aeb08910db93df297b', '2a3c459a0c814a098bdc41cb0e4b830e', 'devadmin', null, 0, '1d25e7e5ce164c95bd283f7d6c9b644a', null, null, null, '模型管理', 'devadmin');
insert into `SYS_AUTH_ROLE` (`ID`,`AUTH_ID`,`ROLE_ID`,`SIGN`,`IS_REVOKE`,`CREATE_USER`,`CREATE_TIME`,`UPDATE_TIME`,`REMARK`,`AUTH_NAME`,`ROLE_NAME`) values ('08b8f310fab643a5ba5eb1b6eba750fa', 'e0c7623e577d4811af97dc6eab9c14d6', 'devadmin', null, 0, '1d25e7e5ce164c95bd283f7d6c9b644a', null, null, null, '接口管理', 'devadmin');
insert into `SYS_AUTH_ROLE` (`ID`,`AUTH_ID`,`ROLE_ID`,`SIGN`,`IS_REVOKE`,`CREATE_USER`,`CREATE_TIME`,`UPDATE_TIME`,`REMARK`,`AUTH_NAME`,`ROLE_NAME`) values ('e8bcac4e780e4519a3366cf17315f8f0', 'c6d75746103e4dc99d9d0ce27f0e1af1', 'devadmin', null, 0, '1d25e7e5ce164c95bd283f7d6c9b644a', null, null, null, '页面设计', 'devadmin');
insert into `SYS_AUTH_ROLE` (`ID`,`AUTH_ID`,`ROLE_ID`,`SIGN`,`IS_REVOKE`,`CREATE_USER`,`CREATE_TIME`,`UPDATE_TIME`,`REMARK`,`AUTH_NAME`,`ROLE_NAME`) values ('da10a934b1594f0186632e4648a6be11', '09a55900eb974483b599b4343afb7c52', 'devadmin', null, 0, '1d25e7e5ce164c95bd283f7d6c9b644a', null, null, null, '系统管理', 'devadmin');
insert into `SYS_AUTH_ROLE` (`ID`,`AUTH_ID`,`ROLE_ID`,`SIGN`,`IS_REVOKE`,`CREATE_USER`,`CREATE_TIME`,`UPDATE_TIME`,`REMARK`,`AUTH_NAME`,`ROLE_NAME`) values ('0a20ddf3dbc34d54a3dda4f29bfe76e4', 'e668d7fddbac4aa3a3fdb6502d00ac7d', 'devadmin', null, 0, '1d25e7e5ce164c95bd283f7d6c9b644a', null, null, null, '用户管理', 'devadmin');
insert into `SYS_AUTH_ROLE` (`ID`,`AUTH_ID`,`ROLE_ID`,`SIGN`,`IS_REVOKE`,`CREATE_USER`,`CREATE_TIME`,`UPDATE_TIME`,`REMARK`,`AUTH_NAME`,`ROLE_NAME`) values ('63fcfef7a9474548bb0646c9b4d00a57', '8f9dec2ca33040e199f9e922f906dc7f', 'devdeveloper', null, 0, '1d25e7e5ce164c95bd283f7d6c9b644a', null, null, null, '数据源管理', 'devdeveloper');
insert into `SYS_AUTH_ROLE` (`ID`,`AUTH_ID`,`ROLE_ID`,`SIGN`,`IS_REVOKE`,`CREATE_USER`,`CREATE_TIME`,`UPDATE_TIME`,`REMARK`,`AUTH_NAME`,`ROLE_NAME`) values ('9bcf56b499a6434598c12ac59b0a7a7d', '7416563936d84eefafc65325402b380e', 'devdeveloper', null, 0, '1d25e7e5ce164c95bd283f7d6c9b644a', null, null, null, '增删改', 'devdeveloper');
insert into `SYS_AUTH_ROLE` (`ID`,`AUTH_ID`,`ROLE_ID`,`SIGN`,`IS_REVOKE`,`CREATE_USER`,`CREATE_TIME`,`UPDATE_TIME`,`REMARK`,`AUTH_NAME`,`ROLE_NAME`) values ('f7255dc72c594baa8f57a201cfa3e4e6', 'ad2b809bf7084d2db69dd56793cb5e1c', 'devdeveloper', null, 0, '1d25e7e5ce164c95bd283f7d6c9b644a', null, null, null, '服务管理', 'devdeveloper');
insert into `SYS_AUTH_ROLE` (`ID`,`AUTH_ID`,`ROLE_ID`,`SIGN`,`IS_REVOKE`,`CREATE_USER`,`CREATE_TIME`,`UPDATE_TIME`,`REMARK`,`AUTH_NAME`,`ROLE_NAME`) values ('56336e15844a4e3291380467f75923c4', '3860126718034cc2a7dbd8311bfb3ff1', 'devdeveloper', null, 0, '1d25e7e5ce164c95bd283f7d6c9b644a', null, null, null, '应用信息', 'devdeveloper');
insert into `SYS_AUTH_ROLE` (`ID`,`AUTH_ID`,`ROLE_ID`,`SIGN`,`IS_REVOKE`,`CREATE_USER`,`CREATE_TIME`,`UPDATE_TIME`,`REMARK`,`AUTH_NAME`,`ROLE_NAME`) values ('913e1e09cc9f43ac8990a36a493e2071', '9c844c3686904ccb8ed6c51bd5a7bf5d', 'devdeveloper', null, 0, '1d25e7e5ce164c95bd283f7d6c9b644a', null, null, null, '增删改', 'devdeveloper');
insert into `SYS_AUTH_ROLE` (`ID`,`AUTH_ID`,`ROLE_ID`,`SIGN`,`IS_REVOKE`,`CREATE_USER`,`CREATE_TIME`,`UPDATE_TIME`,`REMARK`,`AUTH_NAME`,`ROLE_NAME`) values ('2177ca2503ef42f4a545212619e82e09', '2a3c459a0c814a098bdc41cb0e4b830e', 'devdeveloper', null, 0, '1d25e7e5ce164c95bd283f7d6c9b644a', null, null, null, '模型管理', 'devdeveloper');
insert into `SYS_AUTH_ROLE` (`ID`,`AUTH_ID`,`ROLE_ID`,`SIGN`,`IS_REVOKE`,`CREATE_USER`,`CREATE_TIME`,`UPDATE_TIME`,`REMARK`,`AUTH_NAME`,`ROLE_NAME`) values ('bba9df1c426d4ca5843d050a692438ed', '1ea55832fa9c40979e015f8c12c420b3', 'devdeveloper', null, 0, '1d25e7e5ce164c95bd283f7d6c9b644a', null, null, null, '增删改', 'devdeveloper');
insert into `SYS_AUTH_ROLE` (`ID`,`AUTH_ID`,`ROLE_ID`,`SIGN`,`IS_REVOKE`,`CREATE_USER`,`CREATE_TIME`,`UPDATE_TIME`,`REMARK`,`AUTH_NAME`,`ROLE_NAME`) values ('32f524b1016e4720a81e2ebb9d010385', 'e0c7623e577d4811af97dc6eab9c14d6', 'devdeveloper', null, 0, '1d25e7e5ce164c95bd283f7d6c9b644a', null, null, null, '接口管理', 'devdeveloper');
insert into `SYS_AUTH_ROLE` (`ID`,`AUTH_ID`,`ROLE_ID`,`SIGN`,`IS_REVOKE`,`CREATE_USER`,`CREATE_TIME`,`UPDATE_TIME`,`REMARK`,`AUTH_NAME`,`ROLE_NAME`) values ('39449e153dad40dead0ec02bab2a65b1', '5373fd0c912b4c0fa4c46474199f9858', 'devdeveloper', null, 0, '1d25e7e5ce164c95bd283f7d6c9b644a', null, null, null, '增删改', 'devdeveloper');
insert into `SYS_AUTH_ROLE` (`ID`,`AUTH_ID`,`ROLE_ID`,`SIGN`,`IS_REVOKE`,`CREATE_USER`,`CREATE_TIME`,`UPDATE_TIME`,`REMARK`,`AUTH_NAME`,`ROLE_NAME`) values ('4772d682ebc547c8ac7706b799cd7493', 'c6d75746103e4dc99d9d0ce27f0e1af1', 'devdeveloper', null, 0, '1d25e7e5ce164c95bd283f7d6c9b644a', null, null, null, '页面设计', 'devdeveloper');
insert into `SYS_AUTH_ROLE` (`ID`,`AUTH_ID`,`ROLE_ID`,`SIGN`,`IS_REVOKE`,`CREATE_USER`,`CREATE_TIME`,`UPDATE_TIME`,`REMARK`,`AUTH_NAME`,`ROLE_NAME`) values ('2e9fba4f85f34f019e9e079758dc17a1', 'd9ec0e8823c44aab931666f72bee0965', 'devdeveloper', null, 0, '1d25e7e5ce164c95bd283f7d6c9b644a', null, null, null, '增删改', 'devdeveloper');
insert into `SYS_AUTH_ROLE` (`ID`,`AUTH_ID`,`ROLE_ID`,`SIGN`,`IS_REVOKE`,`CREATE_USER`,`CREATE_TIME`,`UPDATE_TIME`,`REMARK`,`AUTH_NAME`,`ROLE_NAME`) values ('201787a581b44b9d955f6c09ed5d3e41', '227f8578d72c4cd6b78125ab97c2f17d', 'devdeveloper', null, 0, '1d25e7e5ce164c95bd283f7d6c9b644a', null, null, null, '项目管理', 'devdeveloper');
insert into `SYS_AUTH_ROLE` (`ID`,`AUTH_ID`,`ROLE_ID`,`SIGN`,`IS_REVOKE`,`CREATE_USER`,`CREATE_TIME`,`UPDATE_TIME`,`REMARK`,`AUTH_NAME`,`ROLE_NAME`) values ('237153192b1b4a11b850bad035bda80e', 'a2c96add3b7744c3939083d5351f3828', 'devmaintainer', null, 0, '1d25e7e5ce164c95bd283f7d6c9b644a', null, null, null, '项目信息', 'devmaintainer');
insert into `SYS_AUTH_ROLE` (`ID`,`AUTH_ID`,`ROLE_ID`,`SIGN`,`IS_REVOKE`,`CREATE_USER`,`CREATE_TIME`,`UPDATE_TIME`,`REMARK`,`AUTH_NAME`,`ROLE_NAME`) values ('8856daf09bce48a2924ad53d923ecef2', '74b709f180014414831c66d0ff290a49', 'devmaintainer', null, 0, '1d25e7e5ce164c95bd283f7d6c9b644a', null, null, null, '增删改', 'devmaintainer');
insert into `SYS_AUTH_ROLE` (`ID`,`AUTH_ID`,`ROLE_ID`,`SIGN`,`IS_REVOKE`,`CREATE_USER`,`CREATE_TIME`,`UPDATE_TIME`,`REMARK`,`AUTH_NAME`,`ROLE_NAME`) values ('a58946f890d24cab8bf26e4ed1ee8a2f', '8f9dec2ca33040e199f9e922f906dc7f', 'devmaintainer', null, 0, '1d25e7e5ce164c95bd283f7d6c9b644a', null, null, null, '数据源管理', 'devmaintainer');
insert into `SYS_AUTH_ROLE` (`ID`,`AUTH_ID`,`ROLE_ID`,`SIGN`,`IS_REVOKE`,`CREATE_USER`,`CREATE_TIME`,`UPDATE_TIME`,`REMARK`,`AUTH_NAME`,`ROLE_NAME`) values ('c75d7aa985ea496ba2a8784adfe40f09', 'ad2b809bf7084d2db69dd56793cb5e1c', 'devmaintainer', null, 0, '1d25e7e5ce164c95bd283f7d6c9b644a', null, null, null, '服务管理', 'devmaintainer');
insert into `SYS_AUTH_ROLE` (`ID`,`AUTH_ID`,`ROLE_ID`,`SIGN`,`IS_REVOKE`,`CREATE_USER`,`CREATE_TIME`,`UPDATE_TIME`,`REMARK`,`AUTH_NAME`,`ROLE_NAME`) values ('b172fdac4cce47c89516a337d523e938', '3860126718034cc2a7dbd8311bfb3ff1', 'devmaintainer', null, 0, '1d25e7e5ce164c95bd283f7d6c9b644a', null, null, null, '应用信息', 'devmaintainer');
insert into `SYS_AUTH_ROLE` (`ID`,`AUTH_ID`,`ROLE_ID`,`SIGN`,`IS_REVOKE`,`CREATE_USER`,`CREATE_TIME`,`UPDATE_TIME`,`REMARK`,`AUTH_NAME`,`ROLE_NAME`) values ('cbcfae2bec734c3ea6c6fc78c7552c0c', '2a3c459a0c814a098bdc41cb0e4b830e', 'devmaintainer', null, 0, '1d25e7e5ce164c95bd283f7d6c9b644a', null, null, null, '模型管理', 'devmaintainer');
insert into `SYS_AUTH_ROLE` (`ID`,`AUTH_ID`,`ROLE_ID`,`SIGN`,`IS_REVOKE`,`CREATE_USER`,`CREATE_TIME`,`UPDATE_TIME`,`REMARK`,`AUTH_NAME`,`ROLE_NAME`) values ('cdbd5a12a6d7475698a69edb108294f1', 'e0c7623e577d4811af97dc6eab9c14d6', 'devmaintainer', null, 0, '1d25e7e5ce164c95bd283f7d6c9b644a', null, null, null, '接口管理', 'devmaintainer');
insert into `SYS_AUTH_ROLE` (`ID`,`AUTH_ID`,`ROLE_ID`,`SIGN`,`IS_REVOKE`,`CREATE_USER`,`CREATE_TIME`,`UPDATE_TIME`,`REMARK`,`AUTH_NAME`,`ROLE_NAME`) values ('3dc152ab58124b81bd68cbd249944644', 'c6d75746103e4dc99d9d0ce27f0e1af1', 'devmaintainer', null, 0, '1d25e7e5ce164c95bd283f7d6c9b644a', null, null, null, '页面设计', 'devmaintainer');
insert into `SYS_AUTH_ROLE` (`ID`,`AUTH_ID`,`ROLE_ID`,`SIGN`,`IS_REVOKE`,`CREATE_USER`,`CREATE_TIME`,`UPDATE_TIME`,`REMARK`,`AUTH_NAME`,`ROLE_NAME`) values ('07d034a530944d2c92e2a01db9ebaa42', '227f8578d72c4cd6b78125ab97c2f17d', 'devmaintainer', null, 0, '1d25e7e5ce164c95bd283f7d6c9b644a', null, null, null, '项目管理', 'devmaintainer');
insert into `SYS_AUTH_ROLE` (`ID`,`AUTH_ID`,`ROLE_ID`,`SIGN`,`IS_REVOKE`,`CREATE_USER`,`CREATE_TIME`,`UPDATE_TIME`,`REMARK`,`AUTH_NAME`,`ROLE_NAME`) values ('shuju3192b1b4a11b850bad035bda80e', '7416563936d84eefafc65325402b380e', 'devmaintainer', null, 0, '1d25e7e5ce164c95bd283f7d6c9b644a', null, null, null, '增删改', 'devmaintainer');
insert into `SYS_AUTH_ROLE` (`ID`,`AUTH_ID`,`ROLE_ID`,`SIGN`,`IS_REVOKE`,`CREATE_USER`,`CREATE_TIME`,`UPDATE_TIME`,`REMARK`,`AUTH_NAME`,`ROLE_NAME`) values ('fuwu1e09cc9f43ac8990a36a493e2071', '9c844c3686904ccb8ed6c51bd5a7bf5d', 'devmaintainer', null, 0, '1d25e7e5ce164c95bd283f7d6c9b644a', null, null, null, '增删改', 'devmaintainer');
insert into `SYS_AUTH_ROLE` (`ID`,`AUTH_ID`,`ROLE_ID`,`SIGN`,`IS_REVOKE`,`CREATE_USER`,`CREATE_TIME`,`UPDATE_TIME`,`REMARK`,`AUTH_NAME`,`ROLE_NAME`) values ('moxing1c426d4ca5843d050a692438ed', '1ea55832fa9c40979e015f8c12c420b3', 'devmaintainer', null, 0, '1d25e7e5ce164c95bd283f7d6c9b644a', null, null, null, '增删改', 'devmaintainer');
insert into `SYS_AUTH_ROLE` (`ID`,`AUTH_ID`,`ROLE_ID`,`SIGN`,`IS_REVOKE`,`CREATE_USER`,`CREATE_TIME`,`UPDATE_TIME`,`REMARK`,`AUTH_NAME`,`ROLE_NAME`) values ('jiekoue53dad40dead0ec02bab2a65b1', '5373fd0c912b4c0fa4c46474199f9858', 'devmaintainer', null, 0, '1d25e7e5ce164c95bd283f7d6c9b644a', null, null, null, '增删改', 'devmaintainer');
insert into `SYS_AUTH_ROLE` (`ID`,`AUTH_ID`,`ROLE_ID`,`SIGN`,`IS_REVOKE`,`CREATE_USER`,`CREATE_TIME`,`UPDATE_TIME`,`REMARK`,`AUTH_NAME`,`ROLE_NAME`) values ('yemian4f85f34f019e9e079758dc17a1', 'd9ec0e8823c44aab931666f72bee0965', 'devmaintainer', null, 0, '1d25e7e5ce164c95bd283f7d6c9b644a', null, null, null, '增删改', 'devmaintainer');

/**
authRole_LV
*/
insert into `SYS_AUTH_ROLE_LV` (`ID`,`VERSION_NO`,`IS_LAST_VERSION`,`VERSION_BEGIN_TIME`,`VERSION_END_TIME`,`VERSION_BEGIN_USER_ID`,`VERSION_END_USER_ID`,`ROLE_ID`,`APP_ID`) values ('a7290384e3f84287bedb968f1c38ad21', 0, 1, '2020-07-13 08:06:17.994000', null, 'e924956d25d94c099430748a777a6b16', null, 'devadmin', 'dev-platform');
insert into `SYS_AUTH_ROLE_LV` (`ID`,`VERSION_NO`,`IS_LAST_VERSION`,`VERSION_BEGIN_TIME`,`VERSION_END_TIME`,`VERSION_BEGIN_USER_ID`,`VERSION_END_USER_ID`,`ROLE_ID`,`APP_ID`) values ('ec0818a993014e8e9f036a0dfce2905d', 0, 1, '2020-07-13 08:06:18.091000', null, 'e924956d25d94c099430748a777a6b16', null, 'devdeveloper', 'dev-platform');
insert into `SYS_AUTH_ROLE_LV` (`ID`,`VERSION_NO`,`IS_LAST_VERSION`,`VERSION_BEGIN_TIME`,`VERSION_END_TIME`,`VERSION_BEGIN_USER_ID`,`VERSION_END_USER_ID`,`ROLE_ID`,`APP_ID`) values ('ee1fe11928804140839926be7ac23c23', 0, 1, '2020-07-13 08:06:17.883000', null, 'e924956d25d94c099430748a777a6b16', null, 'devmaintainer', 'dev-platform');

/**
authRole_V
*/
insert into `SYS_AUTH_ROLE_V` (`ID`,`AUTH_ID`,`ROLE_ID`,`SIGN`,`IS_REVOKE`,`CREATE_USER`,`CREATE_TIME`,`UPDATE_TIME`,`REMARK`,`LV_ID`,`AUTH_NAME`) values ('shuju3192b1b4a11b850bad035bda80e', '7416563936d84eefafc65325402b380e', 'devmaintainer', null, 0, '1d25e7e5ce164c95bd283f7d6c9b644a', null, null, null, 'ee1fe11928804140839926be7ac23c23', '增删改');
insert into `SYS_AUTH_ROLE_V` (`ID`,`AUTH_ID`,`ROLE_ID`,`SIGN`,`IS_REVOKE`,`CREATE_USER`,`CREATE_TIME`,`UPDATE_TIME`,`REMARK`,`LV_ID`,`AUTH_NAME`) values ('fuwu1e09cc9f43ac8990a36a493e2071', '9c844c3686904ccb8ed6c51bd5a7bf5d', 'devmaintainer', null, 0, '1d25e7e5ce164c95bd283f7d6c9b644a', null, null, null, 'ee1fe11928804140839926be7ac23c23', '增删改');
insert into `SYS_AUTH_ROLE_V` (`ID`,`AUTH_ID`,`ROLE_ID`,`SIGN`,`IS_REVOKE`,`CREATE_USER`,`CREATE_TIME`,`UPDATE_TIME`,`REMARK`,`LV_ID`,`AUTH_NAME`) values ('moxing1c426d4ca5843d050a692438ed', '1ea55832fa9c40979e015f8c12c420b3', 'devmaintainer', null, 0, '1d25e7e5ce164c95bd283f7d6c9b644a', null, null, null, 'ee1fe11928804140839926be7ac23c23', '增删改');
insert into `SYS_AUTH_ROLE_V` (`ID`,`AUTH_ID`,`ROLE_ID`,`SIGN`,`IS_REVOKE`,`CREATE_USER`,`CREATE_TIME`,`UPDATE_TIME`,`REMARK`,`LV_ID`,`AUTH_NAME`) values ('jiekoue53dad40dead0ec02bab2a65b1', '5373fd0c912b4c0fa4c46474199f9858', 'devmaintainer', null, 0, '1d25e7e5ce164c95bd283f7d6c9b644a', null, null, null, 'ee1fe11928804140839926be7ac23c23', '增删改');
insert into `SYS_AUTH_ROLE_V` (`ID`,`AUTH_ID`,`ROLE_ID`,`SIGN`,`IS_REVOKE`,`CREATE_USER`,`CREATE_TIME`,`UPDATE_TIME`,`REMARK`,`LV_ID`,`AUTH_NAME`) values ('yemian4f85f34f019e9e079758dc17a1', 'd9ec0e8823c44aab931666f72bee0965', 'devmaintainer', null, 0, '1d25e7e5ce164c95bd283f7d6c9b644a', null, null, null, 'ee1fe11928804140839926be7ac23c23', '增删改');

insert into `SYS_AUTH_ROLE_V` (`ID`,`AUTH_ID`,`ROLE_ID`,`SIGN`,`IS_REVOKE`,`CREATE_USER`,`CREATE_TIME`,`UPDATE_TIME`,`REMARK`,`LV_ID`,`AUTH_NAME`) values ('bb7f28b20a584c35925e5ef416863d5c', 'a2c96add3b7744c3939083d5351f3828', 'devmaintainer', null, 0, '1d25e7e5ce164c95bd283f7d6c9b644a', null, null, null, 'ee1fe11928804140839926be7ac23c23', '项目信息');
insert into `SYS_AUTH_ROLE_V` (`ID`,`AUTH_ID`,`ROLE_ID`,`SIGN`,`IS_REVOKE`,`CREATE_USER`,`CREATE_TIME`,`UPDATE_TIME`,`REMARK`,`LV_ID`,`AUTH_NAME`) values ('810e9c32112d47c78f66133f584241dd', '74b709f180014414831c66d0ff290a49', 'devmaintainer', null, 0, '1d25e7e5ce164c95bd283f7d6c9b644a', null, null, null, 'ee1fe11928804140839926be7ac23c23', '增删改');
insert into `SYS_AUTH_ROLE_V` (`ID`,`AUTH_ID`,`ROLE_ID`,`SIGN`,`IS_REVOKE`,`CREATE_USER`,`CREATE_TIME`,`UPDATE_TIME`,`REMARK`,`LV_ID`,`AUTH_NAME`) values ('ac36d037ec944375b4d09c9afd395b3a', '8f9dec2ca33040e199f9e922f906dc7f', 'devmaintainer', null, 0, '1d25e7e5ce164c95bd283f7d6c9b644a', null, null, null, 'ee1fe11928804140839926be7ac23c23', '数据源管理');
insert into `SYS_AUTH_ROLE_V` (`ID`,`AUTH_ID`,`ROLE_ID`,`SIGN`,`IS_REVOKE`,`CREATE_USER`,`CREATE_TIME`,`UPDATE_TIME`,`REMARK`,`LV_ID`,`AUTH_NAME`) values ('02140d71ecbc4cbc9912e778822f1e8a', 'ad2b809bf7084d2db69dd56793cb5e1c', 'devmaintainer', null, 0, '1d25e7e5ce164c95bd283f7d6c9b644a', null, null, null, 'ee1fe11928804140839926be7ac23c23', '服务管理');
insert into `SYS_AUTH_ROLE_V` (`ID`,`AUTH_ID`,`ROLE_ID`,`SIGN`,`IS_REVOKE`,`CREATE_USER`,`CREATE_TIME`,`UPDATE_TIME`,`REMARK`,`LV_ID`,`AUTH_NAME`) values ('06d9cfe93bae4144a2dbc37b6b97f44b', '3860126718034cc2a7dbd8311bfb3ff1', 'devmaintainer', null, 0, '1d25e7e5ce164c95bd283f7d6c9b644a', null, null, null, 'ee1fe11928804140839926be7ac23c23', '应用信息');
insert into `SYS_AUTH_ROLE_V` (`ID`,`AUTH_ID`,`ROLE_ID`,`SIGN`,`IS_REVOKE`,`CREATE_USER`,`CREATE_TIME`,`UPDATE_TIME`,`REMARK`,`LV_ID`,`AUTH_NAME`) values ('35b506fa12974bc58f69070d72d1e07f', '2a3c459a0c814a098bdc41cb0e4b830e', 'devmaintainer', null, 0, '1d25e7e5ce164c95bd283f7d6c9b644a', null, null, null, 'ee1fe11928804140839926be7ac23c23', '模型管理');
insert into `SYS_AUTH_ROLE_V` (`ID`,`AUTH_ID`,`ROLE_ID`,`SIGN`,`IS_REVOKE`,`CREATE_USER`,`CREATE_TIME`,`UPDATE_TIME`,`REMARK`,`LV_ID`,`AUTH_NAME`) values ('057698259eb4475c9de5877709380f85', 'e0c7623e577d4811af97dc6eab9c14d6', 'devmaintainer', null, 0, '1d25e7e5ce164c95bd283f7d6c9b644a', null, null, null, 'ee1fe11928804140839926be7ac23c23', '接口管理');
insert into `SYS_AUTH_ROLE_V` (`ID`,`AUTH_ID`,`ROLE_ID`,`SIGN`,`IS_REVOKE`,`CREATE_USER`,`CREATE_TIME`,`UPDATE_TIME`,`REMARK`,`LV_ID`,`AUTH_NAME`) values ('b35270a92b3f466c92ee8134e64602d3', 'c6d75746103e4dc99d9d0ce27f0e1af1', 'devmaintainer', null, 0, '1d25e7e5ce164c95bd283f7d6c9b644a', null, null, null, 'ee1fe11928804140839926be7ac23c23', '页面设计');
insert into `SYS_AUTH_ROLE_V` (`ID`,`AUTH_ID`,`ROLE_ID`,`SIGN`,`IS_REVOKE`,`CREATE_USER`,`CREATE_TIME`,`UPDATE_TIME`,`REMARK`,`LV_ID`,`AUTH_NAME`) values ('e1a3b9e7247c4243a8f6942d6c2abfff', '227f8578d72c4cd6b78125ab97c2f17d', 'devmaintainer', null, 0, '1d25e7e5ce164c95bd283f7d6c9b644a', null, null, null, 'ee1fe11928804140839926be7ac23c23', '项目管理');
insert into `SYS_AUTH_ROLE_V` (`ID`,`AUTH_ID`,`ROLE_ID`,`SIGN`,`IS_REVOKE`,`CREATE_USER`,`CREATE_TIME`,`UPDATE_TIME`,`REMARK`,`LV_ID`,`AUTH_NAME`) values ('c8f237f26efa4f3f974c0f880ca3f5fc', '227f8578d72c4cd6b78125ab97c2f17d', 'devadmin', null, 0, '1d25e7e5ce164c95bd283f7d6c9b644a', null, null, null, 'a7290384e3f84287bedb968f1c38ad21', '项目管理');
insert into `SYS_AUTH_ROLE_V` (`ID`,`AUTH_ID`,`ROLE_ID`,`SIGN`,`IS_REVOKE`,`CREATE_USER`,`CREATE_TIME`,`UPDATE_TIME`,`REMARK`,`LV_ID`,`AUTH_NAME`) values ('0a09978928a446d983def544237198f2', 'a2c96add3b7744c3939083d5351f3828', 'devadmin', null, 0, '1d25e7e5ce164c95bd283f7d6c9b644a', null, null, null, 'a7290384e3f84287bedb968f1c38ad21', '项目信息');
insert into `SYS_AUTH_ROLE_V` (`ID`,`AUTH_ID`,`ROLE_ID`,`SIGN`,`IS_REVOKE`,`CREATE_USER`,`CREATE_TIME`,`UPDATE_TIME`,`REMARK`,`LV_ID`,`AUTH_NAME`) values ('8e540b8dffa544369cd4e3253accf213', '8f9dec2ca33040e199f9e922f906dc7f', 'devadmin', null, 0, '1d25e7e5ce164c95bd283f7d6c9b644a', null, null, null, 'a7290384e3f84287bedb968f1c38ad21', '数据源管理');
insert into `SYS_AUTH_ROLE_V` (`ID`,`AUTH_ID`,`ROLE_ID`,`SIGN`,`IS_REVOKE`,`CREATE_USER`,`CREATE_TIME`,`UPDATE_TIME`,`REMARK`,`LV_ID`,`AUTH_NAME`) values ('f569b4bded3644f7ac6b0fb8b95afc65', 'ad2b809bf7084d2db69dd56793cb5e1c', 'devadmin', null, 0, '1d25e7e5ce164c95bd283f7d6c9b644a', null, null, null, 'a7290384e3f84287bedb968f1c38ad21', '服务管理');
insert into `SYS_AUTH_ROLE_V` (`ID`,`AUTH_ID`,`ROLE_ID`,`SIGN`,`IS_REVOKE`,`CREATE_USER`,`CREATE_TIME`,`UPDATE_TIME`,`REMARK`,`LV_ID`,`AUTH_NAME`) values ('90bc0a6c442c4a1780fec75f73dd6ea6', '3860126718034cc2a7dbd8311bfb3ff1', 'devadmin', null, 0, '1d25e7e5ce164c95bd283f7d6c9b644a', null, null, null, 'a7290384e3f84287bedb968f1c38ad21', '应用信息');
insert into `SYS_AUTH_ROLE_V` (`ID`,`AUTH_ID`,`ROLE_ID`,`SIGN`,`IS_REVOKE`,`CREATE_USER`,`CREATE_TIME`,`UPDATE_TIME`,`REMARK`,`LV_ID`,`AUTH_NAME`) values ('ae2228ed1fc14c1398ccbb9cf99484d5', '2a3c459a0c814a098bdc41cb0e4b830e', 'devadmin', null, 0, '1d25e7e5ce164c95bd283f7d6c9b644a', null, null, null, 'a7290384e3f84287bedb968f1c38ad21', '模型管理');
insert into `SYS_AUTH_ROLE_V` (`ID`,`AUTH_ID`,`ROLE_ID`,`SIGN`,`IS_REVOKE`,`CREATE_USER`,`CREATE_TIME`,`UPDATE_TIME`,`REMARK`,`LV_ID`,`AUTH_NAME`) values ('1da1394937134d48a65b36969d10e946', 'e0c7623e577d4811af97dc6eab9c14d6', 'devadmin', null, 0, '1d25e7e5ce164c95bd283f7d6c9b644a', null, null, null, 'a7290384e3f84287bedb968f1c38ad21', '接口管理');
insert into `SYS_AUTH_ROLE_V` (`ID`,`AUTH_ID`,`ROLE_ID`,`SIGN`,`IS_REVOKE`,`CREATE_USER`,`CREATE_TIME`,`UPDATE_TIME`,`REMARK`,`LV_ID`,`AUTH_NAME`) values ('7253b0d2b1a540ce919655a4e33918f0', 'c6d75746103e4dc99d9d0ce27f0e1af1', 'devadmin', null, 0, '1d25e7e5ce164c95bd283f7d6c9b644a', null, null, null, 'a7290384e3f84287bedb968f1c38ad21', '页面设计');
insert into `SYS_AUTH_ROLE_V` (`ID`,`AUTH_ID`,`ROLE_ID`,`SIGN`,`IS_REVOKE`,`CREATE_USER`,`CREATE_TIME`,`UPDATE_TIME`,`REMARK`,`LV_ID`,`AUTH_NAME`) values ('92ba1fa375534e5891ec12a854cd584d', '09a55900eb974483b599b4343afb7c52', 'devadmin', null, 0, '1d25e7e5ce164c95bd283f7d6c9b644a', null, null, null, 'a7290384e3f84287bedb968f1c38ad21', '系统管理');
insert into `SYS_AUTH_ROLE_V` (`ID`,`AUTH_ID`,`ROLE_ID`,`SIGN`,`IS_REVOKE`,`CREATE_USER`,`CREATE_TIME`,`UPDATE_TIME`,`REMARK`,`LV_ID`,`AUTH_NAME`) values ('2cc3a95856534b4aa5135807842f1284', 'e668d7fddbac4aa3a3fdb6502d00ac7d', 'devadmin', null, 0, '1d25e7e5ce164c95bd283f7d6c9b644a', null, null, null, 'a7290384e3f84287bedb968f1c38ad21', '用户管理');
insert into `SYS_AUTH_ROLE_V` (`ID`,`AUTH_ID`,`ROLE_ID`,`SIGN`,`IS_REVOKE`,`CREATE_USER`,`CREATE_TIME`,`UPDATE_TIME`,`REMARK`,`LV_ID`,`AUTH_NAME`) values ('4cac209116d341a5a09d889d754c155a', '8f9dec2ca33040e199f9e922f906dc7f', 'devdeveloper', null, 0, '1d25e7e5ce164c95bd283f7d6c9b644a', null, null, null, 'ec0818a993014e8e9f036a0dfce2905d', '数据源管理');
insert into `SYS_AUTH_ROLE_V` (`ID`,`AUTH_ID`,`ROLE_ID`,`SIGN`,`IS_REVOKE`,`CREATE_USER`,`CREATE_TIME`,`UPDATE_TIME`,`REMARK`,`LV_ID`,`AUTH_NAME`) values ('ef0b7f9119804dcebb30244ad08f5100', '7416563936d84eefafc65325402b380e', 'devdeveloper', null, 0, '1d25e7e5ce164c95bd283f7d6c9b644a', null, null, null, 'ec0818a993014e8e9f036a0dfce2905d', '增删改');
insert into `SYS_AUTH_ROLE_V` (`ID`,`AUTH_ID`,`ROLE_ID`,`SIGN`,`IS_REVOKE`,`CREATE_USER`,`CREATE_TIME`,`UPDATE_TIME`,`REMARK`,`LV_ID`,`AUTH_NAME`) values ('35468f0ad4904564b9b0b3770294202f', 'ad2b809bf7084d2db69dd56793cb5e1c', 'devdeveloper', null, 0, '1d25e7e5ce164c95bd283f7d6c9b644a', null, null, null, 'ec0818a993014e8e9f036a0dfce2905d', '服务管理');
insert into `SYS_AUTH_ROLE_V` (`ID`,`AUTH_ID`,`ROLE_ID`,`SIGN`,`IS_REVOKE`,`CREATE_USER`,`CREATE_TIME`,`UPDATE_TIME`,`REMARK`,`LV_ID`,`AUTH_NAME`) values ('92d2d2b8bcf3408eb5395f1b661e9583', '3860126718034cc2a7dbd8311bfb3ff1', 'devdeveloper', null, 0, '1d25e7e5ce164c95bd283f7d6c9b644a', null, null, null, 'ec0818a993014e8e9f036a0dfce2905d', '应用信息');
insert into `SYS_AUTH_ROLE_V` (`ID`,`AUTH_ID`,`ROLE_ID`,`SIGN`,`IS_REVOKE`,`CREATE_USER`,`CREATE_TIME`,`UPDATE_TIME`,`REMARK`,`LV_ID`,`AUTH_NAME`) values ('6abce43f575c4831b08f3ea30cbf4b2e', '9c844c3686904ccb8ed6c51bd5a7bf5d', 'devdeveloper', null, 0, '1d25e7e5ce164c95bd283f7d6c9b644a', null, null, null, 'ec0818a993014e8e9f036a0dfce2905d', '增删改');
insert into `SYS_AUTH_ROLE_V` (`ID`,`AUTH_ID`,`ROLE_ID`,`SIGN`,`IS_REVOKE`,`CREATE_USER`,`CREATE_TIME`,`UPDATE_TIME`,`REMARK`,`LV_ID`,`AUTH_NAME`) values ('e651a44810bc47c8941af46025cbe4cf', '2a3c459a0c814a098bdc41cb0e4b830e', 'devdeveloper', null, 0, '1d25e7e5ce164c95bd283f7d6c9b644a', null, null, null, 'ec0818a993014e8e9f036a0dfce2905d', '模型管理');
insert into `SYS_AUTH_ROLE_V` (`ID`,`AUTH_ID`,`ROLE_ID`,`SIGN`,`IS_REVOKE`,`CREATE_USER`,`CREATE_TIME`,`UPDATE_TIME`,`REMARK`,`LV_ID`,`AUTH_NAME`) values ('8a04a50c7bb8451ba15f1961cbb171da', '1ea55832fa9c40979e015f8c12c420b3', 'devdeveloper', null, 0, '1d25e7e5ce164c95bd283f7d6c9b644a', null, null, null, 'ec0818a993014e8e9f036a0dfce2905d', '增删改');
insert into `SYS_AUTH_ROLE_V` (`ID`,`AUTH_ID`,`ROLE_ID`,`SIGN`,`IS_REVOKE`,`CREATE_USER`,`CREATE_TIME`,`UPDATE_TIME`,`REMARK`,`LV_ID`,`AUTH_NAME`) values ('b29fe8d9a17f4ed990f688bc76a0b068', 'e0c7623e577d4811af97dc6eab9c14d6', 'devdeveloper', null, 0, '1d25e7e5ce164c95bd283f7d6c9b644a', null, null, null, 'ec0818a993014e8e9f036a0dfce2905d', '接口管理');
insert into `SYS_AUTH_ROLE_V` (`ID`,`AUTH_ID`,`ROLE_ID`,`SIGN`,`IS_REVOKE`,`CREATE_USER`,`CREATE_TIME`,`UPDATE_TIME`,`REMARK`,`LV_ID`,`AUTH_NAME`) values ('90cea634d13844a4af119f1307c1ff2d', '5373fd0c912b4c0fa4c46474199f9858', 'devdeveloper', null, 0, '1d25e7e5ce164c95bd283f7d6c9b644a', null, null, null, 'ec0818a993014e8e9f036a0dfce2905d', '增删改');
insert into `SYS_AUTH_ROLE_V` (`ID`,`AUTH_ID`,`ROLE_ID`,`SIGN`,`IS_REVOKE`,`CREATE_USER`,`CREATE_TIME`,`UPDATE_TIME`,`REMARK`,`LV_ID`,`AUTH_NAME`) values ('bcb2ad89f29a433aba5720adf8fb99af', 'c6d75746103e4dc99d9d0ce27f0e1af1', 'devdeveloper', null, 0, '1d25e7e5ce164c95bd283f7d6c9b644a', null, null, null, 'ec0818a993014e8e9f036a0dfce2905d', '页面设计');
insert into `SYS_AUTH_ROLE_V` (`ID`,`AUTH_ID`,`ROLE_ID`,`SIGN`,`IS_REVOKE`,`CREATE_USER`,`CREATE_TIME`,`UPDATE_TIME`,`REMARK`,`LV_ID`,`AUTH_NAME`) values ('be50571590e145c0a7f55e707d55bf65', 'd9ec0e8823c44aab931666f72bee0965', 'devdeveloper', null, 0, '1d25e7e5ce164c95bd283f7d6c9b644a', null, null, null, 'ec0818a993014e8e9f036a0dfce2905d', '增删改');
insert into `SYS_AUTH_ROLE_V` (`ID`,`AUTH_ID`,`ROLE_ID`,`SIGN`,`IS_REVOKE`,`CREATE_USER`,`CREATE_TIME`,`UPDATE_TIME`,`REMARK`,`LV_ID`,`AUTH_NAME`) values ('80452d237e44470994d0d7d5c1f98d89', '227f8578d72c4cd6b78125ab97c2f17d', 'devdeveloper', null, 0, '1d25e7e5ce164c95bd283f7d6c9b644a', null, null, null, 'ec0818a993014e8e9f036a0dfce2905d', '项目管理');

insert into `SYS_AUTH_ROLE` (`ID`,`AUTH_ID`,`ROLE_ID`,`SIGN`,`IS_REVOKE`,`CREATE_USER`,`CREATE_TIME`,`UPDATE_TIME`,`REMARK`,`AUTH_NAME`,`ROLE_NAME`) values ('741787a581b44b9d955f6c09ed5d3e41', 'a2c96add3b7744c3939083d5351f3828', 'devdeveloper', null, 0, '1d25e7e5ce164c95bd283f7d6c9b644a', null, null, null, '项目信息', 'devdeveloper');
insert into `SYS_AUTH_ROLE_V` (`ID`,`AUTH_ID`,`ROLE_ID`,`SIGN`,`IS_REVOKE`,`CREATE_USER`,`CREATE_TIME`,`UPDATE_TIME`,`REMARK`,`LV_ID`,`AUTH_NAME`) values ('34442d237e44470994d0d7d5c1f98d89', 'a2c96add3b7744c3939083d5351f3828', 'devdeveloper', null, 0, '1d25e7e5ce164c95bd283f7d6c9b644a', null, null, null, 'ec0818a993014e8e9f036a0dfce2905d', '项目信息');


/**
建表
 */
CREATE TABLE `pro_info` (
  `ID` varchar(50) NOT NULL COMMENT '主键',
  `NAME` varchar(50) DEFAULT NULL COMMENT '项目名称',
  `CREATE_TIME` timestamp NULL DEFAULT CURRENT_TIMESTAMP COMMENT '创建时间',
  `MAINTAIN_STAFFS` varchar(500) DEFAULT NULL COMMENT '维护人员ID(多人使用,分割)',
  `CODE` varchar(50) DEFAULT NULL COMMENT '标识',
  `REMARK` varchar(2000) DEFAULT NULL COMMENT '备注',
  `IS_DELETE` int(11) DEFAULT '0' COMMENT '是否删除，0否，1是',
  PRIMARY KEY (`ID`)
) COMMENT='项目信息表';

CREATE TABLE `pro_datasource` (
  `ID` varchar(50) NOT NULL COMMENT '主键',
  `NAME` varchar(500) DEFAULT NULL COMMENT '数据源名称',
  `URL` varchar(200) DEFAULT NULL COMMENT '路径',
  `USER_NAME` varchar(200) DEFAULT NULL COMMENT '数据库用户',
  `PASSWORD` varchar(50) DEFAULT NULL COMMENT '密码',
  `DRIVER` varchar(100) DEFAULT NULL COMMENT '驱动名称',
  `SCHEME` varchar(50) DEFAULT NULL COMMENT 'SCHEME名称',
  `REMARK` varchar(2000) DEFAULT NULL COMMENT '备注',
  `TYPE` varchar(50) DEFAULT NULL COMMENT '数据库类型',
  PRIMARY KEY (`ID`)
)  COMMENT='数据源';

CREATE TABLE `pro_service` (
  `ID` varchar(50) NOT NULL COMMENT '主键',
  `NAME` varchar(50) DEFAULT NULL COMMENT '应用名称',
  `IS_ENABLE_AUTH` int(11) DEFAULT '1' COMMENT '启用权限 1启用0不启用',
  `IS_ENABLE_LOG` int(11) DEFAULT '1' COMMENT '启用日志1启用0不启用',
  `DS_ID` varchar(50) DEFAULT NULL COMMENT '数据源id',
  `APP_ID` varchar(200) DEFAULT NULL COMMENT '应用标识',
  `PACKAGE_NAME` varchar(200) DEFAULT NULL COMMENT '包名',
  `CREATE_SERVICE_FLG` int(11) DEFAULT '0' COMMENT '是否生成过服务，0否，1是',
  `IP_PORT` varchar(50) DEFAULT NULL COMMENT '应用发布服务端口',
  `NACOS_SERVER_ADDR` varchar(50) DEFAULT NULL COMMENT 'Nacos服务地址',
  `REDIS_DATA_BASE` int(11) DEFAULT NULL COMMENT 'Redis数据库索引',
  `REDIS_HOST` varchar(50) DEFAULT NULL COMMENT 'Redis服务器地址',
  `REDIS_PORT` varchar(50) DEFAULT NULL COMMENT 'Redis连接端口',
  `REDIS_PASSWORD` varchar(50) DEFAULT NULL COMMENT 'Redis连接密码',
  `PRO_INFO_ID` varchar(50) NOT NULL COMMENT '项目ID',
  `IS_DELETE` int(11) DEFAULT '0' COMMENT '是否删除，0否，1是',
  PRIMARY KEY (`ID`),
  KEY `FK_PRO_SERVIE_INFO_ID` (`PRO_INFO_ID`),
  CONSTRAINT `FK_PRO_SERVIE_INFO_ID` FOREIGN KEY (`PRO_INFO_ID`) REFERENCES `pro_info` (`ID`) ON DELETE CASCADE
)  COMMENT='应用管理';

CREATE TABLE `pro_page_info` (
  `ID` varchar(50) NOT NULL COMMENT '主键',
  `NAME` varchar(50) DEFAULT NULL COMMENT '名称',
  `DES` varchar(2000) DEFAULT NULL COMMENT '描述',
  `JS_CODE` longtext COMMENT 'js对象',
  `HTML_CODE` longtext COMMENT 'html对象',
  `MODEL_IDS` varchar(2000) DEFAULT NULL COMMENT '已选数据模型对象ID(英文逗号分隔)',
  `CREATE_TIME` datetime DEFAULT NULL COMMENT '创建时间',
  `SERVICE_ID` varchar(50) DEFAULT NULL COMMENT '服务ID',
  PRIMARY KEY (`ID`),
  KEY `FK_PAGEiNFO_SERVICE_ID` (`SERVICE_ID`),
  CONSTRAINT `FK_PAGEiNFO_SERVICE_ID` FOREIGN KEY (`SERVICE_ID`) REFERENCES `pro_service` (`ID`) ON DELETE CASCADE
)  COMMENT='页面基本信息';

CREATE TABLE `pro_model` (
  `ID` varchar(50) NOT NULL COMMENT '主键',
  `MODEL_NAME` varchar(100) DEFAULT NULL COMMENT '模型名称',
  `TABLE_NAME` varchar(100) DEFAULT NULL COMMENT '数据库表表名',
  `OBJECT_NAME` varchar(100) DEFAULT NULL COMMENT '数据库表实体名',
  `SERVICE_ID` varchar(50) DEFAULT NULL COMMENT '服务ID',
  `REMARK` varchar(200) DEFAULT NULL COMMENT '备注',
  `CREATE_TIME` datetime(6) DEFAULT NULL COMMENT '创建时间',
  `PK_NAME` varchar(50) DEFAULT NULL COMMENT '主键名称',
  PRIMARY KEY (`ID`),
  KEY `IDX_PRO_MODEL_SERVICE_ID` (`SERVICE_ID`),
  CONSTRAINT `FK_ENTITY_MODEL_SERVICE_ID` FOREIGN KEY (`SERVICE_ID`) REFERENCES `pro_service` (`ID`) ON DELETE CASCADE ON UPDATE NO ACTION
)  COMMENT='实体模型信息表';

CREATE TABLE `pro_model_association` (
  `ID` varchar(50) NOT NULL COMMENT '主键',
  `NAME` varchar(50) DEFAULT NULL COMMENT '关联名',
  `MODEL_ID` varchar(50) DEFAULT NULL COMMENT '模型ID',
  `COL_NAMES` varchar(2000) DEFAULT NULL COMMENT '数据列名S',
  `REF_COL_NAMES` varchar(2000) DEFAULT NULL COMMENT '引用外键列名S',
  `REF_MODEL_ID` varchar(50) DEFAULT NULL COMMENT '引用表id',
  `CREATE_TIME` datetime(6) DEFAULT NULL COMMENT '创建时间',
  `DEL_ACTION` varchar(50) DEFAULT '0' COMMENT '删除动作',
  `UPD_ACTION` varchar(50) DEFAULT '0' COMMENT '更新动作',
  `CREATE_IDX` int(11) DEFAULT '0' COMMENT '是否同步创建索引 0否1是',
  `INDEX_NAME` varchar(50) DEFAULT NULL COMMENT '索引名',
  `INDEX_ID` varchar(50) DEFAULT NULL COMMENT '索引列',
  PRIMARY KEY (`ID`),
  KEY `IDX_MODEL_ASS_REF_MODEL_ID` (`REF_MODEL_ID`),
  KEY `IDX_MODEL_ASS_MODEL_ID` (`MODEL_ID`),
  CONSTRAINT `FK_MODEL_ASS_MODEL_ID` FOREIGN KEY (`MODEL_ID`) REFERENCES `pro_model` (`ID`) ON DELETE CASCADE ON UPDATE NO ACTION,
  CONSTRAINT `FK_MODEL_ASS_REF_MODEL_ID` FOREIGN KEY (`REF_MODEL_ID`) REFERENCES `pro_model` (`ID`) ON DELETE CASCADE ON UPDATE NO ACTION
)  COMMENT='数据关联定义';

CREATE TABLE `pro_model_col` (
  `ID` varchar(50) NOT NULL COMMENT '主键',
  `MODEL_ID` varchar(50) DEFAULT NULL COMMENT '模型ID',
  `TAB_COL_NAME` varchar(200) DEFAULT NULL COMMENT '表列名',
  `OBJ_COL_NAME` varchar(200) DEFAULT NULL COMMENT '实体对象列名',
  `CAPTION` varchar(2000) DEFAULT NULL COMMENT '列标题',
  `DATA_TYPE` varchar(50) DEFAULT NULL COMMENT '数据类型',
  `NULLABLE` int(11) DEFAULT '1' COMMENT '能否为空',
  `DEFAULT_VALUE` varchar(100) DEFAULT NULL COMMENT '缺省值',
  `IS_SYSCOL` int(11) DEFAULT '0' COMMENT '是否系统字段',
  `CREATE_TIME` datetime(6) DEFAULT NULL COMMENT '创建时间',
  `PK_FLG` int(11) DEFAULT '0' COMMENT '是否是主键，0否,1是',
  `DATA_PRECISION` int(11) DEFAULT NULL COMMENT '精度',
  `DATA_SCALE` int(11) DEFAULT '0' COMMENT '标度',
  PRIMARY KEY (`ID`),
  KEY `IDX_COL_MODEL_ID` (`MODEL_ID`),
  CONSTRAINT `FK_PRO_MODEL_COL_MODEL_ID` FOREIGN KEY (`MODEL_ID`) REFERENCES `pro_model` (`ID`) ON DELETE CASCADE ON UPDATE NO ACTION
)  COMMENT='数据列';

CREATE TABLE `pro_model_index` (
  `ID` varchar(50) NOT NULL COMMENT '主键',
  `MODEL_ID` varchar(50) DEFAULT NULL COMMENT '模型ID',
  `NAME` varchar(200) DEFAULT NULL COMMENT '名称',
  `COLS` varchar(2000) DEFAULT NULL COMMENT '包含列',
  `IS_UNIQUE` int(11) DEFAULT NULL COMMENT '是否唯一',
  `CREATE_TIME` datetime(6) DEFAULT NULL COMMENT '创建时间',
  `ASS_ACTION` int(11) DEFAULT '0' COMMENT '是否是外键添加的索引，0否1是',
  PRIMARY KEY (`ID`),
  KEY `IDX_MODEL_INDEX_MODEL_ID` (`MODEL_ID`),
  CONSTRAINT `FK_MODEL_INDEX_MODEL_ID` FOREIGN KEY (`MODEL_ID`) REFERENCES `pro_model` (`ID`) ON DELETE CASCADE ON UPDATE NO ACTION
)  COMMENT='索引信息';

CREATE TABLE `pro_interface_category` (
  `ID` varchar(50) NOT NULL COMMENT '主键',
  `NAME` varchar(50) DEFAULT NULL COMMENT '类别名称',
  `REMARK` varchar(2000) DEFAULT NULL COMMENT '备注',
  `CREATE_TIME` datetime DEFAULT NULL COMMENT '创建时间',
  `SERVICE_ID` varchar(50) DEFAULT NULL COMMENT '服务ID',
  PRIMARY KEY (`ID`),
  KEY `FK_CATEGORY_SERVICE_ID` (`SERVICE_ID`),
  CONSTRAINT `FK_CATEGORY_SERVICE_ID` FOREIGN KEY (`SERVICE_ID`) REFERENCES `pro_service` (`ID`) ON DELETE CASCADE
)  COMMENT='接口类别';

CREATE TABLE `pro_interface` (
  `ID` varchar(50) NOT NULL COMMENT '主键',
  `NAME` varchar(50) DEFAULT NULL COMMENT '接口名',
  `IS_PAGE_GET` int(10) DEFAULT '0' COMMENT '是否分页方法,0否1是',
  `SQL_CONTENT` longtext COMMENT 'sql语句',
  `CREATE_TIME` date DEFAULT NULL COMMENT '创建时间',
  `DESCRIPTION` varchar(2000) DEFAULT NULL COMMENT '描述',
  `CODE` varchar(50) DEFAULT NULL COMMENT '标识',
  `CATEGORY_ID` varchar(50) DEFAULT NULL COMMENT '接口类别ID',
  PRIMARY KEY (`ID`),
  KEY `FK_INTERFACE_CATEGORY_ID` (`CATEGORY_ID`),
  CONSTRAINT `FK_INTERFACE_CATEGORY_ID` FOREIGN KEY (`CATEGORY_ID`) REFERENCES `pro_interface_category` (`ID`) ON DELETE CASCADE
)  COMMENT='应用接口';

CREATE TABLE `pro_input_params` (
  `ID` varchar(50) NOT NULL COMMENT '主键',
  `PARAM_KEY` varchar(50) DEFAULT NULL COMMENT '键',
  `PARAM_DEFAULT_VALUE` varchar(100) DEFAULT NULL COMMENT '值',
  `PARAM_TYPE` varchar(50) DEFAULT NULL COMMENT '参数类型',
  `INTERFACE_ID` varchar(50) DEFAULT NULL COMMENT '接口主键',
  PRIMARY KEY (`ID`),
  KEY `FK_IN_INTERFACE_ID` (`INTERFACE_ID`),
  CONSTRAINT `FK_IN_INTERFACE_ID` FOREIGN KEY (`INTERFACE_ID`) REFERENCES `pro_interface` (`ID`) ON DELETE CASCADE
)  COMMENT='接口sql入参信息表';

CREATE TABLE `pro_output_params` (
  `ID` varchar(50) NOT NULL COMMENT '主键',
  `PARAM_KEY` varchar(50) DEFAULT NULL COMMENT '键',
  `PARAM_TYPE` varchar(50) DEFAULT NULL COMMENT '参数类型',
  `INTERFACE_ID` varchar(50) DEFAULT NULL COMMENT '接口主键',
  `PARAM_LABEL` varchar(100) DEFAULT NULL COMMENT '字段注释',
  PRIMARY KEY (`ID`),
  KEY `FK_OUT_INTERFACE_ID` (`INTERFACE_ID`),
  CONSTRAINT `FK_OUT_INTERFACE_ID` FOREIGN KEY (`INTERFACE_ID`) REFERENCES `pro_interface` (`ID`) ON DELETE CASCADE
)  COMMENT='接口sql出参信息表';

CREATE TABLE `pro_changelog_history` (
  `ID` varchar(255) NOT NULL COMMENT '主键',
  `LOG_VALUE` longtext COMMENT 'changeset对象',
  `PUBLISH_TAG` int(11) DEFAULT NULL COMMENT '是否发布过，0否1是',
  `SERVICE_ID` varchar(50) DEFAULT NULL COMMENT '服务ID',
  `PUBLISH_TIME` datetime(6) DEFAULT NULL COMMENT '发布时间',
  `CREATE_TIME` datetime(6) DEFAULT NULL COMMENT '创建时间',
  `PUBLISH_VERSION` int(10) DEFAULT NULL COMMENT '发布的版本',
  PRIMARY KEY (`ID`),
  KEY `FK_LOG_HISTORY_SERVICE_ID` (`SERVICE_ID`),
  CONSTRAINT `FK_LOG_HISTORY_SERVICE_ID` FOREIGN KEY (`SERVICE_ID`) REFERENCES `pro_service` (`ID`) ON DELETE CASCADE ON UPDATE CASCADE
)  COMMENT='changlog历史信息表';

/**
 * 增加不登录查看功能
 * @author JonnyJiang
 * @date 2020/7/13 10:27
 */

ALTER TABLE `file_configuration`
ADD COLUMN `IS_ALLOW_DLD_WITHOUT_LOGIN` INT(1) NULL COMMENT '是否允许不登录下载';

/**
 * 大屏展示
 * @param null
 * @return
 * @author zuogang
 * @date 2020/7/15 10:17
 */
CREATE TABLE `BLADE_VISUAL_SHOW`(
  `ID` VARCHAR(50) NOT NULL COMMENT '主键',
  `VISUAL_ID` VARCHAR(50) COMMENT '大屏ID',
  `TYPE` INT COMMENT '类型(0为看版,1为项)',
  `NAME` VARCHAR(50) COMMENT '名称',
  `PARENT_ID` VARCHAR(50) COMMENT '父节点',
  `CONTENT` LONGTEXT COMMENT 'json对象',
  `APP_ID` VARCHAR(50) COMMENT '应用ID',
  `EXHIBITION_TYPE` VARCHAR(50) COMMENT '显示类型',
  PRIMARY KEY (`ID`),
  CONSTRAINT `FK_VISUAL_SHOW_APP_ID` FOREIGN KEY (`APP_ID`) REFERENCES `SYS_GROUP_APP`(`ID`) ON DELETE CASCADE
);


/**
 * 数字序列，服务编码
 * @param null
 * @return
 * @author zuogang
 * @date 2020/7/17 9:40
 */
insert into `SYS_AUTH` (`ID`,`NAME`,`APP_ID`,`REMARK`,`SORT_INDEX`,`PARENT_ID`,`CREATE_USER`,`CREATE_TIME`,`UPDATE_TIME`,`SORT_PATH`,`IS_ORG_ADMIN`,`IS_USER_GROUP_ADMIN`,`CODE`,`DATA_VERSION`) values ('1275967ea4a4e54acdaff4yhmzq8370', '数字序列', 'platform', null,16, '11316279a4a9416a8e20019821e640af', null, null, null, '00030016', 0, 0, 'platForm.codeSequenceManage.codeSequence', 0);

insert into `SYS_MENU` (`ID`,`NAME`,`PARENT_ID`,`APP_ID`,`PARENT_NAME`,`URL`,`TYPE`,`ICON`,`AUTH_ID`,`BTN_AUTH`,`IS_LEAF`,`SORT_INDEX`,`ALL_ORDER`,`SORT_PATH`,`OPEN_STYLE`,`CLOSE_NOTICE`,`CREATE_USER`,`CREATE_TIME`,`UPDATE_TIME`,`LEAF`,`MENU_AUTH`,`REMARK`,`DATA_VERSION`,`IS_IFRAME`) values ('1275967ea4a4e54acdaff4yhmzq8370', '数字序列', '11316279a4a9416a8e20019821e640af', 'platform', '配置管理', 'codeSequenceManage/views/codeSequence', 1, 'fa fa-sort-numeric-desc', '1275967ea4a4e54acdaff4yhmzq8370', null, null, 16, null, '00030016', null, null, null, null, null, null, null, null, 0, 0);

insert into `SYS_AUTH_ROLE` (`ID`,`AUTH_ID`,`ROLE_ID`,`SIGN`,`IS_REVOKE`,`CREATE_USER`,`CREATE_TIME`,`UPDATE_TIME`,`REMARK`) values ('1275967ea4a4e54acdaff4yhmzq8370', '1275967ea4a4e54acdaff4yhmzq8370', 'appadmin', null, 0, null, null, null, null);

insert into `SYS_AUTH_ROLE_V` (`ID`,`AUTH_ID`,`ROLE_ID`,`SIGN`,`IS_REVOKE`,`CREATE_USER`,`CREATE_TIME`,`UPDATE_TIME`,`REMARK`,`LV_ID`) values ('1275967ea4a4e54acdaff4yhmzq8370', '1275967ea4a4e54acdaff4yhmzq8370', 'appadmin', null, 0, null, null, null, null, 'appadmin');


insert into `SYS_AUTH` (`ID`,`NAME`,`APP_ID`,`REMARK`,`SORT_INDEX`,`PARENT_ID`,`CREATE_USER`,`CREATE_TIME`,`UPDATE_TIME`,`SORT_PATH`,`IS_ORG_ADMIN`,`IS_USER_GROUP_ADMIN`,`CODE`,`DATA_VERSION`) values ('0745867ea4a4e54acdaff4yhmzq8370', '服务编码', 'platform', null,17, '11316279a4a9416a8e20019821e640af', null, null, null, '00030017', 0, 0, 'platForm.codeTemplateManage.codeTemplate', 0);

insert into `SYS_MENU` (`ID`,`NAME`,`PARENT_ID`,`APP_ID`,`PARENT_NAME`,`URL`,`TYPE`,`ICON`,`AUTH_ID`,`BTN_AUTH`,`IS_LEAF`,`SORT_INDEX`,`ALL_ORDER`,`SORT_PATH`,`OPEN_STYLE`,`CLOSE_NOTICE`,`CREATE_USER`,`CREATE_TIME`,`UPDATE_TIME`,`LEAF`,`MENU_AUTH`,`REMARK`,`DATA_VERSION`,`IS_IFRAME`) values ('0745867ea4a4e54acdaff4yhmzq8370', '服务编码', '11316279a4a9416a8e20019821e640af', 'platform', '配置管理', 'codeTemplateManage/views/codeTemplate', 1, 'fa fa-codepen', '0745867ea4a4e54acdaff4yhmzq8370', null, null, 17, null, '00030017', null, null, null, null, null, null, null, null, 0, 0);

insert into `SYS_AUTH_ROLE` (`ID`,`AUTH_ID`,`ROLE_ID`,`SIGN`,`IS_REVOKE`,`CREATE_USER`,`CREATE_TIME`,`UPDATE_TIME`,`REMARK`) values ('0745867ea4a4e54acdaff4yhmzq8370', '0745867ea4a4e54acdaff4yhmzq8370', 'appadmin', null, 0, null, null, null, null);

insert into `SYS_AUTH_ROLE_V` (`ID`,`AUTH_ID`,`ROLE_ID`,`SIGN`,`IS_REVOKE`,`CREATE_USER`,`CREATE_TIME`,`UPDATE_TIME`,`REMARK`,`LV_ID`) values ('0745867ea4a4e54acdaff4yhmzq8370', '0745867ea4a4e54acdaff4yhmzq8370', 'appadmin', null, 0, null, null, null, null, 'appadmin');


CREATE TABLE `CODE_SEQUENCE`(
  `ID` VARCHAR(50) NOT NULL COMMENT '主键',
  `APP_ID` VARCHAR(50) NOT NULL COMMENT '应用id',
  `BIZ_TAG` VARCHAR(100) NOT NULL COMMENT '序列主要标识',
  `PART_VALUE_TAG` VARCHAR(100) DEFAULT 'ACE_NULL_PART_VALUE_TAG' COMMENT '序列次要标识',
  `MAX_NUM` NUMERIC(22) NOT NULL DEFAULT '0' COMMENT '已发放的最大编号',
  `STEP` INT(10) NOT NULL DEFAULT 1 COMMENT '号段长度',
  `REMARK` VARCHAR(2000) COMMENT '数字序列描述',
  `RESET_MODE` INT NOT NULL DEFAULT 0 COMMENT '序列重置模式 “0 不重置”、 “1 按年重置”、“2 按月重置”、“3 按天重置”',
  `LAST_RESET_TIME` DATE COMMENT '上次重置序列时间',
  `DATA_VERSION` INT(10) DEFAULT 0 COMMENT '数据版本',
  `ENABLE_FIX_NUM_LEN` INT DEFAULT 1 COMMENT '是否启用固定数字位数 0否1是',
  `NUM_LENGTH` INT COMMENT '序列固定位数长度',
  PRIMARY KEY (`ID`),
  CONSTRAINT `FK_CODE_SEQUENCE_APP_ID` FOREIGN KEY (`APP_ID`) REFERENCES `sys_group_app`(`ID`) ON DELETE CASCADE
)
COMMENT='数字序列';

CREATE TABLE `CODE_TEMPLATE`(
  `ID` VARCHAR(50) NOT NULL COMMENT '主键',
  `APP_ID` VARCHAR(50) COMMENT '应用id',
  `TEMPLATE_KEY` VARCHAR(100) COMMENT '模板标识',
  `REMARK` VARCHAR(2000) COMMENT '模板描述',
  `DATA_VERSION` INT DEFAULT 0 COMMENT '数据版本',
  PRIMARY KEY (`ID`),
  CONSTRAINT `FK_CODE_TEMPLATE_APP_ID` FOREIGN KEY (`APP_ID`) REFERENCES `sys_group_app`(`ID`) ON DELETE CASCADE
)
COMMENT='编码模板';

CREATE TABLE `CODE_TEMPLATE_PART`(
  `ID` VARCHAR(50) NOT NULL COMMENT '主键',
  `SORT_INDEX` INT(10) NOT NULL DEFAULT 0 COMMENT '部件排序',
  `CODE_TYPE` INT NOT NULL COMMENT '部件编码类型 0静态文本1el表达式2参数值3数字序列',
  `EL_EXPRESS` VARCHAR(100) COMMENT 'el表达式',
  `STATIC_TEXT` VARCHAR(100) COMMENT '静态文本',
  `PARAM_KEY` VARCHAR(100) COMMENT '参数键名',
  `AUTO_CREATE_SEQ_DEF` INT NOT NULL DEFAULT 0 COMMENT '是否自动创建数字序列',
  `SEQ_STEP` INT(10) COMMENT '序列步长',
  `SEQ_RESET_MODE` INT COMMENT '序列重置模式',
  `ENABLE_FIX_NUM_LEN` INT NOT NULL DEFAULT 0 COMMENT '是否启用固定数字位数 0否1是',
  `SEQ_NUM_LENGTH` INT(10) COMMENT '规定数字位数',
  `SEQUENCE_BIZ_TAG` VARCHAR(100) COMMENT '关联数字学列主标识',
  `REMARK` VARCHAR(2000) COMMENT '模板部件描述',
  `TEMPLATE_ID` VARCHAR(50) NOT NULL COMMENT '模板主键',
  `DYN_PART` VARCHAR(500) COMMENT '数字序列部件关联部件',
  PRIMARY KEY (`ID`),
  CONSTRAINT `FK_CODE_TEMPLATE_PART_TMP_ID` FOREIGN KEY (`TEMPLATE_ID`) REFERENCES `code_template`(`ID`) ON DELETE CASCADE
)
COMMENT='模板部件';

/**
 * 大屏展示
 * @param null
 * @return
 * @author zuogang
 * @date 2020/7/17 9:40
 */
insert into `SYS_AUTH` (`ID`,`NAME`,`APP_ID`,`REMARK`,`SORT_INDEX`,`PARENT_ID`,`CREATE_USER`,`CREATE_TIME`,`UPDATE_TIME`,`SORT_PATH`,`IS_ORG_ADMIN`,`IS_USER_GROUP_ADMIN`,`CODE`,`DATA_VERSION`) values ('8234ba3204344d37929abd4ad9a1dgth', '大屏展示', 'platform', null, 8, 'twerba3204344d37929abd4ad9a1dfgh', null, null, null, '00060008', 0, 0, 'screenDisplay.views.ScreenDisplayManage', 0);
insert into `SYS_MENU` (`ID`,`NAME`,`PARENT_ID`,`APP_ID`,`PARENT_NAME`,`URL`,`TYPE`,`ICON`,`AUTH_ID`,`BTN_AUTH`,`IS_LEAF`,`SORT_INDEX`,`ALL_ORDER`,`SORT_PATH`,`OPEN_STYLE`,`CLOSE_NOTICE`,`CREATE_USER`,`CREATE_TIME`,`UPDATE_TIME`,`LEAF`,`MENU_AUTH`,`REMARK`,`DATA_VERSION`,`IS_IFRAME`) values ('8234ba3204344d37929abd4ad9a1dgth', '大屏展示', 'twerba3204344d37929abd4ad9a1dfgh', 'platform', '数据展示', 'screenDisplay/views/ScreenDisplayManage', 1, 'iconfont icon-Report', '8234ba3204344d37929abd4ad9a1dgth', null, null, 8, null, '00060008', null, null, null, null, null, null, null, null, 0, 0);
insert into `SYS_AUTH_ROLE` (`ID`,`AUTH_ID`,`ROLE_ID`,`SIGN`,`IS_REVOKE`,`CREATE_USER`,`CREATE_TIME`,`UPDATE_TIME`,`REMARK`) values ('8234ba3204344d37929abd4ad9a1dgth', '8234ba3204344d37929abd4ad9a1dgth', 'appadmin', null, 0, null, null, null, null);
insert into `SYS_AUTH_ROLE_V` (`ID`,`AUTH_ID`,`ROLE_ID`,`SIGN`,`IS_REVOKE`,`CREATE_USER`,`CREATE_TIME`,`UPDATE_TIME`,`REMARK`,`LV_ID`) values ('8234ba3204344d37929abd4ad9a1dgth', '8234ba3204344d37929abd4ad9a1dgth', 'appadmin', null, 0, null, null, null, null, 'appadmin');
/**
 * 模型管理
 * @param null
 * @return
 * @author zuogang
 * @date 2020/7/17 9:40
 */
insert into `SYS_AUTH` (`ID`,`NAME`,`APP_ID`,`REMARK`,`SORT_INDEX`,`PARENT_ID`,`CREATE_USER`,`CREATE_TIME`,`UPDATE_TIME`,`SORT_PATH`,`IS_ORG_ADMIN`,`IS_USER_GROUP_ADMIN`,`CODE`,`DATA_VERSION`) values ('c789567ea4a4e54acdaff4yhmzq8370', '模型管理', 'platform', null,18, '11316279a4a9416a8e20019821e640af', null, null, null, '00030018', 0, 0, 'platForm.ModelManage.model', 0);

insert into `SYS_MENU` (`ID`,`NAME`,`PARENT_ID`,`APP_ID`,`PARENT_NAME`,`URL`,`TYPE`,`ICON`,`AUTH_ID`,`BTN_AUTH`,`IS_LEAF`,`SORT_INDEX`,`ALL_ORDER`,`SORT_PATH`,`OPEN_STYLE`,`CLOSE_NOTICE`,`CREATE_USER`,`CREATE_TIME`,`UPDATE_TIME`,`LEAF`,`MENU_AUTH`,`REMARK`,`DATA_VERSION`,`IS_IFRAME`) values ('c789567ea4a4e54acdaff4yhmzq8370', '模型管理', '11316279a4a9416a8e20019821e640af', 'platform', '配置管理', 'ModelManage/views/Model', 1, 'fa fa-briefcase', 'c789567ea4a4e54acdaff4yhmzq8370', null, null, 18, null, '00030018', null, null, null, null, null, null, null, null, 0, 0);

insert into `SYS_AUTH_ROLE` (`ID`,`AUTH_ID`,`ROLE_ID`,`SIGN`,`IS_REVOKE`,`CREATE_USER`,`CREATE_TIME`,`UPDATE_TIME`,`REMARK`) values ('c789567ea4a4e54acdaff4yhmzq8370', 'c789567ea4a4e54acdaff4yhmzq8370', 'appadmin', null, 0, null, null, null, null);

insert into `SYS_AUTH_ROLE_V` (`ID`,`AUTH_ID`,`ROLE_ID`,`SIGN`,`IS_REVOKE`,`CREATE_USER`,`CREATE_TIME`,`UPDATE_TIME`,`REMARK`,`LV_ID`) values ('c789567ea4a4e54acdaff4yhmzq8370', 'c789567ea4a4e54acdaff4yhmzq8370', 'appadmin', null, 0, null, null, null, null, 'appadmin');


/**
 * 添加 trace_id
 * @param null
 * @return
 * @author zuogang
 * @date 2020/7/20 16:48
 */
-- 数据源
ALTER TABLE `SYS_GROUP_DATASOURCE`
  ADD COLUMN `TRACE_ID` VARCHAR(50)  COMMENT '跟踪ID';
update `SYS_GROUP_DATASOURCE` set `TRACE_ID`=`ID`;
-- 权限定义
ALTER TABLE `SYS_AUTH`
  ADD COLUMN `TRACE_ID` VARCHAR(50)  COMMENT '跟踪ID';
update `SYS_AUTH` set `TRACE_ID`=`ID`;
-- API
ALTER TABLE `SYS_API_RESOURCE`
  ADD COLUMN `TRACE_ID` VARCHAR(200)  COMMENT '跟踪ID';
update `SYS_API_RESOURCE` set `TRACE_ID`=`ID`;
-- 权限API
ALTER TABLE `SYS_AUTH_API`
  ADD COLUMN `TRACE_ID` VARCHAR(50)  COMMENT '跟踪ID';
update `SYS_AUTH_API` set `TRACE_ID`=`ID`;
-- 菜单定义
ALTER TABLE `SYS_MENU`
  ADD COLUMN `TRACE_ID` VARCHAR(50)  COMMENT '跟踪ID';
update `SYS_MENU` set `TRACE_ID`=`ID`;
-- 角色定义
ALTER TABLE `SYS_ROLE`
  ADD COLUMN `TRACE_ID` VARCHAR(50)  COMMENT '跟踪ID';
update `SYS_ROLE` set `TRACE_ID`=`ID`;
-- 上下级角色
ALTER TABLE `SYS_ROLE_RELATION`
  ADD COLUMN `TRACE_ID` VARCHAR(50)  COMMENT '跟踪ID';
update `SYS_ROLE_RELATION` set `TRACE_ID`=`ID`;
-- 角色互斥
ALTER TABLE `SYS_ROLE_MUTEX`
  ADD COLUMN `TRACE_ID` VARCHAR(50)  COMMENT '跟踪ID';
update `SYS_ROLE_MUTEX` set `TRACE_ID`=`ID`;

-- 角色授权
ALTER TABLE `SYS_AUTH_ROLE`
  ADD COLUMN `TRACE_ID` VARCHAR(50)  COMMENT '跟踪ID';
update `SYS_AUTH_ROLE` set `TRACE_ID`=`ID`;

ALTER TABLE `SYS_AUTH_ROLE_LV`
  ADD COLUMN `TRACE_ID` VARCHAR(50)  COMMENT '跟踪ID';
update `SYS_AUTH_ROLE_LV` set `TRACE_ID`=`ID`;

ALTER TABLE `SYS_AUTH_ROLE_V`
  ADD COLUMN `TRACE_ID` VARCHAR(50)  COMMENT '跟踪ID';
update `SYS_AUTH_ROLE_V` set `TRACE_ID`=`ID`;
-- 附件配置
ALTER TABLE `FILE_CONFIGURATION`
  ADD COLUMN `TRACE_ID` VARCHAR(50)  COMMENT '跟踪ID';
update `FILE_CONFIGURATION` set `TRACE_ID`=`ID`;
-- 定时任务
ALTER TABLE `QRTZ_CONFIG`
  ADD COLUMN `TRACE_ID` VARCHAR(50)  COMMENT '跟踪ID';
update `QRTZ_CONFIG` set `TRACE_ID`=`ID`;
-- 消息通道
ALTER TABLE `SYS_MSG_SEND_TYPE`
  ADD COLUMN `TRACE_ID` VARCHAR(50)  COMMENT '跟踪ID';
update `SYS_MSG_SEND_TYPE` set `TRACE_ID`=`ID`;
-- 消息模板
ALTER TABLE `SYS_MSG_TEMPLATE`
  ADD COLUMN `TRACE_ID` VARCHAR(50)  COMMENT '跟踪ID';
update `SYS_MSG_TEMPLATE` set `TRACE_ID`=`ID`;
-- 信使消息模板
ALTER TABLE `SYS_MSG_TEMPLATE_CONFIG`
  ADD COLUMN `TRACE_ID` VARCHAR(50)  COMMENT '跟踪ID';
update `SYS_MSG_TEMPLATE_CONFIG` set `TRACE_ID`=`ID`;
-- 消息拓展
ALTER TABLE `SYS_MSG_TYPE_EXTEND`
  ADD COLUMN `TRACE_ID` VARCHAR(50)  COMMENT '跟踪ID';
update `SYS_MSG_TYPE_EXTEND` set `TRACE_ID`=`ID`;
-- 数据字典
ALTER TABLE `SYS_DICT`
  ADD COLUMN `TRACE_ID` VARCHAR(50)  COMMENT '跟踪ID';
update `SYS_MSG_TYPE_EXTEND` set `TRACE_ID`=`ID`;
update `SYS_DICT` set `TRACE_ID`=`ID`;
ALTER TABLE `SYS_DICT_VALUE`
  ADD COLUMN `TRACE_ID` VARCHAR(50)  COMMENT '跟踪ID';
update `SYS_DICT_VALUE` set `TRACE_ID`=`ID`;

ALTER TABLE `PRO_SERVICE`
  ADD COLUMN `TRACE_ID` VARCHAR(50)  COMMENT '跟踪ID';
update `PRO_SERVICE` set `TRACE_ID`=`ID`;

ALTER TABLE `PRO_MODEL`
  ADD COLUMN `TRACE_ID` VARCHAR(50)  COMMENT '跟踪ID';
update `PRO_MODEL` set `TRACE_ID`=`ID`;

ALTER TABLE `PRO_MODEL_ASSOCIATION`
  ADD COLUMN `TRACE_ID` VARCHAR(50)  COMMENT '跟踪ID';
update `PRO_MODEL_ASSOCIATION` set `TRACE_ID`=`ID`;

ALTER TABLE `PRO_MODEL_COL`
  ADD COLUMN `TRACE_ID` VARCHAR(50)  COMMENT '跟踪ID';
update `PRO_MODEL_COL` set `TRACE_ID`=`ID`;

ALTER TABLE `PRO_MODEL_INDEX`
  ADD COLUMN `TRACE_ID` VARCHAR(50)  COMMENT '跟踪ID';
update `PRO_MODEL_INDEX` set `TRACE_ID`=`ID`;
-- 组件注册
ALTER TABLE `SYS_COMPONENT_REGISTER`
  ADD COLUMN `TRACE_ID` VARCHAR(50)  COMMENT '跟踪ID';
update `SYS_COMPONENT_REGISTER` set `TRACE_ID`=`ID`;
-- 系统配置
ALTER TABLE `SYS_CONFIG`
  ADD COLUMN `TRACE_ID` VARCHAR(50)  COMMENT '跟踪ID';
update `SYS_CONFIG` set `TRACE_ID`=`ID`;
-- 业务类型
ALTER TABLE `REPORT_TYPE`
  ADD COLUMN `TRACE_ID` VARCHAR(50)  COMMENT '跟踪ID';
update `REPORT_TYPE` set `TRACE_ID`=`ID`;
-- 报表/仪表盘信息
ALTER TABLE `REPORT_INFO`
  ADD COLUMN `TRACE_ID` VARCHAR(50)  COMMENT '跟踪ID';
update `REPORT_INFO` set `TRACE_ID`=`ID`;
-- 接口
ALTER TABLE `SYS_APP_INTERFACE`
  ADD COLUMN `TRACE_ID` VARCHAR(50)  COMMENT '跟踪ID';
update `SYS_APP_INTERFACE` set `TRACE_ID`=`ID`;
ALTER TABLE `SYS_APP_INTERFACE_INPUT`
  ADD COLUMN `TRACE_ID` VARCHAR(50)  COMMENT '跟踪ID';
update `SYS_APP_INTERFACE_INPUT` set `TRACE_ID`=`ID`;
ALTER TABLE `SYS_APP_INTERFACE_OUTPUT`
  ADD COLUMN `TRACE_ID` VARCHAR(50)  COMMENT '跟踪ID';
update `SYS_APP_INTERFACE_OUTPUT` set `TRACE_ID`=`ID`;
-- 大屏
ALTER TABLE `BLADE_VISUAL`
  ADD COLUMN `TRACE_ID` VARCHAR(50)  COMMENT '跟踪ID';
update `BLADE_VISUAL` set `TRACE_ID`=`ID`;
-- 大屏展示
ALTER TABLE `BLADE_VISUAL_SHOW`
  ADD COLUMN `TRACE_ID` VARCHAR(50)  COMMENT '跟踪ID';
update `BLADE_VISUAL_SHOW` set `TRACE_ID`=`ID`;
-- 数字序列
ALTER TABLE `CODE_SEQUENCE`
  ADD COLUMN `TRACE_ID` VARCHAR(50)  COMMENT '跟踪ID';
update `CODE_SEQUENCE` set `TRACE_ID`=`ID`;
-- 编码模板
ALTER TABLE `CODE_TEMPLATE`
  ADD COLUMN `TRACE_ID` VARCHAR(50)  COMMENT '跟踪ID';
update `CODE_TEMPLATE` set `TRACE_ID`=`ID`;
ALTER TABLE `CODE_TEMPLATE_PART`
  ADD COLUMN `TRACE_ID` VARCHAR(50)  COMMENT '跟踪ID';
update `CODE_TEMPLATE_PART` set `TRACE_ID`=`ID`;

/**
 * 模型添加字段
 * @param null
 * @return
 * @author zuogang
 * @date 2020/7/20 17:33
 */
ALTER TABLE `PRO_MODEL` add (`IS_FILE_EXIST` INT(1) DEFAULT 0 COMMENT '表单是否存在附件');
ALTER TABLE `PRO_MODEL` add (`IS_FLOW_EXIST` INT(1) DEFAULT 0 COMMENT '是否是工作流表单');

/**
 *  审计日志菜单显示修复
 */
update sys_menu set type=1 where id='04d7893c4a4d4345b18b0789af13753f';

/**
 * 开发服务信息添加字段
 * @param null
 * @return
 * @author zuogang
 * @date 2020/7/24 17:33
 */
ALTER TABLE `PRO_INFO`
  ADD COLUMN `CREATE_USER` VARCHAR(50)  COMMENT '创建人';

ALTER TABLE `PRO_INFO`
  ADD COLUMN `GROUP_ID` VARCHAR(50)  COMMENT '集团ID';

update `sys_menu` set  `sort_index`=0,`sort_path`='000001000003000000' where `id`='3860126718034cc2a7dbd8311bfb3ff1';
update `sys_auth` set  `sort_index`=0,`sort_path`='000001000003000000' where `id`='3860126718034cc2a7dbd8311bfb3ff1';

update `sys_menu` set `parent_id`='ad2b809bf7084d2db69dd56793cb5e1c',`parent_name`='服务管理',`sort_index`=1,`sort_path`='000001000003000001' where `id`='8f9dec2ca33040e199f9e922f906dc7f';
update `sys_auth` set `parent_id`='ad2b809bf7084d2db69dd56793cb5e1c',`sort_index`=1,`sort_path`='000001000003000001' where `id`='8f9dec2ca33040e199f9e922f906dc7f';

ALTER TABLE `PRO_SERVICE`
  ADD COLUMN `MAINTAIN_STAFFS` VARCHAR(2000)  COMMENT '维护人员ID(多人使用,分割)';

/**
 * 开发平台
 * @param null
 * @return
 * @author zuogang
 * @date 2020/7/28 9:29
 */

 delete from `sys_auth_role` where `id` = '913e1e09cc9f43ac8990a36a493e2071';
 delete from `sys_auth_role_v` where `id` ='6abce43f575c4831b08f3ea30cbf4b2e';

ALTER TABLE `PRO_INFO` DROP COLUMN `MAINTAIN_STAFFS`;

 ALTER TABLE `PRO_DATASOURCE` add (`IS_MAJOR` INT(1) COMMENT '是否为主数据源 1是0不是');


ALTER TABLE `PRO_SERVICE` DROP COLUMN `DS_ID`;
   ALTER TABLE `PRO_DATASOURCE`
  ADD COLUMN `SERVICE_ID` VARCHAR(50)  COMMENT '服务ID';
  ALTER TABLE `PRO_DATASOURCE`
  ADD CONSTRAINT `FK_DATASOURCE_SERVICE_ID` FOREIGN KEY (`SERVICE_ID`) REFERENCES `PRO_SERVICE`(`ID`) ON DELETE CASCADE;

 ALTER TABLE `PRO_CHANGELOG_HISTORY` add (`IS_USE_LESS` INT(1) COMMENT '替换主数据源后，变为无用数据，0无效，1有效');
 ALTER TABLE `PRO_CHANGELOG_HISTORY`
  ADD COLUMN `DS_ID` VARCHAR(50)  COMMENT '数据源ID';

 ALTER TABLE `PRO_INTERFACE`
  ADD COLUMN `DS_ID` VARCHAR(50)  COMMENT '数据源ID';
  ALTER TABLE `PRO_INTERFACE`
  ADD CONSTRAINT `FK_INTERFACE_DS_ID` FOREIGN KEY (`DS_ID`) REFERENCES `PRO_DATASOURCE`(`ID`) ON DELETE CASCADE;


/**
 * 大屏消息
 * @param null
 * @return
 * @author zuogang
 * @date 2020/7/29 17:54
 */
CREATE TABLE `BLADE_VISUAL_MSG`(
  `ID` VARCHAR(50) NOT NULL COMMENT '主键',
  `NAME` VARCHAR(50) COMMENT '名称',
  `CODE` VARCHAR(50) COMMENT '标识',
  `EVENT_NAME` VARCHAR(50) COMMENT '事件名',
  `DISPLAY_CONTENT` VARCHAR(2000) COMMENT '显示内容',
  `DISPLAY_MODE` INT(1) COMMENT '显示模式（0即时触发，1定时触发）',
  `PERIOD_MODE` VARCHAR(50) COMMENT '周期模式',
  `DISPLAY_DURATION` INT(10) COMMENT '显示时长',
  `VISUAL_IDS` VARCHAR(2000) COMMENT '大屏Ids(以英文逗号分隔)',
  `NOTICE_MODE` INT(1) COMMENT '通知模式(0通知，1警告)',
  `APP_ID` VARCHAR(50) COMMENT '应用ID',
  `TRACE_ID` VARCHAR(50) COMMENT '跟踪ID',
  `PERIOD_DATA` VARCHAR(100) COMMENT '周期数据',
  PRIMARY KEY (`ID`),
  CONSTRAINT `FK_VISUAL_MSG_APP_ID` FOREIGN KEY (`APP_ID`) REFERENCES `sys_group_app`(`ID`) ON DELETE CASCADE
)
COMMENT='大屏消息';


/**
 * 大屏通知菜单添加
 * @param null
 * @return
 * @author zuogang
 * @date 2020/7/31 9:30
 */
insert into `SYS_AUTH` (`ID`,`NAME`,`APP_ID`,`REMARK`,`SORT_INDEX`,`PARENT_ID`,`CREATE_USER`,`CREATE_TIME`,`UPDATE_TIME`,`SORT_PATH`,`IS_ORG_ADMIN`,`IS_USER_GROUP_ADMIN`,`CODE`,`DATA_VERSION`) values ('dapingxiaoxi4d37929abd4ad9a1dgth', '大屏通知', 'platform', null, 9, 'twerba3204344d37929abd4ad9a1dfgh', null, null, null, '00060009', 0, 0, 'screenNotification.views.ScreenNotification', 0);
insert into `SYS_MENU` (`ID`,`NAME`,`PARENT_ID`,`APP_ID`,`PARENT_NAME`,`URL`,`TYPE`,`ICON`,`AUTH_ID`,`BTN_AUTH`,`IS_LEAF`,`SORT_INDEX`,`ALL_ORDER`,`SORT_PATH`,`OPEN_STYLE`,`CLOSE_NOTICE`,`CREATE_USER`,`CREATE_TIME`,`UPDATE_TIME`,`LEAF`,`MENU_AUTH`,`REMARK`,`DATA_VERSION`,`IS_IFRAME`) values ('dapingxiaoxi4d37929abd4ad9a1dgth', '大屏通知', 'twerba3204344d37929abd4ad9a1dfgh', 'platform', '数据展示', 'screenNotification/views/ScreenNotification', 1, 'iconfont icon-message', 'dapingxiaoxi4d37929abd4ad9a1dgth', null, null, 9, null, '00060009', null, null, null, null, null, null, null, null, 0, 0);
insert into `SYS_AUTH_ROLE` (`ID`,`AUTH_ID`,`ROLE_ID`,`SIGN`,`IS_REVOKE`,`CREATE_USER`,`CREATE_TIME`,`UPDATE_TIME`,`REMARK`) values ('dapingxiaoxi4d37929abd4ad9a1dgth', 'dapingxiaoxi4d37929abd4ad9a1dgth', 'appadmin', null, 0, null, null, null, null);
insert into `SYS_AUTH_ROLE_V` (`ID`,`AUTH_ID`,`ROLE_ID`,`SIGN`,`IS_REVOKE`,`CREATE_USER`,`CREATE_TIME`,`UPDATE_TIME`,`REMARK`,`LV_ID`) values ('dapingxiaoxi4d37929abd4ad9a1dgth', 'dapingxiaoxi4d37929abd4ad9a1dgth', 'appadmin', null, 0, null, null, null, null, 'appadmin');

/**
 * 开发平台 接口管理 出参 键 实体
 * @param null
 * @return
 * @author zuogang
 * @date 2020/8/3 8:04
 */
 ALTER TABLE `PRO_OUTPUT_PARAMS`
  ADD COLUMN `PARAM_ITEM` VARCHAR(50)  COMMENT '键 实体';

 ALTER TABLE `SYS_APP_INTERFACE_OUTPUT`
  ADD COLUMN `PARAM_ITEM` VARCHAR(50)  COMMENT '键 实体';

/**
删除仪表盘设计，仪表盘浏览
 */
delete from SYS_MENU where id = '4234ba3204344d37929abd4ad9a1dgth';
delete from SYS_MENU where id = '5234ba3204344d37929abd4ad9a1dgth';
delete from SYS_AUTH where id = '4234ba3204344d37929abd4ad9a1dgth';
delete from SYS_AUTH where id = '5234ba3204344d37929abd4ad9a1dgth';

delete from sys_auth_user where auth_id not in (select id from sys_auth);
delete from sys_auth_user_v where auth_id not in (select id from sys_auth);
delete from sys_auth_role where auth_id not in (select id from sys_auth);
delete from sys_auth_role_v where auth_id not in (select id from sys_auth);


/**
修改菜单图标
 */
update sys_menu set icon=NULL where app_id='platform';
update sys_menu set icon ='aceicon aceicon-apartment' where id='bc316279a4a9416a8e20019821e640af';
update sys_menu set icon ='aceicon aceicon-desktop' where id='e3b15ac90286450fbe5a721c9f542451';
update sys_menu set icon ='aceicon aceicon-setting' where id='11316279a4a9416a8e20019821e640af';
update sys_menu set icon ='aceicon aceicon-home' where id='e3b15ac90286450fbe5a721c9f542433';
update sys_menu set icon ='aceicon aceicon-cloud-server' where id='e3b15ac90286450fbe5a721c9f542344';
update sys_menu set icon ='aceicon aceicon-branches' where id='3333ba3204344d37929abd4ad9a12222';
update sys_menu set icon ='aceicon aceicon-View' where id='twerba3204344d37929abd4ad9a1dfgh';

/**
 *  FK_SYS_USER_ID_ORG_ID，FK_SYS_USER_ID_GROUP_ID级联删除
 * @param null
 * @return
 * @author zuogang
 * @date 2020/9/28 11:50
 */
alter table `SYS_USER` DROP foreign key FK_SYS_USER_ID_GROUP_ID;
ALTER TABLE `SYS_USER` ADD CONSTRAINT `FK_SYS_USER_ID_GROUP_ID` FOREIGN KEY (`GROUP_ID`) REFERENCES `ORG_GROUP`(`ID`) ON DELETE CASCADE;

alter table `SYS_USER` DROP foreign key FK_SYS_USER_ID_ORG_ID;
ALTER TABLE `SYS_USER` ADD CONSTRAINT `FK_SYS_USER_ID_ORG_ID` FOREIGN KEY (`ORGANIZATION_ID`) REFERENCES `ORG_ORGANIZATION`(`ID`) ON DELETE CASCADE;


/**
 * 创建缓存数据表 
 * @param null	
 * @return 
 * @author FourLeaves
 * @date 2020/11/16 14:58
 */
CREATE TABLE `SYS_CACHE_DATA`
(
`ID`          VARCHAR(400) NOT NULL  COMMENT '主键',
`VALUE`       LONGTEXT COMMENT '值',
`EXPIRE_TIME` DATETIME(6) COMMENT '过期时间',
PRIMARY KEY (ID)
) COMMENT='系统缓存数据';

/**
2020/12/1
 */
alter table `SYS_ROLE` add column `ROLE_CODE` VARCHAR(200) comment '角色标识';

/**
2020/12/1
 */
alter table `SYS_ROLE` add column `DEP_ID` VARCHAR(200) comment '关联部门主键';

/**
 * 增加文件回收站
 * @author JonnyJiang
 * @date 2020/7/8 10:59
 */
ALTER TABLE `file_info`
ADD COLUMN `IS_IN_RECYCLE_BIN` INT(1) NULL COMMENT '是否在回收站' AFTER `FILE_REPOSITORY_ID`,
ADD COLUMN `RECYCLE_TIME` DATETIME NULL COMMENT '回收时间' AFTER `IS_IN_RECYCLE_BIN`;
ALTER TABLE `file_info` ADD COLUMN `RECYCLE_FILE_ID` VARCHAR(50) NULL COMMENT '回收文件ID' ;
ALTER TABLE `file_info` ADD COLUMN `RECYCLER_ID` VARCHAR(50) NULL COMMENT '回收人ID' ;

/**
大屏路径修改
@data 2021/7/29
 */
update `sys_menu` set  `URL`='pages/bladevisual/index.html',`IS_IFRAME`=1 where `id`='7784ba3204344d37929abd4ad9a1dgth';

ALTER TABLE `SYS_ROLE` DROP COLUMN `DEP_ID`;

CREATE TABLE `SYS_ROLE_DEP`
(
`ID` VARCHAR(200) NOT NULL COMMENT '主键',
`ROLE_ID` VARCHAR(200) COMMENT '部门主键',
`DEP_ID` VARCHAR(200) COMMENT '角色主键',
`CREATE_TIME` DATE COMMENT '创建时间',
 PRIMARY KEY (`ID`)
 ) COMMENT='角色部门关联表';

/*
添加回收人ID
2021.8.19
 */
-- ALTER TABLE `file_info`
-- ADD COLUMN `RECYCLER_ID` VARCHAR(50) NULL COMMENT '回收人ID' AFTER `RECRCLE_FILE_ID`;

/**
 *  roleScope添加
 * 2021.8.31
 */
ALTER TABLE `SYS_ROLE`
  ADD COLUMN `ROLE_SCOPE` INT(10) DEFAULT 0  NULL  COMMENT '角色范围 0：本地角色 1：全局角色';
/**
 *  集团管理员添加角色管理菜单
 * 2021.8.31
 */
INSERT INTO `SYS_AUTH_ROLE` (`ID`,`AUTH_ID`,`ROLE_ID`,`SIGN`,`IS_REVOKE`,`CREATE_USER`,`CREATE_TIME`,`UPDATE_TIME`,`REMARK`) VALUES ('48753fe2ef32403dbf9dc989d0651236', '8d4d2caee7f548889988da2747dfaa4a', 'groupadmin', NULL, 0, NULL, NULL, NULL, NULL);
INSERT INTO `SYS_AUTH_ROLE_V` (`ID`,`AUTH_ID`,`ROLE_ID`,`SIGN`,`IS_REVOKE`,`CREATE_USER`,`CREATE_TIME`,`UPDATE_TIME`,`REMARK`,`LV_ID`) VALUES ('48453c7b6ba04f1fa8e4cc36be871232', '8d4d2caee7f548889988da2747dfaa4a', 'groupadmin', NULL, 0, NULL, NULL, NULL, NULL, 'groupadmin');
INSERT INTO `SYS_AUTH_ROLE` (`ID`,`AUTH_ID`,`ROLE_ID`,`SIGN`,`IS_REVOKE`,`CREATE_USER`,`CREATE_TIME`,`UPDATE_TIME`,`REMARK`) VALUES ('12753fe2ef32403dbf9dc989d0651236', '8d4d2caee7f548889988da2747dfaa4a', 'groupsec', NULL, 0, NULL, NULL, NULL, NULL);
INSERT INTO `SYS_AUTH_ROLE_V` (`ID`,`AUTH_ID`,`ROLE_ID`,`SIGN`,`IS_REVOKE`,`CREATE_USER`,`CREATE_TIME`,`UPDATE_TIME`,`REMARK`,`LV_ID`) VALUES ('yu453c7b6ba04f1fa8e4cc36be871232', '8d4d2caee7f548889988da2747dfaa4a', 'groupsec', NULL, 0, NULL, NULL, NULL, NULL, 'groupsec');


insert into `SYS_AUTH` (`ID`,`NAME`,`APP_ID`,`REMARK`,`SORT_INDEX`,`PARENT_ID`,`CREATE_USER`,`CREATE_TIME`,`UPDATE_TIME`,`SORT_PATH`,`IS_ORG_ADMIN`,`IS_USER_GROUP_ADMIN`,`CODE`,`DATA_VERSION`) values ('yut76279a4a9416a8e20019821e6g45t', '配置管理', 'platform', null, 29, '11316279a4a9416a8e20019821e640af', null, null, null, '00030029', 0, 0, 'platform.msgTypeExtend.MsgExtend', 0);

insert into `SYS_MENU` (`ID`,`NAME`,`PARENT_ID`,`APP_ID`,`PARENT_NAME`,`URL`,`TYPE`,`ICON`,`AUTH_ID`,`BTN_AUTH`,`IS_LEAF`,`SORT_INDEX`,`ALL_ORDER`,`SORT_PATH`,`OPEN_STYLE`,`CLOSE_NOTICE`,`CREATE_USER`,`CREATE_TIME`,`UPDATE_TIME`,`LEAF`,`MENU_AUTH`,`REMARK`,`DATA_VERSION`,`IS_IFRAME`) values ('yut76279a4a9416a8e20019821e6g45t', '消息拓展', '11316279a4a9416a8e20019821e640af', 'platform', '配置管理', 'msgTypeExtend/views/MsgExtend', 1, '', 'yut76279a4a9416a8e20019821e6g45t', null, null, 29, null, '00030029', null, null, null, null, null, null, null, null, 0, 0);

insert into `SYS_AUTH_ROLE` (`ID`,`AUTH_ID`,`ROLE_ID`,`SIGN`,`IS_REVOKE`,`CREATE_USER`,`CREATE_TIME`,`UPDATE_TIME`,`REMARK`) values ('12323fe2ef32403dbf9dc989d0651251', 'yut76279a4a9416a8e20019821e6g45t', 'appadmin', null, 0, null, null, null, null);

insert into `SYS_AUTH_ROLE_V` (`ID`,`AUTH_ID`,`ROLE_ID`,`SIGN`,`IS_REVOKE`,`CREATE_USER`,`CREATE_TIME`,`UPDATE_TIME`,`REMARK`,`LV_ID`) values ('12323fe2ef32403dbf9dc989d0651251', 'yut76279a4a9416a8e20019821e6g45t', 'appadmin', null, 0, null, null, null, null, 'appadmin');



/** 
 *  判断集团应用三员去留
 * @date 2021/11/1 10:25
 */

/**集团超级管理员管理菜单权限 */
INSERT  INTO `sys_auth`(`ID`,`NAME`,`APP_ID`,`REMARK`,`SORT_INDEX`,`PARENT_ID`,`CREATE_USER`,`CREATE_TIME`,`UPDATE_TIME`,`SORT_PATH`,`IS_ORG_ADMIN`,`IS_USER_GROUP_ADMIN`,`CODE`,`DATA_VERSION`) VALUES ('jituan842fa04faea8f39beb866fd511','集团超级管理员管理','platform',NULL,10,'e3b15ac90286450fbe5a721c9f542451',NULL,NULL,NULL,'00020010',0,0,'platForm.nothreeManage.GroupManage',0);
INSERT  INTO `sys_menu`(`ID`,`NAME`,`PARENT_ID`,`APP_ID`,`PARENT_NAME`,`URL`,`TYPE`,`ICON`,`AUTH_ID`,`BTN_AUTH`,`IS_LEAF`,`SORT_INDEX`,`ALL_ORDER`,`SORT_PATH`,`OPEN_STYLE`,`CLOSE_NOTICE`,`CREATE_USER`,`CREATE_TIME`,`UPDATE_TIME`,`LEAF`,`MENU_AUTH`,`REMARK`,`DATA_VERSION`,`IS_IFRAME`) VALUES ('jituan842fa04faea8f39beb866fd511','集团管理员维护','e3b15ac90286450fbe5a721c9f542451','platform','系统管理','nothreeManage/views/GroupManage',1,null,'jituan842fa04faea8f39beb866fd511',NULL,NULL,10,NULL,'00020010',NULL,NULL,NULL,NULL,NULL,NULL,NULL,NULL,0,0);
/** 菜单权限配给admin、sec*/
insert into `SYS_AUTH_ROLE` (`ID`,`AUTH_ID`,`ROLE_ID`,`SIGN`,`IS_REVOKE`,`CREATE_USER`,`CREATE_TIME`,`UPDATE_TIME`,`REMARK`) values ('jituan842fa04faea8f39beb866admin', 'jituan842fa04faea8f39beb866fd511', 'admin', null, 0, null, null, null, null);
insert into `SYS_AUTH_ROLE_V` (`ID`,`AUTH_ID`,`ROLE_ID`,`SIGN`,`IS_REVOKE`,`CREATE_USER`,`CREATE_TIME`,`UPDATE_TIME`,`REMARK`,`LV_ID`) values ('jituan842fa04faea8f39beb866admin', 'jituan842fa04faea8f39beb866fd511', 'admin', null, 0, null, null, null, null, 'admin');
insert into `SYS_AUTH_ROLE` (`ID`,`AUTH_ID`,`ROLE_ID`,`SIGN`,`IS_REVOKE`,`CREATE_USER`,`CREATE_TIME`,`UPDATE_TIME`,`REMARK`) values ('jituan842fa04faea8f39beb86623sec', 'jituan842fa04faea8f39beb866fd511', 'sec', null, 0, null, null, null, null);
insert into `SYS_AUTH_ROLE_V` (`ID`,`AUTH_ID`,`ROLE_ID`,`SIGN`,`IS_REVOKE`,`CREATE_USER`,`CREATE_TIME`,`UPDATE_TIME`,`REMARK`,`LV_ID`) values ('jituan842fa04faea8f39beb86623sec', 'jituan842fa04faea8f39beb866fd511', 'sec', null, 0, null, null, null, null, 'sec');

/** 添加集团应用超级管理员角色 */
INSERT  INTO `sys_role`(`ID`,`NAME`,`ROLE_EXPLAIN`,`ROLE_TYPE`,`CREATE_TIME`,`CREATE_USER`,`UPDATE_TIME`,`REMARK`,`APP_ID`,`DATA_VERSION`) VALUES ('groupsuperadmin','集团超级管理员',NULL,44,NULL,NULL,NULL,NULL,'platform',0);
INSERT  INTO `sys_role`(`ID`,`NAME`,`ROLE_EXPLAIN`,`ROLE_TYPE`,`CREATE_TIME`,`CREATE_USER`,`UPDATE_TIME`,`REMARK`,`APP_ID`,`DATA_VERSION`) VALUES ('appsuperadmin','应用超级管理员',NULL,444,NULL,NULL,NULL,NULL,'platform',0);

ALTER TABLE `sys_user_admin_org`
  CHANGE `ROLE_TYPE` `ROLE_TYPE` INT(10) DEFAULT 0  NULL   COMMENT '角色类型（11集团系统管理员,22集团安全保密员,33集团安全审计员,44集团超级管理员）';
ALTER TABLE `sys_role`
  CHANGE `ROLE_TYPE` `ROLE_TYPE` INT(10) DEFAULT 0  NULL   COMMENT '角色类型(1租户系统管理员,2租户安全保密员,3租户安全审计员)(11集团系统管理员,22集团安全保密员,33集团安全审计员,44集团超级管理员)(111应用系统管理员,222应用安全保密员,333应用安全审计员,444应用超级管理员)';

/**应用超级管理员菜单权限 */
INSERT  INTO `sys_auth`(`ID`,`NAME`,`APP_ID`,`REMARK`,`SORT_INDEX`,`PARENT_ID`,`CREATE_USER`,`CREATE_TIME`,`UPDATE_TIME`,`SORT_PATH`,`IS_ORG_ADMIN`,`IS_USER_GROUP_ADMIN`,`CODE`,`DATA_VERSION`) VALUES ('yingyong83214aeb8a3ec0a6822fdd30','应用超级管理员管理','platform',NULL,6,'e3b15ac90286450fbe5a721c9f542451',NULL,NULL,NULL,'00020011',0,0,'platForm.nothreeManage.AppManage',0);
INSERT  INTO `sys_menu`(`ID`,`NAME`,`PARENT_ID`,`APP_ID`,`PARENT_NAME`,`URL`,`TYPE`,`ICON`,`AUTH_ID`,`BTN_AUTH`,`IS_LEAF`,`SORT_INDEX`,`ALL_ORDER`,`SORT_PATH`,`OPEN_STYLE`,`CLOSE_NOTICE`,`CREATE_USER`,`CREATE_TIME`,`UPDATE_TIME`,`LEAF`,`MENU_AUTH`,`REMARK`,`DATA_VERSION`,`IS_IFRAME`) VALUES ('yingyong83214aeb8a3ec0a6822fdd30','应用管理员维护','e3b15ac90286450fbe5a721c9f542451','platform','系统管理','nothreeManage/views/AppManage',1,null,'yingyong83214aeb8a3ec0a6822fdd30',NULL,NULL,11,NULL,'00020011',NULL,NULL,NULL,NULL,NULL,NULL,NULL,NULL,0,0);

/** 集团超级管理员菜单权限关系 */
insert into `sys_auth_role` (`ID`, `AUTH_ID`, `ROLE_ID`, `SIGN`, `IS_REVOKE`, `CREATE_USER`, `CREATE_TIME`, `UPDATE_TIME`, `REMARK`, `AUTH_NAME`, `ROLE_NAME`, `TRACE_ID`) values('grsuper2ef32403dbf9dc989d0651124','yingyong83214aeb8a3ec0a6822fdd30','groupsuperadmin',NULL,'0',NULL,NULL,NULL,NULL,'应用管理员维护','集团超级管理员','grsuper2ef32403dbf9dc989d0651124');
insert into `sys_auth_role` (`ID`, `AUTH_ID`, `ROLE_ID`, `SIGN`, `IS_REVOKE`, `CREATE_USER`, `CREATE_TIME`, `UPDATE_TIME`, `REMARK`, `AUTH_NAME`, `ROLE_NAME`, `TRACE_ID`) values('grsuper2ef32403dbf9dc989d0651129','ac2a8ce16a614324b5ed4e9c24e7e905','groupsuperadmin',NULL,'0',NULL,NULL,NULL,NULL,'应用管理','集团超级管理员','grsuper2ef32403dbf9dc989d0651129');
insert into `sys_auth_role` (`ID`, `AUTH_ID`, `ROLE_ID`, `SIGN`, `IS_REVOKE`, `CREATE_USER`, `CREATE_TIME`, `UPDATE_TIME`, `REMARK`, `AUTH_NAME`, `ROLE_NAME`, `TRACE_ID`) values('grsuper2ef32403dbf9dc989d0651130','ac2a8ce16a614324b5ed4e9c24e7e111','groupsuperadmin',NULL,'0',NULL,NULL,NULL,NULL,'应用管理维护','集团超级管理员','grsuper2ef32403dbf9dc989d0651130');
insert into `sys_auth_role` (`ID`, `AUTH_ID`, `ROLE_ID`, `SIGN`, `IS_REVOKE`, `CREATE_USER`, `CREATE_TIME`, `UPDATE_TIME`, `REMARK`, `AUTH_NAME`, `ROLE_NAME`, `TRACE_ID`) values('grsuper2ef32403dbf9dc989d0651131','a16344b1790e41e98615f6cd19587573','groupsuperadmin',NULL,'0',NULL,NULL,NULL,NULL,'业务单元','集团超级管理员','grsuper2ef32403dbf9dc989d0651131');
insert into `sys_auth_role` (`ID`, `AUTH_ID`, `ROLE_ID`, `SIGN`, `IS_REVOKE`, `CREATE_USER`, `CREATE_TIME`, `UPDATE_TIME`, `REMARK`, `AUTH_NAME`, `ROLE_NAME`, `TRACE_ID`) values('grsuper2ef32403dbf9dc989d0651132','a16344b1790e41e98615f6cd19587111','groupsuperadmin',NULL,'0',NULL,NULL,NULL,NULL,'业务单元维护','集团超级管理员','grsuper2ef32403dbf9dc989d0651132');
insert into `sys_auth_role` (`ID`, `AUTH_ID`, `ROLE_ID`, `SIGN`, `IS_REVOKE`, `CREATE_USER`, `CREATE_TIME`, `UPDATE_TIME`, `REMARK`, `AUTH_NAME`, `ROLE_NAME`, `TRACE_ID`) values('grsuper2ef32403dbf9dc989d0651133','5e80ace300d54486814ee84c1fb29a3a','groupsuperadmin',NULL,'0',NULL,NULL,NULL,NULL,'部门管理','集团超级管理员','grsuper2ef32403dbf9dc989d0651133');
insert into `sys_auth_role` (`ID`, `AUTH_ID`, `ROLE_ID`, `SIGN`, `IS_REVOKE`, `CREATE_USER`, `CREATE_TIME`, `UPDATE_TIME`, `REMARK`, `AUTH_NAME`, `ROLE_NAME`, `TRACE_ID`) values('grsuper2ef32403dbf9dc989d0651134','5e80ace300d54486814ee84c1fb29111','groupsuperadmin',NULL,'0',NULL,NULL,NULL,NULL,'部门管理维护','集团超级管理员','grsuper2ef32403dbf9dc989d0651134');
insert into `sys_auth_role` (`ID`, `AUTH_ID`, `ROLE_ID`, `SIGN`, `IS_REVOKE`, `CREATE_USER`, `CREATE_TIME`, `UPDATE_TIME`, `REMARK`, `AUTH_NAME`, `ROLE_NAME`, `TRACE_ID`) values('grsuper2ef32403dbf9dc989d0651135','a16344b1790e41e98615f6cd19587571','groupsuperadmin',NULL,'0',NULL,NULL,NULL,NULL,'人员管理','集团超级管理员','grsuper2ef32403dbf9dc989d0651135');
insert into `sys_auth_role` (`ID`, `AUTH_ID`, `ROLE_ID`, `SIGN`, `IS_REVOKE`, `CREATE_USER`, `CREATE_TIME`, `UPDATE_TIME`, `REMARK`, `AUTH_NAME`, `ROLE_NAME`, `TRACE_ID`) values('grsuper2ef32403dbf9dc989d0651136','a16344b1790e41e98615f6cd19587112','groupsuperadmin',NULL,'0',NULL,NULL,NULL,NULL,'人员管理维护','集团超级管理员','grsuper2ef32403dbf9dc989d0651136');
insert into `sys_auth_role` (`ID`, `AUTH_ID`, `ROLE_ID`, `SIGN`, `IS_REVOKE`, `CREATE_USER`, `CREATE_TIME`, `UPDATE_TIME`, `REMARK`, `AUTH_NAME`, `ROLE_NAME`, `TRACE_ID`) values('grsuper2ef32403dbf9dc989d0651137','b50cbc8a2b0645729848403093f4246f','groupsuperadmin',NULL,'0',NULL,NULL,NULL,NULL,'用户管理','集团超级管理员','grsuper2ef32403dbf9dc989d0651137');
insert into `sys_auth_role` (`ID`, `AUTH_ID`, `ROLE_ID`, `SIGN`, `IS_REVOKE`, `CREATE_USER`, `CREATE_TIME`, `UPDATE_TIME`, `REMARK`, `AUTH_NAME`, `ROLE_NAME`, `TRACE_ID`) values('grsuper2ef32403dbf9dc989d0651138','b50cbc8a2b0645729848403093f42111','groupsuperadmin',NULL,'0',NULL,NULL,NULL,NULL,'用户管理维护','集团超级管理员','grsuper2ef32403dbf9dc989d0651138');
insert into `sys_auth_role` (`ID`, `AUTH_ID`, `ROLE_ID`, `SIGN`, `IS_REVOKE`, `CREATE_USER`, `CREATE_TIME`, `UPDATE_TIME`, `REMARK`, `AUTH_NAME`, `ROLE_NAME`, `TRACE_ID`) values('grsuper2ef32403dbf9dc989d0651141','ac2a8ce16a614324b5ed4e9c24e7e904','groupsuperadmin',NULL,'0',NULL,NULL,NULL,NULL,'系统配置项管理','集团超级管理员','grsuper2ef32403dbf9dc989d0651141');
insert into `sys_auth_role` (`ID`, `AUTH_ID`, `ROLE_ID`, `SIGN`, `IS_REVOKE`, `CREATE_USER`, `CREATE_TIME`, `UPDATE_TIME`, `REMARK`, `AUTH_NAME`, `ROLE_NAME`, `TRACE_ID`) values('grsuper2ef32403dbf9dc989d0651142','ac2a8ce16a614324b5ed4e9c24e71112','groupsuperadmin',NULL,'0',NULL,NULL,NULL,NULL,'集团配置项维护','集团超级管理员','grsuper2ef32403dbf9dc989d0651142');
insert into `sys_auth_role` (`ID`, `AUTH_ID`, `ROLE_ID`, `SIGN`, `IS_REVOKE`, `CREATE_USER`, `CREATE_TIME`, `UPDATE_TIME`, `REMARK`, `AUTH_NAME`, `ROLE_NAME`, `TRACE_ID`) values('grsuper2ef32403dbf9dc989d0651184','bc316279a4a9416a8e20019821e640af','groupsuperadmin',NULL,'0',NULL,NULL,NULL,NULL,'组织架构管理','集团超级管理员','grsuper2ef32403dbf9dc989d0651184');
insert into `sys_auth_role` (`ID`, `AUTH_ID`, `ROLE_ID`, `SIGN`, `IS_REVOKE`, `CREATE_USER`, `CREATE_TIME`, `UPDATE_TIME`, `REMARK`, `AUTH_NAME`, `ROLE_NAME`, `TRACE_ID`) values('grsuper2ef32403dbf9dc989d0651185','e3b15ac90286450fbe5a721c9f542451','groupsuperadmin',NULL,'0',NULL,NULL,NULL,NULL,'系统管理','集团超级管理员','grsuper2ef32403dbf9dc989d0651185');
insert into `sys_auth_role` (`ID`, `AUTH_ID`, `ROLE_ID`, `SIGN`, `IS_REVOKE`, `CREATE_USER`, `CREATE_TIME`, `UPDATE_TIME`, `REMARK`, `AUTH_NAME`, `ROLE_NAME`, `TRACE_ID`) values('grsuper2ef32403dbf9dc989d0651186','11316279a4a9416a8e20019821e640af','groupsuperadmin',NULL,'0',NULL,NULL,NULL,NULL,'配置管理','集团超级管理员','grsuper2ef32403dbf9dc989d0651186');
insert into `sys_auth_role` (`ID`, `AUTH_ID`, `ROLE_ID`, `SIGN`, `IS_REVOKE`, `CREATE_USER`, `CREATE_TIME`, `UPDATE_TIME`, `REMARK`, `AUTH_NAME`, `ROLE_NAME`, `TRACE_ID`) values('grsuper2ef32403dbf9dc989d0651202','8bc5761a4d8d49e680515bc50f4baad1','groupsuperadmin',NULL,'0',NULL,NULL,NULL,NULL,'菜单管理','集团超级管理员','grsuper2ef32403dbf9dc989d0651202');
insert into `sys_auth_role` (`ID`, `AUTH_ID`, `ROLE_ID`, `SIGN`, `IS_REVOKE`, `CREATE_USER`, `CREATE_TIME`, `UPDATE_TIME`, `REMARK`, `AUTH_NAME`, `ROLE_NAME`, `TRACE_ID`) values('grsuper2ef32403dbf9dc989d0651203','39e1b3ec3d6e483b86c4923ea64cfdd0','groupsuperadmin',NULL,'0',NULL,NULL,NULL,NULL,'权限定义','集团超级管理员','grsuper2ef32403dbf9dc989d0651203');
insert into `sys_auth_role` (`ID`, `AUTH_ID`, `ROLE_ID`, `SIGN`, `IS_REVOKE`, `CREATE_USER`, `CREATE_TIME`, `UPDATE_TIME`, `REMARK`, `AUTH_NAME`, `ROLE_NAME`, `TRACE_ID`) values('grsuper2ef32403dbf9dc989d0651204','8bc5761a4d8d49e680515bc50f4ba111','groupsuperadmin',NULL,'0',NULL,NULL,NULL,NULL,'菜单管理维护','集团超级管理员','grsuper2ef32403dbf9dc989d0651204');
insert into `sys_auth_role` (`ID`, `AUTH_ID`, `ROLE_ID`, `SIGN`, `IS_REVOKE`, `CREATE_USER`, `CREATE_TIME`, `UPDATE_TIME`, `REMARK`, `AUTH_NAME`, `ROLE_NAME`, `TRACE_ID`) values('grsuper2ef32403dbf9dc989d0651205','39e1b3ec3d6e483b86c4923ea64c1111','groupsuperadmin',NULL,'0',NULL,NULL,NULL,NULL,'权限管理维护','集团超级管理员','grsuper2ef32403dbf9dc989d0651205');
insert into `sys_auth_role` (`ID`, `AUTH_ID`, `ROLE_ID`, `SIGN`, `IS_REVOKE`, `CREATE_USER`, `CREATE_TIME`, `UPDATE_TIME`, `REMARK`, `AUTH_NAME`, `ROLE_NAME`, `TRACE_ID`) values('grsuper2ef32403dbf9dc989d0651206','39e1b3ec3d6e483b86c4923ea64c1112','groupsuperadmin',NULL,'0',NULL,NULL,NULL,NULL,'指定权限绑定api资源权限','集团超级管理员','grsuper2ef32403dbf9dc989d0651206');
insert into `sys_auth_role` (`ID`, `AUTH_ID`, `ROLE_ID`, `SIGN`, `IS_REVOKE`, `CREATE_USER`, `CREATE_TIME`, `UPDATE_TIME`, `REMARK`, `AUTH_NAME`, `ROLE_NAME`, `TRACE_ID`) values('grsuper2ef32403dbf9dc989d0651210','e3b15ac90286450fbe5a721c9f542433','groupsuperadmin',NULL,'0',NULL,NULL,NULL,NULL,'首页','集团超级管理员','grsuper2ef32403dbf9dc989d0651210');
insert into `sys_auth_role` (`ID`, `AUTH_ID`, `ROLE_ID`, `SIGN`, `IS_REVOKE`, `CREATE_USER`, `CREATE_TIME`, `UPDATE_TIME`, `REMARK`, `AUTH_NAME`, `ROLE_NAME`, `TRACE_ID`) values('grsuper2ef32403dbf9dc989d0651225','11116279a4a9416a8e20019821e61111','groupsuperadmin',NULL,'0',NULL,NULL,NULL,NULL,'工作日历','集团超级管理员','grsuper2ef32403dbf9dc989d0651225');
insert into `sys_auth_role` (`ID`, `AUTH_ID`, `ROLE_ID`, `SIGN`, `IS_REVOKE`, `CREATE_USER`, `CREATE_TIME`, `UPDATE_TIME`, `REMARK`, `AUTH_NAME`, `ROLE_NAME`, `TRACE_ID`) values('grsuper2ef32403dbf9dc989d0651241','a16344b1790e41e98615f6cd19587572','groupsuperadmin',NULL,'0',NULL,NULL,NULL,NULL,'岗位管理','集团超级管理员','grsuper2ef32403dbf9dc989d0651241');
insert into `sys_auth_role` (`ID`, `AUTH_ID`, `ROLE_ID`, `SIGN`, `IS_REVOKE`, `CREATE_USER`, `CREATE_TIME`, `UPDATE_TIME`, `REMARK`, `AUTH_NAME`, `ROLE_NAME`, `TRACE_ID`) values('grsuper2ef32403dbf9dc989d0651242','a16344b1790e41e98615f6cd1958757r','groupsuperadmin',NULL,'0',NULL,NULL,NULL,NULL,'职务管理','集团超级管理员','grsuper2ef32403dbf9dc989d0651242');
insert into `sys_auth_role` (`ID`, `AUTH_ID`, `ROLE_ID`, `SIGN`, `IS_REVOKE`, `CREATE_USER`, `CREATE_TIME`, `UPDATE_TIME`, `REMARK`, `AUTH_NAME`, `ROLE_NAME`, `TRACE_ID`) values('grsuper2ef32403dbf9dc989d0651253','131e140bc2bd4361af5ee488f92b22ad','groupsuperadmin',NULL,'0',NULL,NULL,NULL,NULL,'字典管理','集团超级管理员','grsuper2ef32403dbf9dc989d0651253');
insert into `sys_auth_role` (`ID`, `AUTH_ID`, `ROLE_ID`, `SIGN`, `IS_REVOKE`, `CREATE_USER`, `CREATE_TIME`, `UPDATE_TIME`, `REMARK`, `AUTH_NAME`, `ROLE_NAME`, `TRACE_ID`) values('grsuper07a3249d6ad180da0b4681112','1160858109884c5095eed968472c0235','groupsuperadmin',NULL,'0',NULL,NULL,NULL,NULL,'集团级字典维护','集团超级管理员','grsuper07a3249d6ad180da0b4681112');
insert into `sys_auth_role` (`ID`, `AUTH_ID`, `ROLE_ID`, `SIGN`, `IS_REVOKE`, `CREATE_USER`, `CREATE_TIME`, `UPDATE_TIME`, `REMARK`, `AUTH_NAME`, `ROLE_NAME`, `TRACE_ID`) values('grsuper2ef32403dbf9dc989d0651236','8d4d2caee7f548889988da2747dfaa4a','groupsuperadmin',NULL,'0',NULL,NULL,NULL,NULL,'角色全局管理','集团超级管理员',NULL);
insert into `sys_auth_role` (`ID`, `AUTH_ID`, `ROLE_ID`, `SIGN`, `IS_REVOKE`, `CREATE_USER`, `CREATE_TIME`, `UPDATE_TIME`, `REMARK`, `AUTH_NAME`, `ROLE_NAME`, `TRACE_ID`) values('grsuper7ea4a4e54acdaff4c84bb8371','99ea2ad7ea4a4e54acdaff4c84bb8371','groupsuperadmin',NULL,'0',NULL,NULL,NULL,NULL,'运行日志','集团超级管理员','grsuper7ea4a4e54acdaff4c84bb8371');
insert into `sys_auth_role` (`ID`, `AUTH_ID`, `ROLE_ID`, `SIGN`, `IS_REVOKE`, `CREATE_USER`, `CREATE_TIME`, `UPDATE_TIME`, `REMARK`, `AUTH_NAME`, `ROLE_NAME`, `TRACE_ID`) values('grsuperea4a4e54acdaff4yhmzq8370','vbnmhd7ea4a4e54acdaff4yhmzq8370','groupsuperadmin',NULL,'0',NULL,NULL,NULL,NULL,'小程序管理','集团超级管理员','grsuperea4a4e54acdaff4yhmzq8370');
insert into `sys_auth_role` (`ID`, `AUTH_ID`, `ROLE_ID`, `SIGN`, `IS_REVOKE`, `CREATE_USER`, `CREATE_TIME`, `UPDATE_TIME`, `REMARK`, `AUTH_NAME`, `ROLE_NAME`, `TRACE_ID`) values('grsuper2ef32403dbf9dc989d0651199','04d7893c4a4d4345b18b0789af13753f','groupsuperadmin',NULL,'0',NULL,NULL,NULL,NULL,'审计日志','集团超级管理员','grsuper2ef32403dbf9dc989d0651199');
insert into `sys_auth_role` (`ID`, `AUTH_ID`, `ROLE_ID`, `SIGN`, `IS_REVOKE`, `CREATE_USER`, `CREATE_TIME`, `UPDATE_TIME`, `REMARK`, `AUTH_NAME`, `ROLE_NAME`, `TRACE_ID`) values('grsuper7ea4a4e54acdaff4c84bb8370','19ea2ad7ea4a4e54acdaff4c84bb8370','groupsuperadmin',NULL,'0',NULL,NULL,NULL,NULL,'应用运行日志','集团超级管理员','grsuper7ea4a4e54acdaff4c84bb8370');

INSERT  INTO `sys_auth_role_lv`(`ID`,`VERSION_NO`,`IS_LAST_VERSION`,`VERSION_BEGIN_TIME`,`VERSION_END_TIME`,`VERSION_BEGIN_USER_ID`,`VERSION_END_USER_ID`,`ROLE_ID`) VALUES ('groupsuperadmin',1,1,NULL,NULL,NULL,NULL,'groupsuperadmin');


insert into `sys_auth_role_v` (`ID`, `AUTH_ID`, `ROLE_ID`, `SIGN`, `IS_REVOKE`, `CREATE_USER`, `CREATE_TIME`, `UPDATE_TIME`, `REMARK`, `LV_ID`, `AUTH_NAME`,  `TRACE_ID`) values('grsuper2ef32403dbf9dc989d0651124','yingyong83214aeb8a3ec0a6822fdd30','groupsuperadmin',NULL,'0',NULL,NULL,NULL,NULL,'groupsuperadmin','应用管理员维护','grsuper2ef32403dbf9dc989d0651124');
insert into `sys_auth_role_v` (`ID`, `AUTH_ID`, `ROLE_ID`, `SIGN`, `IS_REVOKE`, `CREATE_USER`, `CREATE_TIME`, `UPDATE_TIME`, `REMARK`, `LV_ID`, `AUTH_NAME`,  `TRACE_ID`) values('grsuper2ef32403dbf9dc989d0651129','ac2a8ce16a614324b5ed4e9c24e7e905','groupsuperadmin',NULL,'0',NULL,NULL,NULL,NULL,'groupsuperadmin','应用管理','grsuper2ef32403dbf9dc989d0651129');
insert into `sys_auth_role_v` (`ID`, `AUTH_ID`, `ROLE_ID`, `SIGN`, `IS_REVOKE`, `CREATE_USER`, `CREATE_TIME`, `UPDATE_TIME`, `REMARK`, `LV_ID`, `AUTH_NAME`,  `TRACE_ID`) values('grsuper2ef32403dbf9dc989d0651130','ac2a8ce16a614324b5ed4e9c24e7e111','groupsuperadmin',NULL,'0',NULL,NULL,NULL,NULL,'groupsuperadmin','应用管理维护','grsuper2ef32403dbf9dc989d0651130');
insert into `sys_auth_role_v` (`ID`, `AUTH_ID`, `ROLE_ID`, `SIGN`, `IS_REVOKE`, `CREATE_USER`, `CREATE_TIME`, `UPDATE_TIME`, `REMARK`, `LV_ID`, `AUTH_NAME`,  `TRACE_ID`) values('grsuper2ef32403dbf9dc989d0651131','a16344b1790e41e98615f6cd19587573','groupsuperadmin',NULL,'0',NULL,NULL,NULL,NULL,'groupsuperadmin','业务单元','grsuper2ef32403dbf9dc989d0651131');
insert into `sys_auth_role_v` (`ID`, `AUTH_ID`, `ROLE_ID`, `SIGN`, `IS_REVOKE`, `CREATE_USER`, `CREATE_TIME`, `UPDATE_TIME`, `REMARK`, `LV_ID`, `AUTH_NAME`,  `TRACE_ID`) values('grsuper2ef32403dbf9dc989d0651132','a16344b1790e41e98615f6cd19587111','groupsuperadmin',NULL,'0',NULL,NULL,NULL,NULL,'groupsuperadmin','业务单元维护','grsuper2ef32403dbf9dc989d0651132');
insert into `sys_auth_role_v` (`ID`, `AUTH_ID`, `ROLE_ID`, `SIGN`, `IS_REVOKE`, `CREATE_USER`, `CREATE_TIME`, `UPDATE_TIME`, `REMARK`, `LV_ID`, `AUTH_NAME`,  `TRACE_ID`) values('grsuper2ef32403dbf9dc989d0651133','5e80ace300d54486814ee84c1fb29a3a','groupsuperadmin',NULL,'0',NULL,NULL,NULL,NULL,'groupsuperadmin','部门管理','grsuper2ef32403dbf9dc989d0651133');
insert into `sys_auth_role_v` (`ID`, `AUTH_ID`, `ROLE_ID`, `SIGN`, `IS_REVOKE`, `CREATE_USER`, `CREATE_TIME`, `UPDATE_TIME`, `REMARK`, `LV_ID`, `AUTH_NAME`,  `TRACE_ID`) values('grsuper2ef32403dbf9dc989d0651134','5e80ace300d54486814ee84c1fb29111','groupsuperadmin',NULL,'0',NULL,NULL,NULL,NULL,'groupsuperadmin','部门管理维护','grsuper2ef32403dbf9dc989d0651134');
insert into `sys_auth_role_v` (`ID`, `AUTH_ID`, `ROLE_ID`, `SIGN`, `IS_REVOKE`, `CREATE_USER`, `CREATE_TIME`, `UPDATE_TIME`, `REMARK`, `LV_ID`, `AUTH_NAME`,  `TRACE_ID`) values('grsuper2ef32403dbf9dc989d0651135','a16344b1790e41e98615f6cd19587571','groupsuperadmin',NULL,'0',NULL,NULL,NULL,NULL,'groupsuperadmin','人员管理','grsuper2ef32403dbf9dc989d0651135');
insert into `sys_auth_role_v` (`ID`, `AUTH_ID`, `ROLE_ID`, `SIGN`, `IS_REVOKE`, `CREATE_USER`, `CREATE_TIME`, `UPDATE_TIME`, `REMARK`, `LV_ID`, `AUTH_NAME`,  `TRACE_ID`) values('grsuper2ef32403dbf9dc989d0651136','a16344b1790e41e98615f6cd19587112','groupsuperadmin',NULL,'0',NULL,NULL,NULL,NULL,'groupsuperadmin','人员管理维护','grsuper2ef32403dbf9dc989d0651136');
insert into `sys_auth_role_v` (`ID`, `AUTH_ID`, `ROLE_ID`, `SIGN`, `IS_REVOKE`, `CREATE_USER`, `CREATE_TIME`, `UPDATE_TIME`, `REMARK`, `LV_ID`, `AUTH_NAME`,  `TRACE_ID`) values('grsuper2ef32403dbf9dc989d0651137','b50cbc8a2b0645729848403093f4246f','groupsuperadmin',NULL,'0',NULL,NULL,NULL,NULL,'groupsuperadmin','用户管理','grsuper2ef32403dbf9dc989d0651137');
insert into `sys_auth_role_v` (`ID`, `AUTH_ID`, `ROLE_ID`, `SIGN`, `IS_REVOKE`, `CREATE_USER`, `CREATE_TIME`, `UPDATE_TIME`, `REMARK`, `LV_ID`, `AUTH_NAME`,  `TRACE_ID`) values('grsuper2ef32403dbf9dc989d0651138','b50cbc8a2b0645729848403093f42111','groupsuperadmin',NULL,'0',NULL,NULL,NULL,NULL,'groupsuperadmin','用户管理维护','grsuper2ef32403dbf9dc989d0651138');
insert into `sys_auth_role_v` (`ID`, `AUTH_ID`, `ROLE_ID`, `SIGN`, `IS_REVOKE`, `CREATE_USER`, `CREATE_TIME`, `UPDATE_TIME`, `REMARK`, `LV_ID`, `AUTH_NAME`,  `TRACE_ID`) values('grsuper2ef32403dbf9dc989d0651141','ac2a8ce16a614324b5ed4e9c24e7e904','groupsuperadmin',NULL,'0',NULL,NULL,NULL,NULL,'groupsuperadmin','系统配置项管理','grsuper2ef32403dbf9dc989d0651141');
insert into `sys_auth_role_v` (`ID`, `AUTH_ID`, `ROLE_ID`, `SIGN`, `IS_REVOKE`, `CREATE_USER`, `CREATE_TIME`, `UPDATE_TIME`, `REMARK`, `LV_ID`, `AUTH_NAME`,  `TRACE_ID`) values('grsuper2ef32403dbf9dc989d0651142','ac2a8ce16a614324b5ed4e9c24e71112','groupsuperadmin',NULL,'0',NULL,NULL,NULL,NULL,'groupsuperadmin','集团配置项维护','grsuper2ef32403dbf9dc989d0651142');
insert into `sys_auth_role_v` (`ID`, `AUTH_ID`, `ROLE_ID`, `SIGN`, `IS_REVOKE`, `CREATE_USER`, `CREATE_TIME`, `UPDATE_TIME`, `REMARK`, `LV_ID`, `AUTH_NAME`,  `TRACE_ID`) values('grsuper2ef32403dbf9dc989d0651184','bc316279a4a9416a8e20019821e640af','groupsuperadmin',NULL,'0',NULL,NULL,NULL,NULL,'groupsuperadmin','组织架构管理','grsuper2ef32403dbf9dc989d0651184');
insert into `sys_auth_role_v` (`ID`, `AUTH_ID`, `ROLE_ID`, `SIGN`, `IS_REVOKE`, `CREATE_USER`, `CREATE_TIME`, `UPDATE_TIME`, `REMARK`, `LV_ID`, `AUTH_NAME`,  `TRACE_ID`) values('grsuper2ef32403dbf9dc989d0651185','e3b15ac90286450fbe5a721c9f542451','groupsuperadmin',NULL,'0',NULL,NULL,NULL,NULL,'groupsuperadmin','系统管理','grsuper2ef32403dbf9dc989d0651185');
insert into `sys_auth_role_v` (`ID`, `AUTH_ID`, `ROLE_ID`, `SIGN`, `IS_REVOKE`, `CREATE_USER`, `CREATE_TIME`, `UPDATE_TIME`, `REMARK`, `LV_ID`, `AUTH_NAME`,  `TRACE_ID`) values('grsuper2ef32403dbf9dc989d0651186','11316279a4a9416a8e20019821e640af','groupsuperadmin',NULL,'0',NULL,NULL,NULL,NULL,'groupsuperadmin','配置管理','grsuper2ef32403dbf9dc989d0651186');
insert into `sys_auth_role_v` (`ID`, `AUTH_ID`, `ROLE_ID`, `SIGN`, `IS_REVOKE`, `CREATE_USER`, `CREATE_TIME`, `UPDATE_TIME`, `REMARK`, `LV_ID`, `AUTH_NAME`,  `TRACE_ID`) values('grsuper2ef32403dbf9dc989d0651202','8bc5761a4d8d49e680515bc50f4baad1','groupsuperadmin',NULL,'0',NULL,NULL,NULL,NULL,'groupsuperadmin','菜单管理','grsuper2ef32403dbf9dc989d0651202');
insert into `sys_auth_role_v` (`ID`, `AUTH_ID`, `ROLE_ID`, `SIGN`, `IS_REVOKE`, `CREATE_USER`, `CREATE_TIME`, `UPDATE_TIME`, `REMARK`, `LV_ID`, `AUTH_NAME`,  `TRACE_ID`) values('grsuper2ef32403dbf9dc989d0651203','39e1b3ec3d6e483b86c4923ea64cfdd0','groupsuperadmin',NULL,'0',NULL,NULL,NULL,NULL,'groupsuperadmin','权限定义','grsuper2ef32403dbf9dc989d0651203');
insert into `sys_auth_role_v` (`ID`, `AUTH_ID`, `ROLE_ID`, `SIGN`, `IS_REVOKE`, `CREATE_USER`, `CREATE_TIME`, `UPDATE_TIME`, `REMARK`, `LV_ID`, `AUTH_NAME`,  `TRACE_ID`) values('grsuper2ef32403dbf9dc989d0651204','8bc5761a4d8d49e680515bc50f4ba111','groupsuperadmin',NULL,'0',NULL,NULL,NULL,NULL,'groupsuperadmin','菜单管理维护','grsuper2ef32403dbf9dc989d0651204');
insert into `sys_auth_role_v` (`ID`, `AUTH_ID`, `ROLE_ID`, `SIGN`, `IS_REVOKE`, `CREATE_USER`, `CREATE_TIME`, `UPDATE_TIME`, `REMARK`, `LV_ID`, `AUTH_NAME`,  `TRACE_ID`) values('grsuper2ef32403dbf9dc989d0651205','39e1b3ec3d6e483b86c4923ea64c1111','groupsuperadmin',NULL,'0',NULL,NULL,NULL,NULL,'groupsuperadmin','权限管理维护','grsuper2ef32403dbf9dc989d0651205');
insert into `sys_auth_role_v` (`ID`, `AUTH_ID`, `ROLE_ID`, `SIGN`, `IS_REVOKE`, `CREATE_USER`, `CREATE_TIME`, `UPDATE_TIME`, `REMARK`, `LV_ID`, `AUTH_NAME`,  `TRACE_ID`) values('grsuper2ef32403dbf9dc989d0651206','39e1b3ec3d6e483b86c4923ea64c1112','groupsuperadmin',NULL,'0',NULL,NULL,NULL,NULL,'groupsuperadmin','指定权限绑定api资源权限','grsuper2ef32403dbf9dc989d0651206');
insert into `sys_auth_role_v` (`ID`, `AUTH_ID`, `ROLE_ID`, `SIGN`, `IS_REVOKE`, `CREATE_USER`, `CREATE_TIME`, `UPDATE_TIME`, `REMARK`, `LV_ID`, `AUTH_NAME`,  `TRACE_ID`) values('grsuper2ef32403dbf9dc989d0651210','e3b15ac90286450fbe5a721c9f542433','groupsuperadmin',NULL,'0',NULL,NULL,NULL,NULL,'groupsuperadmin','首页','grsuper2ef32403dbf9dc989d0651210');
insert into `sys_auth_role_v` (`ID`, `AUTH_ID`, `ROLE_ID`, `SIGN`, `IS_REVOKE`, `CREATE_USER`, `CREATE_TIME`, `UPDATE_TIME`, `REMARK`, `LV_ID`, `AUTH_NAME`,  `TRACE_ID`) values('grsuper2ef32403dbf9dc989d0651225','11116279a4a9416a8e20019821e61111','groupsuperadmin',NULL,'0',NULL,NULL,NULL,NULL,'groupsuperadmin','工作日历','grsuper2ef32403dbf9dc989d0651225');
insert into `sys_auth_role_v` (`ID`, `AUTH_ID`, `ROLE_ID`, `SIGN`, `IS_REVOKE`, `CREATE_USER`, `CREATE_TIME`, `UPDATE_TIME`, `REMARK`, `LV_ID`, `AUTH_NAME`,  `TRACE_ID`) values('grsuper2ef32403dbf9dc989d0651241','a16344b1790e41e98615f6cd19587572','groupsuperadmin',NULL,'0',NULL,NULL,NULL,NULL,'groupsuperadmin','岗位管理','grsuper2ef32403dbf9dc989d0651241');
insert into `sys_auth_role_v` (`ID`, `AUTH_ID`, `ROLE_ID`, `SIGN`, `IS_REVOKE`, `CREATE_USER`, `CREATE_TIME`, `UPDATE_TIME`, `REMARK`, `LV_ID`, `AUTH_NAME`,  `TRACE_ID`) values('grsuper2ef32403dbf9dc989d0651242','a16344b1790e41e98615f6cd1958757r','groupsuperadmin',NULL,'0',NULL,NULL,NULL,NULL,'groupsuperadmin','职务管理','grsuper2ef32403dbf9dc989d0651242');
insert into `sys_auth_role_v` (`ID`, `AUTH_ID`, `ROLE_ID`, `SIGN`, `IS_REVOKE`, `CREATE_USER`, `CREATE_TIME`, `UPDATE_TIME`, `REMARK`, `LV_ID`, `AUTH_NAME`,  `TRACE_ID`) values('grsuper2ef32403dbf9dc989d0651253','131e140bc2bd4361af5ee488f92b22ad','groupsuperadmin',NULL,'0',NULL,NULL,NULL,NULL,'groupsuperadmin','字典管理','grsuper2ef32403dbf9dc989d0651253');
insert into `sys_auth_role_v` (`ID`, `AUTH_ID`, `ROLE_ID`, `SIGN`, `IS_REVOKE`, `CREATE_USER`, `CREATE_TIME`, `UPDATE_TIME`, `REMARK`, `LV_ID`, `AUTH_NAME`,  `TRACE_ID`) values('grsuper07a3249d6ad180da0b4681112','1160858109884c5095eed968472c0235','groupsuperadmin',NULL,'0',NULL,NULL,NULL,NULL,'groupsuperadmin','集团级字典维护','grsuper07a3249d6ad180da0b4681112');
insert into `sys_auth_role_v` (`ID`, `AUTH_ID`, `ROLE_ID`, `SIGN`, `IS_REVOKE`, `CREATE_USER`, `CREATE_TIME`, `UPDATE_TIME`, `REMARK`, `LV_ID`, `AUTH_NAME`,  `TRACE_ID`) values('grsuper2ef32403dbf9dc989d0651236','8d4d2caee7f548889988da2747dfaa4a','groupsuperadmin',NULL,'0',NULL,NULL,NULL,NULL,'groupsuperadmin','角色全局管理',NULL);
insert into `sys_auth_role_v` (`ID`, `AUTH_ID`, `ROLE_ID`, `SIGN`, `IS_REVOKE`, `CREATE_USER`, `CREATE_TIME`, `UPDATE_TIME`, `REMARK`, `LV_ID`, `AUTH_NAME`,  `TRACE_ID`) values('grsuper7ea4a4e54acdaff4c84bb8371','99ea2ad7ea4a4e54acdaff4c84bb8371','groupsuperadmin',NULL,'0',NULL,NULL,NULL,NULL,'groupsuperadmin','运行日志','grsuper7ea4a4e54acdaff4c84bb8371');
insert into `sys_auth_role_v` (`ID`, `AUTH_ID`, `ROLE_ID`, `SIGN`, `IS_REVOKE`, `CREATE_USER`, `CREATE_TIME`, `UPDATE_TIME`, `REMARK`, `LV_ID`, `AUTH_NAME`,  `TRACE_ID`) values('grsuperea4a4e54acdaff4yhmzq8370','vbnmhd7ea4a4e54acdaff4yhmzq8370','groupsuperadmin',NULL,'0',NULL,NULL,NULL,NULL,'groupsuperadmin','小程序管理','grsuperea4a4e54acdaff4yhmzq8370');
insert into `sys_auth_role_v` (`ID`, `AUTH_ID`, `ROLE_ID`, `SIGN`, `IS_REVOKE`, `CREATE_USER`, `CREATE_TIME`, `UPDATE_TIME`, `REMARK`, `LV_ID`, `AUTH_NAME`,  `TRACE_ID`) values('grsuper2ef32403dbf9dc989d0651199','04d7893c4a4d4345b18b0789af13753f','groupsuperadmin',NULL,'0',NULL,NULL,NULL,NULL,'groupsuperadmin','审计日志','grsuper2ef32403dbf9dc989d0651199');
insert into `sys_auth_role_v` (`ID`, `AUTH_ID`, `ROLE_ID`, `SIGN`, `IS_REVOKE`, `CREATE_USER`, `CREATE_TIME`, `UPDATE_TIME`, `REMARK`, `LV_ID`, `AUTH_NAME`,  `TRACE_ID`) values('grsuper7ea4a4e54acdaff4c84bb8370','19ea2ad7ea4a4e54acdaff4c84bb8370','groupsuperadmin',NULL,'0',NULL,NULL,NULL,NULL,'groupsuperadmin','应用运行日志','grsuper7ea4a4e54acdaff4c84bb8370');


/** 应用超级管理员菜单权限关系 */
INSERT INTO `sys_auth_role` (`ID`, `AUTH_ID`, `ROLE_ID`, `SIGN`, `IS_REVOKE`, `CREATE_USER`, `CREATE_TIME`, `UPDATE_TIME`, `REMARK`, `AUTH_NAME`, `ROLE_NAME`, `TRACE_ID`) VALUES('superappa4a4e54acdaff4yhmzq8370','0745867ea4a4e54acdaff4yhmzq8370','appsuperadmin',NULL,'0',NULL,NULL,NULL,NULL,NULL,NULL,'superappa4a4e54acdaff4yhmzq8370');
INSERT INTO `sys_auth_role` (`ID`, `AUTH_ID`, `ROLE_ID`, `SIGN`, `IS_REVOKE`, `CREATE_USER`, `CREATE_TIME`, `UPDATE_TIME`, `REMARK`, `AUTH_NAME`, `ROLE_NAME`, `TRACE_ID`) VALUES('superappef32403dbf9dc989d0651139','39e1b3ec3d6e483b86c4923ea64cfeee','appsuperadmin',NULL,'0',NULL,NULL,NULL,NULL,'数据源管理',NULL,'superappef32403dbf9dc989d0651139');
INSERT INTO `sys_auth_role` (`ID`, `AUTH_ID`, `ROLE_ID`, `SIGN`, `IS_REVOKE`, `CREATE_USER`, `CREATE_TIME`, `UPDATE_TIME`, `REMARK`, `AUTH_NAME`, `ROLE_NAME`, `TRACE_ID`) VALUES('superappef32403dbf9dc989d0651140','39e1b3ec3d6e483b86c4923ea64cf111','appsuperadmin',NULL,'0',NULL,NULL,NULL,NULL,'数据源管理维护',NULL,'superappef32403dbf9dc989d0651140');
INSERT INTO `sys_auth_role` (`ID`, `AUTH_ID`, `ROLE_ID`, `SIGN`, `IS_REVOKE`, `CREATE_USER`, `CREATE_TIME`, `UPDATE_TIME`, `REMARK`, `AUTH_NAME`, `ROLE_NAME`, `TRACE_ID`) VALUES('superappef32403dbf9dc989d0651147','ac2a8ce16a614324b5ed4e9c24e7e904','appsuperadmin',NULL,'0',NULL,NULL,NULL,NULL,'系统配置项管理',NULL,'superappef32403dbf9dc989d0651147');
INSERT INTO `sys_auth_role` (`ID`, `AUTH_ID`, `ROLE_ID`, `SIGN`, `IS_REVOKE`, `CREATE_USER`, `CREATE_TIME`, `UPDATE_TIME`, `REMARK`, `AUTH_NAME`, `ROLE_NAME`, `TRACE_ID`) VALUES('superappef32403dbf9dc989d0651148','ac2a8ce16a614324b5ed4e9c24e71113','appsuperadmin',NULL,'0',NULL,NULL,NULL,NULL,'应用配置项维护',NULL,'superappef32403dbf9dc989d0651148');
INSERT INTO `sys_auth_role` (`ID`, `AUTH_ID`, `ROLE_ID`, `SIGN`, `IS_REVOKE`, `CREATE_USER`, `CREATE_TIME`, `UPDATE_TIME`, `REMARK`, `AUTH_NAME`, `ROLE_NAME`, `TRACE_ID`) VALUES('superappef32403dbf9dc989d0651149','ffc03579b06a4b7fae6c51c9ff48b311','appsuperadmin',NULL,'0',NULL,NULL,NULL,NULL,'附件配置项管理',NULL,'superappef32403dbf9dc989d0651149');
INSERT INTO `sys_auth_role` (`ID`, `AUTH_ID`, `ROLE_ID`, `SIGN`, `IS_REVOKE`, `CREATE_USER`, `CREATE_TIME`, `UPDATE_TIME`, `REMARK`, `AUTH_NAME`, `ROLE_NAME`, `TRACE_ID`) VALUES('superappef32403dbf9dc989d0651151','131e140bc2bd4361af5ee488f92b22ad','appsuperadmin',NULL,'0',NULL,NULL,NULL,NULL,'字典管理',NULL,'superappef32403dbf9dc989d0651151');
INSERT INTO `sys_auth_role` (`ID`, `AUTH_ID`, `ROLE_ID`, `SIGN`, `IS_REVOKE`, `CREATE_USER`, `CREATE_TIME`, `UPDATE_TIME`, `REMARK`, `AUTH_NAME`, `ROLE_NAME`, `TRACE_ID`) VALUES('superappef32403dbf9dc989d0651153','8bc5761a4d8d49e680515bc50f4baad1','appsuperadmin',NULL,'0',NULL,NULL,NULL,NULL,'菜单管理','NULL,superappef32403dbf9dc989d0651153');
INSERT INTO `sys_auth_role` (`ID`, `AUTH_ID`, `ROLE_ID`, `SIGN`, `IS_REVOKE`, `CREATE_USER`, `CREATE_TIME`, `UPDATE_TIME`, `REMARK`, `AUTH_NAME`, `ROLE_NAME`, `TRACE_ID`) VALUES('superappef32403dbf9dc989d0651154','8bc5761a4d8d49e680515bc50f4ba111','appsuperadmin',NULL,'0',NULL,NULL,NULL,NULL,'菜单管理维护',NULL,'superappef32403dbf9dc989d0651154');
INSERT INTO `sys_auth_role` (`ID`, `AUTH_ID`, `ROLE_ID`, `SIGN`, `IS_REVOKE`, `CREATE_USER`, `CREATE_TIME`, `UPDATE_TIME`, `REMARK`, `AUTH_NAME`, `ROLE_NAME`, `TRACE_ID`) VALUES('superappef32403dbf9dc989d0651155','39e1b3ec3d6e483b86c4923ea64cfdd0','appsuperadmin',NULL,'0',NULL,NULL,NULL,NULL,'权限定义',NULL,'superappef32403dbf9dc989d0651155');
INSERT INTO `sys_auth_role` (`ID`, `AUTH_ID`, `ROLE_ID`, `SIGN`, `IS_REVOKE`, `CREATE_USER`, `CREATE_TIME`, `UPDATE_TIME`, `REMARK`, `AUTH_NAME`, `ROLE_NAME`, `TRACE_ID`) VALUES('superappef32403dbf9dc989d0651156','39e1b3ec3d6e483b86c4923ea64c1111','appsuperadmin',NULL,'0',NULL,NULL,NULL,NULL,'权限管理维护',NULL,'superappef32403dbf9dc989d0651156');
INSERT INTO `sys_auth_role` (`ID`, `AUTH_ID`, `ROLE_ID`, `SIGN`, `IS_REVOKE`, `CREATE_USER`, `CREATE_TIME`, `UPDATE_TIME`, `REMARK`, `AUTH_NAME`, `ROLE_NAME`, `TRACE_ID`) VALUES('superappef32403dbf9dc989d0651157','8d4d2caee7f548889988da2747dfaa4a','appsuperadmin',NULL,'0',NULL,NULL,NULL,NULL,'角色管理',NULL,'superappef32403dbf9dc989d0651157');
INSERT INTO `sys_auth_role` (`ID`, `AUTH_ID`, `ROLE_ID`, `SIGN`, `IS_REVOKE`, `CREATE_USER`, `CREATE_TIME`, `UPDATE_TIME`, `REMARK`, `AUTH_NAME`, `ROLE_NAME`, `TRACE_ID`) VALUES('superappef32403dbf9dc989d0651158','39e1b3ec3d6e483b86c4923ea64c1112','appsuperadmin',NULL,'0',NULL,NULL,NULL,NULL,'指定权限绑定api资源权限',NULL,'superappef32403dbf9dc989d0651158');
INSERT INTO `sys_auth_role` (`ID`, `AUTH_ID`, `ROLE_ID`, `SIGN`, `IS_REVOKE`, `CREATE_USER`, `CREATE_TIME`, `UPDATE_TIME`, `REMARK`, `AUTH_NAME`, `ROLE_NAME`, `TRACE_ID`) VALUES('superappef32403dbf9dc989d0651164','334qb3ec3d6e483b86c4923ea64cf112','appsuperadmin',NULL,'0',NULL,NULL,NULL,NULL,'用户授权激活',NULL,'superappef32403dbf9dc989d0651164');
INSERT INTO `sys_auth_role` (`ID`, `AUTH_ID`, `ROLE_ID`, `SIGN`, `IS_REVOKE`, `CREATE_USER`, `CREATE_TIME`, `UPDATE_TIME`, `REMARK`, `AUTH_NAME`, `ROLE_NAME`, `TRACE_ID`) VALUES('superappef32403dbf9dc989d0651170','456wb3ec3d6e483b86c4923ea64cf112','appsuperadmin',NULL,'0',NULL,NULL,NULL,NULL,'角色授权激活',NULL,'superappef32403dbf9dc989d0651170');
INSERT INTO `sys_auth_role` (`ID`, `AUTH_ID`, `ROLE_ID`, `SIGN`, `IS_REVOKE`, `CREATE_USER`, `CREATE_TIME`, `UPDATE_TIME`, `REMARK`, `AUTH_NAME`, `ROLE_NAME`, `TRACE_ID`) VALUES('superappef32403dbf9dc989d0651174','67yub3ec3d6e483b86c4923ea64cf112','appsuperadmin',NULL,'0',NULL,NULL,NULL,NULL,'权限授权激活',NULL,'superappef32403dbf9dc989d0651174');
INSERT INTO `sys_auth_role` (`ID`, `AUTH_ID`, `ROLE_ID`, `SIGN`, `IS_REVOKE`, `CREATE_USER`, `CREATE_TIME`, `UPDATE_TIME`, `REMARK`, `AUTH_NAME`, `ROLE_NAME`, `TRACE_ID`) VALUES('superappef32403dbf9dc989d0651189','11316279a4a9416a8e20019821e640af','appsuperadmin',NULL,'0',NULL,NULL,NULL,NULL,'配置管理',NULL,'superappef32403dbf9dc989d0651189');
INSERT INTO `sys_auth_role` (`ID`, `AUTH_ID`, `ROLE_ID`, `SIGN`, `IS_REVOKE`, `CREATE_USER`, `CREATE_TIME`, `UPDATE_TIME`, `REMARK`, `AUTH_NAME`, `ROLE_NAME`, `TRACE_ID`) VALUES('superappef32403dbf9dc989d0651190','e3b15ac90286450fbe5a721c9f542451','appsuperadmin',NULL,'0',NULL,NULL,NULL,NULL,'系统管理',NULL,'superappef32403dbf9dc989d0651190');
INSERT INTO `sys_auth_role` (`ID`, `AUTH_ID`, `ROLE_ID`, `SIGN`, `IS_REVOKE`, `CREATE_USER`, `CREATE_TIME`, `UPDATE_TIME`, `REMARK`, `AUTH_NAME`, `ROLE_NAME`, `TRACE_ID`) VALUES('superappef32403dbf9dc989d0651192','11erb3ec3d6e483b86c4923ea64cfdd0','appsuperadmin',NULL,'0',NULL,NULL,NULL,NULL,'授权管理',NULL,'superappef32403dbf9dc989d0651192');
INSERT INTO `sys_auth_role` (`ID`, `AUTH_ID`, `ROLE_ID`, `SIGN`, `IS_REVOKE`, `CREATE_USER`, `CREATE_TIME`, `UPDATE_TIME`, `REMARK`, `AUTH_NAME`, `ROLE_NAME`, `TRACE_ID`) VALUES('superappef32403dbf9dc989d0651213','e3b15ac90286450fbe5a721c9f542433','appsuperadmin',NULL,'0',NULL,NULL,NULL,NULL,'首页',NULL,'superappef32403dbf9dc989d0651213');
INSERT INTO `sys_auth_role` (`ID`, `AUTH_ID`, `ROLE_ID`, `SIGN`, `IS_REVOKE`, `CREATE_USER`, `CREATE_TIME`, `UPDATE_TIME`, `REMARK`, `AUTH_NAME`, `ROLE_NAME`, `TRACE_ID`) VALUES('superappef32403dbf9dc989d0651224','22316279a4a9416a8e20019821e640af','appsuperadmin',NULL,'0',NULL,NULL,NULL,NULL,'定时任务',NULL,'superappef32403dbf9dc989d0651224');
INSERT INTO `sys_auth_role` (`ID`, `AUTH_ID`, `ROLE_ID`, `SIGN`, `IS_REVOKE`, `CREATE_USER`, `CREATE_TIME`, `UPDATE_TIME`, `REMARK`, `AUTH_NAME`, `ROLE_NAME`, `TRACE_ID`) VALUES('superappef32403dbf9dc989d0651227','3333ba3204344d37929abd4ad9a12222','appsuperadmin',NULL,'0',NULL,NULL,NULL,NULL,'工作流程',NULL,'superappef32403dbf9dc989d0651227');
INSERT INTO `sys_auth_role` (`ID`, `AUTH_ID`, `ROLE_ID`, `SIGN`, `IS_REVOKE`, `CREATE_USER`, `CREATE_TIME`, `UPDATE_TIME`, `REMARK`, `AUTH_NAME`, `ROLE_NAME`, `TRACE_ID`) VALUES('superappef32403dbf9dc989d0651228','3456ba3204344d37929abd4ad9a15678','appsuperadmin',NULL,'0',NULL,NULL,NULL,NULL,'流程定义',NULL,'superappef32403dbf9dc989d0651228');
INSERT INTO `sys_auth_role` (`ID`, `AUTH_ID`, `ROLE_ID`, `SIGN`, `IS_REVOKE`, `CREATE_USER`, `CREATE_TIME`, `UPDATE_TIME`, `REMARK`, `AUTH_NAME`, `ROLE_NAME`, `TRACE_ID`) VALUES('superappef32403dbf9dc989d0651229','7756ba3204344d37929abd4ad9a15699','appsuperadmin',NULL,'0',NULL,NULL,NULL,NULL,'全局变量',NULL,'superappef32403dbf9dc989d0651229');
INSERT INTO `sys_auth_role` (`ID`, `AUTH_ID`, `ROLE_ID`, `SIGN`, `IS_REVOKE`, `CREATE_USER`, `CREATE_TIME`, `UPDATE_TIME`, `REMARK`, `AUTH_NAME`, `ROLE_NAME`, `TRACE_ID`) VALUES('superappef32403dbf9dc989d0651230','1116ba3204344d37929abd4ad9a15222','appsuperadmin',NULL,'0',NULL,NULL,NULL,NULL,'全局规则',NULL,'superappef32403dbf9dc989d0651230');
INSERT INTO `sys_auth_role` (`ID`, `AUTH_ID`, `ROLE_ID`, `SIGN`, `IS_REVOKE`, `CREATE_USER`, `CREATE_TIME`, `UPDATE_TIME`, `REMARK`, `AUTH_NAME`, `ROLE_NAME`, `TRACE_ID`) VALUES('superappef32403dbf9dc989d0651243','twerba3204344d37929abd4ad9a1dfgh','appsuperadmin',NULL,'0',NULL,NULL,NULL,NULL,'数据展示',NULL,'superappef32403dbf9dc989d0651243');
INSERT INTO `sys_auth_role` (`ID`, `AUTH_ID`, `ROLE_ID`, `SIGN`, `IS_REVOKE`, `CREATE_USER`, `CREATE_TIME`, `UPDATE_TIME`, `REMARK`, `AUTH_NAME`, `ROLE_NAME`, `TRACE_ID`) VALUES('superappef32403dbf9dc989d0651244','1234ba3204344d37929abd4ad9a1dgth','appsuperadmin',NULL,'0',NULL,NULL,NULL,NULL,'业务类型',NULL,'superappef32403dbf9dc989d0651244');
INSERT INTO `sys_auth_role` (`ID`, `AUTH_ID`, `ROLE_ID`, `SIGN`, `IS_REVOKE`, `CREATE_USER`, `CREATE_TIME`, `UPDATE_TIME`, `REMARK`, `AUTH_NAME`, `ROLE_NAME`, `TRACE_ID`) VALUES('superappef32403dbf9dc989d0651245','2234ba3204344d37929abd4ad9a1dgth','appsuperadmin',NULL,'0',NULL,NULL,NULL,NULL,'报表设计',NULL,'superappef32403dbf9dc989d0651245');
INSERT INTO `sys_auth_role` (`ID`, `AUTH_ID`, `ROLE_ID`, `SIGN`, `IS_REVOKE`, `CREATE_USER`, `CREATE_TIME`, `UPDATE_TIME`, `REMARK`, `AUTH_NAME`, `ROLE_NAME`, `TRACE_ID`) VALUES('superappef32403dbf9dc989d0651246','3234ba3204344d37929abd4ad9a1dgth','appsuperadmin',NULL,'0',NULL,NULL,NULL,NULL,'报表浏览',NULL,'superappef32403dbf9dc989d0651246');
INSERT INTO `sys_auth_role` (`ID`, `AUTH_ID`, `ROLE_ID`, `SIGN`, `IS_REVOKE`, `CREATE_USER`, `CREATE_TIME`, `UPDATE_TIME`, `REMARK`, `AUTH_NAME`, `ROLE_NAME`, `TRACE_ID`) VALUES('superappef32403dbf9dc989d0651250','45676279a4a9416a8e20019821e6ghjk','appsuperadmin',NULL,'0',NULL,NULL,NULL,NULL,'消息通道',NULL,'superappef32403dbf9dc989d0651250');
INSERT INTO `sys_auth_role` (`ID`, `AUTH_ID`, `ROLE_ID`, `SIGN`, `IS_REVOKE`, `CREATE_USER`, `CREATE_TIME`, `UPDATE_TIME`, `REMARK`, `AUTH_NAME`, `ROLE_NAME`, `TRACE_ID`) VALUES('superappef32403dbf9dc989d0651251','yut76279a4a9416a8e20019821e6g45t','appsuperadmin',NULL,'0',NULL,NULL,NULL,NULL,NULL,NULL,NULL);
INSERT INTO `sys_auth_role` (`ID`, `AUTH_ID`, `ROLE_ID`, `SIGN`, `IS_REVOKE`, `CREATE_USER`, `CREATE_TIME`, `UPDATE_TIME`, `REMARK`, `AUTH_NAME`, `ROLE_NAME`, `TRACE_ID`) VALUES('superappa4a4e54acdaff4yhmzq8371','1275967ea4a4e54acdaff4yhmzq8370','appsuperadmin',NULL,'0',NULL,NULL,NULL,NULL,NULL,NULL,'superappa4a4e54acdaff4yhmzq8371');
INSERT INTO `sys_auth_role` (`ID`, `AUTH_ID`, `ROLE_ID`, `SIGN`, `IS_REVOKE`, `CREATE_USER`, `CREATE_TIME`, `UPDATE_TIME`, `REMARK`, `AUTH_NAME`, `ROLE_NAME`, `TRACE_ID`) VALUES('superapp7a3249d6ad180da0b4681113','1160858109884c5095eed968472c0236','appsuperadmin',NULL,'0',NULL,NULL,NULL,NULL,'应用级字典维护',NULL,'superappa3249d6ad180da0b4681113');
INSERT INTO `sys_auth_role` (`ID`, `AUTH_ID`, `ROLE_ID`, `SIGN`, `IS_REVOKE`, `CREATE_USER`, `CREATE_TIME`, `UPDATE_TIME`, `REMARK`, `AUTH_NAME`, `ROLE_NAME`, `TRACE_ID`) VALUES('superappea4a4e54acdaff4c84bb8379','19ea2ad7ea4a4e54acdaff4yhmzq8370','appsuperadmin',NULL,'0',NULL,NULL,NULL,NULL,'组件注册',NULL,'superappea4a4e54acdaff4c84bb8379');
INSERT INTO `sys_auth_role` (`ID`, `AUTH_ID`, `ROLE_ID`, `SIGN`, `IS_REVOKE`, `CREATE_USER`, `CREATE_TIME`, `UPDATE_TIME`, `REMARK`, `AUTH_NAME`, `ROLE_NAME`, `TRACE_ID`) VALUES('superapp04344d37929abd4ad9a1dg12','4599ba3204344d37929abd4ad9a1dgth','appsuperadmin',NULL,'0',NULL,NULL,NULL,NULL,NULL,NULL,'superapp04344d37929abd4ad9a1dg12');
INSERT INTO `sys_auth_role` (`ID`, `AUTH_ID`, `ROLE_ID`, `SIGN`, `IS_REVOKE`, `CREATE_USER`, `CREATE_TIME`, `UPDATE_TIME`, `REMARK`, `AUTH_NAME`, `ROLE_NAME`, `TRACE_ID`) VALUES('superapp04344d37929abd4ad9a1dg32','7784ba3204344d37929abd4ad9a1dgth','appsuperadmin',NULL,'0',NULL,NULL,NULL,NULL,NULL,NULL,'superapp04344d37929abd4ad9a1dg32');
INSERT INTO `sys_auth_role` (`ID`, `AUTH_ID`, `ROLE_ID`, `SIGN`, `IS_REVOKE`, `CREATE_USER`, `CREATE_TIME`, `UPDATE_TIME`, `REMARK`, `AUTH_NAME`, `ROLE_NAME`, `TRACE_ID`) VALUES('superapp04344d37929abd4ad9a1dg43','8234ba3204344d37929abd4ad9a1dgth','appsuperadmin',NULL,'0',NULL,NULL,NULL,NULL,NULL,NULL,'superapp04344d37929abd4ad9a1dg43');
INSERT INTO `sys_auth_role` (`ID`, `AUTH_ID`, `ROLE_ID`, `SIGN`, `IS_REVOKE`, `CREATE_USER`, `CREATE_TIME`, `UPDATE_TIME`, `REMARK`, `AUTH_NAME`, `ROLE_NAME`, `TRACE_ID`) VALUES('superappa4a4e54acdaff4yhmzq8373','byasmd7ea4a4e54acdaff4yhmzq8370','appsuperadmin',NULL,'0',NULL,NULL,NULL,NULL,NULL,NULL,'superappa4a4e54acdaff4yhmzq8373');
INSERT INTO `sys_auth_role` (`ID`, `AUTH_ID`, `ROLE_ID`, `SIGN`, `IS_REVOKE`, `CREATE_USER`, `CREATE_TIME`, `UPDATE_TIME`, `REMARK`, `AUTH_NAME`, `ROLE_NAME`, `TRACE_ID`) VALUES('superappa4a4e54acdaff4yhmzq8374','c789567ea4a4e54acdaff4yhmzq8370','appsuperadmin',NULL,'0',NULL,NULL,NULL,NULL,NULL,NULL,'superappa4a4e54acdaff4yhmzq8374');
INSERT INTO `sys_auth_role` (`ID`, `AUTH_ID`, `ROLE_ID`, `SIGN`, `IS_REVOKE`, `CREATE_USER`, `CREATE_TIME`, `UPDATE_TIME`, `REMARK`, `AUTH_NAME`, `ROLE_NAME`, `TRACE_ID`) VALUES('superappaoxi4d37929abd4ad9a1dgth','dapingxiaoxi4d37929abd4ad9a1dgth','appsuperadmin',NULL,'0',NULL,NULL,NULL,NULL,NULL,NULL,NULL);
INSERT INTO `sys_auth_role` (`ID`, `AUTH_ID`, `ROLE_ID`, `SIGN`, `IS_REVOKE`, `CREATE_USER`, `CREATE_TIME`, `UPDATE_TIME`, `REMARK`, `AUTH_NAME`, `ROLE_NAME`, `TRACE_ID`) VALUES('superappa4a4e54acdaff4yhmzq8375','bnuimd7ea4a4e54acdaff4yhmzq8370','appsuperadmin',NULL,'0',NULL,NULL,NULL,NULL,'消息模板',NULL,'superappa4a4e54acdaff4yhmzq8375');
INSERT INTO `sys_auth_role` (`ID`, `AUTH_ID`, `ROLE_ID`, `SIGN`, `IS_REVOKE`, `CREATE_USER`, `CREATE_TIME`, `UPDATE_TIME`, `REMARK`, `AUTH_NAME`, `ROLE_NAME`, `TRACE_ID`) VALUES('superappef32403dbf9dc989d0651165','334qb3ec3d6e483b86c4923ea64cfdd0','appsuperadmin',NULL,'0',NULL,NULL,NULL,NULL,'用户授权',NULL,'superappef32403dbf9dc989d0651165');
INSERT INTO `sys_auth_role` (`ID`, `AUTH_ID`, `ROLE_ID`, `SIGN`, `IS_REVOKE`, `CREATE_USER`, `CREATE_TIME`, `UPDATE_TIME`, `REMARK`, `AUTH_NAME`, `ROLE_NAME`, `TRACE_ID`) VALUES('superappef32403dbf9dc989d0651166','334qb3ec3d6e483b86c4923ea64cf111','appsuperadmin',NULL,'0',NULL,NULL,NULL,NULL,'用户授权保存',NULL,'superappef32403dbf9dc989d0651166');
INSERT INTO `sys_auth_role` (`ID`, `AUTH_ID`, `ROLE_ID`, `SIGN`, `IS_REVOKE`, `CREATE_USER`, `CREATE_TIME`, `UPDATE_TIME`, `REMARK`, `AUTH_NAME`, `ROLE_NAME`, `TRACE_ID`) VALUES('superappef32403dbf9dc989d0651167','334qb3ec3d6e483b86c4923ea64cf113','appsuperadmin',NULL,'0',NULL,NULL,NULL,NULL,'指定用户权限管控的组织范围',NULL,'superappef32403dbf9dc989d0651167');
INSERT INTO `sys_auth_role` (`ID`, `AUTH_ID`, `ROLE_ID`, `SIGN`, `IS_REVOKE`, `CREATE_USER`, `CREATE_TIME`, `UPDATE_TIME`, `REMARK`, `AUTH_NAME`, `ROLE_NAME`, `TRACE_ID`) VALUES('superappef32403dbf9dc989d0651168','334qb3ec3d6e483b86c4923ea64cf114','appsuperadmin',NULL,'0',NULL,NULL,NULL,NULL,'指定用户权限管控的用户组范围',NULL,'superappef32403dbf9dc989d0651168');
INSERT INTO `sys_auth_role` (`ID`, `AUTH_ID`, `ROLE_ID`, `SIGN`, `IS_REVOKE`, `CREATE_USER`, `CREATE_TIME`, `UPDATE_TIME`, `REMARK`, `AUTH_NAME`, `ROLE_NAME`, `TRACE_ID`) VALUES('superappef32403dbf9dc989d0651171','456wb3ec3d6e483b86c4923ea64cfdd0','appsuperadmin',NULL,'0',NULL,NULL,NULL,NULL,'角色授权',NULL,'superappef32403dbf9dc989d0651171');
INSERT INTO `sys_auth_role` (`ID`, `AUTH_ID`, `ROLE_ID`, `SIGN`, `IS_REVOKE`, `CREATE_USER`, `CREATE_TIME`, `UPDATE_TIME`, `REMARK`, `AUTH_NAME`, `ROLE_NAME`, `TRACE_ID`) VALUES('superappef32403dbf9dc989d0651172','456wb3ec3d6e483b86c4923ea64cf111','appsuperadmin',NULL,'0',NULL,NULL,NULL,NULL,'角色授权保存',NULL,'superappef32403dbf9dc989d0651172');
INSERT INTO `sys_auth_role` (`ID`, `AUTH_ID`, `ROLE_ID`, `SIGN`, `IS_REVOKE`, `CREATE_USER`, `CREATE_TIME`, `UPDATE_TIME`, `REMARK`, `AUTH_NAME`, `ROLE_NAME`, `TRACE_ID`) VALUES('superappef32403dbf9dc989d0651175','67yub3ec3d6e483b86c4923ea64cfdd0','appsuperadmin',NULL,'0',NULL,NULL,NULL,NULL,'权限授权',NULL,'superappef32403dbf9dc989d0651175');
INSERT INTO `sys_auth_role` (`ID`, `AUTH_ID`, `ROLE_ID`, `SIGN`, `IS_REVOKE`, `CREATE_USER`, `CREATE_TIME`, `UPDATE_TIME`, `REMARK`, `AUTH_NAME`, `ROLE_NAME`, `TRACE_ID`) VALUES('superappef32403dbf9dc989d0651176','67yub3ec3d6e483b86c4923ea64cf111','appsuperadmin',NULL,'0',NULL,NULL,NULL,NULL,'权限授权保存',NULL,'superappef32403dbf9dc989d0651176');
INSERT INTO `sys_auth_role` (`ID`, `AUTH_ID`, `ROLE_ID`, `SIGN`, `IS_REVOKE`, `CREATE_USER`, `CREATE_TIME`, `UPDATE_TIME`, `REMARK`, `AUTH_NAME`, `ROLE_NAME`, `TRACE_ID`) VALUES('superappef32403dbf9dc989d0651193','04d7893c4a4d4345b18b0789af13753f','appsuperadmin',NULL,'0',NULL,NULL,NULL,NULL,'审计日志',NULL,'superappef32403dbf9dc989d0651193');
INSERT INTO `sys_auth_role` (`ID`, `AUTH_ID`, `ROLE_ID`, `SIGN`, `IS_REVOKE`, `CREATE_USER`, `CREATE_TIME`, `UPDATE_TIME`, `REMARK`, `AUTH_NAME`, `ROLE_NAME`, `TRACE_ID`) VALUES('superappef32403dbf9dc989d0651234','tyuub3ec3d6e483b86c4923ea64cfwe5','appsuperadmin',NULL,'0',NULL,NULL,NULL,NULL,'角色分配',NULL,'superappef32403dbf9dc989d0651234');
INSERT INTO `sys_auth_role` (`ID`, `AUTH_ID`, `ROLE_ID`, `SIGN`, `IS_REVOKE`, `CREATE_USER`, `CREATE_TIME`, `UPDATE_TIME`, `REMARK`, `AUTH_NAME`, `ROLE_NAME`, `TRACE_ID`) VALUES('superappea4a4e54acdaff4c84bb8370','19ea2ad7ea4a4e54acdaff4c84bb8370','appsuperadmin',NULL,'0',NULL,NULL,NULL,NULL,'应用运行日志',NULL,'superappea4a4e54acdaff4c84bb8370');
INSERT INTO `sys_auth_role` (`ID`, `AUTH_ID`, `ROLE_ID`, `SIGN`, `IS_REVOKE`, `CREATE_USER`, `CREATE_TIME`, `UPDATE_TIME`, `REMARK`, `AUTH_NAME`, `ROLE_NAME`, `TRACE_ID`) VALUES('superappef32403dbf9dc989d0651254','frggb3ec3d6e483b86c4923ea64cvbnu','appsuperadmin',NULL,'0',NULL,NULL,NULL,NULL,'角色审计',NULL,'superappef32403dbf9dc989d0651254');
INSERT INTO `sys_auth_role` (`ID`, `AUTH_ID`, `ROLE_ID`, `SIGN`, `IS_REVOKE`, `CREATE_USER`, `CREATE_TIME`, `UPDATE_TIME`, `REMARK`, `AUTH_NAME`, `ROLE_NAME`, `TRACE_ID`) VALUES('superappef32403dbf9dc989d0651255','hjuub3ec3d6e483b86c4923ea64cnmui','appsuperadmin',NULL,'0',NULL,NULL,NULL,NULL,'授权审计',NULL,'superappef32403dbf9dc989d0651255');

INSERT  INTO `sys_auth_role_lv`(`ID`,`VERSION_NO`,`IS_LAST_VERSION`,`VERSION_BEGIN_TIME`,`VERSION_END_TIME`,`VERSION_BEGIN_USER_ID`,`VERSION_END_USER_ID`,`ROLE_ID`) VALUES ('appsuperadmin',1,1,NULL,NULL,NULL,NULL,'appsuperadmin');


INSERT INTO `sys_auth_role_v` (`ID`, `AUTH_ID`, `ROLE_ID`, `SIGN`, `IS_REVOKE`, `CREATE_USER`, `CREATE_TIME`, `UPDATE_TIME`, `REMARK`, `LV_ID`, `AUTH_NAME`,  `TRACE_ID`) VALUES('superappa4a4e54acdaff4yhmzq8370','0745867ea4a4e54acdaff4yhmzq8370','appsuperadmin',NULL,'0',NULL,NULL,NULL,NULL,'appsuperadmin',NULL,'superappa4a4e54acdaff4yhmzq8370');
INSERT INTO `sys_auth_role_v` (`ID`, `AUTH_ID`, `ROLE_ID`, `SIGN`, `IS_REVOKE`, `CREATE_USER`, `CREATE_TIME`, `UPDATE_TIME`, `REMARK`, `LV_ID`, `AUTH_NAME`,  `TRACE_ID`) VALUES('superappef32403dbf9dc989d0651139','39e1b3ec3d6e483b86c4923ea64cfeee','appsuperadmin',NULL,'0',NULL,NULL,NULL,NULL,'appsuperadmin','数据源管理','superappef32403dbf9dc989d0651139');
INSERT INTO `sys_auth_role_v` (`ID`, `AUTH_ID`, `ROLE_ID`, `SIGN`, `IS_REVOKE`, `CREATE_USER`, `CREATE_TIME`, `UPDATE_TIME`, `REMARK`, `LV_ID`, `AUTH_NAME`,  `TRACE_ID`) VALUES('superappef32403dbf9dc989d0651140','39e1b3ec3d6e483b86c4923ea64cf111','appsuperadmin',NULL,'0',NULL,NULL,NULL,NULL,'appsuperadmin','数据源管理维护','superappef32403dbf9dc989d0651140');
INSERT INTO `sys_auth_role_v` (`ID`, `AUTH_ID`, `ROLE_ID`, `SIGN`, `IS_REVOKE`, `CREATE_USER`, `CREATE_TIME`, `UPDATE_TIME`, `REMARK`, `LV_ID`, `AUTH_NAME`,  `TRACE_ID`) VALUES('superappef32403dbf9dc989d0651147','ac2a8ce16a614324b5ed4e9c24e7e904','appsuperadmin',NULL,'0',NULL,NULL,NULL,NULL,'appsuperadmin','系统配置项管理','superappef32403dbf9dc989d0651147');
INSERT INTO `sys_auth_role_v` (`ID`, `AUTH_ID`, `ROLE_ID`, `SIGN`, `IS_REVOKE`, `CREATE_USER`, `CREATE_TIME`, `UPDATE_TIME`, `REMARK`, `LV_ID`, `AUTH_NAME`,  `TRACE_ID`) VALUES('superappef32403dbf9dc989d0651148','ac2a8ce16a614324b5ed4e9c24e71113','appsuperadmin',NULL,'0',NULL,NULL,NULL,NULL,'appsuperadmin','应用配置项维护','superappef32403dbf9dc989d0651148');
INSERT INTO `sys_auth_role_v` (`ID`, `AUTH_ID`, `ROLE_ID`, `SIGN`, `IS_REVOKE`, `CREATE_USER`, `CREATE_TIME`, `UPDATE_TIME`, `REMARK`, `LV_ID`, `AUTH_NAME`,  `TRACE_ID`) VALUES('superappef32403dbf9dc989d0651149','ffc03579b06a4b7fae6c51c9ff48b311','appsuperadmin',NULL,'0',NULL,NULL,NULL,NULL,'appsuperadmin','附件配置项管理','superappef32403dbf9dc989d0651149');
INSERT INTO `sys_auth_role_v` (`ID`, `AUTH_ID`, `ROLE_ID`, `SIGN`, `IS_REVOKE`, `CREATE_USER`, `CREATE_TIME`, `UPDATE_TIME`, `REMARK`, `LV_ID`, `AUTH_NAME`,  `TRACE_ID`) VALUES('superappef32403dbf9dc989d0651151','131e140bc2bd4361af5ee488f92b22ad','appsuperadmin',NULL,'0',NULL,NULL,NULL,NULL,'appsuperadmin','字典管理','superappef32403dbf9dc989d0651151');
INSERT INTO `sys_auth_role_v` (`ID`, `AUTH_ID`, `ROLE_ID`, `SIGN`, `IS_REVOKE`, `CREATE_USER`, `CREATE_TIME`, `UPDATE_TIME`, `REMARK`, `LV_ID`, `AUTH_NAME`,  `TRACE_ID`) VALUES('superappef32403dbf9dc989d0651153','8bc5761a4d8d49e680515bc50f4baad1','appsuperadmin',NULL,'0',NULL,NULL,NULL,NULL,'appsuperadmin','菜单管理','superappef32403dbf9dc989d0651153');
INSERT INTO `sys_auth_role_v` (`ID`, `AUTH_ID`, `ROLE_ID`, `SIGN`, `IS_REVOKE`, `CREATE_USER`, `CREATE_TIME`, `UPDATE_TIME`, `REMARK`, `LV_ID`, `AUTH_NAME`,  `TRACE_ID`) VALUES('superappef32403dbf9dc989d0651154','8bc5761a4d8d49e680515bc50f4ba111','appsuperadmin',NULL,'0',NULL,NULL,NULL,NULL,'appsuperadmin','菜单管理维护','superappef32403dbf9dc989d0651154');
INSERT INTO `sys_auth_role_v` (`ID`, `AUTH_ID`, `ROLE_ID`, `SIGN`, `IS_REVOKE`, `CREATE_USER`, `CREATE_TIME`, `UPDATE_TIME`, `REMARK`, `LV_ID`, `AUTH_NAME`,  `TRACE_ID`) VALUES('superappef32403dbf9dc989d0651155','39e1b3ec3d6e483b86c4923ea64cfdd0','appsuperadmin',NULL,'0',NULL,NULL,NULL,NULL,'appsuperadmin','权限定义','superappef32403dbf9dc989d0651155');
INSERT INTO `sys_auth_role_v` (`ID`, `AUTH_ID`, `ROLE_ID`, `SIGN`, `IS_REVOKE`, `CREATE_USER`, `CREATE_TIME`, `UPDATE_TIME`, `REMARK`, `LV_ID`, `AUTH_NAME`,  `TRACE_ID`) VALUES('superappef32403dbf9dc989d0651156','39e1b3ec3d6e483b86c4923ea64c1111','appsuperadmin',NULL,'0',NULL,NULL,NULL,NULL,'appsuperadmin','权限管理维护','superappef32403dbf9dc989d0651156');
INSERT INTO `sys_auth_role_v` (`ID`, `AUTH_ID`, `ROLE_ID`, `SIGN`, `IS_REVOKE`, `CREATE_USER`, `CREATE_TIME`, `UPDATE_TIME`, `REMARK`, `LV_ID`, `AUTH_NAME`,  `TRACE_ID`) VALUES('superappef32403dbf9dc989d0651157','8d4d2caee7f548889988da2747dfaa4a','appsuperadmin',NULL,'0',NULL,NULL,NULL,NULL,'appsuperadmin','角色管理','superappef32403dbf9dc989d0651157');
INSERT INTO `sys_auth_role_v` (`ID`, `AUTH_ID`, `ROLE_ID`, `SIGN`, `IS_REVOKE`, `CREATE_USER`, `CREATE_TIME`, `UPDATE_TIME`, `REMARK`, `LV_ID`, `AUTH_NAME`,  `TRACE_ID`) VALUES('superappef32403dbf9dc989d0651158','39e1b3ec3d6e483b86c4923ea64c1112','appsuperadmin',NULL,'0',NULL,NULL,NULL,NULL,'appsuperadmin','指定权限绑定api资源权限','superappef32403dbf9dc989d0651158');
INSERT INTO `sys_auth_role_v` (`ID`, `AUTH_ID`, `ROLE_ID`, `SIGN`, `IS_REVOKE`, `CREATE_USER`, `CREATE_TIME`, `UPDATE_TIME`, `REMARK`, `LV_ID`, `AUTH_NAME`,  `TRACE_ID`) VALUES('superappef32403dbf9dc989d0651164','334qb3ec3d6e483b86c4923ea64cf112','appsuperadmin',NULL,'0',NULL,NULL,NULL,NULL,'appsuperadmin','用户授权激活','superappef32403dbf9dc989d0651164');
INSERT INTO `sys_auth_role_v` (`ID`, `AUTH_ID`, `ROLE_ID`, `SIGN`, `IS_REVOKE`, `CREATE_USER`, `CREATE_TIME`, `UPDATE_TIME`, `REMARK`, `LV_ID`, `AUTH_NAME`,  `TRACE_ID`) VALUES('superappef32403dbf9dc989d0651170','456wb3ec3d6e483b86c4923ea64cf112','appsuperadmin',NULL,'0',NULL,NULL,NULL,NULL,'appsuperadmin','角色授权激活','superappef32403dbf9dc989d0651170');
INSERT INTO `sys_auth_role_v` (`ID`, `AUTH_ID`, `ROLE_ID`, `SIGN`, `IS_REVOKE`, `CREATE_USER`, `CREATE_TIME`, `UPDATE_TIME`, `REMARK`, `LV_ID`, `AUTH_NAME`,  `TRACE_ID`) VALUES('superappef32403dbf9dc989d0651174','67yub3ec3d6e483b86c4923ea64cf112','appsuperadmin',NULL,'0',NULL,NULL,NULL,NULL,'appsuperadmin','权限授权激活','superappef32403dbf9dc989d0651174');
INSERT INTO `sys_auth_role_v` (`ID`, `AUTH_ID`, `ROLE_ID`, `SIGN`, `IS_REVOKE`, `CREATE_USER`, `CREATE_TIME`, `UPDATE_TIME`, `REMARK`, `LV_ID`, `AUTH_NAME`,  `TRACE_ID`) VALUES('superappef32403dbf9dc989d0651189','11316279a4a9416a8e20019821e640af','appsuperadmin',NULL,'0',NULL,NULL,NULL,NULL,'appsuperadmin','配置管理','superappef32403dbf9dc989d0651189');
INSERT INTO `sys_auth_role_v` (`ID`, `AUTH_ID`, `ROLE_ID`, `SIGN`, `IS_REVOKE`, `CREATE_USER`, `CREATE_TIME`, `UPDATE_TIME`, `REMARK`, `LV_ID`, `AUTH_NAME`,  `TRACE_ID`) VALUES('superappef32403dbf9dc989d0651190','e3b15ac90286450fbe5a721c9f542451','appsuperadmin',NULL,'0',NULL,NULL,NULL,NULL,'appsuperadmin','系统管理','superappef32403dbf9dc989d0651190');
INSERT INTO `sys_auth_role_v` (`ID`, `AUTH_ID`, `ROLE_ID`, `SIGN`, `IS_REVOKE`, `CREATE_USER`, `CREATE_TIME`, `UPDATE_TIME`, `REMARK`, `LV_ID`, `AUTH_NAME`,  `TRACE_ID`) VALUES('superappef32403dbf9dc989d0651192','11erb3ec3d6e483b86c4923ea64cfdd0','appsuperadmin',NULL,'0',NULL,NULL,NULL,NULL,'appsuperadmin','授权管理','superappef32403dbf9dc989d0651192');
INSERT INTO `sys_auth_role_v` (`ID`, `AUTH_ID`, `ROLE_ID`, `SIGN`, `IS_REVOKE`, `CREATE_USER`, `CREATE_TIME`, `UPDATE_TIME`, `REMARK`, `LV_ID`, `AUTH_NAME`,  `TRACE_ID`) VALUES('superappef32403dbf9dc989d0651213','e3b15ac90286450fbe5a721c9f542433','appsuperadmin',NULL,'0',NULL,NULL,NULL,NULL,'appsuperadmin','首页','superappef32403dbf9dc989d0651213');
INSERT INTO `sys_auth_role_v` (`ID`, `AUTH_ID`, `ROLE_ID`, `SIGN`, `IS_REVOKE`, `CREATE_USER`, `CREATE_TIME`, `UPDATE_TIME`, `REMARK`, `LV_ID`, `AUTH_NAME`,  `TRACE_ID`) VALUES('superappef32403dbf9dc989d0651224','22316279a4a9416a8e20019821e640af','appsuperadmin',NULL,'0',NULL,NULL,NULL,NULL,'appsuperadmin','定时任务','superappef32403dbf9dc989d0651224');
INSERT INTO `sys_auth_role_v` (`ID`, `AUTH_ID`, `ROLE_ID`, `SIGN`, `IS_REVOKE`, `CREATE_USER`, `CREATE_TIME`, `UPDATE_TIME`, `REMARK`, `LV_ID`, `AUTH_NAME`,  `TRACE_ID`) VALUES('superappef32403dbf9dc989d0651227','3333ba3204344d37929abd4ad9a12222','appsuperadmin',NULL,'0',NULL,NULL,NULL,NULL,'appsuperadmin','工作流程','superappef32403dbf9dc989d0651227');
INSERT INTO `sys_auth_role_v` (`ID`, `AUTH_ID`, `ROLE_ID`, `SIGN`, `IS_REVOKE`, `CREATE_USER`, `CREATE_TIME`, `UPDATE_TIME`, `REMARK`, `LV_ID`, `AUTH_NAME`,  `TRACE_ID`) VALUES('superappef32403dbf9dc989d0651228','3456ba3204344d37929abd4ad9a15678','appsuperadmin',NULL,'0',NULL,NULL,NULL,NULL,'appsuperadmin','流程定义','superappef32403dbf9dc989d0651228');
INSERT INTO `sys_auth_role_v` (`ID`, `AUTH_ID`, `ROLE_ID`, `SIGN`, `IS_REVOKE`, `CREATE_USER`, `CREATE_TIME`, `UPDATE_TIME`, `REMARK`, `LV_ID`, `AUTH_NAME`,  `TRACE_ID`) VALUES('superappef32403dbf9dc989d0651229','7756ba3204344d37929abd4ad9a15699','appsuperadmin',NULL,'0',NULL,NULL,NULL,NULL,'appsuperadmin','全局变量','superappef32403dbf9dc989d0651229');
INSERT INTO `sys_auth_role_v` (`ID`, `AUTH_ID`, `ROLE_ID`, `SIGN`, `IS_REVOKE`, `CREATE_USER`, `CREATE_TIME`, `UPDATE_TIME`, `REMARK`, `LV_ID`, `AUTH_NAME`,  `TRACE_ID`) VALUES('superappef32403dbf9dc989d0651230','1116ba3204344d37929abd4ad9a15222','appsuperadmin',NULL,'0',NULL,NULL,NULL,NULL,'appsuperadmin','全局规则','superappef32403dbf9dc989d0651230');
INSERT INTO `sys_auth_role_v` (`ID`, `AUTH_ID`, `ROLE_ID`, `SIGN`, `IS_REVOKE`, `CREATE_USER`, `CREATE_TIME`, `UPDATE_TIME`, `REMARK`, `LV_ID`, `AUTH_NAME`,  `TRACE_ID`) VALUES('superappef32403dbf9dc989d0651243','twerba3204344d37929abd4ad9a1dfgh','appsuperadmin',NULL,'0',NULL,NULL,NULL,NULL,'appsuperadmin','数据展示','superappef32403dbf9dc989d0651243');
INSERT INTO `sys_auth_role_v` (`ID`, `AUTH_ID`, `ROLE_ID`, `SIGN`, `IS_REVOKE`, `CREATE_USER`, `CREATE_TIME`, `UPDATE_TIME`, `REMARK`, `LV_ID`, `AUTH_NAME`,  `TRACE_ID`) VALUES('superappef32403dbf9dc989d0651244','1234ba3204344d37929abd4ad9a1dgth','appsuperadmin',NULL,'0',NULL,NULL,NULL,NULL,'appsuperadmin','业务类型','superappef32403dbf9dc989d0651244');
INSERT INTO `sys_auth_role_v` (`ID`, `AUTH_ID`, `ROLE_ID`, `SIGN`, `IS_REVOKE`, `CREATE_USER`, `CREATE_TIME`, `UPDATE_TIME`, `REMARK`, `LV_ID`, `AUTH_NAME`,  `TRACE_ID`) VALUES('superappef32403dbf9dc989d0651245','2234ba3204344d37929abd4ad9a1dgth','appsuperadmin',NULL,'0',NULL,NULL,NULL,NULL,'appsuperadmin','报表设计','superappef32403dbf9dc989d0651245');
INSERT INTO `sys_auth_role_v` (`ID`, `AUTH_ID`, `ROLE_ID`, `SIGN`, `IS_REVOKE`, `CREATE_USER`, `CREATE_TIME`, `UPDATE_TIME`, `REMARK`, `LV_ID`, `AUTH_NAME`,  `TRACE_ID`) VALUES('superappef32403dbf9dc989d0651246','3234ba3204344d37929abd4ad9a1dgth','appsuperadmin',NULL,'0',NULL,NULL,NULL,NULL,'appsuperadmin','报表浏览','superappef32403dbf9dc989d0651246');
INSERT INTO `sys_auth_role_v` (`ID`, `AUTH_ID`, `ROLE_ID`, `SIGN`, `IS_REVOKE`, `CREATE_USER`, `CREATE_TIME`, `UPDATE_TIME`, `REMARK`, `LV_ID`, `AUTH_NAME`,  `TRACE_ID`) VALUES('superappef32403dbf9dc989d0651250','45676279a4a9416a8e20019821e6ghjk','appsuperadmin',NULL,'0',NULL,NULL,NULL,NULL,'appsuperadmin','消息通道','superappef32403dbf9dc989d0651250');
INSERT INTO `sys_auth_role_v` (`ID`, `AUTH_ID`, `ROLE_ID`, `SIGN`, `IS_REVOKE`, `CREATE_USER`, `CREATE_TIME`, `UPDATE_TIME`, `REMARK`, `LV_ID`, `AUTH_NAME`,  `TRACE_ID`) VALUES('superappef32403dbf9dc989d0651251','yut76279a4a9416a8e20019821e6g45t','appsuperadmin',NULL,'0',NULL,NULL,NULL,NULL,'appsuperadmin',NULL,NULL);
INSERT INTO `sys_auth_role_v` (`ID`, `AUTH_ID`, `ROLE_ID`, `SIGN`, `IS_REVOKE`, `CREATE_USER`, `CREATE_TIME`, `UPDATE_TIME`, `REMARK`, `LV_ID`, `AUTH_NAME`,  `TRACE_ID`) VALUES('superappa4a4e54acdaff4yhmzq8376','1275967ea4a4e54acdaff4yhmzq8370','appsuperadmin',NULL,'0',NULL,NULL,NULL,NULL,'appsuperadmin',NULL,'superappa4a4e54acdaff4yhmzq8376');
INSERT INTO `sys_auth_role_v` (`ID`, `AUTH_ID`, `ROLE_ID`, `SIGN`, `IS_REVOKE`, `CREATE_USER`, `CREATE_TIME`, `UPDATE_TIME`, `REMARK`, `LV_ID`, `AUTH_NAME`,  `TRACE_ID`) VALUES('superapp7a3249d6ad180da0b4681113','1160858109884c5095eed968472c0236','appsuperadmin',NULL,'0',NULL,NULL,NULL,NULL,'appsuperadmin','应用级字典维护','superappa3249d6ad180da0b4681113');
INSERT INTO `sys_auth_role_v` (`ID`, `AUTH_ID`, `ROLE_ID`, `SIGN`, `IS_REVOKE`, `CREATE_USER`, `CREATE_TIME`, `UPDATE_TIME`, `REMARK`, `LV_ID`, `AUTH_NAME`,  `TRACE_ID`) VALUES('superappea4a4e54acdaff4c84bb8379','19ea2ad7ea4a4e54acdaff4yhmzq8370','appsuperadmin',NULL,'0',NULL,NULL,NULL,NULL,'appsuperadmin','组件注册','superappea4a4e54acdaff4c84bb8379');
INSERT INTO `sys_auth_role_v` (`ID`, `AUTH_ID`, `ROLE_ID`, `SIGN`, `IS_REVOKE`, `CREATE_USER`, `CREATE_TIME`, `UPDATE_TIME`, `REMARK`, `LV_ID`, `AUTH_NAME`,  `TRACE_ID`) VALUES('superapp04344d37929abd4ad9a1dg12','4599ba3204344d37929abd4ad9a1dgth','appsuperadmin',NULL,'0',NULL,NULL,NULL,NULL,'appsuperadmin',NULL,'superapp04344d37929abd4ad9a1dg12');
INSERT INTO `sys_auth_role_v` (`ID`, `AUTH_ID`, `ROLE_ID`, `SIGN`, `IS_REVOKE`, `CREATE_USER`, `CREATE_TIME`, `UPDATE_TIME`, `REMARK`, `LV_ID`, `AUTH_NAME`,  `TRACE_ID`) VALUES('superapp04344d37929abd4ad9a1dg32','7784ba3204344d37929abd4ad9a1dgth','appsuperadmin',NULL,'0',NULL,NULL,NULL,NULL,'appsuperadmin',NULL,'superapp04344d37929abd4ad9a1dg32');
INSERT INTO `sys_auth_role_v` (`ID`, `AUTH_ID`, `ROLE_ID`, `SIGN`, `IS_REVOKE`, `CREATE_USER`, `CREATE_TIME`, `UPDATE_TIME`, `REMARK`, `LV_ID`, `AUTH_NAME`,  `TRACE_ID`) VALUES('superapp04344d37929abd4ad9a1dg43','8234ba3204344d37929abd4ad9a1dgth','appsuperadmin',NULL,'0',NULL,NULL,NULL,NULL,'appsuperadmin',NULL,'superapp04344d37929abd4ad9a1dg43');
INSERT INTO `sys_auth_role_v` (`ID`, `AUTH_ID`, `ROLE_ID`, `SIGN`, `IS_REVOKE`, `CREATE_USER`, `CREATE_TIME`, `UPDATE_TIME`, `REMARK`, `LV_ID`, `AUTH_NAME`,  `TRACE_ID`) VALUES('superappa4a4e54acdaff4yhmzq8373','byasmd7ea4a4e54acdaff4yhmzq8370','appsuperadmin',NULL,'0',NULL,NULL,NULL,NULL,'appsuperadmin',NULL,'superappa4a4e54acdaff4yhmzq8373');
INSERT INTO `sys_auth_role_v` (`ID`, `AUTH_ID`, `ROLE_ID`, `SIGN`, `IS_REVOKE`, `CREATE_USER`, `CREATE_TIME`, `UPDATE_TIME`, `REMARK`, `LV_ID`, `AUTH_NAME`,  `TRACE_ID`) VALUES('superappa4a4e54acdaff4yhmzq8374','c789567ea4a4e54acdaff4yhmzq8370','appsuperadmin',NULL,'0',NULL,NULL,NULL,NULL,'appsuperadmin',NULL,'superappa4a4e54acdaff4yhmzq8374');
INSERT INTO `sys_auth_role_v` (`ID`, `AUTH_ID`, `ROLE_ID`, `SIGN`, `IS_REVOKE`, `CREATE_USER`, `CREATE_TIME`, `UPDATE_TIME`, `REMARK`, `LV_ID`, `AUTH_NAME`,  `TRACE_ID`) VALUES('superappaoxi4d37929abd4ad9a1dgth','dapingxiaoxi4d37929abd4ad9a1dgth','appsuperadmin',NULL,'0',NULL,NULL,NULL,NULL,'appsuperadmin',NULL,NULL);
INSERT INTO `sys_auth_role_v` (`ID`, `AUTH_ID`, `ROLE_ID`, `SIGN`, `IS_REVOKE`, `CREATE_USER`, `CREATE_TIME`, `UPDATE_TIME`, `REMARK`, `LV_ID`, `AUTH_NAME`,  `TRACE_ID`) VALUES('superappa4a4e54acdaff4yhmzq8375','bnuimd7ea4a4e54acdaff4yhmzq8370','appsuperadmin',NULL,'0',NULL,NULL,NULL,NULL,'appsuperadmin','消息模板','superappa4a4e54acdaff4yhmzq8375');
INSERT INTO `sys_auth_role_v` (`ID`, `AUTH_ID`, `ROLE_ID`, `SIGN`, `IS_REVOKE`, `CREATE_USER`, `CREATE_TIME`, `UPDATE_TIME`, `REMARK`, `LV_ID`, `AUTH_NAME`,  `TRACE_ID`) VALUES('superappef32403dbf9dc989d0651165','334qb3ec3d6e483b86c4923ea64cfdd0','appsuperadmin',NULL,'0',NULL,NULL,NULL,NULL,'appsuperadmin','用户授权','superappef32403dbf9dc989d0651165');
INSERT INTO `sys_auth_role_v` (`ID`, `AUTH_ID`, `ROLE_ID`, `SIGN`, `IS_REVOKE`, `CREATE_USER`, `CREATE_TIME`, `UPDATE_TIME`, `REMARK`, `LV_ID`, `AUTH_NAME`,  `TRACE_ID`) VALUES('superappef32403dbf9dc989d0651166','334qb3ec3d6e483b86c4923ea64cf111','appsuperadmin',NULL,'0',NULL,NULL,NULL,NULL,'appsuperadmin','用户授权保存','superappef32403dbf9dc989d0651166');
INSERT INTO `sys_auth_role_v` (`ID`, `AUTH_ID`, `ROLE_ID`, `SIGN`, `IS_REVOKE`, `CREATE_USER`, `CREATE_TIME`, `UPDATE_TIME`, `REMARK`, `LV_ID`, `AUTH_NAME`,  `TRACE_ID`) VALUES('superappef32403dbf9dc989d0651167','334qb3ec3d6e483b86c4923ea64cf113','appsuperadmin',NULL,'0',NULL,NULL,NULL,NULL,'appsuperadmin','指定用户权限管控的组织范围','superappef32403dbf9dc989d0651167');
INSERT INTO `sys_auth_role_v` (`ID`, `AUTH_ID`, `ROLE_ID`, `SIGN`, `IS_REVOKE`, `CREATE_USER`, `CREATE_TIME`, `UPDATE_TIME`, `REMARK`, `LV_ID`, `AUTH_NAME`,  `TRACE_ID`) VALUES('superappef32403dbf9dc989d0651168','334qb3ec3d6e483b86c4923ea64cf114','appsuperadmin',NULL,'0',NULL,NULL,NULL,NULL,'appsuperadmin','指定用户权限管控的用户组范围','superappef32403dbf9dc989d0651168');
INSERT INTO `sys_auth_role_v` (`ID`, `AUTH_ID`, `ROLE_ID`, `SIGN`, `IS_REVOKE`, `CREATE_USER`, `CREATE_TIME`, `UPDATE_TIME`, `REMARK`, `LV_ID`, `AUTH_NAME`,  `TRACE_ID`) VALUES('superappef32403dbf9dc989d0651171','456wb3ec3d6e483b86c4923ea64cfdd0','appsuperadmin',NULL,'0',NULL,NULL,NULL,NULL,'appsuperadmin','角色授权','superappef32403dbf9dc989d0651171');
INSERT INTO `sys_auth_role_v` (`ID`, `AUTH_ID`, `ROLE_ID`, `SIGN`, `IS_REVOKE`, `CREATE_USER`, `CREATE_TIME`, `UPDATE_TIME`, `REMARK`, `LV_ID`, `AUTH_NAME`,  `TRACE_ID`) VALUES('superappef32403dbf9dc989d0651172','456wb3ec3d6e483b86c4923ea64cf111','appsuperadmin',NULL,'0',NULL,NULL,NULL,NULL,'appsuperadmin','角色授权保存','superappef32403dbf9dc989d0651172');
INSERT INTO `sys_auth_role_v` (`ID`, `AUTH_ID`, `ROLE_ID`, `SIGN`, `IS_REVOKE`, `CREATE_USER`, `CREATE_TIME`, `UPDATE_TIME`, `REMARK`, `LV_ID`, `AUTH_NAME`,  `TRACE_ID`) VALUES('superappef32403dbf9dc989d0651175','67yub3ec3d6e483b86c4923ea64cfdd0','appsuperadmin',NULL,'0',NULL,NULL,NULL,NULL,'appsuperadmin','权限授权','superappef32403dbf9dc989d0651175');
INSERT INTO `sys_auth_role_v` (`ID`, `AUTH_ID`, `ROLE_ID`, `SIGN`, `IS_REVOKE`, `CREATE_USER`, `CREATE_TIME`, `UPDATE_TIME`, `REMARK`, `LV_ID`, `AUTH_NAME`,  `TRACE_ID`) VALUES('superappef32403dbf9dc989d0651176','67yub3ec3d6e483b86c4923ea64cf111','appsuperadmin',NULL,'0',NULL,NULL,NULL,NULL,'appsuperadmin','权限授权保存','superappef32403dbf9dc989d0651176');
INSERT INTO `sys_auth_role_v` (`ID`, `AUTH_ID`, `ROLE_ID`, `SIGN`, `IS_REVOKE`, `CREATE_USER`, `CREATE_TIME`, `UPDATE_TIME`, `REMARK`, `LV_ID`, `AUTH_NAME`,  `TRACE_ID`) VALUES('superappef32403dbf9dc989d0651193','04d7893c4a4d4345b18b0789af13753f','appsuperadmin',NULL,'0',NULL,NULL,NULL,NULL,'appsuperadmin','审计日志','superappef32403dbf9dc989d0651193');
INSERT INTO `sys_auth_role_v` (`ID`, `AUTH_ID`, `ROLE_ID`, `SIGN`, `IS_REVOKE`, `CREATE_USER`, `CREATE_TIME`, `UPDATE_TIME`, `REMARK`, `LV_ID`, `AUTH_NAME`,  `TRACE_ID`) VALUES('superappef32403dbf9dc989d0651234','tyuub3ec3d6e483b86c4923ea64cfwe5','appsuperadmin',NULL,'0',NULL,NULL,NULL,NULL,'appsuperadmin','角色分配','superappef32403dbf9dc989d0651234');
INSERT INTO `sys_auth_role_v` (`ID`, `AUTH_ID`, `ROLE_ID`, `SIGN`, `IS_REVOKE`, `CREATE_USER`, `CREATE_TIME`, `UPDATE_TIME`, `REMARK`, `LV_ID`, `AUTH_NAME`,  `TRACE_ID`) VALUES('superappea4a4e54acdaff4c84bb8370','19ea2ad7ea4a4e54acdaff4c84bb8370','appsuperadmin',NULL,'0',NULL,NULL,NULL,NULL,'appsuperadmin','应用运行日志','superappea4a4e54acdaff4c84bb8370');
INSERT INTO `sys_auth_role_v` (`ID`, `AUTH_ID`, `ROLE_ID`, `SIGN`, `IS_REVOKE`, `CREATE_USER`, `CREATE_TIME`, `UPDATE_TIME`, `REMARK`, `LV_ID`, `AUTH_NAME`,  `TRACE_ID`) VALUES('superappef32403dbf9dc989d0651254','frggb3ec3d6e483b86c4923ea64cvbnu','appsuperadmin',NULL,'0',NULL,NULL,NULL,NULL,'appsuperadmin','角色审计','superappef32403dbf9dc989d0651254');
INSERT INTO `sys_auth_role_v` (`ID`, `AUTH_ID`, `ROLE_ID`, `SIGN`, `IS_REVOKE`, `CREATE_USER`, `CREATE_TIME`, `UPDATE_TIME`, `REMARK`, `LV_ID`, `AUTH_NAME`,  `TRACE_ID`) VALUES('superappef32403dbf9dc989d0651255','hjuub3ec3d6e483b86c4923ea64cnmui','appsuperadmin',NULL,'0',NULL,NULL,NULL,NULL,'appsuperadmin','授权审计','superappef32403dbf9dc989d0651255');



-- 附件配置
ALTER TABLE `FILE_INFO`
    ADD COLUMN `FLOW_CODE` VARCHAR(50)  COMMENT '流程标识';


-- 附件配置
ALTER TABLE `FILE_INFO`
    ADD COLUMN `FLOW_NAME` VARCHAR(50)  COMMENT '流程名称';

UPDATE sys_auth_role_v SET role_id='appsuperadmin' WHERE lv_id='appsuperadmin';

alter table `FILE_CHUNK_INFO` modify  `CHUNK_PATH` varchar(2000);


/**
 * 添加单一业务管理员
 * @author zuogang
 * @date 2021/11/15 17:25
 */

INSERT  INTO `sys_auth`(`ID`,`NAME`,`APP_ID`,`REMARK`,`SORT_INDEX`,`PARENT_ID`,`CREATE_USER`,`CREATE_TIME`,`UPDATE_TIME`,`SORT_PATH`,`IS_ORG_ADMIN`,`IS_USER_GROUP_ADMIN`,`CODE`,`DATA_VERSION`) VALUES ('business2fa04faea8f39beb866fd511','单一业务管理员管理','platform',NULL,12,'e3b15ac90286450fbe5a721c9f542451',NULL,NULL,NULL,'00020012',0,0,'platForm.nothreeManage.BusinessManage',0);
INSERT  INTO `sys_menu`(`ID`,`NAME`,`PARENT_ID`,`APP_ID`,`PARENT_NAME`,`URL`,`TYPE`,`ICON`,`AUTH_ID`,`BTN_AUTH`,`IS_LEAF`,`SORT_INDEX`,`ALL_ORDER`,`SORT_PATH`,`OPEN_STYLE`,`CLOSE_NOTICE`,`CREATE_USER`,`CREATE_TIME`,`UPDATE_TIME`,`LEAF`,`MENU_AUTH`,`REMARK`,`DATA_VERSION`,`IS_IFRAME`) VALUES ('business2fa04faea8f39beb866fd511','业务管理员维护','e3b15ac90286450fbe5a721c9f542451','platform','系统管理','nothreeManage/views/BusinessManage',1,null,'business2fa04faea8f39beb866fd511',NULL,NULL,12,NULL,'00020012',NULL,NULL,NULL,NULL,NULL,NULL,NULL,NULL,0,0);
/** 菜单权限配给admin、sec*/
insert into `SYS_AUTH_ROLE` (`ID`,`AUTH_ID`,`ROLE_ID`,`SIGN`,`IS_REVOKE`,`CREATE_USER`,`CREATE_TIME`,`UPDATE_TIME`,`REMARK`) values ('business2fa04faea8f39beb866admin', 'business2fa04faea8f39beb866fd511', 'admin', null, 0, null, null, null, null);
insert into `SYS_AUTH_ROLE_V` (`ID`,`AUTH_ID`,`ROLE_ID`,`SIGN`,`IS_REVOKE`,`CREATE_USER`,`CREATE_TIME`,`UPDATE_TIME`,`REMARK`,`LV_ID`) values ('business2fa04faea8f39beb866admin', 'business2fa04faea8f39beb866fd511', 'admin', null, 0, null, null, null, null, 'admin');
insert into `SYS_AUTH_ROLE` (`ID`,`AUTH_ID`,`ROLE_ID`,`SIGN`,`IS_REVOKE`,`CREATE_USER`,`CREATE_TIME`,`UPDATE_TIME`,`REMARK`) values ('business2fa04faea8f39beb86623sec', 'business2fa04faea8f39beb866fd511', 'sec', null, 0, null, null, null, null);
insert into `SYS_AUTH_ROLE_V` (`ID`,`AUTH_ID`,`ROLE_ID`,`SIGN`,`IS_REVOKE`,`CREATE_USER`,`CREATE_TIME`,`UPDATE_TIME`,`REMARK`,`LV_ID`) values ('business2fa04faea8f39beb86623sec', 'business2fa04faea8f39beb866fd511', 'sec', null, 0, null, null, null, null, 'sec');

 /** 添加集团应用超级管理员角色 */
INSERT  INTO `sys_role`(`ID`,`NAME`,`ROLE_EXPLAIN`,`ROLE_TYPE`,`CREATE_TIME`,`CREATE_USER`,`UPDATE_TIME`,`REMARK`,`APP_ID`,`DATA_VERSION`) VALUES ('businessadmin','单一业务管理员',NULL,4,NULL,NULL,NULL,NULL,'platform',0);

ALTER TABLE `sys_role`
  CHANGE `ROLE_TYPE` `ROLE_TYPE` INT(10) DEFAULT 0  NULL   COMMENT '角色类型(1租户系统管理员,2租户安全保密员,3租户安全审计员,4单一业务管理员)(11集团系统管理员,22集团安全保密员,33集团安全审计员,44集团超级管理员)(111应用系统管理员,222应用安全保密员,333应用安全审计员,444应用超级管理员)';
ALTER TABLE `sys_user`
  CHANGE `USER_TYPE` `USER_TYPE` INT(10) DEFAULT 3  NULL   COMMENT '用户类型（0租户管理员,1集团管理员,11待激活的集团管理员,111未分配的集团管理员,2应用管理员,22待激活的应用管理员,222未分配的应用管理员,3普通用户,4开发平台管理员，5单一业务管理员,55待激活的单一业务管理员,555未分配的单一业务管理员）';


insert into `sys_auth_role` (`ID`, `AUTH_ID`, `ROLE_ID`, `SIGN`, `IS_REVOKE`, `CREATE_USER`, `CREATE_TIME`, `UPDATE_TIME`, `REMARK`, `AUTH_NAME`, `ROLE_NAME`, `TRACE_ID`) values('businessef32403dbf9dc989d0651129','ac2a8ce16a614324b5ed4e9c24e7e905','businessadmin',NULL,'0',NULL,NULL,NULL,NULL,'应用管理','单一业务管理员',NULL);
insert into `sys_auth_role` (`ID`, `AUTH_ID`, `ROLE_ID`, `SIGN`, `IS_REVOKE`, `CREATE_USER`, `CREATE_TIME`, `UPDATE_TIME`, `REMARK`, `AUTH_NAME`, `ROLE_NAME`, `TRACE_ID`) values('businessef32403dbf9dc989d0651130','ac2a8ce16a614324b5ed4e9c24e7e111','businessadmin',NULL,'0',NULL,NULL,NULL,NULL,'应用管理维护','单一业务管理员',NULL);
insert into `sys_auth_role` (`ID`, `AUTH_ID`, `ROLE_ID`, `SIGN`, `IS_REVOKE`, `CREATE_USER`, `CREATE_TIME`, `UPDATE_TIME`, `REMARK`, `AUTH_NAME`, `ROLE_NAME`, `TRACE_ID`) values('businessef32403dbf9dc989d0651131','a16344b1790e41e98615f6cd19587573','businessadmin',NULL,'0',NULL,NULL,NULL,NULL,'业务单元','单一业务管理员',NULL);
insert into `sys_auth_role` (`ID`, `AUTH_ID`, `ROLE_ID`, `SIGN`, `IS_REVOKE`, `CREATE_USER`, `CREATE_TIME`, `UPDATE_TIME`, `REMARK`, `AUTH_NAME`, `ROLE_NAME`, `TRACE_ID`) values('businessef32403dbf9dc989d0651132','a16344b1790e41e98615f6cd19587111','businessadmin',NULL,'0',NULL,NULL,NULL,NULL,'业务单元维护','单一业务管理员',NULL);
insert into `sys_auth_role` (`ID`, `AUTH_ID`, `ROLE_ID`, `SIGN`, `IS_REVOKE`, `CREATE_USER`, `CREATE_TIME`, `UPDATE_TIME`, `REMARK`, `AUTH_NAME`, `ROLE_NAME`, `TRACE_ID`) values('businessef32403dbf9dc989d0651133','5e80ace300d54486814ee84c1fb29a3a','businessadmin',NULL,'0',NULL,NULL,NULL,NULL,'部门管理','单一业务管理员',NULL);
insert into `sys_auth_role` (`ID`, `AUTH_ID`, `ROLE_ID`, `SIGN`, `IS_REVOKE`, `CREATE_USER`, `CREATE_TIME`, `UPDATE_TIME`, `REMARK`, `AUTH_NAME`, `ROLE_NAME`, `TRACE_ID`) values('businessef32403dbf9dc989d0651134','5e80ace300d54486814ee84c1fb29111','businessadmin',NULL,'0',NULL,NULL,NULL,NULL,'部门管理维护','单一业务管理员',NULL);
insert into `sys_auth_role` (`ID`, `AUTH_ID`, `ROLE_ID`, `SIGN`, `IS_REVOKE`, `CREATE_USER`, `CREATE_TIME`, `UPDATE_TIME`, `REMARK`, `AUTH_NAME`, `ROLE_NAME`, `TRACE_ID`) values('businessef32403dbf9dc989d0651135','a16344b1790e41e98615f6cd19587571','businessadmin',NULL,'0',NULL,NULL,NULL,NULL,'人员管理','单一业务管理员',NULL);
insert into `sys_auth_role` (`ID`, `AUTH_ID`, `ROLE_ID`, `SIGN`, `IS_REVOKE`, `CREATE_USER`, `CREATE_TIME`, `UPDATE_TIME`, `REMARK`, `AUTH_NAME`, `ROLE_NAME`, `TRACE_ID`) values('businessef32403dbf9dc989d0651136','a16344b1790e41e98615f6cd19587112','businessadmin',NULL,'0',NULL,NULL,NULL,NULL,'人员管理维护','单一业务管理员',NULL);
insert into `sys_auth_role` (`ID`, `AUTH_ID`, `ROLE_ID`, `SIGN`, `IS_REVOKE`, `CREATE_USER`, `CREATE_TIME`, `UPDATE_TIME`, `REMARK`, `AUTH_NAME`, `ROLE_NAME`, `TRACE_ID`) values('businessef32403dbf9dc989d0651137','b50cbc8a2b0645729848403093f4246f','businessadmin',NULL,'0',NULL,NULL,NULL,NULL,'用户管理','单一业务管理员',NULL);
insert into `sys_auth_role` (`ID`, `AUTH_ID`, `ROLE_ID`, `SIGN`, `IS_REVOKE`, `CREATE_USER`, `CREATE_TIME`, `UPDATE_TIME`, `REMARK`, `AUTH_NAME`, `ROLE_NAME`, `TRACE_ID`) values('businessef32403dbf9dc989d0651138','b50cbc8a2b0645729848403093f42111','businessadmin',NULL,'0',NULL,NULL,NULL,NULL,'用户管理维护','单一业务管理员',NULL);
insert into `sys_auth_role` (`ID`, `AUTH_ID`, `ROLE_ID`, `SIGN`, `IS_REVOKE`, `CREATE_USER`, `CREATE_TIME`, `UPDATE_TIME`, `REMARK`, `AUTH_NAME`, `ROLE_NAME`, `TRACE_ID`) values('businessef32403dbf9dc989d0651184','bc316279a4a9416a8e20019821e640af','businessadmin',NULL,'0',NULL,NULL,NULL,NULL,'组织架构管理','单一业务管理员',NULL);
insert into `sys_auth_role` (`ID`, `AUTH_ID`, `ROLE_ID`, `SIGN`, `IS_REVOKE`, `CREATE_USER`, `CREATE_TIME`, `UPDATE_TIME`, `REMARK`, `AUTH_NAME`, `ROLE_NAME`, `TRACE_ID`) values('businessef32403dbf9dc989d0651199','04d7893c4a4d4345b18b0789af13753f','businessadmin',NULL,'0',NULL,NULL,NULL,NULL,'审计日志','单一业务管理员',NULL);
insert into `sys_auth_role` (`ID`, `AUTH_ID`, `ROLE_ID`, `SIGN`, `IS_REVOKE`, `CREATE_USER`, `CREATE_TIME`, `UPDATE_TIME`, `REMARK`, `AUTH_NAME`, `ROLE_NAME`, `TRACE_ID`) values('businessef32403dbf9dc989d0651225','11116279a4a9416a8e20019821e61111','businessadmin',NULL,'0',NULL,NULL,NULL,NULL,'工作日历','单一业务管理员',NULL);
insert into `sys_auth_role` (`ID`, `AUTH_ID`, `ROLE_ID`, `SIGN`, `IS_REVOKE`, `CREATE_USER`, `CREATE_TIME`, `UPDATE_TIME`, `REMARK`, `AUTH_NAME`, `ROLE_NAME`, `TRACE_ID`) values('businessef32403dbf9dc989d0651241','a16344b1790e41e98615f6cd19587572','businessadmin',NULL,'0',NULL,NULL,NULL,NULL,'岗位管理','单一业务管理员',NULL);
insert into `sys_auth_role` (`ID`, `AUTH_ID`, `ROLE_ID`, `SIGN`, `IS_REVOKE`, `CREATE_USER`, `CREATE_TIME`, `UPDATE_TIME`, `REMARK`, `AUTH_NAME`, `ROLE_NAME`, `TRACE_ID`) values('businessef32403dbf9dc989d0651242','a16344b1790e41e98615f6cd1958757r','businessadmin',NULL,'0',NULL,NULL,NULL,NULL,'职务管理','单一业务管理员',NULL);
insert into `sys_auth_role` (`ID`, `AUTH_ID`, `ROLE_ID`, `SIGN`, `IS_REVOKE`, `CREATE_USER`, `CREATE_TIME`, `UPDATE_TIME`, `REMARK`, `AUTH_NAME`, `ROLE_NAME`, `TRACE_ID`) values('businessea4a4e54acdaff4c84bb8370','19ea2ad7ea4a4e54acdaff4c84bb8370','businessadmin',NULL,'0',NULL,NULL,NULL,NULL,'应用运行日志','单一业务管理员',NULL);
insert into `sys_auth_role` (`ID`, `AUTH_ID`, `ROLE_ID`, `SIGN`, `IS_REVOKE`, `CREATE_USER`, `CREATE_TIME`, `UPDATE_TIME`, `REMARK`, `AUTH_NAME`, `ROLE_NAME`, `TRACE_ID`) values('businessea4a4e54acdaff4c84bb8371','99ea2ad7ea4a4e54acdaff4c84bb8371','businessadmin',NULL,'0',NULL,NULL,NULL,NULL,'运行日志','单一业务管理员',NULL);
insert into `sys_auth_role` (`ID`, `AUTH_ID`, `ROLE_ID`, `SIGN`, `IS_REVOKE`, `CREATE_USER`, `CREATE_TIME`, `UPDATE_TIME`, `REMARK`, `AUTH_NAME`, `ROLE_NAME`, `TRACE_ID`) values('businessa4a4e54acdaff4yhmzq8370','vbnmhd7ea4a4e54acdaff4yhmzq8370','businessadmin',NULL,'0',NULL,NULL,NULL,NULL,'小程序管理','单一业务管理员',NULL);
insert into `sys_auth_role` (`ID`, `AUTH_ID`, `ROLE_ID`, `SIGN`, `IS_REVOKE`, `CREATE_USER`, `CREATE_TIME`, `UPDATE_TIME`, `REMARK`, `AUTH_NAME`, `ROLE_NAME`, `TRACE_ID`) values('business04344d37929abd4ad9a1dg12','4599ba3204344d37929abd4ad9a1dgth','businessadmin',NULL,'0',NULL,NULL,NULL,NULL,NULL,'单一业务管理员',NULL);
insert into `sys_auth_role` (`ID`, `AUTH_ID`, `ROLE_ID`, `SIGN`, `IS_REVOKE`, `CREATE_USER`, `CREATE_TIME`, `UPDATE_TIME`, `REMARK`, `AUTH_NAME`, `ROLE_NAME`, `TRACE_ID`) values('business04344d37929abd4ad9a1dg32','7784ba3204344d37929abd4ad9a1dgth','businessadmin',NULL,'0',NULL,NULL,NULL,NULL,NULL,'单一业务管理员',NULL);
insert into `sys_auth_role` (`ID`, `AUTH_ID`, `ROLE_ID`, `SIGN`, `IS_REVOKE`, `CREATE_USER`, `CREATE_TIME`, `UPDATE_TIME`, `REMARK`, `AUTH_NAME`, `ROLE_NAME`, `TRACE_ID`) values('business04344d37929abd4ad9a1dg43','8234ba3204344d37929abd4ad9a1dgth','businessadmin',NULL,'0',NULL,NULL,NULL,NULL,NULL,'单一业务管理员',NULL);
insert into `sys_auth_role` (`ID`, `AUTH_ID`, `ROLE_ID`, `SIGN`, `IS_REVOKE`, `CREATE_USER`, `CREATE_TIME`, `UPDATE_TIME`, `REMARK`, `AUTH_NAME`, `ROLE_NAME`, `TRACE_ID`) values('business04344d37929abd4ad9a1dgth','4599ba3204344d37929abd4ad9a1dgth','businessadmin',NULL,'0',NULL,NULL,NULL,NULL,NULL,'单一业务管理员',NULL);
insert into `sys_auth_role` (`ID`, `AUTH_ID`, `ROLE_ID`, `SIGN`, `IS_REVOKE`, `CREATE_USER`, `CREATE_TIME`, `UPDATE_TIME`, `REMARK`, `AUTH_NAME`, `ROLE_NAME`, `TRACE_ID`) values('business7a3249d6ad180da0b4681113','1160858109884c5095eed968472c0236','businessadmin',NULL,'0',NULL,NULL,NULL,NULL,'应用级字典维护','单一业务管理员',NULL);
insert into `sys_auth_role` (`ID`, `AUTH_ID`, `ROLE_ID`, `SIGN`, `IS_REVOKE`, `CREATE_USER`, `CREATE_TIME`, `UPDATE_TIME`, `REMARK`, `AUTH_NAME`, `ROLE_NAME`, `TRACE_ID`) values('businessa4a4e54acdaff4yhmzq83cc','0745867ea4a4e54acdaff4yhmzq8370','businessadmin',NULL,'0',NULL,NULL,NULL,NULL,NULL,'单一业务管理员',NULL);
insert into `sys_auth_role` (`ID`, `AUTH_ID`, `ROLE_ID`, `SIGN`, `IS_REVOKE`, `CREATE_USER`, `CREATE_TIME`, `UPDATE_TIME`, `REMARK`, `AUTH_NAME`, `ROLE_NAME`, `TRACE_ID`) values('businessa4a4e54acdaff4yhmzq8371','1275967ea4a4e54acdaff4yhmzq8370','businessadmin',NULL,'0',NULL,NULL,NULL,NULL,NULL,'单一业务管理员',NULL);
insert into `sys_auth_role` (`ID`, `AUTH_ID`, `ROLE_ID`, `SIGN`, `IS_REVOKE`, `CREATE_USER`, `CREATE_TIME`, `UPDATE_TIME`, `REMARK`, `AUTH_NAME`, `ROLE_NAME`, `TRACE_ID`) values('businessa4a4e54acdaff4yhmzq8373','byasmd7ea4a4e54acdaff4yhmzq8370','businessadmin',NULL,'0',NULL,NULL,NULL,NULL,NULL,'单一业务管理员',NULL);
insert into `sys_auth_role` (`ID`, `AUTH_ID`, `ROLE_ID`, `SIGN`, `IS_REVOKE`, `CREATE_USER`, `CREATE_TIME`, `UPDATE_TIME`, `REMARK`, `AUTH_NAME`, `ROLE_NAME`, `TRACE_ID`) values('businessa4a4e54acdaff4yhmzq8374','c789567ea4a4e54acdaff4yhmzq8370','businessadmin',NULL,'0',NULL,NULL,NULL,NULL,NULL,'单一业务管理员',NULL);
insert into `sys_auth_role` (`ID`, `AUTH_ID`, `ROLE_ID`, `SIGN`, `IS_REVOKE`, `CREATE_USER`, `CREATE_TIME`, `UPDATE_TIME`, `REMARK`, `AUTH_NAME`, `ROLE_NAME`, `TRACE_ID`) values('businessa4a4e54acdaff4yhmzq8375','bnuimd7ea4a4e54acdaff4yhmzq8370','businessadmin',NULL,'0',NULL,NULL,NULL,NULL,'消息模板','单一业务管理员',NULL);
insert into `sys_auth_role` (`ID`, `AUTH_ID`, `ROLE_ID`, `SIGN`, `IS_REVOKE`, `CREATE_USER`, `CREATE_TIME`, `UPDATE_TIME`, `REMARK`, `AUTH_NAME`, `ROLE_NAME`, `TRACE_ID`) values('businessaoxi4d37929abd4ad9a1dgth','dapingxiaoxi4d37929abd4ad9a1dgth','businessadmin',NULL,'0',NULL,NULL,NULL,NULL,NULL,'单一业务管理员',NULL);
insert into `sys_auth_role` (`ID`, `AUTH_ID`, `ROLE_ID`, `SIGN`, `IS_REVOKE`, `CREATE_USER`, `CREATE_TIME`, `UPDATE_TIME`, `REMARK`, `AUTH_NAME`, `ROLE_NAME`, `TRACE_ID`) values('businessea4a4e54acdaff4c84bb83qq','19ea2ad7ea4a4e54acdaff4yhmzq8370','businessadmin',NULL,'0',NULL,NULL,NULL,NULL,'组件注册','单一业务管理员',NULL);
insert into `sys_auth_role` (`ID`, `AUTH_ID`, `ROLE_ID`, `SIGN`, `IS_REVOKE`, `CREATE_USER`, `CREATE_TIME`, `UPDATE_TIME`, `REMARK`, `AUTH_NAME`, `ROLE_NAME`, `TRACE_ID`) values('businessea4a4e54acdaff4c84bb8379','19ea2ad7ea4a4e54acdaff4yhmzq8370','businessadmin',NULL,'0',NULL,NULL,NULL,NULL,'组件注册','单一业务管理员',NULL);
insert into `sys_auth_role` (`ID`, `AUTH_ID`, `ROLE_ID`, `SIGN`, `IS_REVOKE`, `CREATE_USER`, `CREATE_TIME`, `UPDATE_TIME`, `REMARK`, `AUTH_NAME`, `ROLE_NAME`, `TRACE_ID`) values('businessef32403dbf9dc989d0651139','39e1b3ec3d6e483b86c4923ea64cfeee','businessadmin',NULL,'0',NULL,NULL,NULL,NULL,'数据源管理','单一业务管理员',NULL);
insert into `sys_auth_role` (`ID`, `AUTH_ID`, `ROLE_ID`, `SIGN`, `IS_REVOKE`, `CREATE_USER`, `CREATE_TIME`, `UPDATE_TIME`, `REMARK`, `AUTH_NAME`, `ROLE_NAME`, `TRACE_ID`) values('businessef32403dbf9dc989d0651140','39e1b3ec3d6e483b86c4923ea64cf111','businessadmin',NULL,'0',NULL,NULL,NULL,NULL,'数据源管理维护','单一业务管理员',NULL);
insert into `sys_auth_role` (`ID`, `AUTH_ID`, `ROLE_ID`, `SIGN`, `IS_REVOKE`, `CREATE_USER`, `CREATE_TIME`, `UPDATE_TIME`, `REMARK`, `AUTH_NAME`, `ROLE_NAME`, `TRACE_ID`) values('businessef32403dbf9dc989d0651147','ac2a8ce16a614324b5ed4e9c24e7e904','businessadmin',NULL,'0',NULL,NULL,NULL,NULL,'系统配置项管理','单一业务管理员',NULL);
insert into `sys_auth_role` (`ID`, `AUTH_ID`, `ROLE_ID`, `SIGN`, `IS_REVOKE`, `CREATE_USER`, `CREATE_TIME`, `UPDATE_TIME`, `REMARK`, `AUTH_NAME`, `ROLE_NAME`, `TRACE_ID`) values('businessef32403dbf9dc989d0651148','ac2a8ce16a614324b5ed4e9c24e71113','businessadmin',NULL,'0',NULL,NULL,NULL,NULL,'应用配置项维护','单一业务管理员',NULL);
insert into `sys_auth_role` (`ID`, `AUTH_ID`, `ROLE_ID`, `SIGN`, `IS_REVOKE`, `CREATE_USER`, `CREATE_TIME`, `UPDATE_TIME`, `REMARK`, `AUTH_NAME`, `ROLE_NAME`, `TRACE_ID`) values('businessef32403dbf9dc989d0651149','ffc03579b06a4b7fae6c51c9ff48b311','businessadmin',NULL,'0',NULL,NULL,NULL,NULL,'附件配置项管理','单一业务管理员',NULL);
insert into `sys_auth_role` (`ID`, `AUTH_ID`, `ROLE_ID`, `SIGN`, `IS_REVOKE`, `CREATE_USER`, `CREATE_TIME`, `UPDATE_TIME`, `REMARK`, `AUTH_NAME`, `ROLE_NAME`, `TRACE_ID`) values('businessef32403dbf9dc989d0651151','131e140bc2bd4361af5ee488f92b22ad','businessadmin',NULL,'0',NULL,NULL,NULL,NULL,'字典管理','单一业务管理员',NULL);
insert into `sys_auth_role` (`ID`, `AUTH_ID`, `ROLE_ID`, `SIGN`, `IS_REVOKE`, `CREATE_USER`, `CREATE_TIME`, `UPDATE_TIME`, `REMARK`, `AUTH_NAME`, `ROLE_NAME`, `TRACE_ID`) values('businessef32403dbf9dc989d0651153','8bc5761a4d8d49e680515bc50f4baad1','businessadmin',NULL,'0',NULL,NULL,NULL,NULL,'菜单管理','单一业务管理员',NULL);
insert into `sys_auth_role` (`ID`, `AUTH_ID`, `ROLE_ID`, `SIGN`, `IS_REVOKE`, `CREATE_USER`, `CREATE_TIME`, `UPDATE_TIME`, `REMARK`, `AUTH_NAME`, `ROLE_NAME`, `TRACE_ID`) values('businessef32403dbf9dc989d0651154','8bc5761a4d8d49e680515bc50f4ba111','businessadmin',NULL,'0',NULL,NULL,NULL,NULL,'菜单管理维护','单一业务管理员',NULL);
insert into `sys_auth_role` (`ID`, `AUTH_ID`, `ROLE_ID`, `SIGN`, `IS_REVOKE`, `CREATE_USER`, `CREATE_TIME`, `UPDATE_TIME`, `REMARK`, `AUTH_NAME`, `ROLE_NAME`, `TRACE_ID`) values('businessef32403dbf9dc989d0651155','39e1b3ec3d6e483b86c4923ea64cfdd0','businessadmin',NULL,'0',NULL,NULL,NULL,NULL,'权限定义','单一业务管理员',NULL);
insert into `sys_auth_role` (`ID`, `AUTH_ID`, `ROLE_ID`, `SIGN`, `IS_REVOKE`, `CREATE_USER`, `CREATE_TIME`, `UPDATE_TIME`, `REMARK`, `AUTH_NAME`, `ROLE_NAME`, `TRACE_ID`) values('businessef32403dbf9dc989d0651156','39e1b3ec3d6e483b86c4923ea64c1111','businessadmin',NULL,'0',NULL,NULL,NULL,NULL,'权限管理维护','单一业务管理员',NULL);
insert into `sys_auth_role` (`ID`, `AUTH_ID`, `ROLE_ID`, `SIGN`, `IS_REVOKE`, `CREATE_USER`, `CREATE_TIME`, `UPDATE_TIME`, `REMARK`, `AUTH_NAME`, `ROLE_NAME`, `TRACE_ID`) values('businessef32403dbf9dc989d0651157','8d4d2caee7f548889988da2747dfaa4a','businessadmin',NULL,'0',NULL,NULL,NULL,NULL,'角色管理','单一业务管理员',NULL);
insert into `sys_auth_role` (`ID`, `AUTH_ID`, `ROLE_ID`, `SIGN`, `IS_REVOKE`, `CREATE_USER`, `CREATE_TIME`, `UPDATE_TIME`, `REMARK`, `AUTH_NAME`, `ROLE_NAME`, `TRACE_ID`) values('businessef32403dbf9dc989d0651158','39e1b3ec3d6e483b86c4923ea64c1112','businessadmin',NULL,'0',NULL,NULL,NULL,NULL,'指定权限绑定api资源权限','单一业务管理员',NULL);
insert into `sys_auth_role` (`ID`, `AUTH_ID`, `ROLE_ID`, `SIGN`, `IS_REVOKE`, `CREATE_USER`, `CREATE_TIME`, `UPDATE_TIME`, `REMARK`, `AUTH_NAME`, `ROLE_NAME`, `TRACE_ID`) values('businessef32403dbf9dc989d0651164','334qb3ec3d6e483b86c4923ea64cf112','businessadmin',NULL,'0',NULL,NULL,NULL,NULL,'用户授权激活','单一业务管理员',NULL);
insert into `sys_auth_role` (`ID`, `AUTH_ID`, `ROLE_ID`, `SIGN`, `IS_REVOKE`, `CREATE_USER`, `CREATE_TIME`, `UPDATE_TIME`, `REMARK`, `AUTH_NAME`, `ROLE_NAME`, `TRACE_ID`) values('businessef32403dbf9dc989d0651170','456wb3ec3d6e483b86c4923ea64cf112','businessadmin',NULL,'0',NULL,NULL,NULL,NULL,'角色授权激活','单一业务管理员',NULL);
insert into `sys_auth_role` (`ID`, `AUTH_ID`, `ROLE_ID`, `SIGN`, `IS_REVOKE`, `CREATE_USER`, `CREATE_TIME`, `UPDATE_TIME`, `REMARK`, `AUTH_NAME`, `ROLE_NAME`, `TRACE_ID`) values('businessef32403dbf9dc989d0651174','67yub3ec3d6e483b86c4923ea64cf112','businessadmin',NULL,'0',NULL,NULL,NULL,NULL,'权限授权激活','单一业务管理员',NULL);
insert into `sys_auth_role` (`ID`, `AUTH_ID`, `ROLE_ID`, `SIGN`, `IS_REVOKE`, `CREATE_USER`, `CREATE_TIME`, `UPDATE_TIME`, `REMARK`, `AUTH_NAME`, `ROLE_NAME`, `TRACE_ID`) values('businessef32403dbf9dc989d0651189','11316279a4a9416a8e20019821e640af','businessadmin',NULL,'0',NULL,NULL,NULL,NULL,'配置管理','单一业务管理员',NULL);
insert into `sys_auth_role` (`ID`, `AUTH_ID`, `ROLE_ID`, `SIGN`, `IS_REVOKE`, `CREATE_USER`, `CREATE_TIME`, `UPDATE_TIME`, `REMARK`, `AUTH_NAME`, `ROLE_NAME`, `TRACE_ID`) values('businessef32403dbf9dc989d0651190','e3b15ac90286450fbe5a721c9f542451','businessadmin',NULL,'0',NULL,NULL,NULL,NULL,'系统管理','单一业务管理员',NULL);
insert into `sys_auth_role` (`ID`, `AUTH_ID`, `ROLE_ID`, `SIGN`, `IS_REVOKE`, `CREATE_USER`, `CREATE_TIME`, `UPDATE_TIME`, `REMARK`, `AUTH_NAME`, `ROLE_NAME`, `TRACE_ID`) values('businessef32403dbf9dc989d0651192','11erb3ec3d6e483b86c4923ea64cfdd0','businessadmin',NULL,'0',NULL,NULL,NULL,NULL,'授权管理','单一业务管理员',NULL);
insert into `sys_auth_role` (`ID`, `AUTH_ID`, `ROLE_ID`, `SIGN`, `IS_REVOKE`, `CREATE_USER`, `CREATE_TIME`, `UPDATE_TIME`, `REMARK`, `AUTH_NAME`, `ROLE_NAME`, `TRACE_ID`) values('businessef32403dbf9dc989d0651213','e3b15ac90286450fbe5a721c9f542433','businessadmin',NULL,'0',NULL,NULL,NULL,NULL,'首页','单一业务管理员',NULL);
insert into `sys_auth_role` (`ID`, `AUTH_ID`, `ROLE_ID`, `SIGN`, `IS_REVOKE`, `CREATE_USER`, `CREATE_TIME`, `UPDATE_TIME`, `REMARK`, `AUTH_NAME`, `ROLE_NAME`, `TRACE_ID`) values('businessef32403dbf9dc989d0651224','22316279a4a9416a8e20019821e640af','businessadmin',NULL,'0',NULL,NULL,NULL,NULL,'定时任务','单一业务管理员',NULL);
insert into `sys_auth_role` (`ID`, `AUTH_ID`, `ROLE_ID`, `SIGN`, `IS_REVOKE`, `CREATE_USER`, `CREATE_TIME`, `UPDATE_TIME`, `REMARK`, `AUTH_NAME`, `ROLE_NAME`, `TRACE_ID`) values('businessef32403dbf9dc989d0651227','3333ba3204344d37929abd4ad9a12222','businessadmin',NULL,'0',NULL,NULL,NULL,NULL,'工作流程','单一业务管理员',NULL);
insert into `sys_auth_role` (`ID`, `AUTH_ID`, `ROLE_ID`, `SIGN`, `IS_REVOKE`, `CREATE_USER`, `CREATE_TIME`, `UPDATE_TIME`, `REMARK`, `AUTH_NAME`, `ROLE_NAME`, `TRACE_ID`) values('businessef32403dbf9dc989d0651228','3456ba3204344d37929abd4ad9a15678','businessadmin',NULL,'0',NULL,NULL,NULL,NULL,'流程定义','单一业务管理员',NULL);
insert into `sys_auth_role` (`ID`, `AUTH_ID`, `ROLE_ID`, `SIGN`, `IS_REVOKE`, `CREATE_USER`, `CREATE_TIME`, `UPDATE_TIME`, `REMARK`, `AUTH_NAME`, `ROLE_NAME`, `TRACE_ID`) values('businessef32403dbf9dc989d0651229','7756ba3204344d37929abd4ad9a15699','businessadmin',NULL,'0',NULL,NULL,NULL,NULL,'全局变量','单一业务管理员',NULL);
insert into `sys_auth_role` (`ID`, `AUTH_ID`, `ROLE_ID`, `SIGN`, `IS_REVOKE`, `CREATE_USER`, `CREATE_TIME`, `UPDATE_TIME`, `REMARK`, `AUTH_NAME`, `ROLE_NAME`, `TRACE_ID`) values('businessef32403dbf9dc989d0651230','1116ba3204344d37929abd4ad9a15222','businessadmin',NULL,'0',NULL,NULL,NULL,NULL,'全局规则','单一业务管理员',NULL);
insert into `sys_auth_role` (`ID`, `AUTH_ID`, `ROLE_ID`, `SIGN`, `IS_REVOKE`, `CREATE_USER`, `CREATE_TIME`, `UPDATE_TIME`, `REMARK`, `AUTH_NAME`, `ROLE_NAME`, `TRACE_ID`) values('businessef32403dbf9dc989d0651243','twerba3204344d37929abd4ad9a1dfgh','businessadmin',NULL,'0',NULL,NULL,NULL,NULL,'数据展示','单一业务管理员',NULL);
insert into `sys_auth_role` (`ID`, `AUTH_ID`, `ROLE_ID`, `SIGN`, `IS_REVOKE`, `CREATE_USER`, `CREATE_TIME`, `UPDATE_TIME`, `REMARK`, `AUTH_NAME`, `ROLE_NAME`, `TRACE_ID`) values('businessef32403dbf9dc989d0651244','1234ba3204344d37929abd4ad9a1dgth','businessadmin',NULL,'0',NULL,NULL,NULL,NULL,'业务类型','单一业务管理员',NULL);
insert into `sys_auth_role` (`ID`, `AUTH_ID`, `ROLE_ID`, `SIGN`, `IS_REVOKE`, `CREATE_USER`, `CREATE_TIME`, `UPDATE_TIME`, `REMARK`, `AUTH_NAME`, `ROLE_NAME`, `TRACE_ID`) values('businessef32403dbf9dc989d0651245','2234ba3204344d37929abd4ad9a1dgth','businessadmin',NULL,'0',NULL,NULL,NULL,NULL,'报表设计','单一业务管理员',NULL);
insert into `sys_auth_role` (`ID`, `AUTH_ID`, `ROLE_ID`, `SIGN`, `IS_REVOKE`, `CREATE_USER`, `CREATE_TIME`, `UPDATE_TIME`, `REMARK`, `AUTH_NAME`, `ROLE_NAME`, `TRACE_ID`) values('businessef32403dbf9dc989d0651246','3234ba3204344d37929abd4ad9a1dgth','businessadmin',NULL,'0',NULL,NULL,NULL,NULL,'报表浏览','单一业务管理员',NULL);
insert into `sys_auth_role` (`ID`, `AUTH_ID`, `ROLE_ID`, `SIGN`, `IS_REVOKE`, `CREATE_USER`, `CREATE_TIME`, `UPDATE_TIME`, `REMARK`, `AUTH_NAME`, `ROLE_NAME`, `TRACE_ID`) values('businessef32403dbf9dc989d0651250','45676279a4a9416a8e20019821e6ghjk','businessadmin',NULL,'0',NULL,NULL,NULL,NULL,'消息通道','单一业务管理员',NULL);
insert into `sys_auth_role` (`ID`, `AUTH_ID`, `ROLE_ID`, `SIGN`, `IS_REVOKE`, `CREATE_USER`, `CREATE_TIME`, `UPDATE_TIME`, `REMARK`, `AUTH_NAME`, `ROLE_NAME`, `TRACE_ID`) values('businessef32403dbf9dc989d0651251','yut76279a4a9416a8e20019821e6g45t','businessadmin',NULL,'0',NULL,NULL,NULL,NULL,NULL,'单一业务管理员',NULL);
INSERT INTO `sys_auth_role` (`ID`, `AUTH_ID`, `ROLE_ID`, `SIGN`, `IS_REVOKE`, `CREATE_USER`, `CREATE_TIME`, `UPDATE_TIME`, `REMARK`, `AUTH_NAME`, `ROLE_NAME`, `TRACE_ID`) VALUES('businessef32403dbf9dc989d0651165','334qb3ec3d6e483b86c4923ea64cfdd0','businessadmin',NULL,'0',NULL,NULL,NULL,NULL,'用户授权',NULL,NULL);
INSERT INTO `sys_auth_role` (`ID`, `AUTH_ID`, `ROLE_ID`, `SIGN`, `IS_REVOKE`, `CREATE_USER`, `CREATE_TIME`, `UPDATE_TIME`, `REMARK`, `AUTH_NAME`, `ROLE_NAME`, `TRACE_ID`) VALUES('businessef32403dbf9dc989d0651166','334qb3ec3d6e483b86c4923ea64cf111','businessadmin',NULL,'0',NULL,NULL,NULL,NULL,'用户授权保存',NULL,NULL);
INSERT INTO `sys_auth_role` (`ID`, `AUTH_ID`, `ROLE_ID`, `SIGN`, `IS_REVOKE`, `CREATE_USER`, `CREATE_TIME`, `UPDATE_TIME`, `REMARK`, `AUTH_NAME`, `ROLE_NAME`, `TRACE_ID`) VALUES('businessef32403dbf9dc989d0651167','334qb3ec3d6e483b86c4923ea64cf113','businessadmin',NULL,'0',NULL,NULL,NULL,NULL,'指定用户权限管控的组织范围',NULL,NULL);
INSERT INTO `sys_auth_role` (`ID`, `AUTH_ID`, `ROLE_ID`, `SIGN`, `IS_REVOKE`, `CREATE_USER`, `CREATE_TIME`, `UPDATE_TIME`, `REMARK`, `AUTH_NAME`, `ROLE_NAME`, `TRACE_ID`) VALUES('businessef32403dbf9dc989d0651168','334qb3ec3d6e483b86c4923ea64cf114','businessadmin',NULL,'0',NULL,NULL,NULL,NULL,'指定用户权限管控的用户组范围',NULL,NULL);
INSERT INTO `sys_auth_role` (`ID`, `AUTH_ID`, `ROLE_ID`, `SIGN`, `IS_REVOKE`, `CREATE_USER`, `CREATE_TIME`, `UPDATE_TIME`, `REMARK`, `AUTH_NAME`, `ROLE_NAME`, `TRACE_ID`) VALUES('businessef32403dbf9dc989d0651171','456wb3ec3d6e483b86c4923ea64cfdd0','businessadmin',NULL,'0',NULL,NULL,NULL,NULL,'角色授权',NULL,NULL);
INSERT INTO `sys_auth_role` (`ID`, `AUTH_ID`, `ROLE_ID`, `SIGN`, `IS_REVOKE`, `CREATE_USER`, `CREATE_TIME`, `UPDATE_TIME`, `REMARK`, `AUTH_NAME`, `ROLE_NAME`, `TRACE_ID`) VALUES('businessef32403dbf9dc989d0651172','456wb3ec3d6e483b86c4923ea64cf111','businessadmin',NULL,'0',NULL,NULL,NULL,NULL,'角色授权保存',NULL,NULL);
INSERT INTO `sys_auth_role` (`ID`, `AUTH_ID`, `ROLE_ID`, `SIGN`, `IS_REVOKE`, `CREATE_USER`, `CREATE_TIME`, `UPDATE_TIME`, `REMARK`, `AUTH_NAME`, `ROLE_NAME`, `TRACE_ID`) VALUES('businessef32403dbf9dc989d0651175','67yub3ec3d6e483b86c4923ea64cfdd0','businessadmin',NULL,'0',NULL,NULL,NULL,NULL,'权限授权',NULL,NULL);
INSERT INTO `sys_auth_role` (`ID`, `AUTH_ID`, `ROLE_ID`, `SIGN`, `IS_REVOKE`, `CREATE_USER`, `CREATE_TIME`, `UPDATE_TIME`, `REMARK`, `AUTH_NAME`, `ROLE_NAME`, `TRACE_ID`) VALUES('businessef32403dbf9dc989d0651176','67yub3ec3d6e483b86c4923ea64cf111','businessadmin',NULL,'0',NULL,NULL,NULL,NULL,'权限授权保存',NULL,NULL);
INSERT INTO `sys_auth_role` (`ID`, `AUTH_ID`, `ROLE_ID`, `SIGN`, `IS_REVOKE`, `CREATE_USER`, `CREATE_TIME`, `UPDATE_TIME`, `REMARK`, `AUTH_NAME`, `ROLE_NAME`, `TRACE_ID`) VALUES('businessef32403dbf9dc989d0651193','04d7893c4a4d4345b18b0789af13753f','businessadmin',NULL,'0',NULL,NULL,NULL,NULL,'审计日志',NULL,NULL);
INSERT INTO `sys_auth_role` (`ID`, `AUTH_ID`, `ROLE_ID`, `SIGN`, `IS_REVOKE`, `CREATE_USER`, `CREATE_TIME`, `UPDATE_TIME`, `REMARK`, `AUTH_NAME`, `ROLE_NAME`, `TRACE_ID`) VALUES('businessef32403dbf9dc989d0651234','tyuub3ec3d6e483b86c4923ea64cfwe5','businessadmin',NULL,'0',NULL,NULL,NULL,NULL,'角色分配',NULL,NULL);
INSERT INTO `sys_auth_role` (`ID`, `AUTH_ID`, `ROLE_ID`, `SIGN`, `IS_REVOKE`, `CREATE_USER`, `CREATE_TIME`, `UPDATE_TIME`, `REMARK`, `AUTH_NAME`, `ROLE_NAME`, `TRACE_ID`) VALUES('businessea4a4e54acdaff4c84bb83qw','19ea2ad7ea4a4e54acdaff4c84bb8370','businessadmin',NULL,'0',NULL,NULL,NULL,NULL,'应用运行日志',NULL,NULL);
INSERT INTO `sys_auth_role` (`ID`, `AUTH_ID`, `ROLE_ID`, `SIGN`, `IS_REVOKE`, `CREATE_USER`, `CREATE_TIME`, `UPDATE_TIME`, `REMARK`, `AUTH_NAME`, `ROLE_NAME`, `TRACE_ID`) VALUES('businessef32403dbf9dc989d0651254','frggb3ec3d6e483b86c4923ea64cvbnu','businessadmin',NULL,'0',NULL,NULL,NULL,NULL,'角色审计',NULL,NULL);
INSERT INTO `sys_auth_role` (`ID`, `AUTH_ID`, `ROLE_ID`, `SIGN`, `IS_REVOKE`, `CREATE_USER`, `CREATE_TIME`, `UPDATE_TIME`, `REMARK`, `AUTH_NAME`, `ROLE_NAME`, `TRACE_ID`) VALUES('businessef32403dbf9dc989d0651255','hjuub3ec3d6e483b86c4923ea64cnmui','businessadmin',NULL,'0',NULL,NULL,NULL,NULL,'授权审计',NULL,NULL);


INSERT  INTO `sys_auth_role_lv`(`ID`,`VERSION_NO`,`IS_LAST_VERSION`,`VERSION_BEGIN_TIME`,`VERSION_END_TIME`,`VERSION_BEGIN_USER_ID`,`VERSION_END_USER_ID`,`ROLE_ID`) VALUES ('businessadmin',1,1,NULL,NULL,NULL,NULL,'businessadmin');



insert into `sys_auth_role_v` (`ID`, `AUTH_ID`, `ROLE_ID`, `SIGN`, `IS_REVOKE`, `CREATE_USER`, `CREATE_TIME`, `UPDATE_TIME`, `REMARK`, `AUTH_NAME`, `LV_ID`, `TRACE_ID`) values('businessef32403dbf9dc989d0651129','ac2a8ce16a614324b5ed4e9c24e7e905','businessadmin',NULL,'0',NULL,NULL,NULL,NULL,'应用管理','businessadmin',NULL);
insert into `sys_auth_role_v` (`ID`, `AUTH_ID`, `ROLE_ID`, `SIGN`, `IS_REVOKE`, `CREATE_USER`, `CREATE_TIME`, `UPDATE_TIME`, `REMARK`, `AUTH_NAME`, `LV_ID`, `TRACE_ID`) values('businessef32403dbf9dc989d0651130','ac2a8ce16a614324b5ed4e9c24e7e111','businessadmin',NULL,'0',NULL,NULL,NULL,NULL,'应用管理维护','businessadmin',NULL);
insert into `sys_auth_role_v` (`ID`, `AUTH_ID`, `ROLE_ID`, `SIGN`, `IS_REVOKE`, `CREATE_USER`, `CREATE_TIME`, `UPDATE_TIME`, `REMARK`, `AUTH_NAME`, `LV_ID`, `TRACE_ID`) values('businessef32403dbf9dc989d0651131','a16344b1790e41e98615f6cd19587573','businessadmin',NULL,'0',NULL,NULL,NULL,NULL,'业务单元','businessadmin',NULL);
insert into `sys_auth_role_v` (`ID`, `AUTH_ID`, `ROLE_ID`, `SIGN`, `IS_REVOKE`, `CREATE_USER`, `CREATE_TIME`, `UPDATE_TIME`, `REMARK`, `AUTH_NAME`, `LV_ID`, `TRACE_ID`) values('businessef32403dbf9dc989d0651132','a16344b1790e41e98615f6cd19587111','businessadmin',NULL,'0',NULL,NULL,NULL,NULL,'业务单元维护','businessadmin',NULL);
insert into `sys_auth_role_v` (`ID`, `AUTH_ID`, `ROLE_ID`, `SIGN`, `IS_REVOKE`, `CREATE_USER`, `CREATE_TIME`, `UPDATE_TIME`, `REMARK`, `AUTH_NAME`, `LV_ID`, `TRACE_ID`) values('businessef32403dbf9dc989d0651133','5e80ace300d54486814ee84c1fb29a3a','businessadmin',NULL,'0',NULL,NULL,NULL,NULL,'部门管理','businessadmin',NULL);
insert into `sys_auth_role_v` (`ID`, `AUTH_ID`, `ROLE_ID`, `SIGN`, `IS_REVOKE`, `CREATE_USER`, `CREATE_TIME`, `UPDATE_TIME`, `REMARK`, `AUTH_NAME`, `LV_ID`, `TRACE_ID`) values('businessef32403dbf9dc989d0651134','5e80ace300d54486814ee84c1fb29111','businessadmin',NULL,'0',NULL,NULL,NULL,NULL,'部门管理维护','businessadmin',NULL);
insert into `sys_auth_role_v` (`ID`, `AUTH_ID`, `ROLE_ID`, `SIGN`, `IS_REVOKE`, `CREATE_USER`, `CREATE_TIME`, `UPDATE_TIME`, `REMARK`, `AUTH_NAME`, `LV_ID`, `TRACE_ID`) values('businessef32403dbf9dc989d0651135','a16344b1790e41e98615f6cd19587571','businessadmin',NULL,'0',NULL,NULL,NULL,NULL,'人员管理','businessadmin',NULL);
insert into `sys_auth_role_v` (`ID`, `AUTH_ID`, `ROLE_ID`, `SIGN`, `IS_REVOKE`, `CREATE_USER`, `CREATE_TIME`, `UPDATE_TIME`, `REMARK`, `AUTH_NAME`, `LV_ID`, `TRACE_ID`) values('businessef32403dbf9dc989d0651136','a16344b1790e41e98615f6cd19587112','businessadmin',NULL,'0',NULL,NULL,NULL,NULL,'人员管理维护','businessadmin',NULL);
insert into `sys_auth_role_v` (`ID`, `AUTH_ID`, `ROLE_ID`, `SIGN`, `IS_REVOKE`, `CREATE_USER`, `CREATE_TIME`, `UPDATE_TIME`, `REMARK`, `AUTH_NAME`, `LV_ID`, `TRACE_ID`) values('businessef32403dbf9dc989d0651137','b50cbc8a2b0645729848403093f4246f','businessadmin',NULL,'0',NULL,NULL,NULL,NULL,'用户管理','businessadmin',NULL);
insert into `sys_auth_role_v` (`ID`, `AUTH_ID`, `ROLE_ID`, `SIGN`, `IS_REVOKE`, `CREATE_USER`, `CREATE_TIME`, `UPDATE_TIME`, `REMARK`, `AUTH_NAME`, `LV_ID`, `TRACE_ID`) values('businessef32403dbf9dc989d0651138','b50cbc8a2b0645729848403093f42111','businessadmin',NULL,'0',NULL,NULL,NULL,NULL,'用户管理维护','businessadmin',NULL);
insert into `sys_auth_role_v` (`ID`, `AUTH_ID`, `ROLE_ID`, `SIGN`, `IS_REVOKE`, `CREATE_USER`, `CREATE_TIME`, `UPDATE_TIME`, `REMARK`, `AUTH_NAME`, `LV_ID`, `TRACE_ID`) values('businessef32403dbf9dc989d0651184','bc316279a4a9416a8e20019821e640af','businessadmin',NULL,'0',NULL,NULL,NULL,NULL,'组织架构管理','businessadmin',NULL);
insert into `sys_auth_role_v` (`ID`, `AUTH_ID`, `ROLE_ID`, `SIGN`, `IS_REVOKE`, `CREATE_USER`, `CREATE_TIME`, `UPDATE_TIME`, `REMARK`, `AUTH_NAME`, `LV_ID`, `TRACE_ID`) values('businessef32403dbf9dc989d0651199','04d7893c4a4d4345b18b0789af13753f','businessadmin',NULL,'0',NULL,NULL,NULL,NULL,'审计日志','businessadmin',NULL);
insert into `sys_auth_role_v` (`ID`, `AUTH_ID`, `ROLE_ID`, `SIGN`, `IS_REVOKE`, `CREATE_USER`, `CREATE_TIME`, `UPDATE_TIME`, `REMARK`, `AUTH_NAME`, `LV_ID`, `TRACE_ID`) values('businessef32403dbf9dc989d0651225','11116279a4a9416a8e20019821e61111','businessadmin',NULL,'0',NULL,NULL,NULL,NULL,'工作日历','businessadmin',NULL);
insert into `sys_auth_role_v` (`ID`, `AUTH_ID`, `ROLE_ID`, `SIGN`, `IS_REVOKE`, `CREATE_USER`, `CREATE_TIME`, `UPDATE_TIME`, `REMARK`, `AUTH_NAME`, `LV_ID`, `TRACE_ID`) values('businessef32403dbf9dc989d0651241','a16344b1790e41e98615f6cd19587572','businessadmin',NULL,'0',NULL,NULL,NULL,NULL,'岗位管理','businessadmin',NULL);
insert into `sys_auth_role_v` (`ID`, `AUTH_ID`, `ROLE_ID`, `SIGN`, `IS_REVOKE`, `CREATE_USER`, `CREATE_TIME`, `UPDATE_TIME`, `REMARK`, `AUTH_NAME`, `LV_ID`, `TRACE_ID`) values('businessef32403dbf9dc989d0651242','a16344b1790e41e98615f6cd1958757r','businessadmin',NULL,'0',NULL,NULL,NULL,NULL,'职务管理','businessadmin',NULL);
insert into `sys_auth_role_v` (`ID`, `AUTH_ID`, `ROLE_ID`, `SIGN`, `IS_REVOKE`, `CREATE_USER`, `CREATE_TIME`, `UPDATE_TIME`, `REMARK`, `AUTH_NAME`, `LV_ID`, `TRACE_ID`) values('businessea4a4e54acdaff4c84bb8370','19ea2ad7ea4a4e54acdaff4c84bb8370','businessadmin',NULL,'0',NULL,NULL,NULL,NULL,'应用运行日志','businessadmin',NULL);
insert into `sys_auth_role_v` (`ID`, `AUTH_ID`, `ROLE_ID`, `SIGN`, `IS_REVOKE`, `CREATE_USER`, `CREATE_TIME`, `UPDATE_TIME`, `REMARK`, `AUTH_NAME`, `LV_ID`, `TRACE_ID`) values('businessea4a4e54acdaff4c84bb8371','99ea2ad7ea4a4e54acdaff4c84bb8371','businessadmin',NULL,'0',NULL,NULL,NULL,NULL,'运行日志','businessadmin',NULL);
insert into `sys_auth_role_v` (`ID`, `AUTH_ID`, `ROLE_ID`, `SIGN`, `IS_REVOKE`, `CREATE_USER`, `CREATE_TIME`, `UPDATE_TIME`, `REMARK`, `AUTH_NAME`, `LV_ID`, `TRACE_ID`) values('businessa4a4e54acdaff4yhmzq8370','vbnmhd7ea4a4e54acdaff4yhmzq8370','businessadmin',NULL,'0',NULL,NULL,NULL,NULL,'小程序管理','businessadmin',NULL);
insert into `sys_auth_role_v` (`ID`, `AUTH_ID`, `ROLE_ID`, `SIGN`, `IS_REVOKE`, `CREATE_USER`, `CREATE_TIME`, `UPDATE_TIME`, `REMARK`, `AUTH_NAME`, `LV_ID`, `TRACE_ID`) values('business04344d37929abd4ad9a1dg12','4599ba3204344d37929abd4ad9a1dgth','businessadmin',NULL,'0',NULL,NULL,NULL,NULL,NULL,'businessadmin',NULL);
insert into `sys_auth_role_v` (`ID`, `AUTH_ID`, `ROLE_ID`, `SIGN`, `IS_REVOKE`, `CREATE_USER`, `CREATE_TIME`, `UPDATE_TIME`, `REMARK`, `AUTH_NAME`, `LV_ID`, `TRACE_ID`) values('business04344d37929abd4ad9a1dg32','7784ba3204344d37929abd4ad9a1dgth','businessadmin',NULL,'0',NULL,NULL,NULL,NULL,NULL,'businessadmin',NULL);
insert into `sys_auth_role_v` (`ID`, `AUTH_ID`, `ROLE_ID`, `SIGN`, `IS_REVOKE`, `CREATE_USER`, `CREATE_TIME`, `UPDATE_TIME`, `REMARK`, `AUTH_NAME`, `LV_ID`, `TRACE_ID`) values('business04344d37929abd4ad9a1dg43','8234ba3204344d37929abd4ad9a1dgth','businessadmin',NULL,'0',NULL,NULL,NULL,NULL,NULL,'businessadmin',NULL);
insert into `sys_auth_role_v` (`ID`, `AUTH_ID`, `ROLE_ID`, `SIGN`, `IS_REVOKE`, `CREATE_USER`, `CREATE_TIME`, `UPDATE_TIME`, `REMARK`, `AUTH_NAME`, `LV_ID`, `TRACE_ID`) values('business04344d37929abd4ad9a1dgth','4599ba3204344d37929abd4ad9a1dgth','businessadmin',NULL,'0',NULL,NULL,NULL,NULL,NULL,'businessadmin',NULL);
insert into `sys_auth_role_v` (`ID`, `AUTH_ID`, `ROLE_ID`, `SIGN`, `IS_REVOKE`, `CREATE_USER`, `CREATE_TIME`, `UPDATE_TIME`, `REMARK`, `AUTH_NAME`, `LV_ID`, `TRACE_ID`) values('business7a3249d6ad180da0b4681113','1160858109884c5095eed968472c0236','businessadmin',NULL,'0',NULL,NULL,NULL,NULL,'应用级字典维护','businessadmin',NULL);
insert into `sys_auth_role_v` (`ID`, `AUTH_ID`, `ROLE_ID`, `SIGN`, `IS_REVOKE`, `CREATE_USER`, `CREATE_TIME`, `UPDATE_TIME`, `REMARK`, `AUTH_NAME`, `LV_ID`, `TRACE_ID`) values('businessa4a4e54acdaff4yhmzq83cc','0745867ea4a4e54acdaff4yhmzq8370','businessadmin',NULL,'0',NULL,NULL,NULL,NULL,NULL,'businessadmin',NULL);
insert into `sys_auth_role_v` (`ID`, `AUTH_ID`, `ROLE_ID`, `SIGN`, `IS_REVOKE`, `CREATE_USER`, `CREATE_TIME`, `UPDATE_TIME`, `REMARK`, `AUTH_NAME`, `LV_ID`, `TRACE_ID`) values('businessa4a4e54acdaff4yhmzq8371','1275967ea4a4e54acdaff4yhmzq8370','businessadmin',NULL,'0',NULL,NULL,NULL,NULL,NULL,'businessadmin',NULL);
insert into `sys_auth_role_v` (`ID`, `AUTH_ID`, `ROLE_ID`, `SIGN`, `IS_REVOKE`, `CREATE_USER`, `CREATE_TIME`, `UPDATE_TIME`, `REMARK`, `AUTH_NAME`, `LV_ID`, `TRACE_ID`) values('businessa4a4e54acdaff4yhmzq8373','byasmd7ea4a4e54acdaff4yhmzq8370','businessadmin',NULL,'0',NULL,NULL,NULL,NULL,NULL,'businessadmin',NULL);
insert into `sys_auth_role_v` (`ID`, `AUTH_ID`, `ROLE_ID`, `SIGN`, `IS_REVOKE`, `CREATE_USER`, `CREATE_TIME`, `UPDATE_TIME`, `REMARK`, `AUTH_NAME`, `LV_ID`, `TRACE_ID`) values('businessa4a4e54acdaff4yhmzq8374','c789567ea4a4e54acdaff4yhmzq8370','businessadmin',NULL,'0',NULL,NULL,NULL,NULL,NULL,'businessadmin',NULL);
insert into `sys_auth_role_v` (`ID`, `AUTH_ID`, `ROLE_ID`, `SIGN`, `IS_REVOKE`, `CREATE_USER`, `CREATE_TIME`, `UPDATE_TIME`, `REMARK`, `AUTH_NAME`, `LV_ID`, `TRACE_ID`) values('businessa4a4e54acdaff4yhmzq8375','bnuimd7ea4a4e54acdaff4yhmzq8370','businessadmin',NULL,'0',NULL,NULL,NULL,NULL,'消息模板','businessadmin',NULL);
insert into `sys_auth_role_v` (`ID`, `AUTH_ID`, `ROLE_ID`, `SIGN`, `IS_REVOKE`, `CREATE_USER`, `CREATE_TIME`, `UPDATE_TIME`, `REMARK`, `AUTH_NAME`, `LV_ID`, `TRACE_ID`) values('businessaoxi4d37929abd4ad9a1dgth','dapingxiaoxi4d37929abd4ad9a1dgth','businessadmin',NULL,'0',NULL,NULL,NULL,NULL,NULL,'businessadmin',NULL);
insert into `sys_auth_role_v` (`ID`, `AUTH_ID`, `ROLE_ID`, `SIGN`, `IS_REVOKE`, `CREATE_USER`, `CREATE_TIME`, `UPDATE_TIME`, `REMARK`, `AUTH_NAME`, `LV_ID`, `TRACE_ID`) values('businessea4a4e54acdaff4c84bb83qq','19ea2ad7ea4a4e54acdaff4yhmzq8370','businessadmin',NULL,'0',NULL,NULL,NULL,NULL,'组件注册','businessadmin',NULL);
insert into `sys_auth_role_v` (`ID`, `AUTH_ID`, `ROLE_ID`, `SIGN`, `IS_REVOKE`, `CREATE_USER`, `CREATE_TIME`, `UPDATE_TIME`, `REMARK`, `AUTH_NAME`, `LV_ID`, `TRACE_ID`) values('businessea4a4e54acdaff4c84bb8379','19ea2ad7ea4a4e54acdaff4yhmzq8370','businessadmin',NULL,'0',NULL,NULL,NULL,NULL,'组件注册','businessadmin',NULL);
insert into `sys_auth_role_v` (`ID`, `AUTH_ID`, `ROLE_ID`, `SIGN`, `IS_REVOKE`, `CREATE_USER`, `CREATE_TIME`, `UPDATE_TIME`, `REMARK`, `AUTH_NAME`, `LV_ID`, `TRACE_ID`) values('businessef32403dbf9dc989d0651139','39e1b3ec3d6e483b86c4923ea64cfeee','businessadmin',NULL,'0',NULL,NULL,NULL,NULL,'数据源管理','businessadmin',NULL);
insert into `sys_auth_role_v` (`ID`, `AUTH_ID`, `ROLE_ID`, `SIGN`, `IS_REVOKE`, `CREATE_USER`, `CREATE_TIME`, `UPDATE_TIME`, `REMARK`, `AUTH_NAME`, `LV_ID`, `TRACE_ID`) values('businessef32403dbf9dc989d0651140','39e1b3ec3d6e483b86c4923ea64cf111','businessadmin',NULL,'0',NULL,NULL,NULL,NULL,'数据源管理维护','businessadmin',NULL);
insert into `sys_auth_role_v` (`ID`, `AUTH_ID`, `ROLE_ID`, `SIGN`, `IS_REVOKE`, `CREATE_USER`, `CREATE_TIME`, `UPDATE_TIME`, `REMARK`, `AUTH_NAME`, `LV_ID`, `TRACE_ID`) values('businessef32403dbf9dc989d0651147','ac2a8ce16a614324b5ed4e9c24e7e904','businessadmin',NULL,'0',NULL,NULL,NULL,NULL,'系统配置项管理','businessadmin',NULL);
insert into `sys_auth_role_v` (`ID`, `AUTH_ID`, `ROLE_ID`, `SIGN`, `IS_REVOKE`, `CREATE_USER`, `CREATE_TIME`, `UPDATE_TIME`, `REMARK`, `AUTH_NAME`, `LV_ID`, `TRACE_ID`) values('businessef32403dbf9dc989d0651148','ac2a8ce16a614324b5ed4e9c24e71113','businessadmin',NULL,'0',NULL,NULL,NULL,NULL,'应用配置项维护','businessadmin',NULL);
insert into `sys_auth_role_v` (`ID`, `AUTH_ID`, `ROLE_ID`, `SIGN`, `IS_REVOKE`, `CREATE_USER`, `CREATE_TIME`, `UPDATE_TIME`, `REMARK`, `AUTH_NAME`, `LV_ID`, `TRACE_ID`) values('businessef32403dbf9dc989d0651149','ffc03579b06a4b7fae6c51c9ff48b311','businessadmin',NULL,'0',NULL,NULL,NULL,NULL,'附件配置项管理','businessadmin',NULL);
insert into `sys_auth_role_v` (`ID`, `AUTH_ID`, `ROLE_ID`, `SIGN`, `IS_REVOKE`, `CREATE_USER`, `CREATE_TIME`, `UPDATE_TIME`, `REMARK`, `AUTH_NAME`, `LV_ID`, `TRACE_ID`) values('businessef32403dbf9dc989d0651151','131e140bc2bd4361af5ee488f92b22ad','businessadmin',NULL,'0',NULL,NULL,NULL,NULL,'字典管理','businessadmin',NULL);
insert into `sys_auth_role_v` (`ID`, `AUTH_ID`, `ROLE_ID`, `SIGN`, `IS_REVOKE`, `CREATE_USER`, `CREATE_TIME`, `UPDATE_TIME`, `REMARK`, `AUTH_NAME`, `LV_ID`, `TRACE_ID`) values('businessef32403dbf9dc989d0651153','8bc5761a4d8d49e680515bc50f4baad1','businessadmin',NULL,'0',NULL,NULL,NULL,NULL,'菜单管理','businessadmin',NULL);
insert into `sys_auth_role_v` (`ID`, `AUTH_ID`, `ROLE_ID`, `SIGN`, `IS_REVOKE`, `CREATE_USER`, `CREATE_TIME`, `UPDATE_TIME`, `REMARK`, `AUTH_NAME`, `LV_ID`, `TRACE_ID`) values('businessef32403dbf9dc989d0651154','8bc5761a4d8d49e680515bc50f4ba111','businessadmin',NULL,'0',NULL,NULL,NULL,NULL,'菜单管理维护','businessadmin',NULL);
insert into `sys_auth_role_v` (`ID`, `AUTH_ID`, `ROLE_ID`, `SIGN`, `IS_REVOKE`, `CREATE_USER`, `CREATE_TIME`, `UPDATE_TIME`, `REMARK`, `AUTH_NAME`, `LV_ID`, `TRACE_ID`) values('businessef32403dbf9dc989d0651155','39e1b3ec3d6e483b86c4923ea64cfdd0','businessadmin',NULL,'0',NULL,NULL,NULL,NULL,'权限定义','businessadmin',NULL);
insert into `sys_auth_role_v` (`ID`, `AUTH_ID`, `ROLE_ID`, `SIGN`, `IS_REVOKE`, `CREATE_USER`, `CREATE_TIME`, `UPDATE_TIME`, `REMARK`, `AUTH_NAME`, `LV_ID`, `TRACE_ID`) values('businessef32403dbf9dc989d0651156','39e1b3ec3d6e483b86c4923ea64c1111','businessadmin',NULL,'0',NULL,NULL,NULL,NULL,'权限管理维护','businessadmin',NULL);
insert into `sys_auth_role_v` (`ID`, `AUTH_ID`, `ROLE_ID`, `SIGN`, `IS_REVOKE`, `CREATE_USER`, `CREATE_TIME`, `UPDATE_TIME`, `REMARK`, `AUTH_NAME`, `LV_ID`, `TRACE_ID`) values('businessef32403dbf9dc989d0651157','8d4d2caee7f548889988da2747dfaa4a','businessadmin',NULL,'0',NULL,NULL,NULL,NULL,'角色管理','businessadmin',NULL);
insert into `sys_auth_role_v` (`ID`, `AUTH_ID`, `ROLE_ID`, `SIGN`, `IS_REVOKE`, `CREATE_USER`, `CREATE_TIME`, `UPDATE_TIME`, `REMARK`, `AUTH_NAME`, `LV_ID`, `TRACE_ID`) values('businessef32403dbf9dc989d0651158','39e1b3ec3d6e483b86c4923ea64c1112','businessadmin',NULL,'0',NULL,NULL,NULL,NULL,'指定权限绑定api资源权限','businessadmin',NULL);
insert into `sys_auth_role_v` (`ID`, `AUTH_ID`, `ROLE_ID`, `SIGN`, `IS_REVOKE`, `CREATE_USER`, `CREATE_TIME`, `UPDATE_TIME`, `REMARK`, `AUTH_NAME`, `LV_ID`, `TRACE_ID`) values('businessef32403dbf9dc989d0651164','334qb3ec3d6e483b86c4923ea64cf112','businessadmin',NULL,'0',NULL,NULL,NULL,NULL,'用户授权激活','businessadmin',NULL);
insert into `sys_auth_role_v` (`ID`, `AUTH_ID`, `ROLE_ID`, `SIGN`, `IS_REVOKE`, `CREATE_USER`, `CREATE_TIME`, `UPDATE_TIME`, `REMARK`, `AUTH_NAME`, `LV_ID`, `TRACE_ID`) values('businessef32403dbf9dc989d0651170','456wb3ec3d6e483b86c4923ea64cf112','businessadmin',NULL,'0',NULL,NULL,NULL,NULL,'角色授权激活','businessadmin',NULL);
insert into `sys_auth_role_v` (`ID`, `AUTH_ID`, `ROLE_ID`, `SIGN`, `IS_REVOKE`, `CREATE_USER`, `CREATE_TIME`, `UPDATE_TIME`, `REMARK`, `AUTH_NAME`, `LV_ID`, `TRACE_ID`) values('businessef32403dbf9dc989d0651174','67yub3ec3d6e483b86c4923ea64cf112','businessadmin',NULL,'0',NULL,NULL,NULL,NULL,'权限授权激活','businessadmin',NULL);
insert into `sys_auth_role_v` (`ID`, `AUTH_ID`, `ROLE_ID`, `SIGN`, `IS_REVOKE`, `CREATE_USER`, `CREATE_TIME`, `UPDATE_TIME`, `REMARK`, `AUTH_NAME`, `LV_ID`, `TRACE_ID`) values('businessef32403dbf9dc989d0651189','11316279a4a9416a8e20019821e640af','businessadmin',NULL,'0',NULL,NULL,NULL,NULL,'配置管理','businessadmin',NULL);
insert into `sys_auth_role_v` (`ID`, `AUTH_ID`, `ROLE_ID`, `SIGN`, `IS_REVOKE`, `CREATE_USER`, `CREATE_TIME`, `UPDATE_TIME`, `REMARK`, `AUTH_NAME`, `LV_ID`, `TRACE_ID`) values('businessef32403dbf9dc989d0651190','e3b15ac90286450fbe5a721c9f542451','businessadmin',NULL,'0',NULL,NULL,NULL,NULL,'系统管理','businessadmin',NULL);
insert into `sys_auth_role_v` (`ID`, `AUTH_ID`, `ROLE_ID`, `SIGN`, `IS_REVOKE`, `CREATE_USER`, `CREATE_TIME`, `UPDATE_TIME`, `REMARK`, `AUTH_NAME`, `LV_ID`, `TRACE_ID`) values('businessef32403dbf9dc989d0651192','11erb3ec3d6e483b86c4923ea64cfdd0','businessadmin',NULL,'0',NULL,NULL,NULL,NULL,'授权管理','businessadmin',NULL);
insert into `sys_auth_role_v` (`ID`, `AUTH_ID`, `ROLE_ID`, `SIGN`, `IS_REVOKE`, `CREATE_USER`, `CREATE_TIME`, `UPDATE_TIME`, `REMARK`, `AUTH_NAME`, `LV_ID`, `TRACE_ID`) values('businessef32403dbf9dc989d0651213','e3b15ac90286450fbe5a721c9f542433','businessadmin',NULL,'0',NULL,NULL,NULL,NULL,'首页','businessadmin',NULL);
insert into `sys_auth_role_v` (`ID`, `AUTH_ID`, `ROLE_ID`, `SIGN`, `IS_REVOKE`, `CREATE_USER`, `CREATE_TIME`, `UPDATE_TIME`, `REMARK`, `AUTH_NAME`, `LV_ID`, `TRACE_ID`) values('businessef32403dbf9dc989d0651224','22316279a4a9416a8e20019821e640af','businessadmin',NULL,'0',NULL,NULL,NULL,NULL,'定时任务','businessadmin',NULL);
insert into `sys_auth_role_v` (`ID`, `AUTH_ID`, `ROLE_ID`, `SIGN`, `IS_REVOKE`, `CREATE_USER`, `CREATE_TIME`, `UPDATE_TIME`, `REMARK`, `AUTH_NAME`, `LV_ID`, `TRACE_ID`) values('businessef32403dbf9dc989d0651227','3333ba3204344d37929abd4ad9a12222','businessadmin',NULL,'0',NULL,NULL,NULL,NULL,'工作流程','businessadmin',NULL);
insert into `sys_auth_role_v` (`ID`, `AUTH_ID`, `ROLE_ID`, `SIGN`, `IS_REVOKE`, `CREATE_USER`, `CREATE_TIME`, `UPDATE_TIME`, `REMARK`, `AUTH_NAME`, `LV_ID`, `TRACE_ID`) values('businessef32403dbf9dc989d0651228','3456ba3204344d37929abd4ad9a15678','businessadmin',NULL,'0',NULL,NULL,NULL,NULL,'流程定义','businessadmin',NULL);
insert into `sys_auth_role_v` (`ID`, `AUTH_ID`, `ROLE_ID`, `SIGN`, `IS_REVOKE`, `CREATE_USER`, `CREATE_TIME`, `UPDATE_TIME`, `REMARK`, `AUTH_NAME`, `LV_ID`, `TRACE_ID`) values('businessef32403dbf9dc989d0651229','7756ba3204344d37929abd4ad9a15699','businessadmin',NULL,'0',NULL,NULL,NULL,NULL,'全局变量','businessadmin',NULL);
insert into `sys_auth_role_v` (`ID`, `AUTH_ID`, `ROLE_ID`, `SIGN`, `IS_REVOKE`, `CREATE_USER`, `CREATE_TIME`, `UPDATE_TIME`, `REMARK`, `AUTH_NAME`, `LV_ID`, `TRACE_ID`) values('businessef32403dbf9dc989d0651230','1116ba3204344d37929abd4ad9a15222','businessadmin',NULL,'0',NULL,NULL,NULL,NULL,'全局规则','businessadmin',NULL);
insert into `sys_auth_role_v` (`ID`, `AUTH_ID`, `ROLE_ID`, `SIGN`, `IS_REVOKE`, `CREATE_USER`, `CREATE_TIME`, `UPDATE_TIME`, `REMARK`, `AUTH_NAME`, `LV_ID`, `TRACE_ID`) values('businessef32403dbf9dc989d0651243','twerba3204344d37929abd4ad9a1dfgh','businessadmin',NULL,'0',NULL,NULL,NULL,NULL,'数据展示','businessadmin',NULL);
insert into `sys_auth_role_v` (`ID`, `AUTH_ID`, `ROLE_ID`, `SIGN`, `IS_REVOKE`, `CREATE_USER`, `CREATE_TIME`, `UPDATE_TIME`, `REMARK`, `AUTH_NAME`, `LV_ID`, `TRACE_ID`) values('businessef32403dbf9dc989d0651244','1234ba3204344d37929abd4ad9a1dgth','businessadmin',NULL,'0',NULL,NULL,NULL,NULL,'业务类型','businessadmin',NULL);
insert into `sys_auth_role_v` (`ID`, `AUTH_ID`, `ROLE_ID`, `SIGN`, `IS_REVOKE`, `CREATE_USER`, `CREATE_TIME`, `UPDATE_TIME`, `REMARK`, `AUTH_NAME`, `LV_ID`, `TRACE_ID`) values('businessef32403dbf9dc989d0651245','2234ba3204344d37929abd4ad9a1dgth','businessadmin',NULL,'0',NULL,NULL,NULL,NULL,'报表设计','businessadmin',NULL);
insert into `sys_auth_role_v` (`ID`, `AUTH_ID`, `ROLE_ID`, `SIGN`, `IS_REVOKE`, `CREATE_USER`, `CREATE_TIME`, `UPDATE_TIME`, `REMARK`, `AUTH_NAME`, `LV_ID`, `TRACE_ID`) values('businessef32403dbf9dc989d0651246','3234ba3204344d37929abd4ad9a1dgth','businessadmin',NULL,'0',NULL,NULL,NULL,NULL,'报表浏览','businessadmin',NULL);
insert into `sys_auth_role_v` (`ID`, `AUTH_ID`, `ROLE_ID`, `SIGN`, `IS_REVOKE`, `CREATE_USER`, `CREATE_TIME`, `UPDATE_TIME`, `REMARK`, `AUTH_NAME`, `LV_ID`, `TRACE_ID`) values('businessef32403dbf9dc989d0651250','45676279a4a9416a8e20019821e6ghjk','businessadmin',NULL,'0',NULL,NULL,NULL,NULL,'消息通道','businessadmin',NULL);
insert into `sys_auth_role_v` (`ID`, `AUTH_ID`, `ROLE_ID`, `SIGN`, `IS_REVOKE`, `CREATE_USER`, `CREATE_TIME`, `UPDATE_TIME`, `REMARK`, `AUTH_NAME`, `LV_ID`, `TRACE_ID`) values('businessef32403dbf9dc989d0651251','yut76279a4a9416a8e20019821e6g45t','businessadmin',NULL,'0',NULL,NULL,NULL,NULL,NULL,'businessadmin',NULL);
INSERT INTO `sys_auth_role_v` (`ID`, `AUTH_ID`, `ROLE_ID`, `SIGN`, `IS_REVOKE`, `CREATE_USER`, `CREATE_TIME`, `UPDATE_TIME`, `REMARK`, `LV_ID`, `AUTH_NAME`,  `TRACE_ID`) VALUES('businessef32403dbf9dc989d0651165','334qb3ec3d6e483b86c4923ea64cfdd0','businessadmin',NULL,'0',NULL,NULL,NULL,NULL,'businessadmin','用户授权',NULL);
INSERT INTO `sys_auth_role_v` (`ID`, `AUTH_ID`, `ROLE_ID`, `SIGN`, `IS_REVOKE`, `CREATE_USER`, `CREATE_TIME`, `UPDATE_TIME`, `REMARK`, `LV_ID`, `AUTH_NAME`,  `TRACE_ID`) VALUES('businessef32403dbf9dc989d0651166','334qb3ec3d6e483b86c4923ea64cf111','businessadmin',NULL,'0',NULL,NULL,NULL,NULL,'businessadmin','用户授权保存',NULL);
INSERT INTO `sys_auth_role_v` (`ID`, `AUTH_ID`, `ROLE_ID`, `SIGN`, `IS_REVOKE`, `CREATE_USER`, `CREATE_TIME`, `UPDATE_TIME`, `REMARK`, `LV_ID`, `AUTH_NAME`,  `TRACE_ID`) VALUES('businessef32403dbf9dc989d0651167','334qb3ec3d6e483b86c4923ea64cf113','businessadmin',NULL,'0',NULL,NULL,NULL,NULL,'businessadmin','指定用户权限管控的组织范围',NULL);
INSERT INTO `sys_auth_role_v` (`ID`, `AUTH_ID`, `ROLE_ID`, `SIGN`, `IS_REVOKE`, `CREATE_USER`, `CREATE_TIME`, `UPDATE_TIME`, `REMARK`, `LV_ID`, `AUTH_NAME`,  `TRACE_ID`) VALUES('businessef32403dbf9dc989d0651168','334qb3ec3d6e483b86c4923ea64cf114','businessadmin',NULL,'0',NULL,NULL,NULL,NULL,'businessadmin','指定用户权限管控的用户组范围',NULL);
INSERT INTO `sys_auth_role_v` (`ID`, `AUTH_ID`, `ROLE_ID`, `SIGN`, `IS_REVOKE`, `CREATE_USER`, `CREATE_TIME`, `UPDATE_TIME`, `REMARK`, `LV_ID`, `AUTH_NAME`,  `TRACE_ID`) VALUES('businessef32403dbf9dc989d0651171','456wb3ec3d6e483b86c4923ea64cfdd0','businessadmin',NULL,'0',NULL,NULL,NULL,NULL,'businessadmin','角色授权',NULL);
INSERT INTO `sys_auth_role_v` (`ID`, `AUTH_ID`, `ROLE_ID`, `SIGN`, `IS_REVOKE`, `CREATE_USER`, `CREATE_TIME`, `UPDATE_TIME`, `REMARK`, `LV_ID`, `AUTH_NAME`,  `TRACE_ID`) VALUES('businessef32403dbf9dc989d0651172','456wb3ec3d6e483b86c4923ea64cf111','businessadmin',NULL,'0',NULL,NULL,NULL,NULL,'businessadmin','角色授权保存',NULL);
INSERT INTO `sys_auth_role_v` (`ID`, `AUTH_ID`, `ROLE_ID`, `SIGN`, `IS_REVOKE`, `CREATE_USER`, `CREATE_TIME`, `UPDATE_TIME`, `REMARK`, `LV_ID`, `AUTH_NAME`,  `TRACE_ID`) VALUES('businessef32403dbf9dc989d0651175','67yub3ec3d6e483b86c4923ea64cfdd0','businessadmin',NULL,'0',NULL,NULL,NULL,NULL,'businessadmin','权限授权',NULL);
INSERT INTO `sys_auth_role_v` (`ID`, `AUTH_ID`, `ROLE_ID`, `SIGN`, `IS_REVOKE`, `CREATE_USER`, `CREATE_TIME`, `UPDATE_TIME`, `REMARK`, `LV_ID`, `AUTH_NAME`,  `TRACE_ID`) VALUES('businessef32403dbf9dc989d0651176','67yub3ec3d6e483b86c4923ea64cf111','businessadmin',NULL,'0',NULL,NULL,NULL,NULL,'businessadmin','权限授权保存',NULL);
INSERT INTO `sys_auth_role_v` (`ID`, `AUTH_ID`, `ROLE_ID`, `SIGN`, `IS_REVOKE`, `CREATE_USER`, `CREATE_TIME`, `UPDATE_TIME`, `REMARK`, `LV_ID`, `AUTH_NAME`,  `TRACE_ID`) VALUES('businessef32403dbf9dc989d0651193','04d7893c4a4d4345b18b0789af13753f','businessadmin',NULL,'0',NULL,NULL,NULL,NULL,'businessadmin','审计日志',NULL);
INSERT INTO `sys_auth_role_v` (`ID`, `AUTH_ID`, `ROLE_ID`, `SIGN`, `IS_REVOKE`, `CREATE_USER`, `CREATE_TIME`, `UPDATE_TIME`, `REMARK`, `LV_ID`, `AUTH_NAME`,  `TRACE_ID`) VALUES('businessef32403dbf9dc989d0651234','tyuub3ec3d6e483b86c4923ea64cfwe5','businessadmin',NULL,'0',NULL,NULL,NULL,NULL,'businessadmin','角色分配',NULL);
INSERT INTO `sys_auth_role_v` (`ID`, `AUTH_ID`, `ROLE_ID`, `SIGN`, `IS_REVOKE`, `CREATE_USER`, `CREATE_TIME`, `UPDATE_TIME`, `REMARK`, `LV_ID`, `AUTH_NAME`,  `TRACE_ID`) VALUES('businessea4a4e54acdaff4c84bb83qw','19ea2ad7ea4a4e54acdaff4c84bb8370','businessadmin',NULL,'0',NULL,NULL,NULL,NULL,'businessadmin','应用运行日志',NULL);
INSERT INTO `sys_auth_role_v` (`ID`, `AUTH_ID`, `ROLE_ID`, `SIGN`, `IS_REVOKE`, `CREATE_USER`, `CREATE_TIME`, `UPDATE_TIME`, `REMARK`, `LV_ID`, `AUTH_NAME`,  `TRACE_ID`) VALUES('businessef32403dbf9dc989d0651254','frggb3ec3d6e483b86c4923ea64cvbnu','businessadmin',NULL,'0',NULL,NULL,NULL,NULL,'businessadmin','角色审计',NULL);
INSERT INTO `sys_auth_role_v` (`ID`, `AUTH_ID`, `ROLE_ID`, `SIGN`, `IS_REVOKE`, `CREATE_USER`, `CREATE_TIME`, `UPDATE_TIME`, `REMARK`, `LV_ID`, `AUTH_NAME`,  `TRACE_ID`) VALUES('businessef32403dbf9dc989d0651255','hjuub3ec3d6e483b86c4923ea64cnmui','businessadmin',NULL,'0',NULL,NULL,NULL,NULL,'businessadmin','授权审计',NULL);

/**
 *  租户字典类型
 * @author zuogang
 * @date 2021/11/29 17:12
 */
insert into `sys_dict` (`ID`, `TYPE`, `NAME`, `DICT_EXPLAIN`, `APP_ID`, `DATA_VERSION`, `GROUP_ID`, `SCOPE`, `TRACE_ID`) values('6a973d4ce4c24cb2bed6d22fea7d82b0','USER_SECRET_TYPE','用户密级类别','','',0,'',1,NULL);

insert into `sys_dict_value` (`ID`, `TYPE_ID`, `DICT_NAME`, `SORT_INDEX`, `APP_ID`, `TYPE`, `DATA_VERSION`, `DICT_VALUE`, `PARENT_ID`, `SORT_PATH`, `REMARK`, `GROUP_ID`, `SCOPE`, `TRACE_ID`) values('85c6ca40b4224458891895d68a04a16d','6a973d4ce4c24cb2bed6d22fea7d82b0','密级值列','10','','USER_SECRET_TYPE',0,'1','0','000010','值为1：5非密4内部3一般2重要1核心；值为2：5非密4内部3秘密2机密1绝密','',1,NULL);


-- 附件配置
ALTER TABLE `FILE_INFO`
    ADD COLUMN `OLD_FORM_ID` VARCHAR(50)  COMMENT '旧表单Id';

/**
 * 业务单元改为业务机构
 * @param null
 * @return
 * @author zuogang
 * @date 2021/12/9 10:49
 */
UPDATE SYS_MENU SET NAME='业务机构' WHERE NAME='业务单元';

