--
-- BD_APP_LIB  (Table)
--
CREATE TABLE BD_APP_LIB
(
  ID            VARCHAR2(50 CHAR)               NOT NULL,
  NAME          VARCHAR2(50 CHAR),
  VERSION       VARCHAR2(50 CHAR),
  SORT_INDEX    INTEGER                         DEFAULT 9999,
  ICON          VARCHAR2(200 CHAR),
  HAS_UI        NUMBER(1)                       DEFAULT 0,
  UI_NAME       VARCHAR2(50 CHAR),
  DATA_VERSION  INTEGER                         DEFAULT 0
);

COMMENT ON TABLE BD_APP_LIB IS '基础应用产品库';

COMMENT ON COLUMN BD_APP_LIB.ID IS '应用标识';

COMMENT ON COLUMN BD_APP_LIB.NAME IS '应用名称';

COMMENT ON COLUMN BD_APP_LIB.VERSION IS '版本号';

COMMENT ON COLUMN BD_APP_LIB.SORT_INDEX IS '排序号';

COMMENT ON COLUMN BD_APP_LIB.ICON IS '应用图标';

COMMENT ON COLUMN BD_APP_LIB.HAS_UI IS '前后端分离 0 否 1 是';

COMMENT ON COLUMN BD_APP_LIB.UI_NAME IS '数据版本';

COMMENT ON COLUMN BD_APP_LIB.DATA_VERSION IS '数据版本';



--
-- FILE_CHUNK_INFO  (Table)
--
CREATE TABLE FILE_CHUNK_INFO
(
  ID              VARCHAR2(50 CHAR)             NOT NULL,
  FILE_INFO_ID    VARCHAR2(50 CHAR),
  CHUNK_PATH      VARCHAR2(2000 CHAR),
  CHUNK_SIZE      NUMBER(19),
  IS_ENCRYPTED    NUMBER(1),
  ENCRYPTED_SIZE  NUMBER(19),
  CHUNK_INDEX     INTEGER
)
;

COMMENT ON TABLE FILE_CHUNK_INFO IS '附件管理-切片信息';

COMMENT ON COLUMN FILE_CHUNK_INFO.ID IS '切片id';

COMMENT ON COLUMN FILE_CHUNK_INFO.FILE_INFO_ID IS '所属文件id';

COMMENT ON COLUMN FILE_CHUNK_INFO.CHUNK_PATH IS '切片路径';

COMMENT ON COLUMN FILE_CHUNK_INFO.CHUNK_SIZE IS '切片大小';

COMMENT ON COLUMN FILE_CHUNK_INFO.IS_ENCRYPTED IS '是否加密';

COMMENT ON COLUMN FILE_CHUNK_INFO.ENCRYPTED_SIZE IS '加密后大小';

COMMENT ON COLUMN FILE_CHUNK_INFO.CHUNK_INDEX IS '切片序号';



--
-- FILE_CONFIGURATION  (Table)
--
CREATE TABLE FILE_CONFIGURATION
(
  ID                              VARCHAR2(50 CHAR) NOT NULL,
  CONFIGURATION_TYPE              INTEGER,
  GROUP_ID                        VARCHAR2(50 CHAR),
  APP_ID                          VARCHAR2(50 CHAR),
  CONFIGURATION_KEY               VARCHAR2(50 CHAR) NOT NULL,
  GROUP_DATASOURCE_ID             VARCHAR2(50 CHAR),
  TABLE_NAME                      VARCHAR2(50 CHAR),
  ACCEPT                          VARCHAR2(200 CHAR),
  FILE_NUM_LIMIT                  INTEGER,
  FILE_SINGLE_SIZE_LIMIT          NUMBER(19),
  FILE_SIZE_LIMIT                 NUMBER(19),
  IS_ENABLE_ENCRYPT               NUMBER(1),
  IS_ENABLE_SECRET_LEVEL          NUMBER(1),
  IS_ALLOW_UPLOAD                 NUMBER(1),
  IS_ALLOW_DELETE                 NUMBER(1),
  IS_ALLOW_DOWNLOAD               NUMBER(1),
  UPLOAD_OPERATION_KEY            VARCHAR2(50 CHAR),
  DELETE_OPERATION_KEY            VARCHAR2(50 CHAR),
  DOWNLOAD_OPERATION_KEY          VARCHAR2(50 CHAR),
  IS_ENABLE_DOWNLOAD_TOKEN        NUMBER(1),
  IS_ENABLE_USER_SEPARATE         NUMBER(1),
  FILE_REPOSITORY_ID              VARCHAR2(50 CHAR),
  SUB_DIR_FORMAT                  VARCHAR2(50 CHAR),
  IS_ENABLE_IMAGE_COMPRESS        INTEGER,
  COMPRESSED_IMAGE_WIDTH          INTEGER,
  COMPRESSED_IMAGE_HEIGHT         INTEGER,
  COMPRESS_IMAGE_SIZE             NUMBER(19),
  IS_ENABLE_PREVIEW               NUMBER(1),
  IS_ENABLE_REVIEW                NUMBER(1),
  SIGN                            VARCHAR2(50 CHAR),
  CREATE_USER                     VARCHAR2(47 CHAR),
  CREATE_TIME                     DATE,
  UPDATE_TIME                     DATE,
  REMARK                          VARCHAR2(200 CHAR),
  DATA_VERSION                    INTEGER       DEFAULT 0,
  ALLOW_UPLOAD_API                VARCHAR2(50 CHAR),
  ALLOW_DOWNLOAD_API              VARCHAR2(50 CHAR),
  ALLOW_DELETE_API                VARCHAR2(50 CHAR),
  IS_ENABLE_EVT_FILE_DELETING     NUMBER(1),
  IS_ENABLE_EVT_FILE_DOWNLOADING  NUMBER(1),
  IS_ENABLE_EVT_FILE_UPLOADING    NUMBER(1),
  IS_ENABLE_EVT_FILE_UPLOADED     NUMBER(1),
  IS_ENABLE_EVT_FILE_DOWNLOADED   NUMBER(1),
  DOWNLOAD_AUTH_CODE              VARCHAR2(50 BYTE),
  UPLOAD_AUTH_CODE                VARCHAR2(50 BYTE),
  DELETE_AUTH_CODE                VARCHAR2(50 BYTE)
)
;

COMMENT ON TABLE FILE_CONFIGURATION IS '附件管理-附件配置';

COMMENT ON COLUMN FILE_CONFIGURATION.ID IS '主键';

COMMENT ON COLUMN FILE_CONFIGURATION.CONFIGURATION_TYPE IS '配置类型（0-租户级1-集团级2-应用级3-表单级）';

COMMENT ON COLUMN FILE_CONFIGURATION.GROUP_ID IS '集团id';

COMMENT ON COLUMN FILE_CONFIGURATION.APP_ID IS '集团应用id';

COMMENT ON COLUMN FILE_CONFIGURATION.CONFIGURATION_KEY IS '配置标识';

COMMENT ON COLUMN FILE_CONFIGURATION.GROUP_DATASOURCE_ID IS '关联数据源id';

COMMENT ON COLUMN FILE_CONFIGURATION.TABLE_NAME IS '关联表名';

COMMENT ON COLUMN FILE_CONFIGURATION.ACCEPT IS '允许上传的文件类型';

COMMENT ON COLUMN FILE_CONFIGURATION.FILE_NUM_LIMIT IS '允许上传文件的最大数量';

COMMENT ON COLUMN FILE_CONFIGURATION.FILE_SINGLE_SIZE_LIMIT IS '允许上传的最大单个文件大小';

COMMENT ON COLUMN FILE_CONFIGURATION.FILE_SIZE_LIMIT IS '允许上传文件的总大小';

COMMENT ON COLUMN FILE_CONFIGURATION.IS_ENABLE_ENCRYPT IS '是否启用文件加密保存0不1是';

COMMENT ON COLUMN FILE_CONFIGURATION.IS_ENABLE_SECRET_LEVEL IS '是否允许设置文件密级';

COMMENT ON COLUMN FILE_CONFIGURATION.IS_ALLOW_UPLOAD IS '是否允许上传';

COMMENT ON COLUMN FILE_CONFIGURATION.IS_ALLOW_DELETE IS '是否允许删除';

COMMENT ON COLUMN FILE_CONFIGURATION.IS_ALLOW_DOWNLOAD IS '是否允许下载';

COMMENT ON COLUMN FILE_CONFIGURATION.UPLOAD_OPERATION_KEY IS '上传操作标识';

COMMENT ON COLUMN FILE_CONFIGURATION.DELETE_OPERATION_KEY IS '删除操作标识';

COMMENT ON COLUMN FILE_CONFIGURATION.DOWNLOAD_OPERATION_KEY IS '下载操作标识';

COMMENT ON COLUMN FILE_CONFIGURATION.IS_ENABLE_DOWNLOAD_TOKEN IS '是否通过临时Token下载';

COMMENT ON COLUMN FILE_CONFIGURATION.IS_ENABLE_USER_SEPARATE IS '是否禁止删除他人上传文件';

COMMENT ON COLUMN FILE_CONFIGURATION.FILE_REPOSITORY_ID IS '指定文件存储库id';

COMMENT ON COLUMN FILE_CONFIGURATION.SUB_DIR_FORMAT IS '存储路径生成规则';

COMMENT ON COLUMN FILE_CONFIGURATION.IS_ENABLE_IMAGE_COMPRESS IS '是否启用图片压缩上传';

COMMENT ON COLUMN FILE_CONFIGURATION.COMPRESSED_IMAGE_WIDTH IS '图片压缩宽度';

COMMENT ON COLUMN FILE_CONFIGURATION.COMPRESSED_IMAGE_HEIGHT IS '图片压缩高度';

COMMENT ON COLUMN FILE_CONFIGURATION.COMPRESS_IMAGE_SIZE IS '启用图片压缩的图片大小';

COMMENT ON COLUMN FILE_CONFIGURATION.IS_ENABLE_PREVIEW IS '是否启用文件预览';

COMMENT ON COLUMN FILE_CONFIGURATION.IS_ENABLE_REVIEW IS '是否启用附件审查';

COMMENT ON COLUMN FILE_CONFIGURATION.SIGN IS '数据签名';

COMMENT ON COLUMN FILE_CONFIGURATION.CREATE_USER IS '创建用户id';

COMMENT ON COLUMN FILE_CONFIGURATION.CREATE_TIME IS '创建时间';

COMMENT ON COLUMN FILE_CONFIGURATION.UPDATE_TIME IS '更新时间';

COMMENT ON COLUMN FILE_CONFIGURATION.REMARK IS '备注';

COMMENT ON COLUMN FILE_CONFIGURATION.DATA_VERSION IS '数据版本';

COMMENT ON COLUMN FILE_CONFIGURATION.ALLOW_UPLOAD_API IS '是否允许上传验证API';

COMMENT ON COLUMN FILE_CONFIGURATION.ALLOW_DOWNLOAD_API IS '是否允许下载验证API';

COMMENT ON COLUMN FILE_CONFIGURATION.ALLOW_DELETE_API IS '是否允许删除验证API';

COMMENT ON COLUMN FILE_CONFIGURATION.IS_ENABLE_EVT_FILE_DELETING IS '是否启用事件文件删除前';

COMMENT ON COLUMN FILE_CONFIGURATION.IS_ENABLE_EVT_FILE_DOWNLOADING IS '是否启用事件文件下载前';

COMMENT ON COLUMN FILE_CONFIGURATION.IS_ENABLE_EVT_FILE_UPLOADING IS '是否启用事件文件上传前';

COMMENT ON COLUMN FILE_CONFIGURATION.IS_ENABLE_EVT_FILE_UPLOADED IS '是否启用事件文件上传后（不影响文件上传到服务器）';

COMMENT ON COLUMN FILE_CONFIGURATION.IS_ENABLE_EVT_FILE_DOWNLOADED IS '是否启用文件下载后事件';

COMMENT ON COLUMN FILE_CONFIGURATION.DOWNLOAD_AUTH_CODE IS '下载权限标识';

COMMENT ON COLUMN FILE_CONFIGURATION.UPLOAD_AUTH_CODE IS '上传权限标识';

COMMENT ON COLUMN FILE_CONFIGURATION.DELETE_AUTH_CODE IS '删除权限标识';



--
-- FILE_INFO  (Table)
--
CREATE TABLE FILE_INFO
(
  ID                     VARCHAR2(50 CHAR)      NOT NULL,
  FILE_NAME              VARCHAR2(200 CHAR),
  FORM_ID                VARCHAR2(50 CHAR),
  UPLOADER_ID            VARCHAR2(50 CHAR),
  UPLOAD_TIME            DATE,
  SECRET_LEVEL           INTEGER,
  MD5                    VARCHAR2(50 CHAR),
  CHUNKS                 NUMBER(19),
  SHARED_FILE_INFO_ID    VARCHAR2(50 CHAR),
  IMAGE_ROTATION_ANGLE   INTEGER,
  IS_NEED_REVIEW         NUMBER(1),
  DATA_VERSION           INTEGER,
  FILE_SIZE              NUMBER(19),
  CONTENT_TYPE           VARCHAR2(200 CHAR),
  ENCRYPTED_SIZE         NUMBER(19),
  FILE_CONFIGURATION_ID  VARCHAR2(50 CHAR),
  SHARED_FILE_CONFIG_ID  VARCHAR2(50 CHAR),
  FILE_REPOSITORY_ID     VARCHAR2(50 CHAR)
)
;

COMMENT ON TABLE FILE_INFO IS '附件管理-文件信息';

COMMENT ON COLUMN FILE_INFO.ID IS '主键';

COMMENT ON COLUMN FILE_INFO.FILE_NAME IS '文件名';

COMMENT ON COLUMN FILE_INFO.FORM_ID IS '关联表记录';

COMMENT ON COLUMN FILE_INFO.UPLOADER_ID IS '上传人id';

COMMENT ON COLUMN FILE_INFO.UPLOAD_TIME IS '上传时间';

COMMENT ON COLUMN FILE_INFO.SECRET_LEVEL IS '文件密级';

COMMENT ON COLUMN FILE_INFO.MD5 IS '文件md5';

COMMENT ON COLUMN FILE_INFO.CHUNKS IS '文件切片数量';

COMMENT ON COLUMN FILE_INFO.SHARED_FILE_INFO_ID IS '共享文件id';

COMMENT ON COLUMN FILE_INFO.IMAGE_ROTATION_ANGLE IS '图片旋转角度';

COMMENT ON COLUMN FILE_INFO.IS_NEED_REVIEW IS '是否需要审查';

COMMENT ON COLUMN FILE_INFO.DATA_VERSION IS '数据版本';

COMMENT ON COLUMN FILE_INFO.FILE_SIZE IS '文件大小';

COMMENT ON COLUMN FILE_INFO.CONTENT_TYPE IS '文件内容类型MIME';

COMMENT ON COLUMN FILE_INFO.ENCRYPTED_SIZE IS '文件加密后大小';

COMMENT ON COLUMN FILE_INFO.FILE_CONFIGURATION_ID IS '附件配置id';

COMMENT ON COLUMN FILE_INFO.SHARED_FILE_CONFIG_ID IS '共享文件配置id';

COMMENT ON COLUMN FILE_INFO.FILE_REPOSITORY_ID IS '文件存储库id';



--
-- FILE_REPOSITORY  (Table)
--
CREATE TABLE FILE_REPOSITORY
(
  ID                      VARCHAR2(50 CHAR)     NOT NULL,
  REPOSITORY_KEY          VARCHAR2(50 CHAR)     NOT NULL,
  REPOSITORY_TYPE         INTEGER,
  MAX_SIZE                NUMBER(19),
  USED_SIZE               NUMBER(19),
  WARNING_SIZE            NUMBER(19),
  STORAGE_BASE_DIRECTORY  VARCHAR2(100 CHAR),
  OSS_PROVIDER            VARCHAR2(50 CHAR),
  FTP_SERVER_ADDRESS      VARCHAR2(50 CHAR),
  FTP_USER_NAME           VARCHAR2(50 CHAR),
  FTP_PASSWORD            VARCHAR2(50 CHAR),
  CREATE_USER             VARCHAR2(50 CHAR),
  CREATE_TIME             DATE,
  UPDATE_TIME             DATE,
  DATA_VERSION            INTEGER,
  REMARK                  VARCHAR2(200 CHAR)
)
;

COMMENT ON TABLE FILE_REPOSITORY IS '附件管理-文件存储库';

COMMENT ON COLUMN FILE_REPOSITORY.ID IS '主键';

COMMENT ON COLUMN FILE_REPOSITORY.REPOSITORY_KEY IS '存储库标识';

COMMENT ON COLUMN FILE_REPOSITORY.REPOSITORY_TYPE IS '存储库类型（0-文件，1-OSS，2-FTP）';

COMMENT ON COLUMN FILE_REPOSITORY.MAX_SIZE IS '存储库最大容量';

COMMENT ON COLUMN FILE_REPOSITORY.USED_SIZE IS '已占用空间';

COMMENT ON COLUMN FILE_REPOSITORY.WARNING_SIZE IS '存储空间不足预警阀值';

COMMENT ON COLUMN FILE_REPOSITORY.STORAGE_BASE_DIRECTORY IS '存储根路径';

COMMENT ON COLUMN FILE_REPOSITORY.OSS_PROVIDER IS 'OSS提供程序';

COMMENT ON COLUMN FILE_REPOSITORY.FTP_SERVER_ADDRESS IS 'FTP服务器';

COMMENT ON COLUMN FILE_REPOSITORY.FTP_USER_NAME IS 'FTP登录用户名';

COMMENT ON COLUMN FILE_REPOSITORY.FTP_PASSWORD IS 'FTP登录密码';

COMMENT ON COLUMN FILE_REPOSITORY.CREATE_USER IS '创建人id';

COMMENT ON COLUMN FILE_REPOSITORY.CREATE_TIME IS '创建时间';

COMMENT ON COLUMN FILE_REPOSITORY.UPDATE_TIME IS '更新时间';

COMMENT ON COLUMN FILE_REPOSITORY.DATA_VERSION IS '数据版本';

COMMENT ON COLUMN FILE_REPOSITORY.REMARK IS '备注';



--
-- ORG_GROUP  (Table)
--
CREATE TABLE ORG_GROUP
(
  ID            VARCHAR2(50 CHAR)               NOT NULL,
  IS_DELETE     NUMBER(1)                       DEFAULT 0,
  PARENT_ID     VARCHAR2(50 CHAR),
  CODE          VARCHAR2(50 CHAR)               NOT NULL,
  NAME          VARCHAR2(100 CHAR)              NOT NULL,
  CREATE_USER   VARCHAR2(50 CHAR),
  CREATE_TIME   DATE,
  UPDATE_TIME   DATE,
  SORT_INDEX    INTEGER,
  SORT_PATH     VARCHAR2(4000 CHAR),
  IS3_ADMIN     NUMBER(1)                       DEFAULT 1,
  REMARK        VARCHAR2(50 CHAR),
  SECRET_LEVEL  INTEGER                         DEFAULT 5,
  DATA_VERSION  INTEGER                         DEFAULT 0
)
;

COMMENT ON TABLE ORG_GROUP IS '组织-集团';

COMMENT ON COLUMN ORG_GROUP.ID IS '主键';

COMMENT ON COLUMN ORG_GROUP.IS_DELETE IS '逻辑删除 0 否 1是';

COMMENT ON COLUMN ORG_GROUP.PARENT_ID IS '上级集团主键';

COMMENT ON COLUMN ORG_GROUP.CODE IS '编码';

COMMENT ON COLUMN ORG_GROUP.NAME IS '名称';

COMMENT ON COLUMN ORG_GROUP.CREATE_USER IS '创建人id';

COMMENT ON COLUMN ORG_GROUP.CREATE_TIME IS '创建时间';

COMMENT ON COLUMN ORG_GROUP.UPDATE_TIME IS '更新时间';

COMMENT ON COLUMN ORG_GROUP.SORT_INDEX IS '排序号';

COMMENT ON COLUMN ORG_GROUP.SORT_PATH IS '排序';

COMMENT ON COLUMN ORG_GROUP.IS3_ADMIN IS '是否启用三员0不启用1启用';

COMMENT ON COLUMN ORG_GROUP.REMARK IS '备注';

COMMENT ON COLUMN ORG_GROUP.SECRET_LEVEL IS '密级5非密4内部3秘密2机密1绝密';

COMMENT ON COLUMN ORG_GROUP.DATA_VERSION IS '数据版本';



--
-- ORG_HR_ORG_V  (Table)
--
CREATE TABLE ORG_HR_ORG_V
(
  ID                     VARCHAR2(50 CHAR)      NOT NULL,
  PARENT_ID              VARCHAR2(50 CHAR),
  GROUP_ID               VARCHAR2(50 CHAR),
  ORGANIZATION_ID        VARCHAR2(50 CHAR),
  CODE                   VARCHAR2(50 CHAR),
  NAME                   VARCHAR2(200 CHAR),
  SHORT_NAME             VARCHAR2(50 CHAR),
  HR_ORG_ID              VARCHAR2(50 CHAR),
  CREATE_USER            VARCHAR2(50 CHAR),
  CREATE_TIME            DATE,
  UPDATE_TIME            DATE,
  VERSION_NAME           VARCHAR2(50 CHAR),
  VERSION_BEGIN_DATE     DATE,
  VERSION_END_DATE       DATE,
  VERSION_NO             VARCHAR2(50 CHAR),
  IS_LAST_VERSION        NUMBER(1),
  VERSION_BEGIN_USER_ID  VARCHAR2(50 CHAR),
  VERSION_END_USER_ID    VARCHAR2(50 CHAR)
)
;

COMMENT ON TABLE ORG_HR_ORG_V IS '组织-人力资源组织版本';

COMMENT ON COLUMN ORG_HR_ORG_V.ID IS '主键';

COMMENT ON COLUMN ORG_HR_ORG_V.PARENT_ID IS '上级人力资源组织主键';

COMMENT ON COLUMN ORG_HR_ORG_V.GROUP_ID IS '所属集团主键';

COMMENT ON COLUMN ORG_HR_ORG_V.ORGANIZATION_ID IS '所属组织主键';

COMMENT ON COLUMN ORG_HR_ORG_V.CODE IS '编码';

COMMENT ON COLUMN ORG_HR_ORG_V.NAME IS '名称';

COMMENT ON COLUMN ORG_HR_ORG_V.SHORT_NAME IS '简称';

COMMENT ON COLUMN ORG_HR_ORG_V.HR_ORG_ID IS '人力资源组织主键';

COMMENT ON COLUMN ORG_HR_ORG_V.CREATE_USER IS '创建人id';

COMMENT ON COLUMN ORG_HR_ORG_V.CREATE_TIME IS '创建时间';

COMMENT ON COLUMN ORG_HR_ORG_V.UPDATE_TIME IS '更新时间';

COMMENT ON COLUMN ORG_HR_ORG_V.VERSION_NAME IS '版本名称';

COMMENT ON COLUMN ORG_HR_ORG_V.VERSION_BEGIN_DATE IS '版本生效日期';

COMMENT ON COLUMN ORG_HR_ORG_V.VERSION_END_DATE IS '版本失效日期';

COMMENT ON COLUMN ORG_HR_ORG_V.VERSION_NO IS '版本编号';

COMMENT ON COLUMN ORG_HR_ORG_V.IS_LAST_VERSION IS '是否最新版本';

COMMENT ON COLUMN ORG_HR_ORG_V.VERSION_BEGIN_USER_ID IS '版本启用人主键';

COMMENT ON COLUMN ORG_HR_ORG_V.VERSION_END_USER_ID IS '版本停用人主键';



--
-- ORG_MAINTAIN_ORG_V  (Table)
--
CREATE TABLE ORG_MAINTAIN_ORG_V
(
  ID                     VARCHAR2(50 CHAR)      NOT NULL,
  FINANCE_ORG_ID         VARCHAR2(50 CHAR),
  ORGANIZATION_ID        VARCHAR2(50 CHAR)      NOT NULL,
  MAINTAIN_ORG_ID        VARCHAR2(50 CHAR),
  NAME                   VARCHAR2(200 CHAR)     NOT NULL,
  SHORT_NAME             VARCHAR2(50 CHAR),
  CREATE_USER            VARCHAR2(50 CHAR),
  CREATE_TIME            DATE,
  UPDATE_TIME            DATE,
  VERSION_NO             VARCHAR2(50 CHAR),
  VERSION_NAME           VARCHAR2(50 CHAR),
  VERSION_BEGIN_DATE     DATE,
  VERSION_END_DATE       DATE,
  GROUP_ID               VARCHAR2(50 CHAR)      NOT NULL,
  IS_LAST_VERSION        NUMBER(1),
  CODE                   VARCHAR2(50 CHAR),
  VERSION_BEGIN_USER_ID  VARCHAR2(50 CHAR),
  VERSION_END_USER_ID    VARCHAR2(50 CHAR),
  REMARK                 VARCHAR2(2000 CHAR)
)
;

COMMENT ON TABLE ORG_MAINTAIN_ORG_V IS '组织-维修组织版本';

COMMENT ON COLUMN ORG_MAINTAIN_ORG_V.ID IS '主键';

COMMENT ON COLUMN ORG_MAINTAIN_ORG_V.FINANCE_ORG_ID IS '默认财务组织主键';

COMMENT ON COLUMN ORG_MAINTAIN_ORG_V.ORGANIZATION_ID IS '所属组织主键';

COMMENT ON COLUMN ORG_MAINTAIN_ORG_V.MAINTAIN_ORG_ID IS '维修组织主键';

COMMENT ON COLUMN ORG_MAINTAIN_ORG_V.NAME IS '名称';

COMMENT ON COLUMN ORG_MAINTAIN_ORG_V.SHORT_NAME IS '简称';

COMMENT ON COLUMN ORG_MAINTAIN_ORG_V.CREATE_USER IS '创建人id';

COMMENT ON COLUMN ORG_MAINTAIN_ORG_V.CREATE_TIME IS '创建时间';

COMMENT ON COLUMN ORG_MAINTAIN_ORG_V.UPDATE_TIME IS '更新时间';

COMMENT ON COLUMN ORG_MAINTAIN_ORG_V.VERSION_NO IS '版本编号';

COMMENT ON COLUMN ORG_MAINTAIN_ORG_V.VERSION_NAME IS '版本名称';

COMMENT ON COLUMN ORG_MAINTAIN_ORG_V.VERSION_BEGIN_DATE IS '版本生效日期';

COMMENT ON COLUMN ORG_MAINTAIN_ORG_V.VERSION_END_DATE IS '版本失效日期';

COMMENT ON COLUMN ORG_MAINTAIN_ORG_V.GROUP_ID IS '所属集团主键';

COMMENT ON COLUMN ORG_MAINTAIN_ORG_V.IS_LAST_VERSION IS '是否最新版本';

COMMENT ON COLUMN ORG_MAINTAIN_ORG_V.CODE IS '编码';

COMMENT ON COLUMN ORG_MAINTAIN_ORG_V.VERSION_BEGIN_USER_ID IS '版本启用人主键';

COMMENT ON COLUMN ORG_MAINTAIN_ORG_V.VERSION_END_USER_ID IS '版本停用人主键';

COMMENT ON COLUMN ORG_MAINTAIN_ORG_V.REMARK IS '备注';



--
-- ORG_ORGANIZATION_V  (Table)
--
CREATE TABLE ORG_ORGANIZATION_V
(
  ID                     VARCHAR2(50 CHAR)      NOT NULL,
  PARENT_ID              VARCHAR2(50 CHAR),
  GROUP_ID               VARCHAR2(50 CHAR)      NOT NULL,
  CORPORATION_ID         VARCHAR2(50 CHAR),
  ORGANIZATION_ID        VARCHAR2(50 CHAR)      NOT NULL,
  REMARK                 VARCHAR2(2000 CHAR),
  NAME                   VARCHAR2(200 CHAR)     NOT NULL,
  SHORT_NAME             VARCHAR2(50 CHAR),
  ADDRESS                VARCHAR2(100 CHAR),
  COUNTRY_ZONE           VARCHAR2(20 CHAR),
  ORGANIZATION_CODE      VARCHAR2(50 CHAR),
  VERSION_NO             VARCHAR2(50 CHAR),
  VERSION_NAME           VARCHAR2(50 CHAR),
  VERSION_BEGIN_DATE     DATE,
  VERSION_END_DATE       DATE,
  IS_BUSINESS_UNIT       NUMBER(1),
  CODE                   VARCHAR2(50 CHAR),
  IS_LAST_VERSION        NUMBER(1),
  VERSION_BEGIN_USER_ID  VARCHAR2(50 CHAR),
  VERSION_END_USER_ID    VARCHAR2(50 CHAR),
  DATA_VERSION           INTEGER                DEFAULT 0,
  SORT_INDEX             INTEGER
)
;

COMMENT ON TABLE ORG_ORGANIZATION_V IS '组织-组织版本';

COMMENT ON COLUMN ORG_ORGANIZATION_V.ID IS '主键';

COMMENT ON COLUMN ORG_ORGANIZATION_V.PARENT_ID IS '上级组织主键';

COMMENT ON COLUMN ORG_ORGANIZATION_V.GROUP_ID IS '所属集团主键';

COMMENT ON COLUMN ORG_ORGANIZATION_V.CORPORATION_ID IS '所属公司主键';

COMMENT ON COLUMN ORG_ORGANIZATION_V.ORGANIZATION_ID IS '组织主键';

COMMENT ON COLUMN ORG_ORGANIZATION_V.REMARK IS '备注';

COMMENT ON COLUMN ORG_ORGANIZATION_V.NAME IS '名称';

COMMENT ON COLUMN ORG_ORGANIZATION_V.SHORT_NAME IS '简称';

COMMENT ON COLUMN ORG_ORGANIZATION_V.ADDRESS IS '地址';

COMMENT ON COLUMN ORG_ORGANIZATION_V.COUNTRY_ZONE IS '国家地区';

COMMENT ON COLUMN ORG_ORGANIZATION_V.ORGANIZATION_CODE IS '组织机构码';

COMMENT ON COLUMN ORG_ORGANIZATION_V.VERSION_NO IS '版本编号';

COMMENT ON COLUMN ORG_ORGANIZATION_V.VERSION_NAME IS '版本名称';

COMMENT ON COLUMN ORG_ORGANIZATION_V.VERSION_BEGIN_DATE IS '版本生效日期';

COMMENT ON COLUMN ORG_ORGANIZATION_V.VERSION_END_DATE IS '版本失效日期';

COMMENT ON COLUMN ORG_ORGANIZATION_V.IS_BUSINESS_UNIT IS '是否业务单元';

COMMENT ON COLUMN ORG_ORGANIZATION_V.CODE IS '编码';

COMMENT ON COLUMN ORG_ORGANIZATION_V.IS_LAST_VERSION IS '是否最新版本';

COMMENT ON COLUMN ORG_ORGANIZATION_V.VERSION_BEGIN_USER_ID IS '版本启用人主键';

COMMENT ON COLUMN ORG_ORGANIZATION_V.VERSION_END_USER_ID IS '版本停用人主键';

COMMENT ON COLUMN ORG_ORGANIZATION_V.DATA_VERSION IS '数据版本';

COMMENT ON COLUMN ORG_ORGANIZATION_V.SORT_INDEX IS '排序号';



--
-- ORG_ORGANIZATION_V_TYPE  (Table)
--
CREATE TABLE ORG_ORGANIZATION_V_TYPE
(
  ID                 VARCHAR2(50 CHAR)          NOT NULL,
  IS_CORPORATION     NUMBER(1),
  IS_PROJECT         NUMBER(1),
  IS_ASSET           NUMBER(1),
  IS_SALES           NUMBER(1),
  IS_STOCK           NUMBER(1),
  IS_PURCHASE        NUMBER(1),
  IS_QC              NUMBER(1),
  IS_TRAFFIC         NUMBER(1),
  IS_MAINTAIN        NUMBER(1),
  IS_HR              NUMBER(1),
  IS_ADMINISTRATION  NUMBER(1),
  IS_FACTORY         NUMBER(1),
  IS_GROUP           NUMBER(1),
  IS_FINANCE         NUMBER(1),
  IS_DEPARTMENT      NUMBER(1),
  DATA_VERSION       NUMBER(1)                  DEFAULT 0
)
;

COMMENT ON TABLE ORG_ORGANIZATION_V_TYPE IS '组织-组织-职能';

COMMENT ON COLUMN ORG_ORGANIZATION_V_TYPE.ID IS '主键';

COMMENT ON COLUMN ORG_ORGANIZATION_V_TYPE.IS_CORPORATION IS '是否法人公司组织';

COMMENT ON COLUMN ORG_ORGANIZATION_V_TYPE.IS_PROJECT IS '是否项目组织';

COMMENT ON COLUMN ORG_ORGANIZATION_V_TYPE.IS_ASSET IS '是否固定资产组织';

COMMENT ON COLUMN ORG_ORGANIZATION_V_TYPE.IS_SALES IS '是否销售组织';

COMMENT ON COLUMN ORG_ORGANIZATION_V_TYPE.IS_STOCK IS '是否库存组织';

COMMENT ON COLUMN ORG_ORGANIZATION_V_TYPE.IS_PURCHASE IS '是否采购组织';

COMMENT ON COLUMN ORG_ORGANIZATION_V_TYPE.IS_QC IS '是否质检组织';

COMMENT ON COLUMN ORG_ORGANIZATION_V_TYPE.IS_TRAFFIC IS '是否物流组织';

COMMENT ON COLUMN ORG_ORGANIZATION_V_TYPE.IS_MAINTAIN IS '是否维修组织';

COMMENT ON COLUMN ORG_ORGANIZATION_V_TYPE.IS_HR IS '是否人力资源组织';

COMMENT ON COLUMN ORG_ORGANIZATION_V_TYPE.IS_ADMINISTRATION IS '是否行政组织';

COMMENT ON COLUMN ORG_ORGANIZATION_V_TYPE.IS_FACTORY IS '是否工厂组织';

COMMENT ON COLUMN ORG_ORGANIZATION_V_TYPE.IS_GROUP IS '是否集团组织';

COMMENT ON COLUMN ORG_ORGANIZATION_V_TYPE.IS_FINANCE IS '是否财务组织';

COMMENT ON COLUMN ORG_ORGANIZATION_V_TYPE.IS_DEPARTMENT IS '是否部门';

COMMENT ON COLUMN ORG_ORGANIZATION_V_TYPE.DATA_VERSION IS '数据版本';



--
-- ORG_PROJECT_ORG_V  (Table)
--
CREATE TABLE ORG_PROJECT_ORG_V
(
  ID                     VARCHAR2(50 CHAR)      NOT NULL,
  PARENT_ID              VARCHAR2(50 CHAR),
  ORGANIZATION_ID        VARCHAR2(50 CHAR)      NOT NULL,
  PROJECT_ORG_ID         VARCHAR2(50 CHAR),
  NAME                   VARCHAR2(200 CHAR)     NOT NULL,
  SHORT_NAME             VARCHAR2(50 CHAR),
  CREATE_USER            VARCHAR2(50 CHAR),
  CREATE_TIME            DATE,
  UPDATE_TIME            DATE,
  VERSION_NO             VARCHAR2(50 CHAR),
  VERSION_NAME           VARCHAR2(50 CHAR),
  VERSION_BEGIN_DATE     DATE,
  VERSION_END_DATE       DATE,
  GROUP_ID               VARCHAR2(50 CHAR)      NOT NULL,
  IS_LAST_VERSION        NUMBER(1),
  CODE                   VARCHAR2(50 CHAR),
  VERSION_BEGIN_USER_ID  VARCHAR2(50 CHAR),
  VERSION_END_USER_ID    VARCHAR2(50 CHAR),
  REMARK                 VARCHAR2(2000 CHAR)
)
;

COMMENT ON TABLE ORG_PROJECT_ORG_V IS '组织-项目组织版本';

COMMENT ON COLUMN ORG_PROJECT_ORG_V.ID IS '主键';

COMMENT ON COLUMN ORG_PROJECT_ORG_V.PARENT_ID IS '上级项目组织主键';

COMMENT ON COLUMN ORG_PROJECT_ORG_V.ORGANIZATION_ID IS '所属组织主键';

COMMENT ON COLUMN ORG_PROJECT_ORG_V.PROJECT_ORG_ID IS '项目组织主键';

COMMENT ON COLUMN ORG_PROJECT_ORG_V.NAME IS '名称';

COMMENT ON COLUMN ORG_PROJECT_ORG_V.SHORT_NAME IS '简称';

COMMENT ON COLUMN ORG_PROJECT_ORG_V.CREATE_USER IS '创建人id';

COMMENT ON COLUMN ORG_PROJECT_ORG_V.CREATE_TIME IS '创建时间';

COMMENT ON COLUMN ORG_PROJECT_ORG_V.UPDATE_TIME IS '更新时间';

COMMENT ON COLUMN ORG_PROJECT_ORG_V.VERSION_NO IS '版本编号';

COMMENT ON COLUMN ORG_PROJECT_ORG_V.VERSION_NAME IS '版本名称';

COMMENT ON COLUMN ORG_PROJECT_ORG_V.VERSION_BEGIN_DATE IS '版本生效日期';

COMMENT ON COLUMN ORG_PROJECT_ORG_V.VERSION_END_DATE IS '版本失效日期';

COMMENT ON COLUMN ORG_PROJECT_ORG_V.GROUP_ID IS '所属集团主键';

COMMENT ON COLUMN ORG_PROJECT_ORG_V.IS_LAST_VERSION IS '是否最新版本';

COMMENT ON COLUMN ORG_PROJECT_ORG_V.CODE IS '编码';

COMMENT ON COLUMN ORG_PROJECT_ORG_V.VERSION_BEGIN_USER_ID IS '版本启用人主键';

COMMENT ON COLUMN ORG_PROJECT_ORG_V.VERSION_END_USER_ID IS '版本停用人主键';

COMMENT ON COLUMN ORG_PROJECT_ORG_V.REMARK IS '备注';



--
-- ORG_PURCHASE_ORG_V  (Table)
--
CREATE TABLE ORG_PURCHASE_ORG_V
(
  ID                     VARCHAR2(50 CHAR)      NOT NULL,
  PARENT_ID              VARCHAR2(50 CHAR),
  ORGANIZATION_ID        VARCHAR2(50 CHAR),
  PURCHASE_ORG_ID        VARCHAR2(50 CHAR),
  NAME                   VARCHAR2(200 CHAR),
  SHORT_NAME             VARCHAR2(50 CHAR),
  CREATE_USER            VARCHAR2(50 CHAR),
  CREATE_TIME            DATE,
  UPDATE_TIME            DATE,
  GROUP_ID               VARCHAR2(50 CHAR),
  IS_LAST_VERSION        NUMBER(1),
  VERSION_BEGIN_USER_ID  VARCHAR2(50 CHAR),
  VERSION_END_USER_ID    VARCHAR2(50 CHAR),
  REMARK                 VARCHAR2(2000 CHAR)
)
;

COMMENT ON TABLE ORG_PURCHASE_ORG_V IS '组织-采购组织版本';

COMMENT ON COLUMN ORG_PURCHASE_ORG_V.ID IS '主键';

COMMENT ON COLUMN ORG_PURCHASE_ORG_V.PARENT_ID IS '上级采购组织主键';

COMMENT ON COLUMN ORG_PURCHASE_ORG_V.ORGANIZATION_ID IS '所属组织主键';

COMMENT ON COLUMN ORG_PURCHASE_ORG_V.PURCHASE_ORG_ID IS '采购组织主键';

COMMENT ON COLUMN ORG_PURCHASE_ORG_V.NAME IS '名称';

COMMENT ON COLUMN ORG_PURCHASE_ORG_V.SHORT_NAME IS '简称';

COMMENT ON COLUMN ORG_PURCHASE_ORG_V.CREATE_USER IS '创建人id';

COMMENT ON COLUMN ORG_PURCHASE_ORG_V.CREATE_TIME IS '创建时间';

COMMENT ON COLUMN ORG_PURCHASE_ORG_V.UPDATE_TIME IS '更新时间';

COMMENT ON COLUMN ORG_PURCHASE_ORG_V.GROUP_ID IS '所属集团主键';

COMMENT ON COLUMN ORG_PURCHASE_ORG_V.IS_LAST_VERSION IS '是否最新版本';

COMMENT ON COLUMN ORG_PURCHASE_ORG_V.VERSION_BEGIN_USER_ID IS '版本启用人主键';

COMMENT ON COLUMN ORG_PURCHASE_ORG_V.VERSION_END_USER_ID IS '版本停用人主键';

COMMENT ON COLUMN ORG_PURCHASE_ORG_V.REMARK IS '备注';



--
-- ORG_SALES_ORG_V  (Table)
--
CREATE TABLE ORG_SALES_ORG_V
(
  ID                     VARCHAR2(50 CHAR)      NOT NULL,
  PARENT_ID              VARCHAR2(50 CHAR),
  ORGANIZATION_ID        VARCHAR2(50 CHAR)      NOT NULL,
  SALES_ORG_ID           VARCHAR2(50 CHAR),
  NAME                   VARCHAR2(200 CHAR)     NOT NULL,
  SHORT_NAME             VARCHAR2(50 CHAR),
  CREATE_USER            VARCHAR2(50 CHAR),
  CREATE_TIME            DATE,
  UPDATE_TIME            DATE,
  VERSION_NO             VARCHAR2(50 CHAR),
  VERSION_NAME           VARCHAR2(50 CHAR),
  VERSION_BEGIN_DATE     DATE,
  VERSION_END_DATE       DATE,
  GROUP_ID               VARCHAR2(50 CHAR)      NOT NULL,
  IS_LAST_VERSION        NUMBER(1),
  CODE                   VARCHAR2(50 CHAR),
  VERSION_BEGIN_USER_ID  VARCHAR2(50 CHAR),
  VERSION_END_USER_ID    VARCHAR2(50 CHAR),
  REMARK                 VARCHAR2(2000 CHAR)
)
;

COMMENT ON TABLE ORG_SALES_ORG_V IS '组织-销售组织版本';

COMMENT ON COLUMN ORG_SALES_ORG_V.ID IS '主键';

COMMENT ON COLUMN ORG_SALES_ORG_V.PARENT_ID IS '上级销售组织主键';

COMMENT ON COLUMN ORG_SALES_ORG_V.ORGANIZATION_ID IS '所属组织主键';

COMMENT ON COLUMN ORG_SALES_ORG_V.SALES_ORG_ID IS '销售组织主键';

COMMENT ON COLUMN ORG_SALES_ORG_V.NAME IS '名称';

COMMENT ON COLUMN ORG_SALES_ORG_V.SHORT_NAME IS '简称';

COMMENT ON COLUMN ORG_SALES_ORG_V.CREATE_USER IS '创建人id';

COMMENT ON COLUMN ORG_SALES_ORG_V.CREATE_TIME IS '创建时间';

COMMENT ON COLUMN ORG_SALES_ORG_V.UPDATE_TIME IS '更新时间';

COMMENT ON COLUMN ORG_SALES_ORG_V.VERSION_NO IS '版本编号';

COMMENT ON COLUMN ORG_SALES_ORG_V.VERSION_NAME IS '版本名称';

COMMENT ON COLUMN ORG_SALES_ORG_V.VERSION_BEGIN_DATE IS '版本生效日期';

COMMENT ON COLUMN ORG_SALES_ORG_V.VERSION_END_DATE IS '版本失效日期';

COMMENT ON COLUMN ORG_SALES_ORG_V.GROUP_ID IS '所属集团主键';

COMMENT ON COLUMN ORG_SALES_ORG_V.IS_LAST_VERSION IS '是否最新版本';

COMMENT ON COLUMN ORG_SALES_ORG_V.CODE IS '编码';

COMMENT ON COLUMN ORG_SALES_ORG_V.VERSION_BEGIN_USER_ID IS '版本启用人主键';

COMMENT ON COLUMN ORG_SALES_ORG_V.VERSION_END_USER_ID IS '版本停用人主键';

COMMENT ON COLUMN ORG_SALES_ORG_V.REMARK IS '备注';



--
-- ORG_STOCK_ORG  (Table)
--
CREATE TABLE ORG_STOCK_ORG
(
  ID               VARCHAR2(50 CHAR)            NOT NULL,
  FINANCE_ORG_ID   VARCHAR2(50 CHAR),
  ORGANIZATION_ID  VARCHAR2(50 CHAR)            NOT NULL,
  VERSION_ID       VARCHAR2(50 CHAR),
  NAME             VARCHAR2(200 CHAR)           NOT NULL,
  SHORT_NAME       VARCHAR2(50 CHAR),
  CREATE_USER      VARCHAR2(50 CHAR),
  CREATE_TIME      DATE,
  UPDATE_TIME      DATE,
  GROUP_ID         VARCHAR2(50 CHAR)            NOT NULL,
  CODE             VARCHAR2(50 CHAR),
  REMARK           VARCHAR2(2000 CHAR),
  DATA_VERSION     INTEGER                      DEFAULT 0
)
;

COMMENT ON TABLE ORG_STOCK_ORG IS '组织-库存组织';

COMMENT ON COLUMN ORG_STOCK_ORG.ID IS '主键';

COMMENT ON COLUMN ORG_STOCK_ORG.FINANCE_ORG_ID IS '所属财务组织主键';

COMMENT ON COLUMN ORG_STOCK_ORG.ORGANIZATION_ID IS '所属组织主键';

COMMENT ON COLUMN ORG_STOCK_ORG.VERSION_ID IS '版本主键';

COMMENT ON COLUMN ORG_STOCK_ORG.NAME IS '名称';

COMMENT ON COLUMN ORG_STOCK_ORG.SHORT_NAME IS '简称';

COMMENT ON COLUMN ORG_STOCK_ORG.CREATE_USER IS '创建人id';

COMMENT ON COLUMN ORG_STOCK_ORG.CREATE_TIME IS '创建时间';

COMMENT ON COLUMN ORG_STOCK_ORG.UPDATE_TIME IS '更新时间';

COMMENT ON COLUMN ORG_STOCK_ORG.GROUP_ID IS '所属集团主键';

COMMENT ON COLUMN ORG_STOCK_ORG.CODE IS '编码';

COMMENT ON COLUMN ORG_STOCK_ORG.REMARK IS '备注';

COMMENT ON COLUMN ORG_STOCK_ORG.DATA_VERSION IS '数据版本';



--
-- ORG_STOCK_ORG_V  (Table)
--
CREATE TABLE ORG_STOCK_ORG_V
(
  ID                     VARCHAR2(50 CHAR)      NOT NULL,
  FINANCE_ORG_ID         VARCHAR2(50 CHAR),
  ORGANIZATION_ID        VARCHAR2(50 CHAR)      NOT NULL,
  STOCK_ORG_ID           VARCHAR2(50 CHAR),
  NAME                   VARCHAR2(200 CHAR)     NOT NULL,
  SHORT_NAME             VARCHAR2(50 CHAR),
  CREATE_USER            VARCHAR2(50 CHAR),
  CREATE_TIME            DATE,
  UPDATE_TIME            DATE,
  VERSION_NO             VARCHAR2(50 CHAR),
  VERSION_NAME           VARCHAR2(50 CHAR),
  VERSION_BEGIN_DATE     DATE,
  VERSION_END_DATE       DATE,
  GROUP_ID               VARCHAR2(50 CHAR)      NOT NULL,
  IS_LAST_VERSION        NUMBER(1),
  CODE                   VARCHAR2(50 CHAR),
  VERSION_BEGIN_USER_ID  VARCHAR2(50 CHAR),
  VERSION_END_USER_ID    VARCHAR2(50 CHAR),
  REMARK                 VARCHAR2(2000 CHAR)
)
;

COMMENT ON TABLE ORG_STOCK_ORG_V IS '组织-库存组织版本';

COMMENT ON COLUMN ORG_STOCK_ORG_V.ID IS '主键';

COMMENT ON COLUMN ORG_STOCK_ORG_V.FINANCE_ORG_ID IS '所属财务组织主键';

COMMENT ON COLUMN ORG_STOCK_ORG_V.ORGANIZATION_ID IS '所属组织主键';

COMMENT ON COLUMN ORG_STOCK_ORG_V.STOCK_ORG_ID IS '库存组织主键';

COMMENT ON COLUMN ORG_STOCK_ORG_V.NAME IS '名称';

COMMENT ON COLUMN ORG_STOCK_ORG_V.SHORT_NAME IS '简称';

COMMENT ON COLUMN ORG_STOCK_ORG_V.CREATE_USER IS '创建人id';

COMMENT ON COLUMN ORG_STOCK_ORG_V.CREATE_TIME IS '创建时间';

COMMENT ON COLUMN ORG_STOCK_ORG_V.UPDATE_TIME IS '更新时间';

COMMENT ON COLUMN ORG_STOCK_ORG_V.VERSION_NO IS '版本编号';

COMMENT ON COLUMN ORG_STOCK_ORG_V.VERSION_NAME IS '版本名称';

COMMENT ON COLUMN ORG_STOCK_ORG_V.VERSION_BEGIN_DATE IS '版本生效日期';

COMMENT ON COLUMN ORG_STOCK_ORG_V.VERSION_END_DATE IS '版本失效日期';

COMMENT ON COLUMN ORG_STOCK_ORG_V.GROUP_ID IS '所属集团主键';

COMMENT ON COLUMN ORG_STOCK_ORG_V.IS_LAST_VERSION IS '是否最新版本';

COMMENT ON COLUMN ORG_STOCK_ORG_V.CODE IS '编码';

COMMENT ON COLUMN ORG_STOCK_ORG_V.VERSION_BEGIN_USER_ID IS '版本启用人主键';

COMMENT ON COLUMN ORG_STOCK_ORG_V.VERSION_END_USER_ID IS '版本停用人主键';

COMMENT ON COLUMN ORG_STOCK_ORG_V.REMARK IS '备注';



--
-- ORG_TRAFFIC_ORG  (Table)
--
CREATE TABLE ORG_TRAFFIC_ORG
(
  ID               VARCHAR2(50 CHAR)            NOT NULL,
  FINANCE_ORG_ID   VARCHAR2(50 CHAR),
  ORGANIZATION_ID  VARCHAR2(50 CHAR)            NOT NULL,
  VERSION_ID       VARCHAR2(50 CHAR),
  NAME             VARCHAR2(200 CHAR)           NOT NULL,
  SHORT_NAME       VARCHAR2(50 CHAR),
  CREATE_USER      VARCHAR2(50 CHAR),
  CREATE_TIME      DATE,
  UPDATE_TIME      DATE,
  GROUP_ID         VARCHAR2(50 CHAR)            NOT NULL,
  CODE             VARCHAR2(50 CHAR),
  REMARK           VARCHAR2(2000 CHAR),
  DATA_VERSION     INTEGER                      DEFAULT 0
)
;

COMMENT ON TABLE ORG_TRAFFIC_ORG IS '组织-物流组织';

COMMENT ON COLUMN ORG_TRAFFIC_ORG.ID IS '主键';

COMMENT ON COLUMN ORG_TRAFFIC_ORG.FINANCE_ORG_ID IS '默认财务组织主键';

COMMENT ON COLUMN ORG_TRAFFIC_ORG.ORGANIZATION_ID IS '所属组织主键';

COMMENT ON COLUMN ORG_TRAFFIC_ORG.VERSION_ID IS '版本主键';

COMMENT ON COLUMN ORG_TRAFFIC_ORG.NAME IS '名称';

COMMENT ON COLUMN ORG_TRAFFIC_ORG.SHORT_NAME IS '简称';

COMMENT ON COLUMN ORG_TRAFFIC_ORG.CREATE_USER IS '创建人id';

COMMENT ON COLUMN ORG_TRAFFIC_ORG.CREATE_TIME IS '创建时间';

COMMENT ON COLUMN ORG_TRAFFIC_ORG.UPDATE_TIME IS '更新时间';

COMMENT ON COLUMN ORG_TRAFFIC_ORG.GROUP_ID IS '所属集团主键';

COMMENT ON COLUMN ORG_TRAFFIC_ORG.CODE IS '编码';

COMMENT ON COLUMN ORG_TRAFFIC_ORG.REMARK IS '备注';

COMMENT ON COLUMN ORG_TRAFFIC_ORG.DATA_VERSION IS '数据版本';



--
-- ORG_TRAFFIC_ORG_V  (Table)
--
CREATE TABLE ORG_TRAFFIC_ORG_V
(
  ID                     VARCHAR2(50 CHAR)      NOT NULL,
  FINANCE_ORG_ID         VARCHAR2(50 CHAR),
  ORGANIZATION_ID        VARCHAR2(50 CHAR)      NOT NULL,
  TRAFFIC_ORG_ID         VARCHAR2(50 CHAR),
  NAME                   VARCHAR2(200 CHAR)     NOT NULL,
  SHORT_NAME             VARCHAR2(50 CHAR),
  CREATE_USER            VARCHAR2(50 CHAR),
  CREATE_TIME            DATE,
  UPDATE_TIME            DATE,
  VERSION_NO             VARCHAR2(50 CHAR),
  VERSION_NAME           VARCHAR2(50 CHAR),
  VERSION_BEGIN_DATE     DATE,
  VERSION_END_DATE       DATE,
  GROUP_ID               VARCHAR2(50 CHAR)      NOT NULL,
  IS_LAST_VERSION        NUMBER(1),
  CODE                   VARCHAR2(50 CHAR),
  VERSION_BEGIN_USER_ID  VARCHAR2(50 CHAR),
  VERSION_END_USER_ID    VARCHAR2(50 CHAR),
  REMARK                 VARCHAR2(2000 CHAR)
)
;

COMMENT ON TABLE ORG_TRAFFIC_ORG_V IS '组织-物流组织版本';

COMMENT ON COLUMN ORG_TRAFFIC_ORG_V.ID IS '主键';

COMMENT ON COLUMN ORG_TRAFFIC_ORG_V.FINANCE_ORG_ID IS '默认财务组织主键';

COMMENT ON COLUMN ORG_TRAFFIC_ORG_V.ORGANIZATION_ID IS '所属组织主键';

COMMENT ON COLUMN ORG_TRAFFIC_ORG_V.TRAFFIC_ORG_ID IS '物流组织主键';

COMMENT ON COLUMN ORG_TRAFFIC_ORG_V.NAME IS '名称';

COMMENT ON COLUMN ORG_TRAFFIC_ORG_V.SHORT_NAME IS '简称';

COMMENT ON COLUMN ORG_TRAFFIC_ORG_V.CREATE_USER IS '创建人id';

COMMENT ON COLUMN ORG_TRAFFIC_ORG_V.CREATE_TIME IS '创建时间';

COMMENT ON COLUMN ORG_TRAFFIC_ORG_V.UPDATE_TIME IS '更新时间';

COMMENT ON COLUMN ORG_TRAFFIC_ORG_V.VERSION_NO IS '版本编号';

COMMENT ON COLUMN ORG_TRAFFIC_ORG_V.VERSION_NAME IS '版本名称';

COMMENT ON COLUMN ORG_TRAFFIC_ORG_V.VERSION_BEGIN_DATE IS '版本生效日期';

COMMENT ON COLUMN ORG_TRAFFIC_ORG_V.VERSION_END_DATE IS '版本失效日期';

COMMENT ON COLUMN ORG_TRAFFIC_ORG_V.GROUP_ID IS '所属集团主键';

COMMENT ON COLUMN ORG_TRAFFIC_ORG_V.IS_LAST_VERSION IS '是否最新版本';

COMMENT ON COLUMN ORG_TRAFFIC_ORG_V.CODE IS '编码';

COMMENT ON COLUMN ORG_TRAFFIC_ORG_V.VERSION_BEGIN_USER_ID IS '版本启用人主键';

COMMENT ON COLUMN ORG_TRAFFIC_ORG_V.VERSION_END_USER_ID IS '版本停用人主键';

COMMENT ON COLUMN ORG_TRAFFIC_ORG_V.REMARK IS '备注';



--
-- QRTZ_CALENDARS  (Table)
--
CREATE TABLE QRTZ_CALENDARS
(
  SCHED_NAME     VARCHAR2(120 CHAR)             NOT NULL,
  CALENDAR_NAME  VARCHAR2(200 CHAR)             NOT NULL,
  CALENDAR       BLOB                           NOT NULL
);


--
-- QRTZ_CONFIG  (Table)
--
CREATE TABLE QRTZ_CONFIG
(
  ID      VARCHAR2(50 CHAR)                     NOT NULL,
  CONFIG  CLOB
);

COMMENT ON TABLE QRTZ_CONFIG IS '批处理任务配置';

COMMENT ON COLUMN QRTZ_CONFIG.ID IS '主键';

COMMENT ON COLUMN QRTZ_CONFIG.CONFIG IS '任务配置';



--
-- QRTZ_FIRED_TRIGGERS  (Table)
--
CREATE TABLE QRTZ_FIRED_TRIGGERS
(
  SCHED_NAME         VARCHAR2(120 CHAR)         NOT NULL,
  ENTRY_ID           VARCHAR2(95 CHAR)          NOT NULL,
  TRIGGER_NAME       VARCHAR2(200 CHAR)         NOT NULL,
  TRIGGER_GROUP      VARCHAR2(200 CHAR)         NOT NULL,
  INSTANCE_NAME      VARCHAR2(200 CHAR)         NOT NULL,
  FIRED_TIME         NUMBER(13)                 NOT NULL,
  SCHED_TIME         NUMBER(13)                 NOT NULL,
  PRIORITY           NUMBER(13)                 NOT NULL,
  STATE              VARCHAR2(16 CHAR)          NOT NULL,
  JOB_NAME           VARCHAR2(200 CHAR),
  JOB_GROUP          VARCHAR2(200 CHAR),
  IS_NONCONCURRENT   VARCHAR2(1 CHAR),
  REQUESTS_RECOVERY  VARCHAR2(1 CHAR)
);


--
-- QRTZ_JOB_DETAILS  (Table)
--
CREATE TABLE QRTZ_JOB_DETAILS
(
  SCHED_NAME         VARCHAR2(120 CHAR)         NOT NULL,
  JOB_NAME           VARCHAR2(200 CHAR)         NOT NULL,
  JOB_GROUP          VARCHAR2(200 CHAR)         NOT NULL,
  DESCRIPTION        VARCHAR2(250 CHAR),
  JOB_CLASS_NAME     VARCHAR2(250 CHAR)         NOT NULL,
  IS_DURABLE         VARCHAR2(1 CHAR)           NOT NULL,
  IS_NONCONCURRENT   VARCHAR2(1 CHAR)           NOT NULL,
  IS_UPDATE_DATA     VARCHAR2(1 CHAR)           NOT NULL,
  REQUESTS_RECOVERY  VARCHAR2(1 CHAR)           NOT NULL,
  JOB_DATA           BLOB
)

;


--
-- QRTZ_LOCKS  (Table)
--
CREATE TABLE QRTZ_LOCKS
(
  SCHED_NAME  VARCHAR2(120 CHAR)                NOT NULL,
  LOCK_NAME   VARCHAR2(40 CHAR)                 NOT NULL
)
;


--
-- QRTZ_PAUSED_TRIGGER_GRPS  (Table)
--
CREATE TABLE QRTZ_PAUSED_TRIGGER_GRPS
(
  SCHED_NAME     VARCHAR2(120 CHAR)             NOT NULL,
  TRIGGER_GROUP  VARCHAR2(200 CHAR)             NOT NULL
)
;


--
-- QRTZ_SCHEDULER_STATE  (Table)
--
CREATE TABLE QRTZ_SCHEDULER_STATE
(
  SCHED_NAME         VARCHAR2(120 CHAR)         NOT NULL,
  INSTANCE_NAME      VARCHAR2(200 CHAR)         NOT NULL,
  LAST_CHECKIN_TIME  NUMBER(13)                 NOT NULL,
  CHECKIN_INTERVAL   NUMBER(13)                 NOT NULL
)
;


--
-- QRTZ_TRIGGERS  (Table)
--
CREATE TABLE QRTZ_TRIGGERS
(
  SCHED_NAME      VARCHAR2(120 CHAR)            NOT NULL,
  TRIGGER_NAME    VARCHAR2(200 CHAR)            NOT NULL,
  TRIGGER_GROUP   VARCHAR2(200 CHAR)            NOT NULL,
  JOB_NAME        VARCHAR2(200 CHAR)            NOT NULL,
  JOB_GROUP       VARCHAR2(200 CHAR)            NOT NULL,
  DESCRIPTION     VARCHAR2(250 CHAR),
  NEXT_FIRE_TIME  NUMBER(13),
  PREV_FIRE_TIME  NUMBER(13),
  PRIORITY        NUMBER(13),
  TRIGGER_STATE   VARCHAR2(16 CHAR)             NOT NULL,
  TRIGGER_TYPE    VARCHAR2(8 CHAR)              NOT NULL,
  START_TIME      NUMBER(13)                    NOT NULL,
  END_TIME        NUMBER(13),
  CALENDAR_NAME   VARCHAR2(200 CHAR),
  MISFIRE_INSTR   NUMBER(2),
  JOB_DATA        BLOB
)

;


--
-- SYS_API_RESOURCE  (Table)
--
CREATE TABLE SYS_API_RESOURCE
(
  ID            VARCHAR2(200 CHAR)              NOT NULL,
  NAME          VARCHAR2(500 CHAR),
  APP_ID        VARCHAR2(200 CHAR),
  DATA_VERSION  INTEGER,
  API_URL       VARCHAR2(500 CHAR),
  API_METHOD    VARCHAR2(50 CHAR)
)
;

COMMENT ON TABLE SYS_API_RESOURCE IS 'api资源';

COMMENT ON COLUMN SYS_API_RESOURCE.ID IS '主键';

COMMENT ON COLUMN SYS_API_RESOURCE.NAME IS 'api描述';

COMMENT ON COLUMN SYS_API_RESOURCE.APP_ID IS '集团应用ID';

COMMENT ON COLUMN SYS_API_RESOURCE.DATA_VERSION IS '数据版本';

COMMENT ON COLUMN SYS_API_RESOURCE.API_URL IS '请求路径';

COMMENT ON COLUMN SYS_API_RESOURCE.API_METHOD IS '请求方式';



--
-- SYS_AUDIT_LOG  (Table)
--
CREATE TABLE SYS_AUDIT_LOG
(
  ID            VARCHAR2(50 CHAR)               NOT NULL,
  OP_NAME       VARCHAR2(50 CHAR),
  OP_USERNAME   VARCHAR2(50 CHAR),
  OP_TIME       DATE,
  IP_ADDRESS    VARCHAR2(50 CHAR),
  OP_CONTENT    VARCHAR2(2000 CHAR),
  DATA_VERSION  INTEGER                         DEFAULT 0,
  SIGN          VARCHAR2(1000 CHAR),
  GROUP_ID      VARCHAR2(50 CHAR),
  APP_ID        VARCHAR2(50 CHAR)
)
;

COMMENT ON TABLE SYS_AUDIT_LOG IS '系统审计日志表';

COMMENT ON COLUMN SYS_AUDIT_LOG.ID IS '主键';

COMMENT ON COLUMN SYS_AUDIT_LOG.OP_NAME IS '操作员姓名';

COMMENT ON COLUMN SYS_AUDIT_LOG.OP_USERNAME IS '操作员用户名';

COMMENT ON COLUMN SYS_AUDIT_LOG.OP_TIME IS '操作时间';

COMMENT ON COLUMN SYS_AUDIT_LOG.IP_ADDRESS IS 'ip地址';

COMMENT ON COLUMN SYS_AUDIT_LOG.OP_CONTENT IS '操作内容';

COMMENT ON COLUMN SYS_AUDIT_LOG.DATA_VERSION IS '数据版本';

COMMENT ON COLUMN SYS_AUDIT_LOG.SIGN IS '签名';

COMMENT ON COLUMN SYS_AUDIT_LOG.GROUP_ID IS '操作针对的集团';

COMMENT ON COLUMN SYS_AUDIT_LOG.APP_ID IS '操作针对的应用';



--
-- SYS_AUDIT_LOG_BACKUP  (Table)
--
CREATE TABLE SYS_AUDIT_LOG_BACKUP
(
  ID            VARCHAR2(50 CHAR)               NOT NULL,
  LID           VARCHAR2(200 CHAR),
  OP_CONTENT    VARCHAR2(2000 CHAR),
  OP_NAME       VARCHAR2(200 CHAR),
  OP_USERNAME   VARCHAR2(200 CHAR),
  OP_TIME       VARCHAR2(500 CHAR),
  IP_ADDRESS    VARCHAR2(100 CHAR),
  DATA_VERSION  INTEGER                         DEFAULT 0,
  SIGN          VARCHAR2(1000 CHAR)
)
;

COMMENT ON TABLE SYS_AUDIT_LOG_BACKUP IS '系统审计日志表备份';

COMMENT ON COLUMN SYS_AUDIT_LOG_BACKUP.ID IS '主键';

COMMENT ON COLUMN SYS_AUDIT_LOG_BACKUP.LID IS '日志id';

COMMENT ON COLUMN SYS_AUDIT_LOG_BACKUP.OP_CONTENT IS '日志内容';

COMMENT ON COLUMN SYS_AUDIT_LOG_BACKUP.OP_NAME IS '操作员姓名';

COMMENT ON COLUMN SYS_AUDIT_LOG_BACKUP.OP_USERNAME IS '操作员用户名';

COMMENT ON COLUMN SYS_AUDIT_LOG_BACKUP.OP_TIME IS '操作时间';

COMMENT ON COLUMN SYS_AUDIT_LOG_BACKUP.IP_ADDRESS IS 'ip地址';

COMMENT ON COLUMN SYS_AUDIT_LOG_BACKUP.DATA_VERSION IS '数据版本';

COMMENT ON COLUMN SYS_AUDIT_LOG_BACKUP.SIGN IS '签名';



--
-- SYS_AUDIT_LOG_COUNT  (Table)
--
CREATE TABLE SYS_AUDIT_LOG_COUNT
(
  ID     VARCHAR2(50 CHAR)                      NOT NULL,
  COUNT  VARCHAR2(100 CHAR)
)
;

COMMENT ON TABLE SYS_AUDIT_LOG_COUNT IS '日志数量记录表';

COMMENT ON COLUMN SYS_AUDIT_LOG_COUNT.ID IS '主键';

COMMENT ON COLUMN SYS_AUDIT_LOG_COUNT.COUNT IS '日志记录数量';



--
-- SYS_AUTH_ROLE_LV  (Table)
--
CREATE TABLE SYS_AUTH_ROLE_LV
(
  ID                     VARCHAR2(50 CHAR)      NOT NULL,
  VERSION_NO             INTEGER,
  IS_LAST_VERSION        NUMBER(1)              DEFAULT 0,
  VERSION_BEGIN_TIME     DATE,
  VERSION_END_TIME       DATE,
  VERSION_BEGIN_USER_ID  VARCHAR2(50 CHAR),
  VERSION_END_USER_ID    VARCHAR2(50 CHAR),
  ROLE_ID                VARCHAR2(50 CHAR)
)
;

COMMENT ON TABLE SYS_AUTH_ROLE_LV IS '系统管理-角色授权版本控制';

COMMENT ON COLUMN SYS_AUTH_ROLE_LV.ID IS '主键';

COMMENT ON COLUMN SYS_AUTH_ROLE_LV.VERSION_NO IS '版本编号';

COMMENT ON COLUMN SYS_AUTH_ROLE_LV.IS_LAST_VERSION IS '是否最新版本0不是1是';

COMMENT ON COLUMN SYS_AUTH_ROLE_LV.VERSION_BEGIN_TIME IS '版本启用时间';

COMMENT ON COLUMN SYS_AUTH_ROLE_LV.VERSION_END_TIME IS '版本停用时间';

COMMENT ON COLUMN SYS_AUTH_ROLE_LV.VERSION_BEGIN_USER_ID IS '版本启用人主键';

COMMENT ON COLUMN SYS_AUTH_ROLE_LV.VERSION_END_USER_ID IS '版本停用人主键';

COMMENT ON COLUMN SYS_AUTH_ROLE_LV.ROLE_ID IS '角色id';



--
-- SYS_AUTH_ROLE_V  (Table)
--
CREATE TABLE SYS_AUTH_ROLE_V
(
  ID           VARCHAR2(50 CHAR)                NOT NULL,
  AUTH_ID      VARCHAR2(50 CHAR),
  ROLE_ID      VARCHAR2(50 CHAR),
  SIGN         VARCHAR2(1000 CHAR),
  IS_REVOKE    NUMBER(1)                        DEFAULT 0,
  CREATE_USER  VARCHAR2(50 CHAR),
  CREATE_TIME  DATE,
  UPDATE_TIME  DATE,
  REMARK       VARCHAR2(50 CHAR),
  LV_ID        VARCHAR2(50 CHAR)
)
;

COMMENT ON TABLE SYS_AUTH_ROLE_V IS '系统管理-角色授权版本历史数据';

COMMENT ON COLUMN SYS_AUTH_ROLE_V.ID IS '主键';

COMMENT ON COLUMN SYS_AUTH_ROLE_V.AUTH_ID IS '权限主键';

COMMENT ON COLUMN SYS_AUTH_ROLE_V.ROLE_ID IS '角色主键';

COMMENT ON COLUMN SYS_AUTH_ROLE_V.SIGN IS '签名';

COMMENT ON COLUMN SYS_AUTH_ROLE_V.IS_REVOKE IS '是否禁用';

COMMENT ON COLUMN SYS_AUTH_ROLE_V.CREATE_USER IS '创建人id';

COMMENT ON COLUMN SYS_AUTH_ROLE_V.CREATE_TIME IS '创建时间';

COMMENT ON COLUMN SYS_AUTH_ROLE_V.UPDATE_TIME IS '更新时间';

COMMENT ON COLUMN SYS_AUTH_ROLE_V.REMARK IS '备注';

COMMENT ON COLUMN SYS_AUTH_ROLE_V.LV_ID IS '角色授权版本控制主键';



--
-- SYS_AUTH_USER_LV  (Table)
--
CREATE TABLE SYS_AUTH_USER_LV
(
  ID                     VARCHAR2(50 CHAR)      NOT NULL,
  VERSION_NO             INTEGER                DEFAULT 0,
  IS_LAST_VERSION        NUMBER(1)              DEFAULT 0,
  VERSION_BEGIN_TIME     DATE,
  VERSION_END_TIME       DATE,
  VERSION_BEGIN_USER_ID  VARCHAR2(50 CHAR),
  VERSION_END_USER_ID    VARCHAR2(50 CHAR),
  USER_ID                VARCHAR2(50 CHAR)
)
;

COMMENT ON TABLE SYS_AUTH_USER_LV IS '系统管理-用户授权版本控制';

COMMENT ON COLUMN SYS_AUTH_USER_LV.ID IS '主键';

COMMENT ON COLUMN SYS_AUTH_USER_LV.VERSION_NO IS '版本编号';

COMMENT ON COLUMN SYS_AUTH_USER_LV.IS_LAST_VERSION IS '是否最新版本0不是1是';

COMMENT ON COLUMN SYS_AUTH_USER_LV.VERSION_BEGIN_TIME IS '版本启用时间';

COMMENT ON COLUMN SYS_AUTH_USER_LV.VERSION_END_TIME IS '版本停用时间';

COMMENT ON COLUMN SYS_AUTH_USER_LV.VERSION_BEGIN_USER_ID IS '版本启用人主键';

COMMENT ON COLUMN SYS_AUTH_USER_LV.VERSION_END_USER_ID IS '版本停用人主键';

COMMENT ON COLUMN SYS_AUTH_USER_LV.USER_ID IS '用户id';



--
-- SYS_AUTH_USER_V  (Table)
--
CREATE TABLE SYS_AUTH_USER_V
(
  ID           VARCHAR2(50 CHAR)                NOT NULL,
  AUTH_ID      VARCHAR2(50 CHAR),
  USER_ID      VARCHAR2(50 CHAR),
  SIGN         VARCHAR2(1000 CHAR),
  IS_REVOKE    NUMBER(1)                        DEFAULT 0,
  CREATE_TIME  DATE,
  CREATE_USER  VARCHAR2(50 CHAR),
  LV_ID        VARCHAR2(50 CHAR),
  APP_ID       VARCHAR2(50 CHAR)
)
;

COMMENT ON TABLE SYS_AUTH_USER_V IS '系统管理-用户授权版本历史数据';

COMMENT ON COLUMN SYS_AUTH_USER_V.ID IS '主键';

COMMENT ON COLUMN SYS_AUTH_USER_V.AUTH_ID IS '权限主键';

COMMENT ON COLUMN SYS_AUTH_USER_V.USER_ID IS '用户主键';

COMMENT ON COLUMN SYS_AUTH_USER_V.SIGN IS '签名';

COMMENT ON COLUMN SYS_AUTH_USER_V.IS_REVOKE IS '是否禁用';

COMMENT ON COLUMN SYS_AUTH_USER_V.CREATE_TIME IS '创建时间';

COMMENT ON COLUMN SYS_AUTH_USER_V.CREATE_USER IS '创建人id';

COMMENT ON COLUMN SYS_AUTH_USER_V.LV_ID IS '用户授权版本控制主键';

COMMENT ON COLUMN SYS_AUTH_USER_V.APP_ID IS '应用ID';



--
-- SYS_CONFIG  (Table)
--
CREATE TABLE SYS_CONFIG
(
  NAME          VARCHAR2(200 CHAR)              NOT NULL,
  VALUE         VARCHAR2(4000 CHAR)             NOT NULL,
  REMARK        VARCHAR2(2000 CHAR),
  CREATE_TIME   DATE,
  UPDATE_TIME   DATE,
  SORT_INDEX    INTEGER,
  ID            VARCHAR2(50 CHAR)               NOT NULL,
  CREATE_USER   VARCHAR2(50 CHAR),
  APP_ID        VARCHAR2(50 CHAR),
  GROUP_ID      VARCHAR2(50 CHAR),
  DATA_VERSION  INTEGER,
  SCOPE         INTEGER DEFAULT 0,
  TYPE          VARCHAR2(50 CHAR)
)
;

COMMENT ON TABLE SYS_CONFIG IS '系统配置项';

COMMENT ON COLUMN SYS_CONFIG.NAME IS '属性名';

COMMENT ON COLUMN SYS_CONFIG.VALUE IS '属性值';

COMMENT ON COLUMN SYS_CONFIG.REMARK IS '属性说明';

COMMENT ON COLUMN SYS_CONFIG.CREATE_TIME IS '创建时间';

COMMENT ON COLUMN SYS_CONFIG.UPDATE_TIME IS '更新时间';

COMMENT ON COLUMN SYS_CONFIG.SORT_INDEX IS '排序值';

COMMENT ON COLUMN SYS_CONFIG.ID IS '主键';

COMMENT ON COLUMN SYS_CONFIG.CREATE_USER IS '创建人';

COMMENT ON COLUMN SYS_CONFIG.APP_ID IS '集团应用标识';

COMMENT ON COLUMN SYS_CONFIG.GROUP_ID IS '集团标识';

COMMENT ON COLUMN SYS_CONFIG.DATA_VERSION IS '数据版本';

COMMENT ON COLUMN SYS_CONFIG.SCOPE IS '配置范围 1租户 2集团 3应用';

COMMENT ON COLUMN SYS_CONFIG.TYPE IS '配置项类型';



--
-- SYS_FORM_ITEM_TIP  (Table)
--
CREATE TABLE SYS_FORM_ITEM_TIP
(
  ID            VARCHAR2(50 CHAR)               NOT NULL,
  FORM_ID       VARCHAR2(50 CHAR),
  FORM_TITLE    VARCHAR2(50 CHAR),
  DATA_NAME     VARCHAR2(50 CHAR)               NOT NULL,
  DATA_FIELD    VARCHAR2(50 CHAR),
  TIP           VARCHAR2(2000 CHAR),
  MENU_ID       VARCHAR2(50 CHAR),
  MENU_NAME     VARCHAR2(50 CHAR),
  DATA_VERSION  INTEGER                         DEFAULT 0
)
;

COMMENT ON TABLE SYS_FORM_ITEM_TIP IS '表单字段提示信息表';

COMMENT ON COLUMN SYS_FORM_ITEM_TIP.ID IS '主键';

COMMENT ON COLUMN SYS_FORM_ITEM_TIP.FORM_ID IS '表单id';

COMMENT ON COLUMN SYS_FORM_ITEM_TIP.FORM_TITLE IS '表单标题';

COMMENT ON COLUMN SYS_FORM_ITEM_TIP.DATA_NAME IS '字段数据name';

COMMENT ON COLUMN SYS_FORM_ITEM_TIP.DATA_FIELD IS '字段名称';

COMMENT ON COLUMN SYS_FORM_ITEM_TIP.TIP IS '提示信息';

COMMENT ON COLUMN SYS_FORM_ITEM_TIP.MENU_ID IS '菜单编号';

COMMENT ON COLUMN SYS_FORM_ITEM_TIP.MENU_NAME IS '菜单名称';

COMMENT ON COLUMN SYS_FORM_ITEM_TIP.DATA_VERSION IS '数据版本';



--
-- SYS_GROUP_DATASOURCE  (Table)
--
CREATE TABLE SYS_GROUP_DATASOURCE
(
  ID            VARCHAR2(50 CHAR)               NOT NULL,
  GROUP_ID      VARCHAR2(50 CHAR),
  TYPE          VARCHAR2(50 CHAR),
  USERNAME      VARCHAR2(50 CHAR),
  PASSWORD      VARCHAR2(50 CHAR),
  URL           VARCHAR2(200 CHAR),
  IS_MAJOR      INTEGER                         DEFAULT 1,
  DATA_VERSION  INTEGER                         DEFAULT 0,
  DRIVER_NAME   VARCHAR2(50 CHAR)
)
;

COMMENT ON TABLE SYS_GROUP_DATASOURCE IS '应用绑定数据源';

COMMENT ON COLUMN SYS_GROUP_DATASOURCE.ID IS '主键';

COMMENT ON COLUMN SYS_GROUP_DATASOURCE.GROUP_ID IS '集团主键';

COMMENT ON COLUMN SYS_GROUP_DATASOURCE.TYPE IS '数据库类型';

COMMENT ON COLUMN SYS_GROUP_DATASOURCE.USERNAME IS '用户名';

COMMENT ON COLUMN SYS_GROUP_DATASOURCE.PASSWORD IS '密码';

COMMENT ON COLUMN SYS_GROUP_DATASOURCE.URL IS '路径';

COMMENT ON COLUMN SYS_GROUP_DATASOURCE.IS_MAJOR IS '是否为主数据源 1是0不是';

COMMENT ON COLUMN SYS_GROUP_DATASOURCE.DATA_VERSION IS '数据版本';

COMMENT ON COLUMN SYS_GROUP_DATASOURCE.DRIVER_NAME IS '驱动名称';



--
-- SYS_MSG_SEND_TYPE  (Table)
--
CREATE TABLE SYS_MSG_SEND_TYPE
(
  ID            VARCHAR2(50 BYTE)               NOT NULL,
  CHANNEL_NAME  VARCHAR2(50 BYTE),
  SEND_MODE     VARCHAR2(50 BYTE)
)
;

COMMENT ON TABLE SYS_MSG_SEND_TYPE IS '消息发送方式';

COMMENT ON COLUMN SYS_MSG_SEND_TYPE.ID IS '主键';

COMMENT ON COLUMN SYS_MSG_SEND_TYPE.CHANNEL_NAME IS '频道名称';

COMMENT ON COLUMN SYS_MSG_SEND_TYPE.SEND_MODE IS '发送方式';



--
-- SYS_MSG_TYPE_EXTEND  (Table)
--
CREATE TABLE SYS_MSG_TYPE_EXTEND
(
  ID      VARCHAR2(50 BYTE)                     NOT NULL,
  NAME    VARCHAR2(200 BYTE),
  APP_ID  VARCHAR2(50 BYTE),
  URL     VARCHAR2(200 BYTE)
)
;

COMMENT ON TABLE SYS_MSG_TYPE_EXTEND IS '消息拓展类型';

COMMENT ON COLUMN SYS_MSG_TYPE_EXTEND.ID IS '主键';

COMMENT ON COLUMN SYS_MSG_TYPE_EXTEND.NAME IS '类型名称';

COMMENT ON COLUMN SYS_MSG_TYPE_EXTEND.APP_ID IS '应用标识';

COMMENT ON COLUMN SYS_MSG_TYPE_EXTEND.URL IS '消息实现请求路径';



--
-- SYS_PASSWORD_POLICY  (Table)
--
CREATE TABLE SYS_PASSWORD_POLICY
(
  ID                        VARCHAR2(50 CHAR)   NOT NULL,
  LEN                       INTEGER             DEFAULT 0,
  FAILURE_TIMES             INTEGER             DEFAULT 0,
  START_USE_TIME            DATE,
  CHANGE_NUM                INTEGER             DEFAULT 0,
  CREATE_USER               VARCHAR2(50 CHAR),
  CREATE_TIME               DATE,
  UPDATE_TIME               DATE,
  SECRET_LEVEL              INTEGER             DEFAULT 0,
  USE_MAX_TIME              INTEGER             DEFAULT 0,
  USE_MIN_TIME              INTEGER             DEFAULT 0,
  LOCK_MINUTES              INTEGER             DEFAULT 0,
  RESET_FAILURE_TIMES_TIME  INTEGER,
  REMARK                    VARCHAR2(2000 CHAR),
  DATA_VERSION              INTEGER             DEFAULT 0
)
;

COMMENT ON TABLE SYS_PASSWORD_POLICY IS '密码安全策略表';

COMMENT ON COLUMN SYS_PASSWORD_POLICY.ID IS '主键';

COMMENT ON COLUMN SYS_PASSWORD_POLICY.LEN IS '密码长度';

COMMENT ON COLUMN SYS_PASSWORD_POLICY.FAILURE_TIMES IS '登录失败次数';

COMMENT ON COLUMN SYS_PASSWORD_POLICY.START_USE_TIME IS '密码开始使用时间';

COMMENT ON COLUMN SYS_PASSWORD_POLICY.CHANGE_NUM IS '密码更改次数';

COMMENT ON COLUMN SYS_PASSWORD_POLICY.CREATE_USER IS '创建人id';

COMMENT ON COLUMN SYS_PASSWORD_POLICY.CREATE_TIME IS '创建时间';

COMMENT ON COLUMN SYS_PASSWORD_POLICY.UPDATE_TIME IS '最后修改时间';

COMMENT ON COLUMN SYS_PASSWORD_POLICY.SECRET_LEVEL IS '密级';

COMMENT ON COLUMN SYS_PASSWORD_POLICY.USE_MAX_TIME IS '密码使用最长期限';

COMMENT ON COLUMN SYS_PASSWORD_POLICY.USE_MIN_TIME IS '密码使用最短期限';

COMMENT ON COLUMN SYS_PASSWORD_POLICY.LOCK_MINUTES IS '锁定时长(分钟)';

COMMENT ON COLUMN SYS_PASSWORD_POLICY.RESET_FAILURE_TIMES_TIME IS '重置失败次数的时长（分钟）';

COMMENT ON COLUMN SYS_PASSWORD_POLICY.REMARK IS '备注';

COMMENT ON COLUMN SYS_PASSWORD_POLICY.DATA_VERSION IS '数据版本';



--
-- SYS_RECORD  (Table)
--
CREATE TABLE SYS_RECORD
(
  ID            VARCHAR2(50 CHAR)               NOT NULL,
  USER_ID       VARCHAR2(50 CHAR),
  USER_NAME     VARCHAR2(50 CHAR),
  TIME          DATE,
  IP            VARCHAR2(50 CHAR),
  KIND          VARCHAR2(12 CHAR),
  CONTENT       CLOB,
  DATA_VERSION  INTEGER
);

COMMENT ON TABLE SYS_RECORD IS '系统日志';

COMMENT ON COLUMN SYS_RECORD.ID IS '主键';

COMMENT ON COLUMN SYS_RECORD.USER_ID IS '用户id';

COMMENT ON COLUMN SYS_RECORD.USER_NAME IS '用户名';

COMMENT ON COLUMN SYS_RECORD.TIME IS '发生时间';

COMMENT ON COLUMN SYS_RECORD.IP IS 'ip';

COMMENT ON COLUMN SYS_RECORD.KIND IS '事件类别：0 安全审计、1 普通操作、2 工作流、3 文件访问';

COMMENT ON COLUMN SYS_RECORD.CONTENT IS '日志内容';

COMMENT ON COLUMN SYS_RECORD.DATA_VERSION IS '数据版本';



--
-- SYS_RULE  (Table)
--
CREATE TABLE SYS_RULE
(
  ID            VARCHAR2(50 CHAR)               NOT NULL,
  CODE          VARCHAR2(50 CHAR)               NOT NULL,
  NAME          VARCHAR2(100 CHAR)              NOT NULL,
  CLASS_NAME    VARCHAR2(100 CHAR),
  RULE_TYPE     VARCHAR2(50 CHAR),
  CREATE_USER   VARCHAR2(50 CHAR),
  CREATE_TIME   DATE,
  UPDATE_TIME   DATE,
  REMARK        VARCHAR2(200 CHAR),
  DATA_VERSION  INTEGER                         DEFAULT 0
)
;

COMMENT ON TABLE SYS_RULE IS '系统管理-规则';

COMMENT ON COLUMN SYS_RULE.ID IS '主键';

COMMENT ON COLUMN SYS_RULE.CODE IS '编码';

COMMENT ON COLUMN SYS_RULE.NAME IS '名称';

COMMENT ON COLUMN SYS_RULE.CLASS_NAME IS '规则实现类';

COMMENT ON COLUMN SYS_RULE.RULE_TYPE IS '规则类型(0授权组织规则,1授权用户组规则)';

COMMENT ON COLUMN SYS_RULE.CREATE_USER IS '创建人id';

COMMENT ON COLUMN SYS_RULE.CREATE_TIME IS '创建时间';

COMMENT ON COLUMN SYS_RULE.UPDATE_TIME IS '更新时间';

COMMENT ON COLUMN SYS_RULE.REMARK IS '备注';

COMMENT ON COLUMN SYS_RULE.DATA_VERSION IS '数据版本';



--
-- SYS_USER_LOGIN  (Table)
--
CREATE TABLE SYS_USER_LOGIN
(
  ID          VARCHAR2(50 CHAR)                 NOT NULL,
  USER_ID     VARCHAR2(50 CHAR),
  STATUS      NUMBER(1),
  LOGIN_TIME  DATE,
  USER_NAME   VARCHAR2(50 CHAR)
)
;

COMMENT ON TABLE SYS_USER_LOGIN IS '用户登录记录表';

COMMENT ON COLUMN SYS_USER_LOGIN.ID IS '主键';

COMMENT ON COLUMN SYS_USER_LOGIN.USER_ID IS '用户主键';

COMMENT ON COLUMN SYS_USER_LOGIN.STATUS IS '登录状态：0 失败，1成功';

COMMENT ON COLUMN SYS_USER_LOGIN.LOGIN_TIME IS '登录时间';

COMMENT ON COLUMN SYS_USER_LOGIN.USER_NAME IS '用户名';



--
-- SYS_USER_PASSWORD_HISTORY  (Table)
--
CREATE TABLE SYS_USER_PASSWORD_HISTORY
(
  ID           VARCHAR2(50 CHAR)                NOT NULL,
  USER_ID      VARCHAR2(50 CHAR),
  PASSWORD     VARCHAR2(50 CHAR),
  CREATE_TIME  DATE
)
;

COMMENT ON TABLE SYS_USER_PASSWORD_HISTORY IS '用户密码修改历史表';

COMMENT ON COLUMN SYS_USER_PASSWORD_HISTORY.ID IS '主键';

COMMENT ON COLUMN SYS_USER_PASSWORD_HISTORY.USER_ID IS '用户主键';

COMMENT ON COLUMN SYS_USER_PASSWORD_HISTORY.PASSWORD IS '用户密码';

COMMENT ON COLUMN SYS_USER_PASSWORD_HISTORY.CREATE_TIME IS '记录创建时间';



--
-- SYS_WAIT_GRANT_AUTH  (Table)
--
CREATE TABLE SYS_WAIT_GRANT_AUTH
(
  ID           VARCHAR2(50 CHAR)                NOT NULL,
  ACTIVATE_ID  VARCHAR2(50 CHAR),
  TYPE         NUMBER(1)
)
;

COMMENT ON TABLE SYS_WAIT_GRANT_AUTH IS '待激活的用户或角色表';

COMMENT ON COLUMN SYS_WAIT_GRANT_AUTH.ID IS '主键';

COMMENT ON COLUMN SYS_WAIT_GRANT_AUTH.ACTIVATE_ID IS '用户主键或角色主键';

COMMENT ON COLUMN SYS_WAIT_GRANT_AUTH.TYPE IS '0为用户1为角色';



--
-- BD_APP_LIB_PK  (Index)
--
CREATE UNIQUE INDEX BD_APP_LIB_PK ON BD_APP_LIB
(ID)
LOGGING;


--
-- FILE_CHUNK_INFO_PK  (Index)
--
CREATE UNIQUE INDEX FILE_CHUNK_INFO_PK ON FILE_CHUNK_INFO
(ID)
LOGGING;


--
-- FILE_CONFIGURATION_PK  (Index)
--
CREATE UNIQUE INDEX FILE_CONFIGURATION_PK ON FILE_CONFIGURATION
(ID)
LOGGING;


--
-- FILE_INFO_PK  (Index)
--
CREATE UNIQUE INDEX FILE_INFO_PK ON FILE_INFO
(ID)
LOGGING;


--
-- FILE_REPOSITORY_PK  (Index)
--
CREATE UNIQUE INDEX FILE_REPOSITORY_PK ON FILE_REPOSITORY
(ID)
LOGGING
;


--
-- IDX_QRTZ_FT_INST_JOB_REQ_RCVRY  (Index)
--
CREATE INDEX IDX_QRTZ_FT_INST_JOB_REQ_RCVRY ON QRTZ_FIRED_TRIGGERS
(SCHED_NAME, INSTANCE_NAME, REQUESTS_RECOVERY)
LOGGING
;


--
-- IDX_QRTZ_FT_JG  (Index)
--
CREATE INDEX IDX_QRTZ_FT_JG ON QRTZ_FIRED_TRIGGERS
(SCHED_NAME, JOB_GROUP)
LOGGING
;


--
-- IDX_QRTZ_FT_J_G  (Index)
--
CREATE INDEX IDX_QRTZ_FT_J_G ON QRTZ_FIRED_TRIGGERS
(SCHED_NAME, JOB_NAME, JOB_GROUP)
LOGGING
;


--
-- IDX_QRTZ_FT_TG  (Index)
--
CREATE INDEX IDX_QRTZ_FT_TG ON QRTZ_FIRED_TRIGGERS
(SCHED_NAME, TRIGGER_GROUP)
LOGGING
;


--
-- IDX_QRTZ_FT_TRIG_INST_NAME  (Index)
--
CREATE INDEX IDX_QRTZ_FT_TRIG_INST_NAME ON QRTZ_FIRED_TRIGGERS
(SCHED_NAME, INSTANCE_NAME)
LOGGING
;


--
-- IDX_QRTZ_FT_T_G  (Index)
--
CREATE INDEX IDX_QRTZ_FT_T_G ON QRTZ_FIRED_TRIGGERS
(SCHED_NAME, TRIGGER_NAME, TRIGGER_GROUP)
LOGGING
;


--
-- IDX_QRTZ_J_GRP  (Index)
--
CREATE INDEX IDX_QRTZ_J_GRP ON QRTZ_JOB_DETAILS
(SCHED_NAME, JOB_GROUP)
LOGGING
;


--
-- IDX_QRTZ_J_REQ_RECOVERY  (Index)
--
CREATE INDEX IDX_QRTZ_J_REQ_RECOVERY ON QRTZ_JOB_DETAILS
(SCHED_NAME, REQUESTS_RECOVERY)
LOGGING
;


--
-- IDX_QRTZ_T_C  (Index)
--
CREATE INDEX IDX_QRTZ_T_C ON QRTZ_TRIGGERS
(SCHED_NAME, CALENDAR_NAME)
LOGGING
;


--
-- IDX_QRTZ_T_G  (Index)
--
CREATE INDEX IDX_QRTZ_T_G ON QRTZ_TRIGGERS
(SCHED_NAME, TRIGGER_GROUP)
LOGGING
;


--
-- IDX_QRTZ_T_J  (Index)
--
CREATE INDEX IDX_QRTZ_T_J ON QRTZ_TRIGGERS
(SCHED_NAME, JOB_NAME, JOB_GROUP)
LOGGING
;


--
-- IDX_QRTZ_T_JG  (Index)
--
CREATE INDEX IDX_QRTZ_T_JG ON QRTZ_TRIGGERS
(SCHED_NAME, JOB_GROUP)
LOGGING
;


--
-- IDX_QRTZ_T_NEXT_FIRE_TIME  (Index)
--
CREATE INDEX IDX_QRTZ_T_NEXT_FIRE_TIME ON QRTZ_TRIGGERS
(SCHED_NAME, NEXT_FIRE_TIME)
LOGGING
;


--
-- IDX_QRTZ_T_NFT_MISFIRE  (Index)
--
CREATE INDEX IDX_QRTZ_T_NFT_MISFIRE ON QRTZ_TRIGGERS
(SCHED_NAME, MISFIRE_INSTR, NEXT_FIRE_TIME)
LOGGING
;


--
-- IDX_QRTZ_T_NFT_ST  (Index)
--
CREATE INDEX IDX_QRTZ_T_NFT_ST ON QRTZ_TRIGGERS
(SCHED_NAME, TRIGGER_STATE, NEXT_FIRE_TIME)
LOGGING
;


--
-- IDX_QRTZ_T_NFT_ST_MISFIRE  (Index)
--
CREATE INDEX IDX_QRTZ_T_NFT_ST_MISFIRE ON QRTZ_TRIGGERS
(SCHED_NAME, MISFIRE_INSTR, NEXT_FIRE_TIME, TRIGGER_STATE)
LOGGING
;


--
-- IDX_QRTZ_T_NFT_ST_MISFIRE_GRP  (Index)
--
CREATE INDEX IDX_QRTZ_T_NFT_ST_MISFIRE_GRP ON QRTZ_TRIGGERS
(SCHED_NAME, MISFIRE_INSTR, NEXT_FIRE_TIME, TRIGGER_GROUP, TRIGGER_STATE)
LOGGING
;


--
-- IDX_QRTZ_T_N_G_STATE  (Index)
--
CREATE INDEX IDX_QRTZ_T_N_G_STATE ON QRTZ_TRIGGERS
(SCHED_NAME, TRIGGER_GROUP, TRIGGER_STATE)
LOGGING
;


--
-- IDX_QRTZ_T_N_STATE  (Index)
--
CREATE INDEX IDX_QRTZ_T_N_STATE ON QRTZ_TRIGGERS
(SCHED_NAME, TRIGGER_NAME, TRIGGER_GROUP, TRIGGER_STATE)
LOGGING
;


--
-- IDX_QRTZ_T_STATE  (Index)
--
CREATE INDEX IDX_QRTZ_T_STATE ON QRTZ_TRIGGERS
(SCHED_NAME, TRIGGER_STATE)
LOGGING
;


--
-- ORG_GROUP_PK  (Index)
--
CREATE UNIQUE INDEX ORG_GROUP_PK ON ORG_GROUP
(ID)
LOGGING
;


--
-- ORG_HR_ORG_V_PK  (Index)
--
CREATE UNIQUE INDEX ORG_HR_ORG_V_PK ON ORG_HR_ORG_V
(ID)
LOGGING
;


--
-- ORG_MAINTAIN_ORG_V_PK  (Index)
--
CREATE UNIQUE INDEX ORG_MAINTAIN_ORG_V_PK ON ORG_MAINTAIN_ORG_V
(ID)
LOGGING
;


--
-- ORG_ORGANIZATION_V_PK  (Index)
--
CREATE UNIQUE INDEX ORG_ORGANIZATION_V_PK ON ORG_ORGANIZATION_V
(ID)
LOGGING
;


--
-- ORG_ORGANIZATION_V_TYPE_PK  (Index)
--
CREATE UNIQUE INDEX ORG_ORGANIZATION_V_TYPE_PK ON ORG_ORGANIZATION_V_TYPE
(ID)
LOGGING
;


--
-- ORG_PROJECT_ORG_V_PK  (Index)
--
CREATE UNIQUE INDEX ORG_PROJECT_ORG_V_PK ON ORG_PROJECT_ORG_V
(ID)
LOGGING
;


--
-- ORG_PURCHASE_ORG_V_PK  (Index)
--
CREATE UNIQUE INDEX ORG_PURCHASE_ORG_V_PK ON ORG_PURCHASE_ORG_V
(ID)
LOGGING
;


--
-- ORG_SALES_ORG_V_PK  (Index)
--
CREATE UNIQUE INDEX ORG_SALES_ORG_V_PK ON ORG_SALES_ORG_V
(ID)
LOGGING
;


--
-- ORG_STOCK_ORG_PK  (Index)
--
CREATE UNIQUE INDEX ORG_STOCK_ORG_PK ON ORG_STOCK_ORG
(ID)
LOGGING
;


--
-- ORG_STOCK_ORG_V_PK  (Index)
--
CREATE UNIQUE INDEX ORG_STOCK_ORG_V_PK ON ORG_STOCK_ORG_V
(ID)
LOGGING
;


--
-- ORG_TRAFFIC_ORG_PK  (Index)
--
CREATE UNIQUE INDEX ORG_TRAFFIC_ORG_PK ON ORG_TRAFFIC_ORG
(ID)
LOGGING
;


--
-- ORG_TRAFFIC_ORG_V_PK  (Index)
--
CREATE UNIQUE INDEX ORG_TRAFFIC_ORG_V_PK ON ORG_TRAFFIC_ORG_V
(ID)
LOGGING
;


--
-- QRTZ_CALENDARS_PK  (Index)
--
CREATE UNIQUE INDEX QRTZ_CALENDARS_PK ON QRTZ_CALENDARS
(SCHED_NAME, CALENDAR_NAME)
LOGGING
;


--
-- QRTZ_CONFIG_PK  (Index)
--
CREATE UNIQUE INDEX QRTZ_CONFIG_PK ON QRTZ_CONFIG
(ID)
LOGGING
;


--
-- QRTZ_FIRED_TRIGGER_PK  (Index)
--
CREATE UNIQUE INDEX QRTZ_FIRED_TRIGGER_PK ON QRTZ_FIRED_TRIGGERS
(SCHED_NAME, ENTRY_ID)
LOGGING
;


--
-- QRTZ_JOB_DETAILS_PK  (Index)
--
CREATE UNIQUE INDEX QRTZ_JOB_DETAILS_PK ON QRTZ_JOB_DETAILS
(SCHED_NAME, JOB_NAME, JOB_GROUP)
LOGGING
;


--
-- QRTZ_LOCKS_PK  (Index)
--
CREATE UNIQUE INDEX QRTZ_LOCKS_PK ON QRTZ_LOCKS
(SCHED_NAME, LOCK_NAME)
LOGGING
;


--
-- QRTZ_PAUSED_TRIG_GRPS_PK  (Index)
--
CREATE UNIQUE INDEX QRTZ_PAUSED_TRIG_GRPS_PK ON QRTZ_PAUSED_TRIGGER_GRPS
(SCHED_NAME, TRIGGER_GROUP)
LOGGING
;


--
-- QRTZ_SCHEDULER_STATE_PK  (Index)
--
CREATE UNIQUE INDEX QRTZ_SCHEDULER_STATE_PK ON QRTZ_SCHEDULER_STATE
(SCHED_NAME, INSTANCE_NAME)
LOGGING
;


--
-- QRTZ_TRIGGERS_PK  (Index)
--
CREATE UNIQUE INDEX QRTZ_TRIGGERS_PK ON QRTZ_TRIGGERS
(SCHED_NAME, TRIGGER_NAME, TRIGGER_GROUP)
LOGGING
;


--
-- SYS_API_RESOURCE_PK  (Index)
--
CREATE UNIQUE INDEX SYS_API_RESOURCE_PK ON SYS_API_RESOURCE
(ID)
LOGGING
;


--
-- SYS_AUDIT_LOG_BACKUP_PK  (Index)
--
CREATE UNIQUE INDEX SYS_AUDIT_LOG_BACKUP_PK ON SYS_AUDIT_LOG_BACKUP
(ID)
LOGGING
;


--
-- SYS_AUDIT_LOG_COUNT_PK  (Index)
--
CREATE UNIQUE INDEX SYS_AUDIT_LOG_COUNT_PK ON SYS_AUDIT_LOG_COUNT
(ID)
LOGGING
;


--
-- SYS_AUDIT_LOG_PK  (Index)
--
CREATE UNIQUE INDEX SYS_AUDIT_LOG_PK ON SYS_AUDIT_LOG
(ID)
LOGGING
;


--
-- SYS_AUTH_ROLE_LV_PK  (Index)
--
CREATE UNIQUE INDEX SYS_AUTH_ROLE_LV_PK ON SYS_AUTH_ROLE_LV
(ID)
LOGGING
;


--
-- SYS_AUTH_ROLE_V_PK  (Index)
--
CREATE UNIQUE INDEX SYS_AUTH_ROLE_V_PK ON SYS_AUTH_ROLE_V
(ID)
LOGGING
;


--
-- SYS_AUTH_USER_LV_PK  (Index)
--
CREATE UNIQUE INDEX SYS_AUTH_USER_LV_PK ON SYS_AUTH_USER_LV
(ID)
LOGGING
;


--
-- SYS_AUTH_USER_V_PK  (Index)
--
CREATE UNIQUE INDEX SYS_AUTH_USER_V_PK ON SYS_AUTH_USER_V
(ID)
LOGGING
;


--
-- SYS_CONFIG_PK  (Index)
--
CREATE UNIQUE INDEX SYS_CONFIG_PK ON SYS_CONFIG
(ID)
LOGGING
;


--
-- SYS_FORM_ITEM_TIP_PK  (Index)
--
CREATE UNIQUE INDEX SYS_FORM_ITEM_TIP_PK ON SYS_FORM_ITEM_TIP
(ID)
LOGGING
;


--
-- SYS_GROUP_DATASOURCE_PK  (Index)
--
CREATE UNIQUE INDEX SYS_GROUP_DATASOURCE_PK ON SYS_GROUP_DATASOURCE
(ID)
LOGGING
;


--
-- SYS_MSG_SEND_TYPE_PK  (Index)
--
CREATE UNIQUE INDEX SYS_MSG_SEND_TYPE_PK ON SYS_MSG_SEND_TYPE
(ID)
LOGGING
;


--
-- SYS_MSG_TYPE_EXTEND_PK  (Index)
--
CREATE UNIQUE INDEX SYS_MSG_TYPE_EXTEND_PK ON SYS_MSG_TYPE_EXTEND
(ID)
LOGGING
;


--
-- SYS_PASSWORD_POLICY_PK  (Index)
--
CREATE UNIQUE INDEX SYS_PASSWORD_POLICY_PK ON SYS_PASSWORD_POLICY
(ID)
LOGGING
;


--
-- SYS_RECORD_PK  (Index)
--
CREATE UNIQUE INDEX SYS_RECORD_PK ON SYS_RECORD
(ID)
LOGGING
;


--
-- SYS_RULE_PK  (Index)
--
CREATE UNIQUE INDEX SYS_RULE_PK ON SYS_RULE
(ID)
LOGGING
;


--
-- SYS_USER_LOGIN_PK  (Index)
--
CREATE UNIQUE INDEX SYS_USER_LOGIN_PK ON SYS_USER_LOGIN
(ID)
LOGGING
;


--
-- SYS_USER_PASSWORD_HISTORY_PK  (Index)
--
CREATE UNIQUE INDEX SYS_USER_PASSWORD_HISTORY_PK ON SYS_USER_PASSWORD_HISTORY
(ID)
LOGGING
;


--
-- SYS_WAIT_GRANT_AUTH_PK  (Index)
--
CREATE UNIQUE INDEX SYS_WAIT_GRANT_AUTH_PK ON SYS_WAIT_GRANT_AUTH
(ID)
LOGGING
;


--
-- UK_FILE_CHUNK_INFO_INDEX  (Index)
--
CREATE UNIQUE INDEX UK_FILE_CHUNK_INFO_INDEX ON FILE_CHUNK_INFO
(FILE_INFO_ID, CHUNK_INDEX)
LOGGING
;


--
-- UK_FILE_CONFIGURATION_APP_KEY  (Index)
--
CREATE UNIQUE INDEX UK_FILE_CONFIGURATION_APP_KEY ON FILE_CONFIGURATION
(APP_ID, CONFIGURATION_KEY)
LOGGING
;


--
-- UK_ORG_GROUP_CODE  (Index)
--
CREATE UNIQUE INDEX UK_ORG_GROUP_CODE ON ORG_GROUP
(CODE)
LOGGING
;


--
-- UK_ORG_GROUP_NAME  (Index)
--
CREATE UNIQUE INDEX UK_ORG_GROUP_NAME ON ORG_GROUP
(NAME)
LOGGING
;


--
-- UK_ORG_GROUP_SORT_INDEX  (Index)
--
CREATE UNIQUE INDEX UK_ORG_GROUP_SORT_INDEX ON ORG_GROUP
(PARENT_ID, SORT_INDEX)
LOGGING
;


--
-- UK_ORG_STOCK_ORG_CODE  (Index)
--
CREATE UNIQUE INDEX UK_ORG_STOCK_ORG_CODE ON ORG_STOCK_ORG
(CODE)
LOGGING
;


--
-- UK_ORG_TRAFFIC_ORG_CODE  (Index)
--
CREATE UNIQUE INDEX UK_ORG_TRAFFIC_ORG_CODE ON ORG_TRAFFIC_ORG
(CODE)
LOGGING
;


--
-- UK_SM_AUTH_RULE_CODE  (Index)
--
CREATE UNIQUE INDEX UK_SM_AUTH_RULE_CODE ON SYS_RULE
(CODE)
LOGGING
;


--
-- BD_APP_AUTH  (Table)
--
CREATE TABLE BD_APP_AUTH
(
  ID            VARCHAR2(50 CHAR)               NOT NULL,
  APP_LIB_ID    VARCHAR2(50 CHAR),
  NAME          VARCHAR2(200 CHAR),
  REMARK        VARCHAR2(50 CHAR),
  SORT_INDEX    INTEGER                         DEFAULT 9999,
  IS_LEAF       NUMBER(1)                       DEFAULT 0,
  PARENT_ID     VARCHAR2(50 CHAR),
  SORT_PATH     VARCHAR2(4000 CHAR),
  DATA_VERSION  INTEGER                         DEFAULT 0
)
;

COMMENT ON TABLE BD_APP_AUTH IS '基础应用权限';

COMMENT ON COLUMN BD_APP_AUTH.ID IS '权限标识';

COMMENT ON COLUMN BD_APP_AUTH.APP_LIB_ID IS '应用库标识';

COMMENT ON COLUMN BD_APP_AUTH.NAME IS '权限名称';

COMMENT ON COLUMN BD_APP_AUTH.REMARK IS '备注';

COMMENT ON COLUMN BD_APP_AUTH.SORT_INDEX IS '当前路径下排序';

COMMENT ON COLUMN BD_APP_AUTH.IS_LEAF IS '叶子节点0不是1是';

COMMENT ON COLUMN BD_APP_AUTH.PARENT_ID IS '父节点id';

COMMENT ON COLUMN BD_APP_AUTH.SORT_PATH IS '全局排序';

COMMENT ON COLUMN BD_APP_AUTH.DATA_VERSION IS '数据版本';



--
-- BD_JOB  (Table)
--
CREATE TABLE BD_JOB
(
  ID            VARCHAR2(50 BYTE)               NOT NULL,
  NAME          VARCHAR2(50 BYTE),
  SORT_INDEX    INTEGER,
  DATA_VERSION  VARCHAR2(50 BYTE)               DEFAULT 0,
  GROUP_ID      VARCHAR2(50 BYTE)
)
;

COMMENT ON TABLE BD_JOB IS '职务表';

COMMENT ON COLUMN BD_JOB.ID IS '主键';

COMMENT ON COLUMN BD_JOB.NAME IS '职务名称';

COMMENT ON COLUMN BD_JOB.SORT_INDEX IS '排序号';

COMMENT ON COLUMN BD_JOB.DATA_VERSION IS '数据版本';

COMMENT ON COLUMN BD_JOB.GROUP_ID IS '集团ID';



--
-- BD_PERSON_ID_TYPE  (Table)
--
CREATE TABLE BD_PERSON_ID_TYPE
(
  ID             VARCHAR2(50 CHAR)              NOT NULL,
  CODE           VARCHAR2(50 CHAR)              NOT NULL,
  NAME           VARCHAR2(100 CHAR)             NOT NULL,
  GROUP_ID       VARCHAR2(50 CHAR)              NOT NULL,
  REGEX          VARCHAR2(200 CHAR),
  COUNTRY        VARCHAR2(50 CHAR),
  DESCRIPTION    VARCHAR2(200 CHAR),
  NUMBER_LENGTH  INTEGER,
  CREATE_USER    VARCHAR2(50 CHAR),
  CREATE_TIME    DATE,
  UPDATE_TIME    DATE,
  ENABLE_STATE   INTEGER,
  REMARK         VARCHAR2(200 CHAR),
  DATA_VERSION   INTEGER                        DEFAULT 0
)
;

COMMENT ON TABLE BD_PERSON_ID_TYPE IS '基础数据-人员证件类型';

COMMENT ON COLUMN BD_PERSON_ID_TYPE.ID IS '主键';

COMMENT ON COLUMN BD_PERSON_ID_TYPE.CODE IS '编码';

COMMENT ON COLUMN BD_PERSON_ID_TYPE.NAME IS '名称';

COMMENT ON COLUMN BD_PERSON_ID_TYPE.GROUP_ID IS '所属集团主键';

COMMENT ON COLUMN BD_PERSON_ID_TYPE.REGEX IS '校验规则';

COMMENT ON COLUMN BD_PERSON_ID_TYPE.COUNTRY IS '国家';

COMMENT ON COLUMN BD_PERSON_ID_TYPE.DESCRIPTION IS '描述';

COMMENT ON COLUMN BD_PERSON_ID_TYPE.NUMBER_LENGTH IS '证件号长度';

COMMENT ON COLUMN BD_PERSON_ID_TYPE.CREATE_USER IS '创建人id';

COMMENT ON COLUMN BD_PERSON_ID_TYPE.CREATE_TIME IS '创建时间';

COMMENT ON COLUMN BD_PERSON_ID_TYPE.UPDATE_TIME IS '更新时间';

COMMENT ON COLUMN BD_PERSON_ID_TYPE.ENABLE_STATE IS '启用状态';

COMMENT ON COLUMN BD_PERSON_ID_TYPE.REMARK IS '备注';

COMMENT ON COLUMN BD_PERSON_ID_TYPE.DATA_VERSION IS '数据版本';



--
-- ORG_ADMIN_ORG_V  (Table)
--
CREATE TABLE ORG_ADMIN_ORG_V
(
  ID                     VARCHAR2(50 CHAR)      NOT NULL,
  PARENT_ID              VARCHAR2(50 CHAR),
  ORGANIZATION_ID        VARCHAR2(50 CHAR)      NOT NULL,
  ADMIN_ORG_ID           VARCHAR2(50 CHAR),
  NAME                   VARCHAR2(200 CHAR)     NOT NULL,
  SHORT_NAME             VARCHAR2(50 CHAR),
  CREATE_USER            VARCHAR2(50 CHAR),
  CREATE_TIME            DATE,
  UPDATE_TIME            DATE,
  VERSION_NO             VARCHAR2(50 CHAR),
  VERSION_NAME           VARCHAR2(50 CHAR),
  VERSION_BEGIN_DATE     DATE,
  VERSION_END_DATE       DATE,
  GROUP_ID               VARCHAR2(50 CHAR)      NOT NULL,
  IS_LAST_VERSION        NUMBER(1),
  CODE                   VARCHAR2(50 CHAR),
  VERSION_BEGIN_USER_ID  VARCHAR2(50 CHAR),
  VERSION_END_USER_ID    VARCHAR2(50 CHAR)
)
;

COMMENT ON TABLE ORG_ADMIN_ORG_V IS '组织-行政组织版本';

COMMENT ON COLUMN ORG_ADMIN_ORG_V.ID IS '主键';

COMMENT ON COLUMN ORG_ADMIN_ORG_V.PARENT_ID IS '上级行政组织主键';

COMMENT ON COLUMN ORG_ADMIN_ORG_V.ORGANIZATION_ID IS '所属组织主键';

COMMENT ON COLUMN ORG_ADMIN_ORG_V.ADMIN_ORG_ID IS '行政组织主键';

COMMENT ON COLUMN ORG_ADMIN_ORG_V.NAME IS '名称';

COMMENT ON COLUMN ORG_ADMIN_ORG_V.SHORT_NAME IS '简称';

COMMENT ON COLUMN ORG_ADMIN_ORG_V.CREATE_USER IS '创建人id';

COMMENT ON COLUMN ORG_ADMIN_ORG_V.CREATE_TIME IS '创建时间';

COMMENT ON COLUMN ORG_ADMIN_ORG_V.UPDATE_TIME IS '更新时间';

COMMENT ON COLUMN ORG_ADMIN_ORG_V.VERSION_NO IS '版本编号';

COMMENT ON COLUMN ORG_ADMIN_ORG_V.VERSION_NAME IS '版本名称';

COMMENT ON COLUMN ORG_ADMIN_ORG_V.VERSION_BEGIN_DATE IS '版本生效日期';

COMMENT ON COLUMN ORG_ADMIN_ORG_V.VERSION_END_DATE IS '版本失效日期';

COMMENT ON COLUMN ORG_ADMIN_ORG_V.GROUP_ID IS '所属集团主键';

COMMENT ON COLUMN ORG_ADMIN_ORG_V.IS_LAST_VERSION IS '是否最新版本';

COMMENT ON COLUMN ORG_ADMIN_ORG_V.CODE IS '编码';

COMMENT ON COLUMN ORG_ADMIN_ORG_V.VERSION_BEGIN_USER_ID IS '版本启用人主键';

COMMENT ON COLUMN ORG_ADMIN_ORG_V.VERSION_END_USER_ID IS '版本停用人主键';



--
-- ORG_ASSET_ORG_V  (Table)
--
CREATE TABLE ORG_ASSET_ORG_V
(
  ID                     VARCHAR2(50 CHAR)      NOT NULL,
  PARENT_ID              VARCHAR2(50 CHAR),
  ORGANIZATION_ID        VARCHAR2(50 CHAR),
  ASSET_ORG_ID           VARCHAR2(50 CHAR),
  NAME                   VARCHAR2(200 CHAR),
  SHORT_NAME             VARCHAR2(50 CHAR),
  CREATE_USER            VARCHAR2(50 CHAR),
  CREATE_TIME            DATE,
  UPDATE_TIME            DATE,
  GROUP_ID               VARCHAR2(50 CHAR),
  FINANCE_ID             VARCHAR2(50 CHAR),
  IS_LAST_VERSION        NUMBER(1),
  CODE                   VARCHAR2(50 CHAR),
  VERSION_NO             VARCHAR2(50 CHAR),
  VERSION_NAME           VARCHAR2(50 CHAR),
  VERSION_BEGIN_DATE     DATE,
  VERSION_END_DATE       DATE,
  VERSION_BEGIN_USER_ID  VARCHAR2(50 CHAR),
  VERSION_END_USER_ID    VARCHAR2(50 CHAR)
)
;

COMMENT ON TABLE ORG_ASSET_ORG_V IS '组织-资产组织版本';

COMMENT ON COLUMN ORG_ASSET_ORG_V.ID IS '主键';

COMMENT ON COLUMN ORG_ASSET_ORG_V.PARENT_ID IS '上级资产组织主键';

COMMENT ON COLUMN ORG_ASSET_ORG_V.ORGANIZATION_ID IS '所属组织主键';

COMMENT ON COLUMN ORG_ASSET_ORG_V.ASSET_ORG_ID IS '资产组织主键';

COMMENT ON COLUMN ORG_ASSET_ORG_V.NAME IS '名称';

COMMENT ON COLUMN ORG_ASSET_ORG_V.SHORT_NAME IS '简称';

COMMENT ON COLUMN ORG_ASSET_ORG_V.CREATE_USER IS '创建人id';

COMMENT ON COLUMN ORG_ASSET_ORG_V.CREATE_TIME IS '创建时间';

COMMENT ON COLUMN ORG_ASSET_ORG_V.UPDATE_TIME IS '更新时间';

COMMENT ON COLUMN ORG_ASSET_ORG_V.GROUP_ID IS '所属集团主键';

COMMENT ON COLUMN ORG_ASSET_ORG_V.FINANCE_ID IS '默认财务组织主键';

COMMENT ON COLUMN ORG_ASSET_ORG_V.IS_LAST_VERSION IS '是否最新版本';

COMMENT ON COLUMN ORG_ASSET_ORG_V.CODE IS '编码';

COMMENT ON COLUMN ORG_ASSET_ORG_V.VERSION_NO IS '版本编号';

COMMENT ON COLUMN ORG_ASSET_ORG_V.VERSION_NAME IS '版本名称';

COMMENT ON COLUMN ORG_ASSET_ORG_V.VERSION_BEGIN_DATE IS '版本启用日期';

COMMENT ON COLUMN ORG_ASSET_ORG_V.VERSION_END_DATE IS '版本停用日期';

COMMENT ON COLUMN ORG_ASSET_ORG_V.VERSION_BEGIN_USER_ID IS '版本启用人主键';

COMMENT ON COLUMN ORG_ASSET_ORG_V.VERSION_END_USER_ID IS '版本停用人主键';



--
-- ORG_CORPORATION_V  (Table)
--
CREATE TABLE ORG_CORPORATION_V
(
  ID                     VARCHAR2(50 CHAR)      NOT NULL,
  GROUP_ID               VARCHAR2(50 CHAR)      NOT NULL,
  ORGANIZATION_ID        VARCHAR2(50 CHAR)      NOT NULL,
  PARENT_ID              VARCHAR2(50 CHAR),
  POST_ADDRESS           VARCHAR2(200 CHAR),
  PHONE1                 VARCHAR2(30 CHAR),
  PHONE2                 VARCHAR2(30 CHAR),
  PHONE3                 VARCHAR2(30 CHAR),
  FAX1                   VARCHAR2(30 CHAR),
  FAX2                   VARCHAR2(30 CHAR),
  FAX3                   VARCHAR2(30 CHAR),
  LINKMAN1               VARCHAR2(30 CHAR),
  LINKMAN2               VARCHAR2(30 CHAR),
  LINKMAN3               VARCHAR2(30 CHAR),
  EMAIL1                 VARCHAR2(50 CHAR),
  EMAIL2                 VARCHAR2(50 CHAR),
  EMAIL3                 VARCHAR2(50 CHAR),
  NAME                   VARCHAR2(50 CHAR)      NOT NULL,
  SHORT_NAME             VARCHAR2(50 CHAR),
  SORT_INDEX             INTEGER,
  CREATE_USER            VARCHAR2(50 CHAR),
  CREATE_TIME            DATE,
  UPDATE_TIME            DATE,
  CORPORATION_ID         VARCHAR2(50 CHAR),
  VERSION_NO             VARCHAR2(50 CHAR),
  VERSION_NAME           VARCHAR2(50 CHAR),
  VERSION_BEGIN_DATE     DATE,
  VERSION_END_DATE       DATE,
  CODE                   VARCHAR2(50 CHAR)      NOT NULL,
  IS_LAST_VERSION        NUMBER(1),
  VERSION_BEGIN_USER_ID  VARCHAR2(50 CHAR),
  VERSION_END_USER_ID    VARCHAR2(50 CHAR),
  REMARK                 VARCHAR2(2000 CHAR)
)
;

COMMENT ON TABLE ORG_CORPORATION_V IS '组织-公司组织版本';

COMMENT ON COLUMN ORG_CORPORATION_V.ID IS '主键';

COMMENT ON COLUMN ORG_CORPORATION_V.GROUP_ID IS '所属集团主键';

COMMENT ON COLUMN ORG_CORPORATION_V.ORGANIZATION_ID IS '所属组织主键';

COMMENT ON COLUMN ORG_CORPORATION_V.PARENT_ID IS '上级公司主键';

COMMENT ON COLUMN ORG_CORPORATION_V.POST_ADDRESS IS '通讯地址';

COMMENT ON COLUMN ORG_CORPORATION_V.PHONE1 IS '联系电话1';

COMMENT ON COLUMN ORG_CORPORATION_V.PHONE2 IS '联系电话2';

COMMENT ON COLUMN ORG_CORPORATION_V.PHONE3 IS '联系电话3';

COMMENT ON COLUMN ORG_CORPORATION_V.FAX1 IS '传真1';

COMMENT ON COLUMN ORG_CORPORATION_V.FAX2 IS '传真2';

COMMENT ON COLUMN ORG_CORPORATION_V.FAX3 IS '传真3';

COMMENT ON COLUMN ORG_CORPORATION_V.LINKMAN1 IS '联系人1';

COMMENT ON COLUMN ORG_CORPORATION_V.LINKMAN2 IS '联系人2';

COMMENT ON COLUMN ORG_CORPORATION_V.LINKMAN3 IS '联系人3';

COMMENT ON COLUMN ORG_CORPORATION_V.EMAIL1 IS '电子邮件1';

COMMENT ON COLUMN ORG_CORPORATION_V.EMAIL2 IS '电子邮件2';

COMMENT ON COLUMN ORG_CORPORATION_V.EMAIL3 IS '电子邮件3';

COMMENT ON COLUMN ORG_CORPORATION_V.NAME IS '名称';

COMMENT ON COLUMN ORG_CORPORATION_V.SHORT_NAME IS '简称';

COMMENT ON COLUMN ORG_CORPORATION_V.SORT_INDEX IS '排序号';

COMMENT ON COLUMN ORG_CORPORATION_V.CREATE_USER IS '创建人id';

COMMENT ON COLUMN ORG_CORPORATION_V.CREATE_TIME IS '创建时间';

COMMENT ON COLUMN ORG_CORPORATION_V.UPDATE_TIME IS '更新时间';

COMMENT ON COLUMN ORG_CORPORATION_V.CORPORATION_ID IS '公司主键';

COMMENT ON COLUMN ORG_CORPORATION_V.VERSION_NO IS '版本编号';

COMMENT ON COLUMN ORG_CORPORATION_V.VERSION_NAME IS '版本名称';

COMMENT ON COLUMN ORG_CORPORATION_V.VERSION_BEGIN_DATE IS '版本生效日期';

COMMENT ON COLUMN ORG_CORPORATION_V.VERSION_END_DATE IS '版本失效日期';

COMMENT ON COLUMN ORG_CORPORATION_V.CODE IS '编码';

COMMENT ON COLUMN ORG_CORPORATION_V.IS_LAST_VERSION IS '是否最新版本';

COMMENT ON COLUMN ORG_CORPORATION_V.VERSION_BEGIN_USER_ID IS '版本启用人主键';

COMMENT ON COLUMN ORG_CORPORATION_V.VERSION_END_USER_ID IS '版本停用人主键';

COMMENT ON COLUMN ORG_CORPORATION_V.REMARK IS '备注';



--
-- ORG_DEPARTMENT_V  (Table)
--
CREATE TABLE ORG_DEPARTMENT_V
(
  ID                     VARCHAR2(50 CHAR)      NOT NULL,
  PARENT_ID              VARCHAR2(50 CHAR),
  GROUP_ID               VARCHAR2(50 CHAR)      NOT NULL,
  ORGANIZATION_ID        VARCHAR2(50 CHAR)      NOT NULL,
  NAME                   VARCHAR2(50 CHAR)      NOT NULL,
  DEPARTMENT_ID          VARCHAR2(50 CHAR)      NOT NULL,
  VERSION_NO             VARCHAR2(50 CHAR),
  VERSION_NAME           VARCHAR2(50 CHAR),
  VERSION_BEGIN_DATE     DATE,
  VERSION_END_DATE       DATE,
  CODE                   VARCHAR2(50 CHAR),
  IS_LAST_VERSION        NUMBER(1),
  CREATE_USER            VARCHAR2(50 CHAR),
  CREATE_TIME            DATE,
  UPDATE_TIME            DATE,
  VERSION_BEGIN_USER_ID  VARCHAR2(50 CHAR),
  VERSION_END_USER_ID    VARCHAR2(50 CHAR),
  REMARK                 VARCHAR2(2000 CHAR),
  DATA_VERSION           INTEGER                DEFAULT 0,
  SORT_INDEX             INTEGER
)
;

COMMENT ON TABLE ORG_DEPARTMENT_V IS '组织-部门版本';

COMMENT ON COLUMN ORG_DEPARTMENT_V.ID IS '主键';

COMMENT ON COLUMN ORG_DEPARTMENT_V.PARENT_ID IS '上级部门主键';

COMMENT ON COLUMN ORG_DEPARTMENT_V.GROUP_ID IS '所属集团主键';

COMMENT ON COLUMN ORG_DEPARTMENT_V.ORGANIZATION_ID IS '所属组织主键';

COMMENT ON COLUMN ORG_DEPARTMENT_V.NAME IS '部门名称';

COMMENT ON COLUMN ORG_DEPARTMENT_V.DEPARTMENT_ID IS '部门主键';

COMMENT ON COLUMN ORG_DEPARTMENT_V.VERSION_NO IS '版本编号';

COMMENT ON COLUMN ORG_DEPARTMENT_V.VERSION_NAME IS '版本名称';

COMMENT ON COLUMN ORG_DEPARTMENT_V.VERSION_BEGIN_DATE IS '版本生效日期';

COMMENT ON COLUMN ORG_DEPARTMENT_V.VERSION_END_DATE IS '版本失效日期';

COMMENT ON COLUMN ORG_DEPARTMENT_V.CODE IS '编码';

COMMENT ON COLUMN ORG_DEPARTMENT_V.IS_LAST_VERSION IS '是否最新版本';

COMMENT ON COLUMN ORG_DEPARTMENT_V.CREATE_USER IS '创建用户id';

COMMENT ON COLUMN ORG_DEPARTMENT_V.CREATE_TIME IS '创建时间';

COMMENT ON COLUMN ORG_DEPARTMENT_V.UPDATE_TIME IS '更新时间';

COMMENT ON COLUMN ORG_DEPARTMENT_V.VERSION_BEGIN_USER_ID IS '版本启用人主键';

COMMENT ON COLUMN ORG_DEPARTMENT_V.VERSION_END_USER_ID IS '版本停用人主键';

COMMENT ON COLUMN ORG_DEPARTMENT_V.REMARK IS '备注';

COMMENT ON COLUMN ORG_DEPARTMENT_V.DATA_VERSION IS '数据版本';

COMMENT ON COLUMN ORG_DEPARTMENT_V.SORT_INDEX IS '排序号';



--
-- ORG_FACTORY_ORG_V  (Table)
--
CREATE TABLE ORG_FACTORY_ORG_V
(
  ID                     VARCHAR2(50 CHAR)      NOT NULL,
  ORGANIZATION_ID        VARCHAR2(50 CHAR)      NOT NULL,
  FACTORY_ORG_ID         VARCHAR2(50 CHAR),
  NAME                   VARCHAR2(200 CHAR)     NOT NULL,
  SHORT_NAME             VARCHAR2(50 CHAR),
  CREATE_USER            VARCHAR2(50 CHAR),
  CREATE_TIME            DATE,
  UPDATE_TIME            DATE,
  VERSION_NO             VARCHAR2(50 CHAR),
  VERSION_NAME           VARCHAR2(50 CHAR),
  VERSION_BEGIN_DATE     DATE,
  VERSION_END_DATE       DATE,
  GROUP_ID               VARCHAR2(50 CHAR)      NOT NULL,
  IS_LAST_VERSION        NUMBER(1),
  CODE                   VARCHAR2(50 CHAR),
  VERSION_BEGIN_USER_ID  VARCHAR2(50 CHAR),
  VERSION_END_USER_ID    VARCHAR2(50 CHAR)
)
;

COMMENT ON TABLE ORG_FACTORY_ORG_V IS '组织-工厂组织版本';

COMMENT ON COLUMN ORG_FACTORY_ORG_V.ID IS '主键';

COMMENT ON COLUMN ORG_FACTORY_ORG_V.ORGANIZATION_ID IS '所属组织主键';

COMMENT ON COLUMN ORG_FACTORY_ORG_V.FACTORY_ORG_ID IS '工厂组织主键';

COMMENT ON COLUMN ORG_FACTORY_ORG_V.NAME IS '名称';

COMMENT ON COLUMN ORG_FACTORY_ORG_V.SHORT_NAME IS '简称';

COMMENT ON COLUMN ORG_FACTORY_ORG_V.CREATE_USER IS '创建人id';

COMMENT ON COLUMN ORG_FACTORY_ORG_V.CREATE_TIME IS '创建时间';

COMMENT ON COLUMN ORG_FACTORY_ORG_V.UPDATE_TIME IS '更新时间';

COMMENT ON COLUMN ORG_FACTORY_ORG_V.VERSION_NO IS '版本编号';

COMMENT ON COLUMN ORG_FACTORY_ORG_V.VERSION_NAME IS '版本名称';

COMMENT ON COLUMN ORG_FACTORY_ORG_V.VERSION_BEGIN_DATE IS '版本生效日期';

COMMENT ON COLUMN ORG_FACTORY_ORG_V.VERSION_END_DATE IS '版本失效日期';

COMMENT ON COLUMN ORG_FACTORY_ORG_V.GROUP_ID IS '所属集团主键';

COMMENT ON COLUMN ORG_FACTORY_ORG_V.IS_LAST_VERSION IS '是否最新版本';

COMMENT ON COLUMN ORG_FACTORY_ORG_V.CODE IS '编码';

COMMENT ON COLUMN ORG_FACTORY_ORG_V.VERSION_BEGIN_USER_ID IS '版本启用人主键';

COMMENT ON COLUMN ORG_FACTORY_ORG_V.VERSION_END_USER_ID IS '版本停用人主键';



--
-- ORG_FINANCE_ORG  (Table)
--
CREATE TABLE ORG_FINANCE_ORG
(
  ID                VARCHAR2(50 CHAR)           NOT NULL,
  PARENT_ID         VARCHAR2(50 CHAR),
  ORGANIZATION_ID   VARCHAR2(50 CHAR),
  VERSION_ID        VARCHAR2(50 CHAR),
  NAME              VARCHAR2(200 CHAR),
  SHORT_NAME        VARCHAR2(50 CHAR),
  CREATE_USER       VARCHAR2(50 CHAR),
  CREATE_TIME       DATE,
  UPDATE_TIME       DATE,
  GROUP_ID          VARCHAR2(50 CHAR),
  TAX_PAYER_CODE    VARCHAR2(50 CHAR),
  TAX_PAYER_CODE_V  VARCHAR2(50 CHAR),
  IS_TAX_ORG        NUMBER(1),
  CODE              VARCHAR2(50 CHAR),
  DATA_VERSION      INTEGER                     DEFAULT 0
)
;

COMMENT ON TABLE ORG_FINANCE_ORG IS '组织-财务组织';

COMMENT ON COLUMN ORG_FINANCE_ORG.ID IS '主键';

COMMENT ON COLUMN ORG_FINANCE_ORG.PARENT_ID IS '上级财务组织主键';

COMMENT ON COLUMN ORG_FINANCE_ORG.ORGANIZATION_ID IS '所属组织主键';

COMMENT ON COLUMN ORG_FINANCE_ORG.VERSION_ID IS '版本主键';

COMMENT ON COLUMN ORG_FINANCE_ORG.NAME IS '名称';

COMMENT ON COLUMN ORG_FINANCE_ORG.SHORT_NAME IS '简称';

COMMENT ON COLUMN ORG_FINANCE_ORG.CREATE_USER IS '创建人id';

COMMENT ON COLUMN ORG_FINANCE_ORG.CREATE_TIME IS '创建时间';

COMMENT ON COLUMN ORG_FINANCE_ORG.UPDATE_TIME IS '更新时间';

COMMENT ON COLUMN ORG_FINANCE_ORG.GROUP_ID IS '所属集团主键';

COMMENT ON COLUMN ORG_FINANCE_ORG.TAX_PAYER_CODE IS '纳税人识别号';

COMMENT ON COLUMN ORG_FINANCE_ORG.TAX_PAYER_CODE_V IS '纳税人识别号';

COMMENT ON COLUMN ORG_FINANCE_ORG.IS_TAX_ORG IS '是否税务组织';

COMMENT ON COLUMN ORG_FINANCE_ORG.CODE IS '编码';

COMMENT ON COLUMN ORG_FINANCE_ORG.DATA_VERSION IS '数据版本';



--
-- ORG_FINANCE_ORG_V  (Table)
--
CREATE TABLE ORG_FINANCE_ORG_V
(
  ID                     VARCHAR2(50 CHAR)      NOT NULL,
  PARENT_ID              VARCHAR2(50 CHAR),
  ORGANIZATION_ID        VARCHAR2(50 CHAR),
  FINANCE_ORG_ID         VARCHAR2(50 CHAR),
  NAME                   VARCHAR2(200 CHAR),
  SHORT_NAME             VARCHAR2(50 CHAR),
  CREATE_USER            VARCHAR2(50 CHAR),
  CREATE_TIME            DATE,
  UPDATE_TIME            DATE,
  GROUP_ID               VARCHAR2(50 CHAR),
  IS_TAX_ORG             NUMBER(1),
  IS_LAST_VERSION        NUMBER(1),
  VERSION_BEGIN_USER_ID  VARCHAR2(50 CHAR),
  VERSION_END_USER_ID    VARCHAR2(50 CHAR)
)
;

COMMENT ON TABLE ORG_FINANCE_ORG_V IS '组织-财务组织版本';

COMMENT ON COLUMN ORG_FINANCE_ORG_V.ID IS '主键';

COMMENT ON COLUMN ORG_FINANCE_ORG_V.PARENT_ID IS '上级财务组织主键';

COMMENT ON COLUMN ORG_FINANCE_ORG_V.ORGANIZATION_ID IS '所属组织主键';

COMMENT ON COLUMN ORG_FINANCE_ORG_V.FINANCE_ORG_ID IS '财务组织主键';

COMMENT ON COLUMN ORG_FINANCE_ORG_V.NAME IS '名称';

COMMENT ON COLUMN ORG_FINANCE_ORG_V.SHORT_NAME IS '简称';

COMMENT ON COLUMN ORG_FINANCE_ORG_V.CREATE_USER IS '创建人id';

COMMENT ON COLUMN ORG_FINANCE_ORG_V.CREATE_TIME IS '创建时间';

COMMENT ON COLUMN ORG_FINANCE_ORG_V.UPDATE_TIME IS '更新时间';

COMMENT ON COLUMN ORG_FINANCE_ORG_V.GROUP_ID IS '所属集团主键';

COMMENT ON COLUMN ORG_FINANCE_ORG_V.IS_TAX_ORG IS '是否税务组织';

COMMENT ON COLUMN ORG_FINANCE_ORG_V.IS_LAST_VERSION IS '是否最新版本';

COMMENT ON COLUMN ORG_FINANCE_ORG_V.VERSION_BEGIN_USER_ID IS '版本启用人主键';

COMMENT ON COLUMN ORG_FINANCE_ORG_V.VERSION_END_USER_ID IS '版本停用人主键';



--
-- QRTZ_BLOB_TRIGGERS  (Table)
--
CREATE TABLE QRTZ_BLOB_TRIGGERS
(
  SCHED_NAME     VARCHAR2(120 CHAR)             NOT NULL,
  TRIGGER_NAME   VARCHAR2(200 CHAR)             NOT NULL,
  TRIGGER_GROUP  VARCHAR2(200 CHAR)             NOT NULL,
  BLOB_DATA      BLOB
);


--
-- QRTZ_CRON_TRIGGERS  (Table)
--
CREATE TABLE QRTZ_CRON_TRIGGERS
(
  SCHED_NAME       VARCHAR2(120 CHAR)           NOT NULL,
  TRIGGER_NAME     VARCHAR2(200 CHAR)           NOT NULL,
  TRIGGER_GROUP    VARCHAR2(200 CHAR)           NOT NULL,
  CRON_EXPRESSION  VARCHAR2(120 CHAR)           NOT NULL,
  TIME_ZONE_ID     VARCHAR2(80 CHAR)
)
;


--
-- QRTZ_SIMPLE_TRIGGERS  (Table)
--
CREATE TABLE QRTZ_SIMPLE_TRIGGERS
(
  SCHED_NAME       VARCHAR2(120 CHAR)           NOT NULL,
  TRIGGER_NAME     VARCHAR2(200 CHAR)           NOT NULL,
  TRIGGER_GROUP    VARCHAR2(200 CHAR)           NOT NULL,
  REPEAT_COUNT     NUMBER(7)                    NOT NULL,
  REPEAT_INTERVAL  NUMBER(12)                   NOT NULL,
  TIMES_TRIGGERED  NUMBER(10)                   NOT NULL
);


--
-- QRTZ_SIMPROP_TRIGGERS  (Table)
--
CREATE TABLE QRTZ_SIMPROP_TRIGGERS
(
  SCHED_NAME     VARCHAR2(120 CHAR)             NOT NULL,
  TRIGGER_NAME   VARCHAR2(200 CHAR)             NOT NULL,
  TRIGGER_GROUP  VARCHAR2(200 CHAR)             NOT NULL,
  STR_PROP_1     VARCHAR2(512 CHAR),
  STR_PROP_2     VARCHAR2(512 CHAR),
  STR_PROP_3     VARCHAR2(512 CHAR),
  INT_PROP_1     NUMBER(10),
  INT_PROP_2     NUMBER(10),
  LONG_PROP_1    NUMBER(13),
  LONG_PROP_2    NUMBER(13),
  DEC_PROP_1     NUMBER(13,4),
  DEC_PROP_2     NUMBER(13,4),
  BOOL_PROP_1    VARCHAR2(1 CHAR),
  BOOL_PROP_2    VARCHAR2(1 CHAR)
);


--
-- SYS_GROUP_APP  (Table)
--
CREATE TABLE SYS_GROUP_APP
(
  ID             VARCHAR2(50 CHAR)              NOT NULL,
  NAME           VARCHAR2(200 CHAR),
  HAS_UI         NUMBER(1)                       DEFAULT 0,
  UI_NAME        VARCHAR2(50 CHAR),
  VERSION        VARCHAR2(50 CHAR),
  ICON           VARCHAR2(200 CHAR),
  SORT_INDEX     INTEGER,
  REMARK         VARCHAR2(2000 CHAR),
  CREATE_USER    VARCHAR2(50 CHAR),
  CREATE_TIME    DATE,
  UPDATE_TIME    DATE,
  SECRET_LEVEL   INTEGER,
  GROUP_ID       VARCHAR2(50 CHAR),
  DATASOURCE_ID  VARCHAR2(50 CHAR),
  IS_3_ADMIN     INTEGER                        DEFAULT 1,
  DATA_VERSION   INTEGER                        DEFAULT 0,
  IS_MAIN_APP    INTEGER                        DEFAULT 0
)
;

COMMENT ON TABLE SYS_GROUP_APP IS '集团应用库';

COMMENT ON COLUMN SYS_GROUP_APP.ID IS '应用标识';

COMMENT ON COLUMN SYS_GROUP_APP.NAME IS '应用名称';

COMMENT ON COLUMN SYS_GROUP_APP.HAS_UI IS '前后端分离 0 否 1 是';

COMMENT ON COLUMN SYS_GROUP_APP.UI_NAME IS '数据版本';

COMMENT ON COLUMN SYS_GROUP_APP.VERSION IS '版本';

COMMENT ON COLUMN SYS_GROUP_APP.ICON IS '应用图标';

COMMENT ON COLUMN SYS_GROUP_APP.SORT_INDEX IS '排序';

COMMENT ON COLUMN SYS_GROUP_APP.REMARK IS '备注';

COMMENT ON COLUMN SYS_GROUP_APP.CREATE_USER IS '创建人';

COMMENT ON COLUMN SYS_GROUP_APP.CREATE_TIME IS '创建时间';

COMMENT ON COLUMN SYS_GROUP_APP.UPDATE_TIME IS '最新更新时间';

COMMENT ON COLUMN SYS_GROUP_APP.SECRET_LEVEL IS '密级5非密4内部3秘密2机密1绝密';

COMMENT ON COLUMN SYS_GROUP_APP.GROUP_ID IS '集团id(为空时为平台应用)';

COMMENT ON COLUMN SYS_GROUP_APP.DATASOURCE_ID IS '数据源id';

COMMENT ON COLUMN SYS_GROUP_APP.IS_3_ADMIN IS '是否启用三员0不启用1启用';

COMMENT ON COLUMN SYS_GROUP_APP.DATA_VERSION IS '数据版本';

COMMENT ON COLUMN SYS_GROUP_APP.IS_MAIN_APP IS '是否为集团默认app 1是 0不是';



--
-- SYS_MESSAGE  (Table)
--
CREATE TABLE SYS_MESSAGE
(
  ID                VARCHAR2(50 CHAR)           NOT NULL,
  TITLE             VARCHAR2(500 CHAR),
  CONTENT           VARCHAR2(2000 CHAR),
  URL               VARCHAR2(200 CHAR),
  APP_ID            VARCHAR2(50 CHAR),
  TYPE              VARCHAR2(50 CHAR),
  CREATE_TIME       DATE,
  CREATE_USER       VARCHAR2(50 CHAR),
  REMARK            VARCHAR2(2000 CHAR),
  RECEIVE_USERS     CLOB,
  DATA_VERSION      INTEGER                     DEFAULT 0,
  BUSINESS_TYPE     VARCHAR2(500 CHAR),
  HANDLER_MSG_TYPE  VARCHAR2(500 CHAR)
);

COMMENT ON TABLE SYS_MESSAGE IS '系统消息表';

COMMENT ON COLUMN SYS_MESSAGE.ID IS '主键';

COMMENT ON COLUMN SYS_MESSAGE.TITLE IS '消息标题';

COMMENT ON COLUMN SYS_MESSAGE.CONTENT IS '消息内容';

COMMENT ON COLUMN SYS_MESSAGE.URL IS '消息推送路径';

COMMENT ON COLUMN SYS_MESSAGE.APP_ID IS '发送应用id';

COMMENT ON COLUMN SYS_MESSAGE.TYPE IS '消息类型';

COMMENT ON COLUMN SYS_MESSAGE.CREATE_TIME IS '创建时间';

COMMENT ON COLUMN SYS_MESSAGE.CREATE_USER IS '创建人';

COMMENT ON COLUMN SYS_MESSAGE.REMARK IS '备注';

COMMENT ON COLUMN SYS_MESSAGE.RECEIVE_USERS IS '接受人id集合';

COMMENT ON COLUMN SYS_MESSAGE.DATA_VERSION IS '数据版本';

COMMENT ON COLUMN SYS_MESSAGE.BUSINESS_TYPE IS '消息业务类型';

COMMENT ON COLUMN SYS_MESSAGE.HANDLER_MSG_TYPE IS '消息处理类型';



--
-- SYS_ROLE  (Table)
--
CREATE TABLE SYS_ROLE
(
  ID            VARCHAR2(50 CHAR)               NOT NULL,
  NAME          VARCHAR2(50 CHAR),
  EXPLAIN       VARCHAR2(50 CHAR),
  CREATE_TIME   DATE,
  CREATE_USER   VARCHAR2(50 CHAR),
  UPDATE_TIME   DATE,
  REMARK        VARCHAR2(2000 CHAR),
  APP_ID        VARCHAR2(50 CHAR),
  DATA_VERSION  INTEGER                         DEFAULT 0,
  ROLE_TYPE     NUMBER(10)                      DEFAULT 0
)
;

COMMENT ON TABLE SYS_ROLE IS '角色表';

COMMENT ON COLUMN SYS_ROLE.ID IS '角色表';

COMMENT ON COLUMN SYS_ROLE.NAME IS '角色名';

COMMENT ON COLUMN SYS_ROLE.EXPLAIN IS '角色说明';

COMMENT ON COLUMN SYS_ROLE.CREATE_TIME IS '创建时间';

COMMENT ON COLUMN SYS_ROLE.CREATE_USER IS '创建人';

COMMENT ON COLUMN SYS_ROLE.UPDATE_TIME IS '最后修改时间';

COMMENT ON COLUMN SYS_ROLE.REMARK IS '备注';

COMMENT ON COLUMN SYS_ROLE.APP_ID IS '集团应用标识';

COMMENT ON COLUMN SYS_ROLE.DATA_VERSION IS '数据版本';

COMMENT ON COLUMN SYS_ROLE.ROLE_TYPE IS '角色类型(1租户系统管理员,2租户安全保密员,3租户安全审计员)(11集团系统管理员,22集团安全保密员,33集团安全审计员)(111应用系统管理员,222应用安全保密员,333应用安全审计员)';



--
-- SYS_ROLE_MUTEX  (Table)
--
CREATE TABLE SYS_ROLE_MUTEX
(
  ID             VARCHAR2(50 CHAR)              NOT NULL,
  ROLE_ID        VARCHAR2(50 CHAR),
  ROLE_MUTEX_ID  VARCHAR2(50 CHAR),
  CREATE_USER    VARCHAR2(50 CHAR),
  CREATE_TIME    DATE,
  UPDATE_TIME    DATE,
  REMARK         VARCHAR2(2000 CHAR),
  DATA_VERSION   INTEGER
)
;

COMMENT ON TABLE SYS_ROLE_MUTEX IS '角色互斥关系表';

COMMENT ON COLUMN SYS_ROLE_MUTEX.ID IS '主键';

COMMENT ON COLUMN SYS_ROLE_MUTEX.ROLE_ID IS '角色id';

COMMENT ON COLUMN SYS_ROLE_MUTEX.ROLE_MUTEX_ID IS '互斥角色id';

COMMENT ON COLUMN SYS_ROLE_MUTEX.CREATE_USER IS '创建人';

COMMENT ON COLUMN SYS_ROLE_MUTEX.CREATE_TIME IS '创建时间';

COMMENT ON COLUMN SYS_ROLE_MUTEX.UPDATE_TIME IS '最新一次修改时间';

COMMENT ON COLUMN SYS_ROLE_MUTEX.REMARK IS '备注';

COMMENT ON COLUMN SYS_ROLE_MUTEX.DATA_VERSION IS '数据版本';



--
-- SYS_ROLE_RELATION  (Table)
--
CREATE TABLE SYS_ROLE_RELATION
(
  ID            VARCHAR2(50 CHAR)               NOT NULL,
  PID           VARCHAR2(50 CHAR),
  CID           VARCHAR2(50 CHAR),
  CREATE_USER   VARCHAR2(50 CHAR),
  CREATE_TIME   DATE,
  UPDATE_TIME   DATE,
  REMARK        VARCHAR2(50 CHAR),
  DATA_VERSION  INTEGER                         DEFAULT 0
)
;

COMMENT ON TABLE SYS_ROLE_RELATION IS '角色关系表';

COMMENT ON COLUMN SYS_ROLE_RELATION.ID IS '主键';

COMMENT ON COLUMN SYS_ROLE_RELATION.PID IS '上级角色';

COMMENT ON COLUMN SYS_ROLE_RELATION.CID IS '下级角色';

COMMENT ON COLUMN SYS_ROLE_RELATION.CREATE_USER IS '创建人id';

COMMENT ON COLUMN SYS_ROLE_RELATION.CREATE_TIME IS '创建时间';

COMMENT ON COLUMN SYS_ROLE_RELATION.UPDATE_TIME IS '最后更新时间';

COMMENT ON COLUMN SYS_ROLE_RELATION.REMARK IS '备注';

COMMENT ON COLUMN SYS_ROLE_RELATION.DATA_VERSION IS '数据版本';



--
-- BD_APP_AUTH_PK  (Index)
--
CREATE UNIQUE INDEX BD_APP_AUTH_PK ON BD_APP_AUTH
(ID)
LOGGING
;


--
-- BD_PERSON_ID_TYPE_PK  (Index)
--
CREATE UNIQUE INDEX BD_PERSON_ID_TYPE_PK ON BD_PERSON_ID_TYPE
(ID)
LOGGING
;


--
-- ORG_ADMIN_ORG_V_PK  (Index)
--
CREATE UNIQUE INDEX ORG_ADMIN_ORG_V_PK ON ORG_ADMIN_ORG_V
(ID)
LOGGING
;


--
-- ORG_ASSET_ORG_V_PK  (Index)
--
CREATE UNIQUE INDEX ORG_ASSET_ORG_V_PK ON ORG_ASSET_ORG_V
(ID)
LOGGING
;


--
-- ORG_CORPORATION_V_PK  (Index)
--
CREATE UNIQUE INDEX ORG_CORPORATION_V_PK ON ORG_CORPORATION_V
(ID)
LOGGING
;


--
-- ORG_DEPARTMENT_V_PK  (Index)
--
CREATE UNIQUE INDEX ORG_DEPARTMENT_V_PK ON ORG_DEPARTMENT_V
(ID)
LOGGING
;


--
-- ORG_FACTORY_ORG_V_PK  (Index)
--
CREATE UNIQUE INDEX ORG_FACTORY_ORG_V_PK ON ORG_FACTORY_ORG_V
(ID)
LOGGING
;


--
-- ORG_FINANCE_ORG_PK  (Index)
--
CREATE UNIQUE INDEX ORG_FINANCE_ORG_PK ON ORG_FINANCE_ORG
(ID)
LOGGING
;


--
-- ORG_FINANCE_ORG_V_PK  (Index)
--
CREATE UNIQUE INDEX ORG_FINANCE_ORG_V_PK ON ORG_FINANCE_ORG_V
(ID)
LOGGING
;


--
-- QRTZ_BLOB_TRIG_PK  (Index)
--
CREATE UNIQUE INDEX QRTZ_BLOB_TRIG_PK ON QRTZ_BLOB_TRIGGERS
(SCHED_NAME, TRIGGER_NAME, TRIGGER_GROUP)
LOGGING
;


--
-- QRTZ_CRON_TRIG_PK  (Index)
--
CREATE UNIQUE INDEX QRTZ_CRON_TRIG_PK ON QRTZ_CRON_TRIGGERS
(SCHED_NAME, TRIGGER_NAME, TRIGGER_GROUP)
LOGGING
;


--
-- QRTZ_SIMPLE_TRIG_PK  (Index)
--
CREATE UNIQUE INDEX QRTZ_SIMPLE_TRIG_PK ON QRTZ_SIMPLE_TRIGGERS
(SCHED_NAME, TRIGGER_NAME, TRIGGER_GROUP)
LOGGING
;


--
-- QRTZ_SIMPROP_TRIG_PK  (Index)
--
CREATE UNIQUE INDEX QRTZ_SIMPROP_TRIG_PK ON QRTZ_SIMPROP_TRIGGERS
(SCHED_NAME, TRIGGER_NAME, TRIGGER_GROUP)
LOGGING
;


--  There is no statement for index SYS_C00289651.
--  The object is created when the parent object is created.

--
-- SYS_GROUP_APP_PK  (Index)
--
CREATE UNIQUE INDEX SYS_GROUP_APP_PK ON SYS_GROUP_APP
(ID)
LOGGING
;


--
-- SYS_MESSAGE_PK  (Index)
--
CREATE UNIQUE INDEX SYS_MESSAGE_PK ON SYS_MESSAGE
(ID)
LOGGING
;


--
-- SYS_ROLE_MUTEX_PK  (Index)
--
CREATE UNIQUE INDEX SYS_ROLE_MUTEX_PK ON SYS_ROLE_MUTEX
(ID)
LOGGING
;


--
-- SYS_ROLE_PK  (Index)
--
CREATE UNIQUE INDEX SYS_ROLE_PK ON SYS_ROLE
(ID)
LOGGING
;


--
-- SYS_ROLE_RELATION_PK  (Index)
--
CREATE UNIQUE INDEX SYS_ROLE_RELATION_PK ON SYS_ROLE_RELATION
(ID)
LOGGING
;


--
-- UK_BD_APP_AUTH_SORT_INDEX  (Index)
--
CREATE UNIQUE INDEX UK_BD_APP_AUTH_SORT_INDEX ON BD_APP_AUTH
(SORT_INDEX, PARENT_ID)
LOGGING
;

--
-- UK_ORG_FINANCE_ORG_CODE  (Index)
--
CREATE UNIQUE INDEX UK_ORG_FINANCE_ORG_CODE ON ORG_FINANCE_ORG
(CODE)
LOGGING
;


--
-- META_TABLE  (Table)
--
CREATE TABLE META_TABLE
(
  ID       VARCHAR2(50 CHAR)                    NOT NULL,
  NAME     VARCHAR2(50 CHAR),
  CAPTION  VARCHAR2(500 CHAR),
  REMARK   VARCHAR2(500 CHAR),
  APP_ID   VARCHAR2(50 CHAR)
)
;

COMMENT ON TABLE META_TABLE IS '数据表';

COMMENT ON COLUMN META_TABLE.ID IS '主键';

COMMENT ON COLUMN META_TABLE.NAME IS '表名';

COMMENT ON COLUMN META_TABLE.CAPTION IS '标题';

COMMENT ON COLUMN META_TABLE.REMARK IS '备注';

COMMENT ON COLUMN META_TABLE.APP_ID IS '应用程序';



--
-- META_VIEW  (Table)
--
CREATE TABLE META_VIEW
(
  ID       VARCHAR2(50 CHAR)                    NOT NULL,
  NAME     VARCHAR2(50 CHAR),
  CAPTION  VARCHAR2(50 CHAR),
  REMARK   VARCHAR2(500 CHAR),
  APP_ID   VARCHAR2(50 CHAR),
  SQLSTR   CLOB
)
;

COMMENT ON TABLE META_VIEW IS '视图';

COMMENT ON COLUMN META_VIEW.ID IS '视图';

COMMENT ON COLUMN META_VIEW.NAME IS '视图名称';

COMMENT ON COLUMN META_VIEW.CAPTION IS '标题';

COMMENT ON COLUMN META_VIEW.REMARK IS '备注';

COMMENT ON COLUMN META_VIEW.APP_ID IS '应用程序';

COMMENT ON COLUMN META_VIEW.SQLSTR IS '视图SQL';



--
-- META_VIEW_COL  (Table)
--
CREATE TABLE META_VIEW_COL
(
  ID          VARCHAR2(50 CHAR)                 NOT NULL,
  NAME        VARCHAR2(50 CHAR),
  CAPTION     VARCHAR2(2000 CHAR),
  VIEW_ID     VARCHAR2(50 CHAR),
  IS_SYSCOL   NUMBER(1),
  SORT_INDEX  INTEGER,
  DICT_ID     VARCHAR2(50 CHAR),
  DATA_TYPE   VARCHAR2(50 CHAR)
)
;

COMMENT ON TABLE META_VIEW_COL IS '视图列';

COMMENT ON COLUMN META_VIEW_COL.ID IS '主键';

COMMENT ON COLUMN META_VIEW_COL.NAME IS '名称';

COMMENT ON COLUMN META_VIEW_COL.CAPTION IS '标题';

COMMENT ON COLUMN META_VIEW_COL.VIEW_ID IS '视图';

COMMENT ON COLUMN META_VIEW_COL.IS_SYSCOL IS '是否系统列';

COMMENT ON COLUMN META_VIEW_COL.SORT_INDEX IS '序号';

COMMENT ON COLUMN META_VIEW_COL.DICT_ID IS '字典';

COMMENT ON COLUMN META_VIEW_COL.DATA_TYPE IS '数据类型';



--
-- SYS_AUTH  (Table)
--
CREATE TABLE SYS_AUTH
(
  ID                   VARCHAR2(50 CHAR)        NOT NULL,
  NAME                 VARCHAR2(500 CHAR),
  APP_ID               VARCHAR2(50 CHAR),
  REMARK               VARCHAR2(200 CHAR),
  SORT_INDEX           INTEGER                  DEFAULT 9999,
  PARENT_ID            VARCHAR2(50 CHAR),
  CREATE_USER          VARCHAR2(50 CHAR),
  CREATE_TIME          DATE,
  UPDATE_TIME          DATE,
  SORT_PATH            VARCHAR2(2000 CHAR),
  CODE                 VARCHAR2(200 CHAR),
  DATA_VERSION         INTEGER                  DEFAULT 0,
  IS_ORG_ADMIN         NUMBER(1)                DEFAULT 0,
  IS_USER_GROUP_ADMIN  NUMBER(1)                DEFAULT 0
)
;

COMMENT ON TABLE SYS_AUTH IS '系统管理-集团应用权限';

COMMENT ON COLUMN SYS_AUTH.ID IS '主键';

COMMENT ON COLUMN SYS_AUTH.NAME IS '权限名称';

COMMENT ON COLUMN SYS_AUTH.APP_ID IS '集团应用标识';

COMMENT ON COLUMN SYS_AUTH.REMARK IS '备注';

COMMENT ON COLUMN SYS_AUTH.SORT_INDEX IS '排序';

COMMENT ON COLUMN SYS_AUTH.PARENT_ID IS '父节点id';

COMMENT ON COLUMN SYS_AUTH.CREATE_USER IS '创建人id';

COMMENT ON COLUMN SYS_AUTH.CREATE_TIME IS '创建时间';

COMMENT ON COLUMN SYS_AUTH.UPDATE_TIME IS '最后一次修改时间';

COMMENT ON COLUMN SYS_AUTH.SORT_PATH IS '排序路径';

COMMENT ON COLUMN SYS_AUTH.CODE IS '权限标识';

COMMENT ON COLUMN SYS_AUTH.DATA_VERSION IS '数据版本';

COMMENT ON COLUMN SYS_AUTH.IS_ORG_ADMIN IS '是否按组织管控0不是1是';

COMMENT ON COLUMN SYS_AUTH.IS_USER_GROUP_ADMIN IS '是否按用户组管控0不是1是';



--
-- SYS_AUTH_API  (Table)
--
CREATE TABLE SYS_AUTH_API
(
  ID            VARCHAR2(50 CHAR)               NOT NULL,
  AUTH_ID       VARCHAR2(50 CHAR),
  API_ID        VARCHAR2(200 CHAR),
  SIGN          VARCHAR2(1000 CHAR),
  DATA_VERSION  INTEGER
)
;

COMMENT ON TABLE SYS_AUTH_API IS '权限api关系表';

COMMENT ON COLUMN SYS_AUTH_API.ID IS '主键';

COMMENT ON COLUMN SYS_AUTH_API.AUTH_ID IS '权限id';

COMMENT ON COLUMN SYS_AUTH_API.API_ID IS 'api资源id';

COMMENT ON COLUMN SYS_AUTH_API.SIGN IS '签名';

COMMENT ON COLUMN SYS_AUTH_API.DATA_VERSION IS '数据版本';



--
-- SYS_AUTH_ROLE  (Table)
--
CREATE TABLE SYS_AUTH_ROLE
(
  ID           VARCHAR2(50 CHAR)                NOT NULL,
  AUTH_ID      VARCHAR2(50 CHAR),
  ROLE_ID      VARCHAR2(50 CHAR),
  SIGN         VARCHAR2(1000 CHAR),
  CREATE_USER  VARCHAR2(50 CHAR),
  CREATE_TIME  DATE,
  UPDATE_TIME  DATE,
  REMARK       VARCHAR2(2000 CHAR),
  IS_REVOKE    NUMBER(1)                        DEFAULT 0
)
;

COMMENT ON TABLE SYS_AUTH_ROLE IS '系统管理-角色授权';

COMMENT ON COLUMN SYS_AUTH_ROLE.ID IS '主键';

COMMENT ON COLUMN SYS_AUTH_ROLE.AUTH_ID IS '权限主键';

COMMENT ON COLUMN SYS_AUTH_ROLE.ROLE_ID IS '角色主键';

COMMENT ON COLUMN SYS_AUTH_ROLE.SIGN IS '签名';

COMMENT ON COLUMN SYS_AUTH_ROLE.CREATE_USER IS '创建人id';

COMMENT ON COLUMN SYS_AUTH_ROLE.CREATE_TIME IS '创建时间';

COMMENT ON COLUMN SYS_AUTH_ROLE.UPDATE_TIME IS '更新时间';

COMMENT ON COLUMN SYS_AUTH_ROLE.REMARK IS '备注';

COMMENT ON COLUMN SYS_AUTH_ROLE.IS_REVOKE IS '是否禁用0不1禁用';



--
-- SYS_DICT  (Table)
--
CREATE TABLE SYS_DICT
(
  ID            VARCHAR2(50 CHAR)               NOT NULL,
  TYPE          VARCHAR2(50 CHAR),
  NAME          VARCHAR2(50 CHAR),
  EXPLAIN       VARCHAR2(50 CHAR),
  APP_ID        VARCHAR2(50 CHAR),
  DATA_VERSION  INTEGER
)
;

COMMENT ON TABLE SYS_DICT IS '字典类型';

COMMENT ON COLUMN SYS_DICT.ID IS '标号';

COMMENT ON COLUMN SYS_DICT.TYPE IS '类型';

COMMENT ON COLUMN SYS_DICT.NAME IS '名称';

COMMENT ON COLUMN SYS_DICT.EXPLAIN IS '说明';

COMMENT ON COLUMN SYS_DICT.APP_ID IS '集团应用id';

COMMENT ON COLUMN SYS_DICT.DATA_VERSION IS '数据版本';



--
-- SYS_DICT_VALUE  (Table)
--
CREATE TABLE SYS_DICT_VALUE
(
  ID            VARCHAR2(50 CHAR)               NOT NULL,
  TYPE_ID       VARCHAR2(50 CHAR),
  DICT_NAME     VARCHAR2(2000 CHAR),
  SORT_INDEX    INTEGER                         DEFAULT 9999,
  APP_ID        VARCHAR2(50 CHAR),
  TYPE          VARCHAR2(200 CHAR),
  DATA_VERSION  INTEGER                         DEFAULT 0,
  DICT_VALUE    VARCHAR2(2000 CHAR),
  PARENT_ID     VARCHAR2(50 CHAR),
  SORT_PATH     VARCHAR2(2000 CHAR),
  REMARK        VARCHAR2(2000 CHAR)
)
;

COMMENT ON TABLE SYS_DICT_VALUE IS '字典数据表';

COMMENT ON COLUMN SYS_DICT_VALUE.ID IS '标号';

COMMENT ON COLUMN SYS_DICT_VALUE.TYPE_ID IS '类型编号';

COMMENT ON COLUMN SYS_DICT_VALUE.DICT_NAME IS '字典名称';

COMMENT ON COLUMN SYS_DICT_VALUE.SORT_INDEX IS '显示顺序';

COMMENT ON COLUMN SYS_DICT_VALUE.APP_ID IS '应用id';

COMMENT ON COLUMN SYS_DICT_VALUE.TYPE IS '类型';

COMMENT ON COLUMN SYS_DICT_VALUE.DATA_VERSION IS '数据版本';

COMMENT ON COLUMN SYS_DICT_VALUE.DICT_VALUE IS '字典数据';

COMMENT ON COLUMN SYS_DICT_VALUE.PARENT_ID IS '父节点id';

COMMENT ON COLUMN SYS_DICT_VALUE.SORT_PATH IS '排序路径';

COMMENT ON COLUMN SYS_DICT_VALUE.REMARK IS '备注';



--
-- SYS_MENU  (Table)
--
CREATE TABLE SYS_MENU
(
  ID            VARCHAR2(50 CHAR)               NOT NULL,
  NAME          VARCHAR2(200 CHAR),
  PARENT_ID     VARCHAR2(50 CHAR),
  APP_ID        VARCHAR2(50 CHAR),
  PARENT_NAME   VARCHAR2(200 CHAR),
  URL           VARCHAR2(200 CHAR),
  TYPE          INTEGER,
  ICON          VARCHAR2(200 CHAR),
  AUTH_ID       VARCHAR2(50 CHAR),
  BTN_AUTH      VARCHAR2(50 CHAR),
  IS_LEAF       INTEGER,
  SORT_INDEX    INTEGER,
  ALL_ORDER     INTEGER,
  SORT_PATH     VARCHAR2(80 CHAR),
  OPEN_STYLE    VARCHAR2(50 CHAR),
  CLOSE_NOTICE  INTEGER,
  CREATE_USER   VARCHAR2(50 CHAR),
  CREATE_TIME   DATE,
  UPDATE_TIME   DATE,
  LEAF          INTEGER,
  MENU_AUTH     INTEGER,
  REMARK        VARCHAR2(2000 CHAR),
  DATA_VERSION  INTEGER                         DEFAULT 0,
  IS_IFRAME     INTEGER                         DEFAULT 0
)
;

COMMENT ON TABLE SYS_MENU IS '系统菜单';

COMMENT ON COLUMN SYS_MENU.ID IS '主键';

COMMENT ON COLUMN SYS_MENU.NAME IS '菜单名称';

COMMENT ON COLUMN SYS_MENU.PARENT_ID IS '父级菜单id';

COMMENT ON COLUMN SYS_MENU.APP_ID IS '应用id';

COMMENT ON COLUMN SYS_MENU.PARENT_NAME IS '父级菜单名称';

COMMENT ON COLUMN SYS_MENU.URL IS '菜单路径';

COMMENT ON COLUMN SYS_MENU.TYPE IS '菜单类型-0目录1菜单2按钮';

COMMENT ON COLUMN SYS_MENU.ICON IS '菜单图标';

COMMENT ON COLUMN SYS_MENU.AUTH_ID IS '权限id';

COMMENT ON COLUMN SYS_MENU.BTN_AUTH IS '权限标识';

COMMENT ON COLUMN SYS_MENU.IS_LEAF IS '是否是叶子节点0不是1是';

COMMENT ON COLUMN SYS_MENU.SORT_INDEX IS '当前菜单下排序';

COMMENT ON COLUMN SYS_MENU.ALL_ORDER IS '全局排序';

COMMENT ON COLUMN SYS_MENU.SORT_PATH IS '路径供排序时候使用';

COMMENT ON COLUMN SYS_MENU.OPEN_STYLE IS '打开方式';

COMMENT ON COLUMN SYS_MENU.CLOSE_NOTICE IS '关闭提示0不提示1提示';

COMMENT ON COLUMN SYS_MENU.CREATE_USER IS '创建人主键';

COMMENT ON COLUMN SYS_MENU.CREATE_TIME IS '创建时间';

COMMENT ON COLUMN SYS_MENU.UPDATE_TIME IS '更新时间';

COMMENT ON COLUMN SYS_MENU.LEAF IS '叶子数量';

COMMENT ON COLUMN SYS_MENU.MENU_AUTH IS '菜单所属权限0平台1应用';

COMMENT ON COLUMN SYS_MENU.REMARK IS '备注';

COMMENT ON COLUMN SYS_MENU.DATA_VERSION IS '数据版本';

COMMENT ON COLUMN SYS_MENU.IS_IFRAME IS '是否是嵌套IFRAME,0不是，1是';



--
-- META_TABLE_PK  (Index)
--
CREATE UNIQUE INDEX META_TABLE_PK ON META_TABLE
(ID)
LOGGING
;


--
-- META_VIEW_COL_PK  (Index)
--
CREATE UNIQUE INDEX META_VIEW_COL_PK ON META_VIEW_COL
(ID)
LOGGING
;


--
-- META_VIEW_PK  (Index)
--
CREATE UNIQUE INDEX META_VIEW_PK ON META_VIEW
(ID)
LOGGING
;


--
-- SYS_AUTH_API_PK  (Index)
--
CREATE UNIQUE INDEX SYS_AUTH_API_PK ON SYS_AUTH_API
(ID)
LOGGING
;


--
-- SYS_AUTH_PK  (Index)
--
CREATE UNIQUE INDEX SYS_AUTH_PK ON SYS_AUTH
(ID)
LOGGING
;


--
-- SYS_AUTH_ROLE_PK  (Index)
--
CREATE UNIQUE INDEX SYS_AUTH_ROLE_PK ON SYS_AUTH_ROLE
(ID)
LOGGING
;


--
-- SYS_DICT_PK  (Index)
--
CREATE UNIQUE INDEX SYS_DICT_PK ON SYS_DICT
(ID)
LOGGING
;


--
-- SYS_DICT_VALUE_PK  (Index)
--
CREATE UNIQUE INDEX SYS_DICT_VALUE_PK ON SYS_DICT_VALUE
(ID)
LOGGING
;


--
-- SYS_MENU_PK  (Index)
--
CREATE UNIQUE INDEX SYS_MENU_PK ON SYS_MENU
(ID)
LOGGING
;


--
-- UK_SYS_MENU_PID_SORT_INDEX  (Index)
--
CREATE UNIQUE INDEX UK_SYS_MENU_PID_SORT_INDEX ON SYS_MENU
(PARENT_ID, APP_ID, SORT_INDEX)
LOGGING
;


--
-- META_COLUMN  (Table)
--
CREATE TABLE META_COLUMN
(
  ID                        VARCHAR2(50 CHAR)   NOT NULL,
  TBL_ID                    VARCHAR2(50 CHAR),
  NAME                      VARCHAR2(50 CHAR),
  CAPTION                   VARCHAR2(500 CHAR),
  DATA_TYPE                 VARCHAR2(50 CHAR),
  DATA_SIZE                 INTEGER,
  DATA_SCALE                INTEGER,
  NULLABLE                  NUMBER(1),
  DEFAULT_VALUE             VARCHAR2(100 CHAR),
  REMARK                    VARCHAR2(500 CHAR),
  IS_SYSCOL                 NUMBER(1),
  SORT_INDEX                INTEGER,
  DICT_ID                   VARCHAR2(50 CHAR),
  REF_ID                    VARCHAR2(50 CHAR),
  EMPTY_TEXT                VARCHAR2(4000 CHAR),
  MIN_NUMBER_VALUE          NUMBER(1),
  MAX_NUMBER_VALUE          NUMBER(1),
  MIN_DATE_VALUE            DATE,
  MAX_DATE_VALUE            DATE,
  STRING_REGEX              VARCHAR2(4000 CHAR),
  STRING_REGEX_IGNORE_CASE  NUMBER(1),
  STRING_REGEX_FAIL_MSG     VARCHAR2(4000 CHAR),
  ENABLE_MULTI_SELECTION    NUMBER(1),
  FORCE_SELECTION           NUMBER(1),
  ALLOW_EDIT                NUMBER(1),
  MIN_LENGTH                NUMBER(28),
  COMPARE_FIELD             VARCHAR2(4000 CHAR),
  COMPARE_OPERATOR          VARCHAR2(50 CHAR),
  COMPARE_FAIL_MSG          VARCHAR2(4000 CHAR),
  STRING_FORMAT             VARCHAR2(50 CHAR),
  MULTI_SEL_SEPERATOR       VARCHAR2(100 CHAR),
  REF_TBL_ID                VARCHAR2(50 CHAR),
  SHOW_TIME                 NUMBER(1),
  DATE_TIME_FORMAT          VARCHAR2(100 CHAR)
)
;

COMMENT ON TABLE META_COLUMN IS '数据列';

COMMENT ON COLUMN META_COLUMN.ID IS '主键';

COMMENT ON COLUMN META_COLUMN.TBL_ID IS '数据表';

COMMENT ON COLUMN META_COLUMN.NAME IS '列名';

COMMENT ON COLUMN META_COLUMN.CAPTION IS '列标题';

COMMENT ON COLUMN META_COLUMN.DATA_TYPE IS '数据类型';

COMMENT ON COLUMN META_COLUMN.DATA_SIZE IS '最大长度';

COMMENT ON COLUMN META_COLUMN.DATA_SCALE IS '精度';

COMMENT ON COLUMN META_COLUMN.NULLABLE IS '能否为空';

COMMENT ON COLUMN META_COLUMN.DEFAULT_VALUE IS '缺省值';

COMMENT ON COLUMN META_COLUMN.REMARK IS '备注';

COMMENT ON COLUMN META_COLUMN.IS_SYSCOL IS '是否系统字段';

COMMENT ON COLUMN META_COLUMN.SORT_INDEX IS '序号';

COMMENT ON COLUMN META_COLUMN.DICT_ID IS '枚举字典';

COMMENT ON COLUMN META_COLUMN.REF_ID IS '引用字典';

COMMENT ON COLUMN META_COLUMN.EMPTY_TEXT IS '空值注释';

COMMENT ON COLUMN META_COLUMN.MIN_NUMBER_VALUE IS '最小值';

COMMENT ON COLUMN META_COLUMN.MAX_NUMBER_VALUE IS '最大值';

COMMENT ON COLUMN META_COLUMN.MIN_DATE_VALUE IS '最小值';

COMMENT ON COLUMN META_COLUMN.MAX_DATE_VALUE IS '最大值';

COMMENT ON COLUMN META_COLUMN.STRING_REGEX IS '正则表达式';

COMMENT ON COLUMN META_COLUMN.STRING_REGEX_IGNORE_CASE IS '忽略大小写';

COMMENT ON COLUMN META_COLUMN.STRING_REGEX_FAIL_MSG IS '验证失败提示';

COMMENT ON COLUMN META_COLUMN.ENABLE_MULTI_SELECTION IS '允许多选';

COMMENT ON COLUMN META_COLUMN.FORCE_SELECTION IS '强制选择';

COMMENT ON COLUMN META_COLUMN.ALLOW_EDIT IS '允许编辑';

COMMENT ON COLUMN META_COLUMN.MIN_LENGTH IS '最短长度';

COMMENT ON COLUMN META_COLUMN.COMPARE_FIELD IS '比较字段';

COMMENT ON COLUMN META_COLUMN.COMPARE_OPERATOR IS '比较操作';

COMMENT ON COLUMN META_COLUMN.COMPARE_FAIL_MSG IS '验证失败消息';

COMMENT ON COLUMN META_COLUMN.STRING_FORMAT IS '预设格式';

COMMENT ON COLUMN META_COLUMN.MULTI_SEL_SEPERATOR IS '多选值分隔符';

COMMENT ON COLUMN META_COLUMN.REF_TBL_ID IS '引用表';

COMMENT ON COLUMN META_COLUMN.SHOW_TIME IS '显示时间';

COMMENT ON COLUMN META_COLUMN.DATE_TIME_FORMAT IS '日期格式';



--
-- META_INDEX  (Table)
--
CREATE TABLE META_INDEX
(
  ID         VARCHAR2(50 CHAR)                  NOT NULL,
  TBL_ID     VARCHAR2(50 CHAR),
  NAME       VARCHAR2(50 CHAR),
  COLS       VARCHAR2(500 CHAR),
  IS_UNIQUE  NUMBER(1),
  ALERT_MSG  VARCHAR2(500 CHAR)
)
;

COMMENT ON TABLE META_INDEX IS '索引信息';

COMMENT ON COLUMN META_INDEX.ID IS '主键';

COMMENT ON COLUMN META_INDEX.TBL_ID IS '数据表';

COMMENT ON COLUMN META_INDEX.NAME IS '名称';

COMMENT ON COLUMN META_INDEX.COLS IS '包含列';

COMMENT ON COLUMN META_INDEX.IS_UNIQUE IS '是否唯一';

COMMENT ON COLUMN META_INDEX.ALERT_MSG IS '违例消息';



--
-- META_COLUMN_PK  (Index)
--
CREATE UNIQUE INDEX META_COLUMN_PK ON META_COLUMN
(ID)
LOGGING
;


--
-- META_INDEX_PK  (Index)
--
CREATE UNIQUE INDEX META_INDEX_PK ON META_INDEX
(ID)
LOGGING
;


--
-- META_ASSOCIATION  (Table)
--
CREATE TABLE META_ASSOCIATION
(
  ID             VARCHAR2(50 CHAR)              NOT NULL,
  NAME           VARCHAR2(50 CHAR),
  TABLE_ID       VARCHAR2(50 CHAR),
  REF_INDEX_ID   VARCHAR2(50 CHAR),
  DELETE_ACTION  VARCHAR2(50 CHAR),
  COLUMNS        VARCHAR2(4000 CHAR),
  REF_TABLE_ID   VARCHAR2(50 CHAR)
)
;

COMMENT ON TABLE META_ASSOCIATION IS '数据关联定义';

COMMENT ON COLUMN META_ASSOCIATION.ID IS '主键';

COMMENT ON COLUMN META_ASSOCIATION.NAME IS '关联名';

COMMENT ON COLUMN META_ASSOCIATION.TABLE_ID IS '表Id';

COMMENT ON COLUMN META_ASSOCIATION.REF_INDEX_ID IS '引用索引ID';

COMMENT ON COLUMN META_ASSOCIATION.DELETE_ACTION IS '引用值删除时';

COMMENT ON COLUMN META_ASSOCIATION.COLUMNS IS '外键列';

COMMENT ON COLUMN META_ASSOCIATION.REF_TABLE_ID IS '引用表id';



--
-- META_ASSOCIATION_PK  (Index)
--
CREATE UNIQUE INDEX META_ASSOCIATION_PK ON META_ASSOCIATION
(ID)
LOGGING
;


/* This object may not be sorted properly in the script due to cirular references */
--
-- BD_PERSON_DOC  (Table)
--
CREATE TABLE BD_PERSON_DOC
(
  ID                 VARCHAR2(50 CHAR)          NOT NULL,
  IS_DELETE          NUMBER(1)                  DEFAULT 0,
  GROUP_ID           VARCHAR2(50 CHAR)          NOT NULL,
  ORGANIZATION_ID    VARCHAR2(50 CHAR)          NOT NULL,
  NAME               VARCHAR2(30 CHAR)          NOT NULL,
  USED_NAME          VARCHAR2(200 CHAR),
  HOME_ADDRESS       VARCHAR2(50 CHAR),
  BIRTH_DATE         DATE,
  CODE               VARCHAR2(50 CHAR)                  ,
  ID_NUMBER          VARCHAR2(50 CHAR),
  PERSON_ID_TYPE_ID  VARCHAR2(50 CHAR),
  JOIN_WORK_DATE     DATE,
  CELL_PHONE         VARCHAR2(50 CHAR),
  NICK_NAME          VARCHAR2(50 CHAR),
  OFFICE_PHONE       VARCHAR2(50 CHAR),
  HOME_PHONE         VARCHAR2(50 CHAR),
  GENDER             INTEGER                    DEFAULT 0,
  PIN_YIN            VARCHAR2(50 CHAR),
  CREATE_USER        VARCHAR2(50 CHAR),
  CREATE_TIME        DATE,
  UPDATE_TIME        DATE,
  REMARK             VARCHAR2(200 CHAR),
  DATA_VERSION       INTEGER                    DEFAULT 0
)
;

COMMENT ON TABLE BD_PERSON_DOC IS '基础数据-人员档案';

COMMENT ON COLUMN BD_PERSON_DOC.ID IS '主键';

COMMENT ON COLUMN BD_PERSON_DOC.IS_DELETE IS '逻辑删除 0 否 1是';

COMMENT ON COLUMN BD_PERSON_DOC.GROUP_ID IS '所属集团主键';

COMMENT ON COLUMN BD_PERSON_DOC.ORGANIZATION_ID IS '所属组织主键';

COMMENT ON COLUMN BD_PERSON_DOC.NAME IS '姓名';

COMMENT ON COLUMN BD_PERSON_DOC.USED_NAME IS '曾用名';

COMMENT ON COLUMN BD_PERSON_DOC.HOME_ADDRESS IS '家庭地址';

COMMENT ON COLUMN BD_PERSON_DOC.BIRTH_DATE IS '出生日期';

COMMENT ON COLUMN BD_PERSON_DOC.CODE IS '编码';

COMMENT ON COLUMN BD_PERSON_DOC.ID_NUMBER IS '证件号码';

COMMENT ON COLUMN BD_PERSON_DOC.PERSON_ID_TYPE_ID IS '证件类型主键';

COMMENT ON COLUMN BD_PERSON_DOC.JOIN_WORK_DATE IS '参加工作日期';

COMMENT ON COLUMN BD_PERSON_DOC.CELL_PHONE IS '手机号码';

COMMENT ON COLUMN BD_PERSON_DOC.NICK_NAME IS '昵称';

COMMENT ON COLUMN BD_PERSON_DOC.OFFICE_PHONE IS '工作电话';

COMMENT ON COLUMN BD_PERSON_DOC.HOME_PHONE IS '家庭电话';

COMMENT ON COLUMN BD_PERSON_DOC.GENDER IS '性别';

COMMENT ON COLUMN BD_PERSON_DOC.PIN_YIN IS '姓名拼音';

COMMENT ON COLUMN BD_PERSON_DOC.CREATE_USER IS '创建人id';

COMMENT ON COLUMN BD_PERSON_DOC.CREATE_TIME IS '创建时间';

COMMENT ON COLUMN BD_PERSON_DOC.UPDATE_TIME IS '更新时间';

COMMENT ON COLUMN BD_PERSON_DOC.REMARK IS '备注';



/* This object may not be sorted properly in the script due to cirular references */
--
-- BD_PERSON_JOB  (Table)
--
CREATE TABLE BD_PERSON_JOB
(
  ID               VARCHAR2(50 CHAR)            NOT NULL,
  GROUP_ID         VARCHAR2(50 CHAR)            NOT NULL,
  ORGANIZATION_ID  VARCHAR2(50 CHAR)            NOT NULL,
  PERSON_CODE      VARCHAR2(50 CHAR)            NOT NULL,
  SORT_INDEX       INTEGER,
  POST_ID          VARCHAR2(50 CHAR),
  JOB_ID           VARCHAR2(50 CHAR),
  DEPARTMENT_ID    VARCHAR2(50 CHAR)            NOT NULL,
  JOB_NAME         VARCHAR2(50 CHAR),
  IS_MAIN_JOB      NUMBER(1),
  IN_DUTY_DATE     DATE,
  END_DUTY_DATE    DATE,
  PERSON_DOC_ID    VARCHAR2(50 CHAR)            NOT NULL,
  CREATE_USER      VARCHAR2(50 CHAR),
  CREATE_TIME      DATE,
  UPDATE_TIME      DATE,
  REMARK           VARCHAR2(200 CHAR),
  DATA_VERSION     INTEGER                      DEFAULT 0
)
;

COMMENT ON TABLE BD_PERSON_JOB IS '基础数据-人员工作信息';

COMMENT ON COLUMN BD_PERSON_JOB.ID IS '主键';

COMMENT ON COLUMN BD_PERSON_JOB.GROUP_ID IS '任职集团主键';

COMMENT ON COLUMN BD_PERSON_JOB.ORGANIZATION_ID IS '任职组织主键';

COMMENT ON COLUMN BD_PERSON_JOB.PERSON_CODE IS '员工编号';

COMMENT ON COLUMN BD_PERSON_JOB.SORT_INDEX IS '排序号';

COMMENT ON COLUMN BD_PERSON_JOB.POST_ID IS '岗位主键';

COMMENT ON COLUMN BD_PERSON_JOB.JOB_ID IS '职务主键';

COMMENT ON COLUMN BD_PERSON_JOB.DEPARTMENT_ID IS '所在部门主键';

COMMENT ON COLUMN BD_PERSON_JOB.JOB_NAME IS '职务称谓';

COMMENT ON COLUMN BD_PERSON_JOB.IS_MAIN_JOB IS '是否主职';

COMMENT ON COLUMN BD_PERSON_JOB.IN_DUTY_DATE IS '任职开始日期';

COMMENT ON COLUMN BD_PERSON_JOB.END_DUTY_DATE IS '任职结束日期';

COMMENT ON COLUMN BD_PERSON_JOB.PERSON_DOC_ID IS '人员档案主键';

COMMENT ON COLUMN BD_PERSON_JOB.CREATE_USER IS '创建人id';

COMMENT ON COLUMN BD_PERSON_JOB.CREATE_TIME IS '创建时间';

COMMENT ON COLUMN BD_PERSON_JOB.UPDATE_TIME IS '更新时间';

COMMENT ON COLUMN BD_PERSON_JOB.REMARK IS '备注';

COMMENT ON COLUMN BD_PERSON_JOB.DATA_VERSION IS '数据版本';



/* This object may not be sorted properly in the script due to cirular references */
--
-- BD_POST  (Table)
--
CREATE TABLE BD_POST
(
  ID               VARCHAR2(50 BYTE)            NOT NULL,
  NAME             VARCHAR2(50 BYTE),
  DEPARTMENT_ID    VARCHAR2(50 BYTE),
  GROUP_ID         VARCHAR2(50 BYTE),
  ORGANIZATION_ID  VARCHAR2(50 BYTE),
  DATA_VERSION     VARCHAR2(50 BYTE)            DEFAULT 0,
  SORT_INDEX       INTEGER                      DEFAULT 0
)
;

COMMENT ON TABLE BD_POST IS '部门岗位表';

COMMENT ON COLUMN BD_POST.ID IS '主键';

COMMENT ON COLUMN BD_POST.NAME IS '岗位名称';

COMMENT ON COLUMN BD_POST.DEPARTMENT_ID IS '所属部门主键';

COMMENT ON COLUMN BD_POST.GROUP_ID IS '所属集团主键';

COMMENT ON COLUMN BD_POST.ORGANIZATION_ID IS '所属业务单元主键';

COMMENT ON COLUMN BD_POST.DATA_VERSION IS '数据版本';

COMMENT ON COLUMN BD_POST.SORT_INDEX IS '排序号';



/* This object may not be sorted properly in the script due to cirular references */
--
-- ORG_ADMIN_ORG  (Table)
--
CREATE TABLE ORG_ADMIN_ORG
(
  ID               VARCHAR2(50 CHAR)            NOT NULL,
  PARENT_ID        VARCHAR2(50 CHAR),
  ORGANIZATION_ID  VARCHAR2(50 CHAR)            NOT NULL,
  VERSION_ID       VARCHAR2(50 CHAR),
  NAME             VARCHAR2(200 CHAR)           NOT NULL,
  SHORT_NAME       VARCHAR2(50 CHAR),
  CREATE_USER      VARCHAR2(50 CHAR),
  CREATE_TIME      DATE,
  UPDATE_TIME      DATE,
  GROUP_ID         VARCHAR2(50 CHAR)            NOT NULL,
  CODE             VARCHAR2(50 CHAR),
  DATA_VERSION     INTEGER                      DEFAULT 0
)
;

COMMENT ON TABLE ORG_ADMIN_ORG IS '组织-行政组织';

COMMENT ON COLUMN ORG_ADMIN_ORG.ID IS '主键';

COMMENT ON COLUMN ORG_ADMIN_ORG.PARENT_ID IS '上级行政组织主键';

COMMENT ON COLUMN ORG_ADMIN_ORG.ORGANIZATION_ID IS '所属组织主键';

COMMENT ON COLUMN ORG_ADMIN_ORG.VERSION_ID IS '版本主键';

COMMENT ON COLUMN ORG_ADMIN_ORG.NAME IS '名称';

COMMENT ON COLUMN ORG_ADMIN_ORG.SHORT_NAME IS '简称';

COMMENT ON COLUMN ORG_ADMIN_ORG.CREATE_USER IS '创建人id';

COMMENT ON COLUMN ORG_ADMIN_ORG.CREATE_TIME IS '创建时间';

COMMENT ON COLUMN ORG_ADMIN_ORG.UPDATE_TIME IS '更新时间';

COMMENT ON COLUMN ORG_ADMIN_ORG.GROUP_ID IS '所属集团主键';

COMMENT ON COLUMN ORG_ADMIN_ORG.CODE IS '编码';

COMMENT ON COLUMN ORG_ADMIN_ORG.DATA_VERSION IS '数据版本';



/* This object may not be sorted properly in the script due to cirular references */
--
-- ORG_ASSET_ORG  (Table)
--
CREATE TABLE ORG_ASSET_ORG
(
  ID               VARCHAR2(50 CHAR)            NOT NULL,
  PARENT_ID        VARCHAR2(50 CHAR),
  ORGANIZATION_ID  VARCHAR2(50 CHAR),
  VERSION_ID       VARCHAR2(50 CHAR),
  NAME             VARCHAR2(200 CHAR),
  SHORT_NAME       VARCHAR2(50 CHAR),
  CREATE_USER      VARCHAR2(50 CHAR),
  CREATE_TIME      DATE,
  UPDATE_TIME      DATE,
  GROUP_ID         VARCHAR2(50 CHAR),
  FINANCE_ID       VARCHAR2(50 CHAR),
  CODE             VARCHAR2(50 CHAR),
  DATA_VERSION     INTEGER                      DEFAULT 0
)
;

COMMENT ON TABLE ORG_ASSET_ORG IS '组织-资产组织';

COMMENT ON COLUMN ORG_ASSET_ORG.ID IS '主键';

COMMENT ON COLUMN ORG_ASSET_ORG.PARENT_ID IS '上级资产组织主键';

COMMENT ON COLUMN ORG_ASSET_ORG.ORGANIZATION_ID IS '所属组织主键';

COMMENT ON COLUMN ORG_ASSET_ORG.VERSION_ID IS '版本主键';

COMMENT ON COLUMN ORG_ASSET_ORG.NAME IS '名称';

COMMENT ON COLUMN ORG_ASSET_ORG.SHORT_NAME IS '简称';

COMMENT ON COLUMN ORG_ASSET_ORG.CREATE_USER IS '创建人id';

COMMENT ON COLUMN ORG_ASSET_ORG.CREATE_TIME IS '创建时间';

COMMENT ON COLUMN ORG_ASSET_ORG.UPDATE_TIME IS '更新时间';

COMMENT ON COLUMN ORG_ASSET_ORG.GROUP_ID IS '所属集团主键';

COMMENT ON COLUMN ORG_ASSET_ORG.FINANCE_ID IS '默认财务组织主键';

COMMENT ON COLUMN ORG_ASSET_ORG.CODE IS '编码';

COMMENT ON COLUMN ORG_ASSET_ORG.DATA_VERSION IS '数据版本';



/* This object may not be sorted properly in the script due to cirular references */
--
-- ORG_CORPORATION  (Table)
--
CREATE TABLE ORG_CORPORATION
(
  ID               VARCHAR2(50 CHAR)            NOT NULL,
  GROUP_ID         VARCHAR2(50 CHAR),
  ORGANIZATION_ID  VARCHAR2(50 CHAR),
  PARENT_ID        VARCHAR2(50 CHAR),
  POST_ADDRESS     VARCHAR2(200 CHAR),
  PHONE1           VARCHAR2(30 CHAR),
  PHONE2           VARCHAR2(30 CHAR),
  PHONE3           VARCHAR2(30 CHAR),
  FAX1             VARCHAR2(30 CHAR),
  FAX2             VARCHAR2(30 CHAR),
  FAX3             VARCHAR2(30 CHAR),
  LINKMAN1         VARCHAR2(30 CHAR),
  LINKMAN2         VARCHAR2(30 CHAR),
  LINKMAN3         VARCHAR2(30 CHAR),
  EMAIL1           VARCHAR2(50 CHAR),
  EMAIL2           VARCHAR2(50 CHAR),
  EMAIL3           VARCHAR2(50 CHAR),
  NAME             VARCHAR2(50 CHAR)            NOT NULL,
  SHORT_NAME       VARCHAR2(50 CHAR),
  SORT_INDEX       INTEGER,
  CREATE_USER      VARCHAR2(50 CHAR),
  CREATE_TIME      DATE,
  UPDATE_TIME      DATE,
  VERSION_ID       VARCHAR2(50 CHAR),
  CODE             VARCHAR2(50 CHAR)            NOT NULL,
  REMARK           VARCHAR2(2000 CHAR),
  DATA_VERSION     INTEGER,
  SORT_PATH        VARCHAR2(100 CHAR)
)
;

COMMENT ON TABLE ORG_CORPORATION IS '组织-公司组织';

COMMENT ON COLUMN ORG_CORPORATION.ID IS '主键';

COMMENT ON COLUMN ORG_CORPORATION.GROUP_ID IS '所属集团主键';

COMMENT ON COLUMN ORG_CORPORATION.ORGANIZATION_ID IS '所属组织主键';

COMMENT ON COLUMN ORG_CORPORATION.PARENT_ID IS '上级公司主键';

COMMENT ON COLUMN ORG_CORPORATION.POST_ADDRESS IS '通讯地址';

COMMENT ON COLUMN ORG_CORPORATION.PHONE1 IS '联系电话1';

COMMENT ON COLUMN ORG_CORPORATION.PHONE2 IS '联系电话2';

COMMENT ON COLUMN ORG_CORPORATION.PHONE3 IS '联系电话3';

COMMENT ON COLUMN ORG_CORPORATION.FAX1 IS '传真1';

COMMENT ON COLUMN ORG_CORPORATION.FAX2 IS '传真2';

COMMENT ON COLUMN ORG_CORPORATION.FAX3 IS '传真3';

COMMENT ON COLUMN ORG_CORPORATION.LINKMAN1 IS '联系人1';

COMMENT ON COLUMN ORG_CORPORATION.LINKMAN2 IS '联系人2';

COMMENT ON COLUMN ORG_CORPORATION.LINKMAN3 IS '联系人3';

COMMENT ON COLUMN ORG_CORPORATION.EMAIL1 IS '电子邮件1';

COMMENT ON COLUMN ORG_CORPORATION.EMAIL2 IS '电子邮件2';

COMMENT ON COLUMN ORG_CORPORATION.EMAIL3 IS '电子邮件3';

COMMENT ON COLUMN ORG_CORPORATION.NAME IS '名称';

COMMENT ON COLUMN ORG_CORPORATION.SHORT_NAME IS '简称';

COMMENT ON COLUMN ORG_CORPORATION.SORT_INDEX IS '排序号';

COMMENT ON COLUMN ORG_CORPORATION.CREATE_USER IS '创建人id';

COMMENT ON COLUMN ORG_CORPORATION.CREATE_TIME IS '创建时间';

COMMENT ON COLUMN ORG_CORPORATION.UPDATE_TIME IS '更新时间';

COMMENT ON COLUMN ORG_CORPORATION.VERSION_ID IS '版本主键';

COMMENT ON COLUMN ORG_CORPORATION.CODE IS '编码';

COMMENT ON COLUMN ORG_CORPORATION.REMARK IS '备注';

COMMENT ON COLUMN ORG_CORPORATION.DATA_VERSION IS '数据版本';

COMMENT ON COLUMN ORG_CORPORATION.SORT_PATH IS '排序路径';



/* This object may not be sorted properly in the script due to cirular references */
--
-- ORG_DEPARTMENT  (Table)
--
CREATE TABLE ORG_DEPARTMENT
(
  ID               VARCHAR2(50 CHAR)            NOT NULL,
  IS_DELETE        NUMBER(1)                    DEFAULT 0,
  PARENT_ID        VARCHAR2(50 CHAR),
  GROUP_ID         VARCHAR2(50 CHAR)            NOT NULL,
  VERSION_ID       VARCHAR2(50 CHAR)            NOT NULL,
  ORGANIZATION_ID  VARCHAR2(50 CHAR)            NOT NULL,
  NAME             VARCHAR2(100 CHAR)           NOT NULL,
  CODE             VARCHAR2(50 CHAR)            NOT NULL,
  CREATE_USER      VARCHAR2(50 CHAR),
  CREATE_TIME      DATE,
  UPDATE_TIME      DATE,
  REMARK           VARCHAR2(2000 CHAR),
  DATA_VERSION     INTEGER,
  SORT_INDEX       INTEGER,
  SORT_PATH        VARCHAR2(200 CHAR)
)
;

COMMENT ON TABLE ORG_DEPARTMENT IS '组织-部门';

COMMENT ON COLUMN ORG_DEPARTMENT.ID IS '主键';

COMMENT ON COLUMN ORG_DEPARTMENT.IS_DELETE IS '逻辑删除 0 否 1是';

COMMENT ON COLUMN ORG_DEPARTMENT.PARENT_ID IS '上级部门主键';

COMMENT ON COLUMN ORG_DEPARTMENT.GROUP_ID IS '所属集团主键';

COMMENT ON COLUMN ORG_DEPARTMENT.VERSION_ID IS '版本主键';

COMMENT ON COLUMN ORG_DEPARTMENT.ORGANIZATION_ID IS '所属组织主键';

COMMENT ON COLUMN ORG_DEPARTMENT.NAME IS '部门名称';

COMMENT ON COLUMN ORG_DEPARTMENT.CODE IS '编码';

COMMENT ON COLUMN ORG_DEPARTMENT.CREATE_USER IS '创建用户id';

COMMENT ON COLUMN ORG_DEPARTMENT.CREATE_TIME IS '创建时间';

COMMENT ON COLUMN ORG_DEPARTMENT.UPDATE_TIME IS '更新时间';

COMMENT ON COLUMN ORG_DEPARTMENT.REMARK IS '备注';

COMMENT ON COLUMN ORG_DEPARTMENT.DATA_VERSION IS '数据版本';

COMMENT ON COLUMN ORG_DEPARTMENT.SORT_INDEX IS '排序号';

COMMENT ON COLUMN ORG_DEPARTMENT.SORT_PATH IS '排序路径';



/* This object may not be sorted properly in the script due to cirular references */
--
-- ORG_FACTORY_ORG  (Table)
--
CREATE TABLE ORG_FACTORY_ORG
(
  ID               VARCHAR2(50 CHAR)            NOT NULL,
  ORGANIZATION_ID  VARCHAR2(50 CHAR)            NOT NULL,
  VERSION_ID       VARCHAR2(50 CHAR),
  NAME             VARCHAR2(200 CHAR)           NOT NULL,
  SHORT_NAME       VARCHAR2(50 CHAR),
  CREATE_USER      VARCHAR2(50 CHAR),
  CREATE_TIME      DATE,
  UPDATE_TIME      DATE,
  GROUP_ID         VARCHAR2(50 CHAR),
  CODE             VARCHAR2(50 CHAR),
  DATA_VERSION     INTEGER                      DEFAULT 0
)
;

COMMENT ON TABLE ORG_FACTORY_ORG IS '组织-工厂组织';

COMMENT ON COLUMN ORG_FACTORY_ORG.ID IS '主键';

COMMENT ON COLUMN ORG_FACTORY_ORG.ORGANIZATION_ID IS '所属组织主键';

COMMENT ON COLUMN ORG_FACTORY_ORG.VERSION_ID IS '版本主键';

COMMENT ON COLUMN ORG_FACTORY_ORG.NAME IS '名称';

COMMENT ON COLUMN ORG_FACTORY_ORG.SHORT_NAME IS '简称';

COMMENT ON COLUMN ORG_FACTORY_ORG.CREATE_USER IS '创建人id';

COMMENT ON COLUMN ORG_FACTORY_ORG.CREATE_TIME IS '创建时间';

COMMENT ON COLUMN ORG_FACTORY_ORG.UPDATE_TIME IS '更新时间';

COMMENT ON COLUMN ORG_FACTORY_ORG.GROUP_ID IS '所属集团主键';

COMMENT ON COLUMN ORG_FACTORY_ORG.CODE IS '编码';

COMMENT ON COLUMN ORG_FACTORY_ORG.DATA_VERSION IS '数据版本';



/* This object may not be sorted properly in the script due to cirular references */
--
-- ORG_HR_ORG  (Table)
--
CREATE TABLE ORG_HR_ORG
(
  ID               VARCHAR2(50 CHAR)            NOT NULL,
  PARENT_ID        VARCHAR2(50 CHAR),
  GROUP_ID         VARCHAR2(50 CHAR),
  ORGANIZATION_ID  VARCHAR2(50 CHAR),
  CODE             VARCHAR2(50 CHAR),
  NAME             VARCHAR2(200 CHAR),
  SHORT_NAME       VARCHAR2(50 CHAR),
  VERSION_ID       VARCHAR2(50 CHAR),
  CREATE_USER      VARCHAR2(50 CHAR),
  CREATE_TIME      DATE,
  UPDATE_TIME      DATE,
  DATA_VERSION     INTEGER
)
;

COMMENT ON TABLE ORG_HR_ORG IS '组织-人力资源组织';

COMMENT ON COLUMN ORG_HR_ORG.ID IS '主键';

COMMENT ON COLUMN ORG_HR_ORG.PARENT_ID IS '上级人力资源组织主键';

COMMENT ON COLUMN ORG_HR_ORG.GROUP_ID IS '所属集团主键';

COMMENT ON COLUMN ORG_HR_ORG.ORGANIZATION_ID IS '所属组织主键';

COMMENT ON COLUMN ORG_HR_ORG.CODE IS '编码';

COMMENT ON COLUMN ORG_HR_ORG.NAME IS '名称';

COMMENT ON COLUMN ORG_HR_ORG.SHORT_NAME IS '简称';

COMMENT ON COLUMN ORG_HR_ORG.VERSION_ID IS '版本主键';

COMMENT ON COLUMN ORG_HR_ORG.CREATE_USER IS '创建人id';

COMMENT ON COLUMN ORG_HR_ORG.CREATE_TIME IS '创建时间';

COMMENT ON COLUMN ORG_HR_ORG.UPDATE_TIME IS '更新时间';

COMMENT ON COLUMN ORG_HR_ORG.DATA_VERSION IS '数据版本';



/* This object may not be sorted properly in the script due to cirular references */
--
-- ORG_MAINTAIN_ORG  (Table)
--
CREATE TABLE ORG_MAINTAIN_ORG
(
  ID               VARCHAR2(50 CHAR)            NOT NULL,
  FINANCE_ORG_ID   VARCHAR2(50 CHAR),
  ORGANIZATION_ID  VARCHAR2(50 CHAR)            NOT NULL,
  VERSION_ID       VARCHAR2(50 CHAR),
  NAME             VARCHAR2(200 CHAR)           NOT NULL,
  SHORT_NAME       VARCHAR2(50 CHAR),
  CREATE_USER      VARCHAR2(50 CHAR),
  CREATE_TIME      DATE,
  UPDATE_TIME      DATE,
  GROUP_ID         VARCHAR2(50 CHAR)            NOT NULL,
  CODE             VARCHAR2(50 CHAR),
  REMARK           VARCHAR2(2000 CHAR),
  DATA_VERSION     INTEGER                      DEFAULT 0
)
;

COMMENT ON TABLE ORG_MAINTAIN_ORG IS '组织-维修组织';

COMMENT ON COLUMN ORG_MAINTAIN_ORG.ID IS '主键';

COMMENT ON COLUMN ORG_MAINTAIN_ORG.FINANCE_ORG_ID IS '默认财务组织主键';

COMMENT ON COLUMN ORG_MAINTAIN_ORG.ORGANIZATION_ID IS '所属组织主键';

COMMENT ON COLUMN ORG_MAINTAIN_ORG.VERSION_ID IS '版本主键';

COMMENT ON COLUMN ORG_MAINTAIN_ORG.NAME IS '名称';

COMMENT ON COLUMN ORG_MAINTAIN_ORG.SHORT_NAME IS '简称';

COMMENT ON COLUMN ORG_MAINTAIN_ORG.CREATE_USER IS '创建人id';

COMMENT ON COLUMN ORG_MAINTAIN_ORG.CREATE_TIME IS '创建时间';

COMMENT ON COLUMN ORG_MAINTAIN_ORG.UPDATE_TIME IS '更新时间';

COMMENT ON COLUMN ORG_MAINTAIN_ORG.GROUP_ID IS '所属集团主键';

COMMENT ON COLUMN ORG_MAINTAIN_ORG.CODE IS '编码';

COMMENT ON COLUMN ORG_MAINTAIN_ORG.REMARK IS '备注';

COMMENT ON COLUMN ORG_MAINTAIN_ORG.DATA_VERSION IS '数据版本';



/* This object may not be sorted properly in the script due to cirular references */
--
-- ORG_ORGANIZATION  (Table)
--
CREATE TABLE ORG_ORGANIZATION
(
  ID                 VARCHAR2(50 CHAR)          NOT NULL,
  IS_DELETE          NUMBER(1)                  DEFAULT 0,
  PARENT_ID          VARCHAR2(50 CHAR),
  GROUP_ID           VARCHAR2(50 CHAR)          NOT NULL,
  CORPORATION_ID     VARCHAR2(50 CHAR),
  VERSION_ID         VARCHAR2(50 CHAR)          NOT NULL,
  CREATE_USER        VARCHAR2(50 CHAR),
  CREATE_TIME        DATE,
  UPDATE_TIME        DATE,
  REMARK             VARCHAR2(2000 CHAR),
  NAME               VARCHAR2(200 CHAR)         NOT NULL,
  SHORT_NAME         VARCHAR2(50 CHAR),
  ADDRESS            VARCHAR2(100 CHAR),
  COUNTRY_ZONE       VARCHAR2(20 CHAR),
  ORGANIZATION_CODE  VARCHAR2(50 CHAR),
  IS_BUSINESS_UNIT   NUMBER(1)                  DEFAULT 1,
  CODE               VARCHAR2(50 CHAR),
  DATA_VERSION       INTEGER,
  SORT_INDEX         INTEGER                    NOT NULL,
  SORT_PATH          VARCHAR2(100 CHAR)         NOT NULL
)
;

COMMENT ON TABLE ORG_ORGANIZATION IS '组织-组织';

COMMENT ON COLUMN ORG_ORGANIZATION.ID IS '主键';

COMMENT ON COLUMN ORG_ORGANIZATION.IS_DELETE IS '逻辑删除 0 否 1是';

COMMENT ON COLUMN ORG_ORGANIZATION.PARENT_ID IS '上级组织主键';

COMMENT ON COLUMN ORG_ORGANIZATION.GROUP_ID IS '所属集团主键';

COMMENT ON COLUMN ORG_ORGANIZATION.CORPORATION_ID IS '所属公司主键';

COMMENT ON COLUMN ORG_ORGANIZATION.VERSION_ID IS '版本主键';

COMMENT ON COLUMN ORG_ORGANIZATION.CREATE_USER IS '创建人id';

COMMENT ON COLUMN ORG_ORGANIZATION.CREATE_TIME IS '创建时间';

COMMENT ON COLUMN ORG_ORGANIZATION.UPDATE_TIME IS '最后修改时间';

COMMENT ON COLUMN ORG_ORGANIZATION.REMARK IS '备注';

COMMENT ON COLUMN ORG_ORGANIZATION.NAME IS '名称';

COMMENT ON COLUMN ORG_ORGANIZATION.SHORT_NAME IS '简称';

COMMENT ON COLUMN ORG_ORGANIZATION.ADDRESS IS '地址';

COMMENT ON COLUMN ORG_ORGANIZATION.COUNTRY_ZONE IS '国家地区';

COMMENT ON COLUMN ORG_ORGANIZATION.ORGANIZATION_CODE IS '组织机构码';

COMMENT ON COLUMN ORG_ORGANIZATION.IS_BUSINESS_UNIT IS '是否业务单元';

COMMENT ON COLUMN ORG_ORGANIZATION.CODE IS '编码';

COMMENT ON COLUMN ORG_ORGANIZATION.DATA_VERSION IS '数据版本';

COMMENT ON COLUMN ORG_ORGANIZATION.SORT_INDEX IS '排序号';

COMMENT ON COLUMN ORG_ORGANIZATION.SORT_PATH IS '排序路径';



/* This object may not be sorted properly in the script due to cirular references */
--
-- ORG_ORGANIZATION_TYPE  (Table)
--
CREATE TABLE ORG_ORGANIZATION_TYPE
(
  ID                 VARCHAR2(50 CHAR)          NOT NULL,
  IS_CORPORATION     NUMBER(1),
  IS_PROJECT         NUMBER(1),
  IS_ASSET           NUMBER(1),
  IS_SALES           NUMBER(1),
  IS_STOCK           NUMBER(1),
  IS_PURCHASE        NUMBER(1),
  IS_QC              NUMBER(1),
  IS_TRAFFIC         NUMBER(1),
  IS_MAINTAIN        NUMBER(1),
  IS_HR              NUMBER(1),
  IS_ADMINISTRATION  NUMBER(1),
  IS_FACTORY         NUMBER(1),
  IS_GROUP           NUMBER(1),
  IS_FINANCE         NUMBER(1),
  DATA_VERSION       INTEGER                    DEFAULT 0,
  IS_DEPARTMENT      NUMBER(1)
)
;

COMMENT ON TABLE ORG_ORGANIZATION_TYPE IS '组织-组织-职能';

COMMENT ON COLUMN ORG_ORGANIZATION_TYPE.ID IS '主键';

COMMENT ON COLUMN ORG_ORGANIZATION_TYPE.IS_CORPORATION IS '是否法人公司组织';

COMMENT ON COLUMN ORG_ORGANIZATION_TYPE.IS_PROJECT IS '是否项目组织';

COMMENT ON COLUMN ORG_ORGANIZATION_TYPE.IS_ASSET IS '是否固定资产组织';

COMMENT ON COLUMN ORG_ORGANIZATION_TYPE.IS_SALES IS '是否销售组织';

COMMENT ON COLUMN ORG_ORGANIZATION_TYPE.IS_STOCK IS '是否库存组织';

COMMENT ON COLUMN ORG_ORGANIZATION_TYPE.IS_PURCHASE IS '是否采购组织';

COMMENT ON COLUMN ORG_ORGANIZATION_TYPE.IS_QC IS '是否质检组织';

COMMENT ON COLUMN ORG_ORGANIZATION_TYPE.IS_TRAFFIC IS '是否物流组织';

COMMENT ON COLUMN ORG_ORGANIZATION_TYPE.IS_MAINTAIN IS '是否维修组织';

COMMENT ON COLUMN ORG_ORGANIZATION_TYPE.IS_HR IS '是否人力资源组织';

COMMENT ON COLUMN ORG_ORGANIZATION_TYPE.IS_ADMINISTRATION IS '是否行政组织';

COMMENT ON COLUMN ORG_ORGANIZATION_TYPE.IS_FACTORY IS '是否工厂组织';

COMMENT ON COLUMN ORG_ORGANIZATION_TYPE.IS_GROUP IS '是否集团组织';

COMMENT ON COLUMN ORG_ORGANIZATION_TYPE.IS_FINANCE IS '是否财务组织';

COMMENT ON COLUMN ORG_ORGANIZATION_TYPE.DATA_VERSION IS '数据版本';

COMMENT ON COLUMN ORG_ORGANIZATION_TYPE.IS_DEPARTMENT IS '是否部门';



/* This object may not be sorted properly in the script due to cirular references */
--
-- ORG_PROJECT_ORG  (Table)
--
CREATE TABLE ORG_PROJECT_ORG
(
  ID               VARCHAR2(50 CHAR)            NOT NULL,
  PARENT_ID        VARCHAR2(50 CHAR),
  ORGANIZATION_ID  VARCHAR2(50 CHAR)            NOT NULL,
  VERSION_ID       VARCHAR2(50 CHAR),
  NAME             VARCHAR2(50 CHAR)            NOT NULL,
  SHORT_NAME       VARCHAR2(50 CHAR),
  CREATE_USER      VARCHAR2(50 CHAR),
  CREATE_TIME      DATE,
  UPDATE_TIME      DATE,
  GROUP_ID         VARCHAR2(50 CHAR)            NOT NULL,
  CODE             VARCHAR2(50 CHAR),
  REMARK           VARCHAR2(2000 CHAR),
  DATA_VERSION     INTEGER
)
;

COMMENT ON TABLE ORG_PROJECT_ORG IS '组织-项目组织';

COMMENT ON COLUMN ORG_PROJECT_ORG.ID IS '主键';

COMMENT ON COLUMN ORG_PROJECT_ORG.PARENT_ID IS '上级项目组织主键';

COMMENT ON COLUMN ORG_PROJECT_ORG.ORGANIZATION_ID IS '所属组织主键';

COMMENT ON COLUMN ORG_PROJECT_ORG.VERSION_ID IS '版本主键';

COMMENT ON COLUMN ORG_PROJECT_ORG.NAME IS '名称';

COMMENT ON COLUMN ORG_PROJECT_ORG.SHORT_NAME IS '简称';

COMMENT ON COLUMN ORG_PROJECT_ORG.CREATE_USER IS '创建人id';

COMMENT ON COLUMN ORG_PROJECT_ORG.CREATE_TIME IS '创建时间';

COMMENT ON COLUMN ORG_PROJECT_ORG.UPDATE_TIME IS '更新时间';

COMMENT ON COLUMN ORG_PROJECT_ORG.GROUP_ID IS '所属集团主键';

COMMENT ON COLUMN ORG_PROJECT_ORG.CODE IS '编码';

COMMENT ON COLUMN ORG_PROJECT_ORG.REMARK IS '备注';

COMMENT ON COLUMN ORG_PROJECT_ORG.DATA_VERSION IS '数据版本';



/* This object may not be sorted properly in the script due to cirular references */
--
-- ORG_PURCHASE_ORG  (Table)
--
CREATE TABLE ORG_PURCHASE_ORG
(
  ID               VARCHAR2(50 CHAR)            NOT NULL,
  PARENT_ID        VARCHAR2(50 CHAR),
  ORGANIZATION_ID  VARCHAR2(50 CHAR),
  VERSION_ID       VARCHAR2(50 CHAR),
  NAME             VARCHAR2(200 CHAR),
  SHORT_NAME       VARCHAR2(50 CHAR),
  CREATE_USER      VARCHAR2(50 CHAR),
  CREATE_TIME      DATE,
  UPDATE_TIME      DATE,
  GROUP_ID         VARCHAR2(50 CHAR),
  CODE             VARCHAR2(50 CHAR),
  REMARK           VARCHAR2(2000 CHAR),
  DATA_VERSION     INTEGER
)
;

COMMENT ON TABLE ORG_PURCHASE_ORG IS '组织-采购组织';

COMMENT ON COLUMN ORG_PURCHASE_ORG.ID IS '主键';

COMMENT ON COLUMN ORG_PURCHASE_ORG.PARENT_ID IS '上级采购组织主键';

COMMENT ON COLUMN ORG_PURCHASE_ORG.ORGANIZATION_ID IS '所属组织主键';

COMMENT ON COLUMN ORG_PURCHASE_ORG.VERSION_ID IS '版本主键';

COMMENT ON COLUMN ORG_PURCHASE_ORG.NAME IS '名称';

COMMENT ON COLUMN ORG_PURCHASE_ORG.SHORT_NAME IS '简称';

COMMENT ON COLUMN ORG_PURCHASE_ORG.CREATE_USER IS '创建人id';

COMMENT ON COLUMN ORG_PURCHASE_ORG.CREATE_TIME IS '创建时间';

COMMENT ON COLUMN ORG_PURCHASE_ORG.UPDATE_TIME IS '更新时间';

COMMENT ON COLUMN ORG_PURCHASE_ORG.GROUP_ID IS '所属集团主键';

COMMENT ON COLUMN ORG_PURCHASE_ORG.CODE IS '编码';

COMMENT ON COLUMN ORG_PURCHASE_ORG.REMARK IS '备注';

COMMENT ON COLUMN ORG_PURCHASE_ORG.DATA_VERSION IS '数据版本';



/* This object may not be sorted properly in the script due to cirular references */
--
-- ORG_SALES_ORG  (Table)
--
CREATE TABLE ORG_SALES_ORG
(
  ID               VARCHAR2(50 CHAR)            NOT NULL,
  PARENT_ID        VARCHAR2(50 CHAR),
  ORGANIZATION_ID  VARCHAR2(50 CHAR)            NOT NULL,
  VERSION_ID       VARCHAR2(50 CHAR),
  NAME             VARCHAR2(200 CHAR)           NOT NULL,
  SHORT_NAME       VARCHAR2(50 CHAR),
  CREATE_USER      VARCHAR2(50 CHAR),
  CREATE_TIME      DATE,
  UPDATE_TIME      DATE,
  GROUP_ID         VARCHAR2(50 CHAR)            NOT NULL,
  CODE             VARCHAR2(50 CHAR),
  REMARK           VARCHAR2(2000 CHAR),
  DATA_VERSION     INTEGER
)
;

COMMENT ON TABLE ORG_SALES_ORG IS '组织-销售组织';

COMMENT ON COLUMN ORG_SALES_ORG.ID IS '主键';

COMMENT ON COLUMN ORG_SALES_ORG.PARENT_ID IS '上级销售组织主键';

COMMENT ON COLUMN ORG_SALES_ORG.ORGANIZATION_ID IS '所属组织主键';

COMMENT ON COLUMN ORG_SALES_ORG.VERSION_ID IS '版本主键';

COMMENT ON COLUMN ORG_SALES_ORG.NAME IS '名称';

COMMENT ON COLUMN ORG_SALES_ORG.SHORT_NAME IS '简称';

COMMENT ON COLUMN ORG_SALES_ORG.CREATE_USER IS '创建人id';

COMMENT ON COLUMN ORG_SALES_ORG.CREATE_TIME IS '创建时间';

COMMENT ON COLUMN ORG_SALES_ORG.UPDATE_TIME IS '更新时间';

COMMENT ON COLUMN ORG_SALES_ORG.GROUP_ID IS '所属集团主键';

COMMENT ON COLUMN ORG_SALES_ORG.CODE IS '编码';

COMMENT ON COLUMN ORG_SALES_ORG.REMARK IS '备注';

COMMENT ON COLUMN ORG_SALES_ORG.DATA_VERSION IS '数据版本';



/* This object may not be sorted properly in the script due to cirular references */
--
-- SYS_API_MIX  (Table)
--
CREATE TABLE SYS_API_MIX
(
  ID            VARCHAR2(50 CHAR)               NOT NULL,
  USER_ID       VARCHAR2(50 CHAR),
  API_ID        VARCHAR2(200 CHAR),
  SIGN          VARCHAR2(1000 CHAR),
  API_URL       VARCHAR2(500 CHAR),
  API_METHOD    VARCHAR2(50 CHAR),
  DATA_VERSION  INTEGER
)
;

COMMENT ON TABLE SYS_API_MIX IS '有效API权限';

COMMENT ON COLUMN SYS_API_MIX.ID IS '主键';

COMMENT ON COLUMN SYS_API_MIX.USER_ID IS '用户id';

COMMENT ON COLUMN SYS_API_MIX.API_ID IS 'api资源id';

COMMENT ON COLUMN SYS_API_MIX.SIGN IS '签名';

COMMENT ON COLUMN SYS_API_MIX.API_URL IS '请求路径';

COMMENT ON COLUMN SYS_API_MIX.API_METHOD IS '请求方式';

COMMENT ON COLUMN SYS_API_MIX.DATA_VERSION IS '数据版本';



/* This object may not be sorted properly in the script due to cirular references */
--
-- SYS_AUTH_MIX  (Table)
--
CREATE TABLE SYS_AUTH_MIX
(
  ID            VARCHAR2(50 CHAR)               NOT NULL,
  AUTH_ID       VARCHAR2(50 CHAR),
  USER_ID       VARCHAR2(50 CHAR),
  SIGN          VARCHAR2(1000 CHAR),
  DATA_VERSION  INTEGER
)
;

COMMENT ON TABLE SYS_AUTH_MIX IS '系统管理-用户有效权限';

COMMENT ON COLUMN SYS_AUTH_MIX.ID IS '主键';

COMMENT ON COLUMN SYS_AUTH_MIX.AUTH_ID IS '权限id';

COMMENT ON COLUMN SYS_AUTH_MIX.USER_ID IS '用户id';

COMMENT ON COLUMN SYS_AUTH_MIX.SIGN IS '签名';

COMMENT ON COLUMN SYS_AUTH_MIX.DATA_VERSION IS '数据版本';



/* This object may not be sorted properly in the script due to cirular references */
--
-- SYS_AUTH_SCOPE_APP  (Table)
--
CREATE TABLE SYS_AUTH_SCOPE_APP
(
  ID            VARCHAR2(50 CHAR)               NOT NULL,
  AUTH_ID       VARCHAR2(50 CHAR),
  USER_ID       VARCHAR2(50 CHAR),
  APP_ID        VARCHAR2(50 CHAR),
  IS_ACTIVATED  NUMBER(1)                       DEFAULT 0,
  ROLE_TYPE     NUMBER(10)
)
;

COMMENT ON TABLE SYS_AUTH_SCOPE_APP IS '系统管理-有效权限-授权应用';

COMMENT ON COLUMN SYS_AUTH_SCOPE_APP.ID IS '主键';

COMMENT ON COLUMN SYS_AUTH_SCOPE_APP.AUTH_ID IS '权限主键';

COMMENT ON COLUMN SYS_AUTH_SCOPE_APP.USER_ID IS '用户主键';

COMMENT ON COLUMN SYS_AUTH_SCOPE_APP.APP_ID IS '集团应用主键';

COMMENT ON COLUMN SYS_AUTH_SCOPE_APP.IS_ACTIVATED IS '是否被激活，0没有，1是';

COMMENT ON COLUMN SYS_AUTH_SCOPE_APP.ROLE_TYPE IS '角色类型（111应用系统管理员,222应用安全保密员,333应用安全审计员）';



/* This object may not be sorted properly in the script due to cirular references */
--
-- SYS_AUTH_SCOPE_ORG  (Table)
--
CREATE TABLE SYS_AUTH_SCOPE_ORG
(
  ID               VARCHAR2(50 CHAR)            NOT NULL,
  AUTH_ID          VARCHAR2(50 CHAR),
  USER_ID          VARCHAR2(50 CHAR),
  ORGANIZATION_ID  VARCHAR2(50 CHAR),
  RULE_ID          VARCHAR2(50 CHAR),
  IS_RULE          NUMBER(1)                    DEFAULT 0,
  RULE_PARAMS      VARCHAR2(50 CHAR),
  IS_ACTIVATED     NUMBER(1)                    DEFAULT 0,
  ROLE_TYPE        NUMBER(10)
)
;

COMMENT ON TABLE SYS_AUTH_SCOPE_ORG IS '系统管理-用户有效权限-授权组织';

COMMENT ON COLUMN SYS_AUTH_SCOPE_ORG.ID IS '主键';

COMMENT ON COLUMN SYS_AUTH_SCOPE_ORG.AUTH_ID IS '权限主键';

COMMENT ON COLUMN SYS_AUTH_SCOPE_ORG.USER_ID IS '用户主键';

COMMENT ON COLUMN SYS_AUTH_SCOPE_ORG.ORGANIZATION_ID IS '授权组织主键(按规则授权时为空)';

COMMENT ON COLUMN SYS_AUTH_SCOPE_ORG.RULE_ID IS '授权组织规则主键';

COMMENT ON COLUMN SYS_AUTH_SCOPE_ORG.IS_RULE IS '是否按规则授权组织';

COMMENT ON COLUMN SYS_AUTH_SCOPE_ORG.RULE_PARAMS IS '规则参数';

COMMENT ON COLUMN SYS_AUTH_SCOPE_ORG.IS_ACTIVATED IS '是否被激活，0没有，1是';

COMMENT ON COLUMN SYS_AUTH_SCOPE_ORG.ROLE_TYPE IS '角色类型（111应用系统管理员,222应用安全保密员,333应用安全审计员）';



/* This object may not be sorted properly in the script due to cirular references */
--
-- SYS_AUTH_SCOPE_USER_GROUP  (Table)
--
CREATE TABLE SYS_AUTH_SCOPE_USER_GROUP
(
  ID             VARCHAR2(50 CHAR)              NOT NULL,
  AUTH_ID        VARCHAR2(50 CHAR),
  USER_ID        VARCHAR2(50 CHAR),
  USER_GROUP_ID  VARCHAR2(50 CHAR),
  RULE_ID        VARCHAR2(50 CHAR),
  IS_RULE        NUMBER(1)                      DEFAULT 0,
  RULE_PARAMS    VARCHAR2(50 CHAR),
  IS_ACTIVATED   NUMBER(1)                      DEFAULT 0,
  ROLE_TYPE      NUMBER(10)
)
;

COMMENT ON TABLE SYS_AUTH_SCOPE_USER_GROUP IS '系统管理-有效权限-授权用户组';

COMMENT ON COLUMN SYS_AUTH_SCOPE_USER_GROUP.ID IS '主键';

COMMENT ON COLUMN SYS_AUTH_SCOPE_USER_GROUP.AUTH_ID IS '权限主键';

COMMENT ON COLUMN SYS_AUTH_SCOPE_USER_GROUP.USER_ID IS '用户主键';

COMMENT ON COLUMN SYS_AUTH_SCOPE_USER_GROUP.USER_GROUP_ID IS '授权用户组主键(按规则授权时为空)';

COMMENT ON COLUMN SYS_AUTH_SCOPE_USER_GROUP.RULE_ID IS '权限规则主键';

COMMENT ON COLUMN SYS_AUTH_SCOPE_USER_GROUP.IS_RULE IS '是否规则授权用户组';

COMMENT ON COLUMN SYS_AUTH_SCOPE_USER_GROUP.RULE_PARAMS IS '规则参数';

COMMENT ON COLUMN SYS_AUTH_SCOPE_USER_GROUP.IS_ACTIVATED IS '是否被激活，0没有，1是';

COMMENT ON COLUMN SYS_AUTH_SCOPE_USER_GROUP.ROLE_TYPE IS '角色类型（111应用系统管理员,222应用安全保密员,333应用安全审计员）';



/* This object may not be sorted properly in the script due to cirular references */
--
-- SYS_AUTH_USER  (Table)
--
CREATE TABLE SYS_AUTH_USER
(
  ID            VARCHAR2(50 CHAR)               NOT NULL,
  AUTH_ID       VARCHAR2(50 CHAR),
  USER_ID       VARCHAR2(50 CHAR),
  SIGN          VARCHAR2(1000 CHAR),
  IS_REVOKE     NUMBER(1)                       DEFAULT 0,
  CREATE_USER   VARCHAR2(50 CHAR),
  CREATE_TIME   DATE,
  DATA_VERSION  INTEGER                         DEFAULT 0,
  APP_ID        VARCHAR2(50 CHAR)
)
;

COMMENT ON TABLE SYS_AUTH_USER IS '系统管理-用户授权';

COMMENT ON COLUMN SYS_AUTH_USER.ID IS '主键';

COMMENT ON COLUMN SYS_AUTH_USER.AUTH_ID IS '权限主键';

COMMENT ON COLUMN SYS_AUTH_USER.USER_ID IS '用户主键';

COMMENT ON COLUMN SYS_AUTH_USER.SIGN IS '签名';

COMMENT ON COLUMN SYS_AUTH_USER.IS_REVOKE IS '是否禁用0不1禁用';

COMMENT ON COLUMN SYS_AUTH_USER.CREATE_USER IS '创建人id';

COMMENT ON COLUMN SYS_AUTH_USER.CREATE_TIME IS '创建时间';

COMMENT ON COLUMN SYS_AUTH_USER.DATA_VERSION IS '数据版本';

COMMENT ON COLUMN SYS_AUTH_USER.APP_ID IS '应用ID';



/* This object may not be sorted properly in the script due to cirular references */
--
-- SYS_MSG_READ  (Table)
--
CREATE TABLE SYS_MSG_READ
(
  ID       VARCHAR2(50 CHAR)                    NOT NULL,
  USER_ID  VARCHAR2(50 CHAR),
  MSG_ID   VARCHAR2(50 CHAR)
)
;

COMMENT ON TABLE SYS_MSG_READ IS '消息阅读状态表';

COMMENT ON COLUMN SYS_MSG_READ.ID IS '主键';

COMMENT ON COLUMN SYS_MSG_READ.USER_ID IS '用户id';

COMMENT ON COLUMN SYS_MSG_READ.MSG_ID IS '消息id';



/* This object may not be sorted properly in the script due to cirular references */
--
-- SYS_MSG_UNREAD  (Table)
--
CREATE TABLE SYS_MSG_UNREAD
(
  ID       VARCHAR2(50 CHAR)                    NOT NULL,
  USER_ID  VARCHAR2(50 CHAR),
  MSG_ID   VARCHAR2(50 CHAR)
)
;

COMMENT ON TABLE SYS_MSG_UNREAD IS '未读消息表';

COMMENT ON COLUMN SYS_MSG_UNREAD.ID IS '主键';

COMMENT ON COLUMN SYS_MSG_UNREAD.USER_ID IS '用户id';

COMMENT ON COLUMN SYS_MSG_UNREAD.MSG_ID IS '消息id';



/* This object may not be sorted properly in the script due to cirular references */
--
-- SYS_USER  (Table)
--
CREATE TABLE SYS_USER
(
  ID                    VARCHAR2(50 CHAR)       DEFAULT SYS_GUID()            NOT NULL,
  STAFF_NO              VARCHAR2(50 CHAR),
  USER_NAME             VARCHAR2(50 CHAR)       NOT NULL,
  REAL_NAME             VARCHAR2(50 CHAR),
  EMAIL                 VARCHAR2(50 CHAR),
  PHONE_NUMBER          VARCHAR2(50 CHAR),
  USER_TYPE             INTEGER,
  REMARK                VARCHAR2(2000 CHAR),
  START_FLAG            VARCHAR2(50 CHAR)       DEFAULT 1,
  SECRET_LEVEL          INTEGER,
  SORT_INDEX            INTEGER                 DEFAULT 9999,
  USER_POST             VARCHAR2(50 CHAR),
  CREATE_TIME           DATE,
  UPDATE_TIME           DATE,
  PASSWORD              VARCHAR2(50 CHAR),
  PASSWORD_UPDATE_TIME  DATE,
  PERSON_DOC_ID         VARCHAR2(50 CHAR),
  BASE_DOC_TYPE         VARCHAR2(50 CHAR),
  PINYIN                VARCHAR2(100 CHAR),
  PSW_POLICY_ID         VARCHAR2(50 CHAR),
  FAIL_LOGIN_TIMES      INTEGER,
  CREATE_USER           VARCHAR2(50 CHAR),
  UNLOCK_TIME           DATE,
  IS_FIRST_LOGIN        NUMBER(1)               DEFAULT 1,
  IS_DELETE             NUMBER(1)               DEFAULT 0,
  DATA_VERSION          INTEGER                 DEFAULT 0,
  ORGANIZATION_ID       VARCHAR2(50 CHAR),
  GROUP_ID              VARCHAR2(50 CHAR)
)
;

COMMENT ON TABLE SYS_USER IS '用户表';

COMMENT ON COLUMN SYS_USER.ID IS '主键';

COMMENT ON COLUMN SYS_USER.STAFF_NO IS '工号';

COMMENT ON COLUMN SYS_USER.USER_NAME IS '登录名';

COMMENT ON COLUMN SYS_USER.REAL_NAME IS '用户名称';

COMMENT ON COLUMN SYS_USER.EMAIL IS '电子邮箱';

COMMENT ON COLUMN SYS_USER.PHONE_NUMBER IS '联系电话';

COMMENT ON COLUMN SYS_USER.USER_TYPE IS '用户类型（0租户管理员,1集团管理员,11待激活的集团管理员,111未分配的集团管理员,2应用管理员,22待激活的应用管理员,222未分配的应用管理员,3普通用户）';

COMMENT ON COLUMN SYS_USER.REMARK IS '备注';

COMMENT ON COLUMN SYS_USER.START_FLAG IS '启用标志 0 禁用 1 启用';

COMMENT ON COLUMN SYS_USER.SECRET_LEVEL IS '用户密级';

COMMENT ON COLUMN SYS_USER.SORT_INDEX IS '用户排序';

COMMENT ON COLUMN SYS_USER.USER_POST IS '邮编';

COMMENT ON COLUMN SYS_USER.CREATE_TIME IS '创建时间';

COMMENT ON COLUMN SYS_USER.UPDATE_TIME IS '上次修改时间';

COMMENT ON COLUMN SYS_USER.PASSWORD IS '用户密码';

COMMENT ON COLUMN SYS_USER.PASSWORD_UPDATE_TIME IS '密码最近一次修改时间';

COMMENT ON COLUMN SYS_USER.PERSON_DOC_ID IS '人员档案主键';

COMMENT ON COLUMN SYS_USER.BASE_DOC_TYPE IS '身份类型（员工/外部系统/开发者/客户/供应商/审计）';

COMMENT ON COLUMN SYS_USER.PINYIN IS '用户名称拼音';

COMMENT ON COLUMN SYS_USER.PSW_POLICY_ID IS '密码策略id';

COMMENT ON COLUMN SYS_USER.FAIL_LOGIN_TIMES IS '用户失败登录次数';

COMMENT ON COLUMN SYS_USER.CREATE_USER IS '创建人主键';

COMMENT ON COLUMN SYS_USER.UNLOCK_TIME IS '账户解锁时间';

COMMENT ON COLUMN SYS_USER.IS_FIRST_LOGIN IS '是否第一次登录 0 否 1是';

COMMENT ON COLUMN SYS_USER.IS_DELETE IS '逻辑删除 0 否 1是';

COMMENT ON COLUMN SYS_USER.DATA_VERSION IS '数据版本';

COMMENT ON COLUMN SYS_USER.ORGANIZATION_ID IS '所属业务单元ID';

COMMENT ON COLUMN SYS_USER.GROUP_ID IS '所属集团ID';



/* This object may not be sorted properly in the script due to cirular references */
--
-- SYS_USER_ADMIN_ORG  (Table)
--
CREATE TABLE SYS_USER_ADMIN_ORG
(
  ID               VARCHAR2(50 CHAR)            NOT NULL,
  USER_ID          VARCHAR2(50 CHAR),
  ORGANIZATION_ID  VARCHAR2(50 CHAR),
  RULE_ID          VARCHAR2(50 CHAR),
  RULE_PARAMS      VARCHAR2(200 CHAR),
  IS_RULE          NUMBER(1),
  DATA_VERSION     INTEGER,
  IS_ACTIVATED     NUMBER(1)                    DEFAULT 0,
  ROLE_TYPE        NUMBER(10)
)
;

COMMENT ON TABLE SYS_USER_ADMIN_ORG IS '系统管理-用户-可管理的组织';

COMMENT ON COLUMN SYS_USER_ADMIN_ORG.ID IS '主键';

COMMENT ON COLUMN SYS_USER_ADMIN_ORG.USER_ID IS '用户主键';

COMMENT ON COLUMN SYS_USER_ADMIN_ORG.ORGANIZATION_ID IS '授权组织主键(按规则授权时为空)';

COMMENT ON COLUMN SYS_USER_ADMIN_ORG.RULE_ID IS '授权组织规则主键';

COMMENT ON COLUMN SYS_USER_ADMIN_ORG.RULE_PARAMS IS '规则参数';

COMMENT ON COLUMN SYS_USER_ADMIN_ORG.IS_RULE IS '是否按规则授权组织';

COMMENT ON COLUMN SYS_USER_ADMIN_ORG.DATA_VERSION IS '版本号';

COMMENT ON COLUMN SYS_USER_ADMIN_ORG.IS_ACTIVATED IS '是否被激活，0没有，1是';

COMMENT ON COLUMN SYS_USER_ADMIN_ORG.ROLE_TYPE IS '角色类型（11集团系统管理员,22集团安全保密员,33集团安全审计员）';



/* This object may not be sorted properly in the script due to cirular references */
--
-- SYS_USER_ADMIN_USER_GROUP  (Table)
--
CREATE TABLE SYS_USER_ADMIN_USER_GROUP
(
  ID             VARCHAR2(50 CHAR)              NOT NULL,
  USER_ID        VARCHAR2(50 CHAR),
  USER_GROUP_ID  VARCHAR2(50 CHAR),
  RULE_ID        VARCHAR2(50 CHAR),
  IS_RULE        NUMBER(1),
  RULE_PARAMS    VARCHAR2(50 CHAR)
)
;

COMMENT ON TABLE SYS_USER_ADMIN_USER_GROUP IS '系统管理-用户-可管理的用户组';

COMMENT ON COLUMN SYS_USER_ADMIN_USER_GROUP.ID IS '主键';

COMMENT ON COLUMN SYS_USER_ADMIN_USER_GROUP.USER_ID IS '用户主键';

COMMENT ON COLUMN SYS_USER_ADMIN_USER_GROUP.USER_GROUP_ID IS '授权用户组主键(按规则授权时为空)';

COMMENT ON COLUMN SYS_USER_ADMIN_USER_GROUP.RULE_ID IS '授权用户组规则主键';

COMMENT ON COLUMN SYS_USER_ADMIN_USER_GROUP.IS_RULE IS '是否按规则授权用户组';

COMMENT ON COLUMN SYS_USER_ADMIN_USER_GROUP.RULE_PARAMS IS '规则参数';



/* This object may not be sorted properly in the script due to cirular references */
--
-- SYS_USER_GROUP  (Table)
--
CREATE TABLE SYS_USER_GROUP
(
  ID               VARCHAR2(50 CHAR)            NOT NULL,
  PARENT_ID        VARCHAR2(50 CHAR),
  GROUP_ID         VARCHAR2(50 CHAR),
  ORGANIZATION_ID  VARCHAR2(50 CHAR),
  NAME             VARCHAR2(100 CHAR)           NOT NULL,
  CODE             VARCHAR2(50 CHAR)            NOT NULL,
  CREATE_TIME      DATE,
  CREATE_USER      VARCHAR2(50 CHAR),
  UPDATE_TIME      DATE,
  INNER_CODE       VARCHAR2(50 CHAR),
  APP_ID           VARCHAR2(50 CHAR),
  REMARK           VARCHAR2(2000 CHAR),
  SORT_INDEX       INTEGER                      NOT NULL,
  SORT_PATH        VARCHAR2(4000 CHAR)          NOT NULL,
  DATA_VERSION     INTEGER
)
;

COMMENT ON TABLE SYS_USER_GROUP IS '系统管理-用户组';

COMMENT ON COLUMN SYS_USER_GROUP.ID IS '主键';

COMMENT ON COLUMN SYS_USER_GROUP.PARENT_ID IS '父级主键';

COMMENT ON COLUMN SYS_USER_GROUP.GROUP_ID IS '所属集团主键';

COMMENT ON COLUMN SYS_USER_GROUP.ORGANIZATION_ID IS '所属组织主键';

COMMENT ON COLUMN SYS_USER_GROUP.NAME IS '名称';

COMMENT ON COLUMN SYS_USER_GROUP.CODE IS '编码';

COMMENT ON COLUMN SYS_USER_GROUP.CREATE_TIME IS '创建时间';

COMMENT ON COLUMN SYS_USER_GROUP.CREATE_USER IS '创建人id';

COMMENT ON COLUMN SYS_USER_GROUP.UPDATE_TIME IS '更新时间';

COMMENT ON COLUMN SYS_USER_GROUP.INNER_CODE IS '内部码';

COMMENT ON COLUMN SYS_USER_GROUP.APP_ID IS '集团应用主键';

COMMENT ON COLUMN SYS_USER_GROUP.REMARK IS '备注';

COMMENT ON COLUMN SYS_USER_GROUP.SORT_INDEX IS '排序号';

COMMENT ON COLUMN SYS_USER_GROUP.SORT_PATH IS '排序路径';

COMMENT ON COLUMN SYS_USER_GROUP.DATA_VERSION IS '数据版本';



/* This object may not be sorted properly in the script due to cirular references */
--
-- SYS_USER_GROUP_USER  (Table)
--
CREATE TABLE SYS_USER_GROUP_USER
(
  ID             VARCHAR2(50 CHAR)              NOT NULL,
  USER_ID        VARCHAR2(50 CHAR),
  USER_GROUP_ID  VARCHAR2(50 CHAR),
  DATA_VERSION   INTEGER                        DEFAULT 0
)
;

COMMENT ON TABLE SYS_USER_GROUP_USER IS '系统管理-用户组与用户关系';

COMMENT ON COLUMN SYS_USER_GROUP_USER.ID IS '主键';

COMMENT ON COLUMN SYS_USER_GROUP_USER.USER_ID IS '用户主键';

COMMENT ON COLUMN SYS_USER_GROUP_USER.USER_GROUP_ID IS '用户组主键';

COMMENT ON COLUMN SYS_USER_GROUP_USER.DATA_VERSION IS '数据版本';



/* This object may not be sorted properly in the script due to cirular references */
--
-- SYS_USER_ROLE  (Table)
--
CREATE TABLE SYS_USER_ROLE
(
  ID            VARCHAR2(50 CHAR)               NOT NULL,
  USER_ID       VARCHAR2(50 CHAR),
  ROLE_ID       VARCHAR2(50 CHAR),
  CREATE_USER   VARCHAR2(50 CHAR),
  CREATE_TIME   DATE,
  UPDATE_TIME   DATE,
  REMARK        VARCHAR2(2000 CHAR),
  DATA_VERSION  INTEGER                         DEFAULT 0,
  APP_ID        VARCHAR2(50 CHAR),
  IS_ACTIVATED  NUMBER(1)                       DEFAULT 0
)
;

COMMENT ON TABLE SYS_USER_ROLE IS '用户角色关系表';

COMMENT ON COLUMN SYS_USER_ROLE.ID IS '主键';

COMMENT ON COLUMN SYS_USER_ROLE.USER_ID IS '用户主键';

COMMENT ON COLUMN SYS_USER_ROLE.ROLE_ID IS '角色主键';

COMMENT ON COLUMN SYS_USER_ROLE.CREATE_USER IS '创建人ID';

COMMENT ON COLUMN SYS_USER_ROLE.CREATE_TIME IS '创建时间';

COMMENT ON COLUMN SYS_USER_ROLE.UPDATE_TIME IS '更新时间';

COMMENT ON COLUMN SYS_USER_ROLE.REMARK IS '备注';

COMMENT ON COLUMN SYS_USER_ROLE.DATA_VERSION IS '数据版本';

COMMENT ON COLUMN SYS_USER_ROLE.APP_ID IS '应用ID';

COMMENT ON COLUMN SYS_USER_ROLE.IS_ACTIVATED IS '是否被激活，0没有，1是';



/* This object may not be sorted properly in the script due to cirular references */
--
-- SYS_USER_ROLE_LV  (Table)
--
CREATE TABLE SYS_USER_ROLE_LV
(
  ID           VARCHAR2(50 BYTE)                NOT NULL,
  USER_ID      VARCHAR2(50 BYTE),
  VERSION      INTEGER,
  CREATE_USER  VARCHAR2(50 BYTE),
  CREATE_TIME  DATE,
  IS_LATEST    NUMBER(1),
  APP_ID       VARCHAR2(50 CHAR)
)
;

COMMENT ON TABLE SYS_USER_ROLE_LV IS '用户角色历史数据主表';

COMMENT ON COLUMN SYS_USER_ROLE_LV.ID IS '主键';

COMMENT ON COLUMN SYS_USER_ROLE_LV.USER_ID IS '用户ID';

COMMENT ON COLUMN SYS_USER_ROLE_LV.VERSION IS '版本号';

COMMENT ON COLUMN SYS_USER_ROLE_LV.CREATE_USER IS '创建用户';

COMMENT ON COLUMN SYS_USER_ROLE_LV.CREATE_TIME IS '创建时间';

COMMENT ON COLUMN SYS_USER_ROLE_LV.IS_LATEST IS '是否最新';

COMMENT ON COLUMN SYS_USER_ROLE_LV.APP_ID IS '应用ID';



/* This object may not be sorted properly in the script due to cirular references */
--
-- SYS_USER_ROLE_V  (Table)
--
CREATE TABLE SYS_USER_ROLE_V
(
  ID       VARCHAR2(50 BYTE)                    NOT NULL,
  ROLE_ID  VARCHAR2(50 BYTE),
  LV_ID    VARCHAR2(50 BYTE)
)
;


--
-- SYS_JOB_CALENDAR  (Table)
--
CREATE TABLE SYS_JOB_CALENDAR
(
  ID               VARCHAR2(50 BYTE)            NOT NULL,
  STATE            NUMBER                       DEFAULT 0,
  ORGANIZATION_ID  VARCHAR2(50 BYTE),
  YEAR             VARCHAR2(10 BYTE),
  MONTH            VARCHAR2(10 BYTE),
  DAY              VARCHAR2(10 BYTE)
)
;

COMMENT ON TABLE SYS_JOB_CALENDAR IS '工作日表';

COMMENT ON COLUMN SYS_JOB_CALENDAR.ID IS '主键';

COMMENT ON COLUMN SYS_JOB_CALENDAR.STATE IS '状态 (0为工作日，1为休息日)';

COMMENT ON COLUMN SYS_JOB_CALENDAR.ORGANIZATION_ID IS '业务单元ID';

COMMENT ON COLUMN SYS_JOB_CALENDAR.YEAR IS '年';

COMMENT ON COLUMN SYS_JOB_CALENDAR.MONTH IS '月';

COMMENT ON COLUMN SYS_JOB_CALENDAR.DAY IS '日';


/* This object may not be sorted properly in the script due to cirular references */
--
-- BD_PERSON_DOC_PK  (Index)
--
CREATE UNIQUE INDEX BD_PERSON_DOC_PK ON BD_PERSON_DOC
(ID)
LOGGING
;


/* This object may not be sorted properly in the script due to cirular references */
--
-- BD_PERSON_JOB_PK  (Index)
--
CREATE UNIQUE INDEX BD_PERSON_JOB_PK ON BD_PERSON_JOB
(ID)
LOGGING
;


/* This object may not be sorted properly in the script due to cirular references */
--
-- FK_ORG_HR_ORG_CODE  (Index)
--
CREATE UNIQUE INDEX FK_ORG_HR_ORG_CODE ON ORG_HR_ORG
(CODE)
LOGGING
;


/* This object may not be sorted properly in the script due to cirular references */
--
-- FK_ORG_PURCHASE_ORG_CODE  (Index)
--
CREATE UNIQUE INDEX FK_ORG_PURCHASE_ORG_CODE ON ORG_PURCHASE_ORG
(CODE)
LOGGING
;


/* This object may not be sorted properly in the script due to cirular references */
--
-- ORG_ADMIN_ORG_PK  (Index)
--
CREATE UNIQUE INDEX ORG_ADMIN_ORG_PK ON ORG_ADMIN_ORG
(ID)
LOGGING
;


/* This object may not be sorted properly in the script due to cirular references */
--
-- ORG_ASSET_ORG_PK  (Index)
--
CREATE UNIQUE INDEX ORG_ASSET_ORG_PK ON ORG_ASSET_ORG
(ID)
LOGGING
;


/* This object may not be sorted properly in the script due to cirular references */
--
-- ORG_CORPORATION_PK  (Index)
--
CREATE UNIQUE INDEX ORG_CORPORATION_PK ON ORG_CORPORATION
(ID)
LOGGING
;


/* This object may not be sorted properly in the script due to cirular references */
--
-- ORG_DEPARTMENT_PK  (Index)
--
CREATE UNIQUE INDEX ORG_DEPARTMENT_PK ON ORG_DEPARTMENT
(ID)
LOGGING
;


/* This object may not be sorted properly in the script due to cirular references */
--
-- ORG_FACTORY_ORG_PK  (Index)
--
CREATE UNIQUE INDEX ORG_FACTORY_ORG_PK ON ORG_FACTORY_ORG
(ID)
LOGGING
;


/* This object may not be sorted properly in the script due to cirular references */
--
-- ORG_HR_ORG_PK  (Index)
--
CREATE UNIQUE INDEX ORG_HR_ORG_PK ON ORG_HR_ORG
(ID)
LOGGING
;


/* This object may not be sorted properly in the script due to cirular references */
--
-- ORG_MAINTAIN_ORG_PK  (Index)
--
CREATE UNIQUE INDEX ORG_MAINTAIN_ORG_PK ON ORG_MAINTAIN_ORG
(ID)
LOGGING
;


/* This object may not be sorted properly in the script due to cirular references */
--
-- ORG_ORGANIZATION_PK  (Index)
--
CREATE UNIQUE INDEX ORG_ORGANIZATION_PK ON ORG_ORGANIZATION
(ID)
LOGGING
;


/* This object may not be sorted properly in the script due to cirular references */
--
-- ORG_ORGANIZATION_TYPE_PK  (Index)
--
CREATE UNIQUE INDEX ORG_ORGANIZATION_TYPE_PK ON ORG_ORGANIZATION_TYPE
(ID)
LOGGING
;


/* This object may not be sorted properly in the script due to cirular references */
--
-- ORG_PROJECT_ORG_PK  (Index)
--
CREATE UNIQUE INDEX ORG_PROJECT_ORG_PK ON ORG_PROJECT_ORG
(ID)
LOGGING
;


/* This object may not be sorted properly in the script due to cirular references */
--
-- ORG_PURCHASE_ORG_PK  (Index)
--
CREATE UNIQUE INDEX ORG_PURCHASE_ORG_PK ON ORG_PURCHASE_ORG
(ID)
LOGGING
;


/* This object may not be sorted properly in the script due to cirular references */
--
-- ORG_SALES_ORG_PK  (Index)
--
CREATE UNIQUE INDEX ORG_SALES_ORG_PK ON ORG_SALES_ORG
(ID)
LOGGING
;


/* This object may not be sorted properly in the script due to cirular references */
--
-- SYS_API_MIX_PK  (Index)
--
CREATE UNIQUE INDEX SYS_API_MIX_PK ON SYS_API_MIX
(ID)
LOGGING
;


/* This object may not be sorted properly in the script due to cirular references */
--
-- SYS_AUTH_MIX_PK  (Index)
--
CREATE UNIQUE INDEX SYS_AUTH_MIX_PK ON SYS_AUTH_MIX
(ID)
LOGGING
;


/* This object may not be sorted properly in the script due to cirular references */
--
-- SYS_AUTH_SCOPE_APP_PK  (Index)
--
CREATE UNIQUE INDEX SYS_AUTH_SCOPE_APP_PK ON SYS_AUTH_SCOPE_APP
(ID)
LOGGING
;


/* This object may not be sorted properly in the script due to cirular references */
--
-- SYS_AUTH_SCOPE_ORG_PK  (Index)
--
CREATE UNIQUE INDEX SYS_AUTH_SCOPE_ORG_PK ON SYS_AUTH_SCOPE_ORG
(ID)
LOGGING
;


/* This object may not be sorted properly in the script due to cirular references */
--
-- SYS_AUTH_SCOPE_USER_GROUP_PK  (Index)
--
CREATE UNIQUE INDEX SYS_AUTH_SCOPE_USER_GROUP_PK ON SYS_AUTH_SCOPE_USER_GROUP
(ID)
LOGGING
;


/* This object may not be sorted properly in the script due to cirular references */
--
-- SYS_AUTH_USER_PK  (Index)
--
CREATE UNIQUE INDEX SYS_AUTH_USER_PK ON SYS_AUTH_USER
(ID)
LOGGING
;


--  There is no statement for index SYS_C00289652.
--  The object is created when the parent object is created.

/* This object may not be sorted properly in the script due to cirular references */
--
-- SYS_MSG_READ_PK  (Index)
--
CREATE UNIQUE INDEX SYS_MSG_READ_PK ON SYS_MSG_READ
(ID)
LOGGING
;


/* This object may not be sorted properly in the script due to cirular references */
--
-- SYS_MSG_UNREAD_PK  (Index)
--
CREATE UNIQUE INDEX SYS_MSG_UNREAD_PK ON SYS_MSG_UNREAD
(ID)
LOGGING
;


/* This object may not be sorted properly in the script due to cirular references */
--
-- SYS_USER_ADMIN_ORG_PK  (Index)
--
CREATE UNIQUE INDEX SYS_USER_ADMIN_ORG_PK ON SYS_USER_ADMIN_ORG
(ID)
LOGGING
;


/* This object may not be sorted properly in the script due to cirular references */
--
-- SYS_USER_ADMIN_USER_GROUP_PK  (Index)
--
CREATE UNIQUE INDEX SYS_USER_ADMIN_USER_GROUP_PK ON SYS_USER_ADMIN_USER_GROUP
(ID)
LOGGING
;


/* This object may not be sorted properly in the script due to cirular references */
--
-- SYS_USER_GROUP_PK  (Index)
--
CREATE UNIQUE INDEX SYS_USER_GROUP_PK ON SYS_USER_GROUP
(ID)
LOGGING
;


/* This object may not be sorted properly in the script due to cirular references */
--
-- SYS_USER_GROUP_USER_PK  (Index)
--
CREATE UNIQUE INDEX SYS_USER_GROUP_USER_PK ON SYS_USER_GROUP_USER
(ID)
LOGGING
;


/* This object may not be sorted properly in the script due to cirular references */
--
-- SYS_USER_PK  (Index)
--
CREATE UNIQUE INDEX SYS_USER_PK ON SYS_USER
(ID)
LOGGING
;


/* This object may not be sorted properly in the script due to cirular references */
--
-- SYS_USER_ROLE_LV_PK  (Index)
--
CREATE UNIQUE INDEX SYS_USER_ROLE_LV_PK ON SYS_USER_ROLE_LV
(ID)
LOGGING
;


/* This object may not be sorted properly in the script due to cirular references */
--
-- SYS_USER_ROLE_PK  (Index)
--
CREATE UNIQUE INDEX SYS_USER_ROLE_PK ON SYS_USER_ROLE
(ID)
LOGGING
;


/* This object may not be sorted properly in the script due to cirular references */
--
-- SYS_USER_ROLE_V_PK  (Index)
--
CREATE UNIQUE INDEX SYS_USER_ROLE_V_PK ON SYS_USER_ROLE_V
(ID)
LOGGING
;


/* This object may not be sorted properly in the script due to cirular references */
--
-- UK_BD_PERSON_DOC_CODE  (Index)
--
CREATE UNIQUE INDEX UK_BD_PERSON_DOC_CODE ON BD_PERSON_DOC
(CODE)
LOGGING
;


/* This object may not be sorted properly in the script due to cirular references */
--
-- UK_BD_PERSON_DOC_NAME  (Index)
--
-- CREATE UNIQUE INDEX UK_BD_PERSON_DOC_NAME ON BD_PERSON_DOC
-- (NAME)
-- LOGGING
-- ;


/* This object may not be sorted properly in the script due to cirular references */
--
-- UK_ORG_ADMIN_ORG_CODE  (Index)
--
CREATE UNIQUE INDEX UK_ORG_ADMIN_ORG_CODE ON ORG_ADMIN_ORG
(CODE)
LOGGING
;


/* This object may not be sorted properly in the script due to cirular references */
--
-- UK_ORG_ASSET_ORG_CODE  (Index)
--
CREATE UNIQUE INDEX UK_ORG_ASSET_ORG_CODE ON ORG_ASSET_ORG
(CODE)
LOGGING
;


/* This object may not be sorted properly in the script due to cirular references */
--
-- UK_ORG_CORPORATION_CODE  (Index)
--
CREATE UNIQUE INDEX UK_ORG_CORPORATION_CODE ON ORG_CORPORATION
(CODE)
LOGGING
;


/* This object may not be sorted properly in the script due to cirular references */
--
-- UK_ORG_COR_SORT_INDEX_PID  (Index)
--
CREATE UNIQUE INDEX UK_ORG_COR_SORT_INDEX_PID ON ORG_CORPORATION
(PARENT_ID, SORT_INDEX)
LOGGING
;


/* This object may not be sorted properly in the script due to cirular references */
--
-- UK_ORG_DEPARTMENT_CODE  (Index)
--
CREATE UNIQUE INDEX UK_ORG_DEPARTMENT_CODE ON ORG_DEPARTMENT
(CODE)
LOGGING
;


/* This object may not be sorted properly in the script due to cirular references */
--
-- UK_ORG_FACTORY_ORG_CODE  (Index)
--
CREATE UNIQUE INDEX UK_ORG_FACTORY_ORG_CODE ON ORG_FACTORY_ORG
(CODE)
LOGGING
;


/* This object may not be sorted properly in the script due to cirular references */
--
-- UK_ORG_MAINTAIN_ORG_CODE  (Index)
--
CREATE UNIQUE INDEX UK_ORG_MAINTAIN_ORG_CODE ON ORG_MAINTAIN_ORG
(CODE)
LOGGING
;


/* This object may not be sorted properly in the script due to cirular references */
--
-- UK_ORG_ORGANIZATION_CODE  (Index)
--
CREATE UNIQUE INDEX UK_ORG_ORGANIZATION_CODE ON ORG_ORGANIZATION
(CODE)
LOGGING
;


/* This object may not be sorted properly in the script due to cirular references */
--
-- UK_ORG_ORG_PID_SORT_INDEX  (Index)
--
-- CREATE UNIQUE INDEX UK_ORG_ORG_PID_SORT_INDEX ON ORG_ORGANIZATION
-- (PARENT_ID, SORT_INDEX)
-- LOGGING
-- ;


/* This object may not be sorted properly in the script due to cirular references */
--
-- UK_ORG_PROJECT_ORG_CODE  (Index)
--
CREATE UNIQUE INDEX UK_ORG_PROJECT_ORG_CODE ON ORG_PROJECT_ORG
(CODE)
LOGGING
;


/* This object may not be sorted properly in the script due to cirular references */
--
-- UK_ORG_SALES_ORG_CODE  (Index)
--
CREATE UNIQUE INDEX UK_ORG_SALES_ORG_CODE ON ORG_SALES_ORG
(CODE)
LOGGING
;


/* This object may not be sorted properly in the script due to cirular references */
--
-- UK_SYS_USER_GROUP_UID_GID  (Index)
--
CREATE UNIQUE INDEX UK_SYS_USER_GROUP_UID_GID ON SYS_USER_GROUP_USER
(USER_ID, USER_GROUP_ID)
LOGGING
;


/* This object may not be sorted properly in the script due to cirular references */
--
-- UK_SYS_USER_STAFF_NO  (Index)
--
CREATE UNIQUE INDEX UK_SYS_USER_STAFF_NO ON SYS_USER
(STAFF_NO)
LOGGING
;


/* This object may not be sorted properly in the script due to cirular references */
--
-- UK_SYS_USER_USER_NAME  (Index)
--
CREATE UNIQUE INDEX UK_SYS_USER_USER_NAME ON SYS_USER
(USER_NAME)
LOGGING
;


--
-- SYS_JOB_CALENDAR_PK  (Index)
--
CREATE UNIQUE INDEX SYS_JOB_CALENDAR_PK ON SYS_JOB_CALENDAR
(ID)
LOGGING
;

--
-- Non Foreign Key Constraints for Table BD_APP_LIB
--
ALTER TABLE BD_APP_LIB ADD (
  CONSTRAINT BD_APP_LIB_PK
  PRIMARY KEY
  (ID)
  USING INDEX BD_APP_LIB_PK
  ENABLE VALIDATE);

--
-- Non Foreign Key Constraints for Table FILE_CHUNK_INFO
--
ALTER TABLE FILE_CHUNK_INFO ADD (
  CONSTRAINT FILE_CHUNK_INFO_PK
  PRIMARY KEY
  (ID)
  USING INDEX FILE_CHUNK_INFO_PK
  ENABLE VALIDATE,
  CONSTRAINT UK_FILE_CHUNK_INFO_INDEX
  UNIQUE (FILE_INFO_ID, CHUNK_INDEX)
  USING INDEX UK_FILE_CHUNK_INFO_INDEX
  ENABLE VALIDATE);

--
-- Non Foreign Key Constraints for Table FILE_CONFIGURATION
--
ALTER TABLE FILE_CONFIGURATION ADD (
  CONSTRAINT FILE_CONFIGURATION_PK
  PRIMARY KEY
  (ID)
  USING INDEX FILE_CONFIGURATION_PK
  ENABLE VALIDATE,
  CONSTRAINT UK_FILE_CONFIGURATION_APP_KEY
  UNIQUE (APP_ID, CONFIGURATION_KEY)
  USING INDEX UK_FILE_CONFIGURATION_APP_KEY
  ENABLE VALIDATE);

--
-- Non Foreign Key Constraints for Table FILE_INFO
--
ALTER TABLE FILE_INFO ADD (
  CONSTRAINT FILE_INFO_PK
  PRIMARY KEY
  (ID)
  USING INDEX FILE_INFO_PK
  ENABLE VALIDATE);

--
-- Non Foreign Key Constraints for Table FILE_REPOSITORY
--
ALTER TABLE FILE_REPOSITORY ADD (
  CONSTRAINT FILE_REPOSITORY_PK
  PRIMARY KEY
  (ID)
  USING INDEX FILE_REPOSITORY_PK
  ENABLE VALIDATE);

--
-- Non Foreign Key Constraints for Table ORG_GROUP
--
ALTER TABLE ORG_GROUP ADD (
  CONSTRAINT ORG_GROUP_PK
  PRIMARY KEY
  (ID)
  USING INDEX ORG_GROUP_PK
  ENABLE VALIDATE,
  CONSTRAINT UK_ORG_GROUP_CODE
  UNIQUE (CODE)
  USING INDEX UK_ORG_GROUP_CODE
  ENABLE VALIDATE,
  CONSTRAINT UK_ORG_GROUP_NAME
  UNIQUE (NAME)
  USING INDEX UK_ORG_GROUP_NAME
  ENABLE VALIDATE,
  CONSTRAINT UK_ORG_GROUP_SORT_INDEX
  UNIQUE (PARENT_ID, SORT_INDEX)
  USING INDEX UK_ORG_GROUP_SORT_INDEX
  ENABLE VALIDATE);

--
-- Non Foreign Key Constraints for Table ORG_HR_ORG_V
--
ALTER TABLE ORG_HR_ORG_V ADD (
  CONSTRAINT ORG_HR_ORG_V_PK
  PRIMARY KEY
  (ID)
  USING INDEX ORG_HR_ORG_V_PK
  ENABLE VALIDATE);

--
-- Non Foreign Key Constraints for Table ORG_MAINTAIN_ORG_V
--
ALTER TABLE ORG_MAINTAIN_ORG_V ADD (
  CONSTRAINT ORG_MAINTAIN_ORG_V_PK
  PRIMARY KEY
  (ID)
  USING INDEX ORG_MAINTAIN_ORG_V_PK
  ENABLE VALIDATE);

--
-- Non Foreign Key Constraints for Table ORG_ORGANIZATION_V
--
ALTER TABLE ORG_ORGANIZATION_V ADD (
  CONSTRAINT ORG_ORGANIZATION_V_PK
  PRIMARY KEY
  (ID)
  USING INDEX ORG_ORGANIZATION_V_PK
  ENABLE VALIDATE);

--
-- Non Foreign Key Constraints for Table ORG_ORGANIZATION_V_TYPE
--
ALTER TABLE ORG_ORGANIZATION_V_TYPE ADD (
  CONSTRAINT ORG_ORGANIZATION_V_TYPE_PK
  PRIMARY KEY
  (ID)
  USING INDEX ORG_ORGANIZATION_V_TYPE_PK
  ENABLE VALIDATE);

--
-- Non Foreign Key Constraints for Table ORG_PROJECT_ORG_V
--
ALTER TABLE ORG_PROJECT_ORG_V ADD (
  CONSTRAINT ORG_PROJECT_ORG_V_PK
  PRIMARY KEY
  (ID)
  USING INDEX ORG_PROJECT_ORG_V_PK
  ENABLE VALIDATE);

--
-- Non Foreign Key Constraints for Table ORG_PURCHASE_ORG_V
--
ALTER TABLE ORG_PURCHASE_ORG_V ADD (
  CONSTRAINT ORG_PURCHASE_ORG_V_PK
  PRIMARY KEY
  (ID)
  USING INDEX ORG_PURCHASE_ORG_V_PK
  ENABLE VALIDATE);

--
-- Non Foreign Key Constraints for Table ORG_SALES_ORG_V
--
ALTER TABLE ORG_SALES_ORG_V ADD (
  CONSTRAINT ORG_SALES_ORG_V_PK
  PRIMARY KEY
  (ID)
  USING INDEX ORG_SALES_ORG_V_PK
  ENABLE VALIDATE);

--
-- Non Foreign Key Constraints for Table ORG_STOCK_ORG
--
ALTER TABLE ORG_STOCK_ORG ADD (
  CONSTRAINT ORG_STOCK_ORG_PK
  PRIMARY KEY
  (ID)
  USING INDEX ORG_STOCK_ORG_PK
  ENABLE VALIDATE,
  CONSTRAINT UK_ORG_STOCK_ORG_CODE
  UNIQUE (CODE)
  USING INDEX UK_ORG_STOCK_ORG_CODE
  ENABLE VALIDATE);

--
-- Non Foreign Key Constraints for Table ORG_STOCK_ORG_V
--
ALTER TABLE ORG_STOCK_ORG_V ADD (
  CONSTRAINT ORG_STOCK_ORG_V_PK
  PRIMARY KEY
  (ID)
  USING INDEX ORG_STOCK_ORG_V_PK
  ENABLE VALIDATE);

--
-- Non Foreign Key Constraints for Table ORG_TRAFFIC_ORG
--
ALTER TABLE ORG_TRAFFIC_ORG ADD (
  CONSTRAINT ORG_TRAFFIC_ORG_PK
  PRIMARY KEY
  (ID)
  USING INDEX ORG_TRAFFIC_ORG_PK
  ENABLE VALIDATE,
  CONSTRAINT UK_ORG_TRAFFIC_ORG_CODE
  UNIQUE (CODE)
  USING INDEX UK_ORG_TRAFFIC_ORG_CODE
  ENABLE VALIDATE);

--
-- Non Foreign Key Constraints for Table ORG_TRAFFIC_ORG_V
--
ALTER TABLE ORG_TRAFFIC_ORG_V ADD (
  CONSTRAINT ORG_TRAFFIC_ORG_V_PK
  PRIMARY KEY
  (ID)
  USING INDEX ORG_TRAFFIC_ORG_V_PK
  ENABLE VALIDATE);

--
-- Non Foreign Key Constraints for Table QRTZ_CALENDARS
--
ALTER TABLE QRTZ_CALENDARS ADD (
  CONSTRAINT QRTZ_CALENDARS_PK
  PRIMARY KEY
  (SCHED_NAME, CALENDAR_NAME)
  USING INDEX QRTZ_CALENDARS_PK
  ENABLE VALIDATE);

--
-- Non Foreign Key Constraints for Table QRTZ_CONFIG
--
ALTER TABLE QRTZ_CONFIG ADD (
  CONSTRAINT QRTZ_CONFIG_PK
  PRIMARY KEY
  (ID)
  USING INDEX QRTZ_CONFIG_PK
  ENABLE VALIDATE);

--
-- Non Foreign Key Constraints for Table QRTZ_FIRED_TRIGGERS
--
ALTER TABLE QRTZ_FIRED_TRIGGERS ADD (
  CONSTRAINT QRTZ_FIRED_TRIGGER_PK
  PRIMARY KEY
  (SCHED_NAME, ENTRY_ID)
  USING INDEX QRTZ_FIRED_TRIGGER_PK
  ENABLE VALIDATE);

--
-- Non Foreign Key Constraints for Table QRTZ_JOB_DETAILS
--
ALTER TABLE QRTZ_JOB_DETAILS ADD (
  CONSTRAINT QRTZ_JOB_DETAILS_PK
  PRIMARY KEY
  (SCHED_NAME, JOB_NAME, JOB_GROUP)
  USING INDEX QRTZ_JOB_DETAILS_PK
  ENABLE VALIDATE);

--
-- Non Foreign Key Constraints for Table QRTZ_LOCKS
--
ALTER TABLE QRTZ_LOCKS ADD (
  CONSTRAINT QRTZ_LOCKS_PK
  PRIMARY KEY
  (SCHED_NAME, LOCK_NAME)
  USING INDEX QRTZ_LOCKS_PK
  ENABLE VALIDATE);

--
-- Non Foreign Key Constraints for Table QRTZ_PAUSED_TRIGGER_GRPS
--
ALTER TABLE QRTZ_PAUSED_TRIGGER_GRPS ADD (
  CONSTRAINT QRTZ_PAUSED_TRIG_GRPS_PK
  PRIMARY KEY
  (SCHED_NAME, TRIGGER_GROUP)
  USING INDEX QRTZ_PAUSED_TRIG_GRPS_PK
  ENABLE VALIDATE);

--
-- Non Foreign Key Constraints for Table QRTZ_SCHEDULER_STATE
--
ALTER TABLE QRTZ_SCHEDULER_STATE ADD (
  CONSTRAINT QRTZ_SCHEDULER_STATE_PK
  PRIMARY KEY
  (SCHED_NAME, INSTANCE_NAME)
  USING INDEX QRTZ_SCHEDULER_STATE_PK
  ENABLE VALIDATE);

--
-- Non Foreign Key Constraints for Table QRTZ_TRIGGERS
--
ALTER TABLE QRTZ_TRIGGERS ADD (
  CONSTRAINT QRTZ_TRIGGERS_PK
  PRIMARY KEY
  (SCHED_NAME, TRIGGER_NAME, TRIGGER_GROUP)
  USING INDEX QRTZ_TRIGGERS_PK
  ENABLE VALIDATE);

--
-- Non Foreign Key Constraints for Table SYS_API_RESOURCE
--
ALTER TABLE SYS_API_RESOURCE ADD (
  CONSTRAINT SYS_API_RESOURCE_PK
  PRIMARY KEY
  (ID)
  USING INDEX SYS_API_RESOURCE_PK
  ENABLE VALIDATE);

--
-- Non Foreign Key Constraints for Table SYS_AUDIT_LOG
--
ALTER TABLE SYS_AUDIT_LOG ADD (
  CONSTRAINT SYS_AUDIT_LOG_PK
  PRIMARY KEY
  (ID)
  USING INDEX SYS_AUDIT_LOG_PK
  ENABLE VALIDATE);

--
-- Non Foreign Key Constraints for Table SYS_AUDIT_LOG_BACKUP
--
ALTER TABLE SYS_AUDIT_LOG_BACKUP ADD (
  CONSTRAINT SYS_AUDIT_LOG_BACKUP_PK
  PRIMARY KEY
  (ID)
  USING INDEX SYS_AUDIT_LOG_BACKUP_PK
  ENABLE VALIDATE);

--
-- Non Foreign Key Constraints for Table SYS_AUDIT_LOG_COUNT
--
ALTER TABLE SYS_AUDIT_LOG_COUNT ADD (
  CONSTRAINT SYS_AUDIT_LOG_COUNT_PK
  PRIMARY KEY
  (ID)
  USING INDEX SYS_AUDIT_LOG_COUNT_PK
  ENABLE VALIDATE);

--
-- Non Foreign Key Constraints for Table SYS_AUTH_ROLE_LV
--
ALTER TABLE SYS_AUTH_ROLE_LV ADD (
  CONSTRAINT SYS_AUTH_ROLE_LV_PK
  PRIMARY KEY
  (ID)
  USING INDEX SYS_AUTH_ROLE_LV_PK
  ENABLE VALIDATE);

--
-- Non Foreign Key Constraints for Table SYS_AUTH_ROLE_V
--
ALTER TABLE SYS_AUTH_ROLE_V ADD (
  CONSTRAINT SYS_AUTH_ROLE_V_PK
  PRIMARY KEY
  (ID)
  USING INDEX SYS_AUTH_ROLE_V_PK
  ENABLE VALIDATE);

--
-- Non Foreign Key Constraints for Table SYS_AUTH_USER_LV
--
ALTER TABLE SYS_AUTH_USER_LV ADD (
  CONSTRAINT SYS_AUTH_USER_LV_PK
  PRIMARY KEY
  (ID)
  USING INDEX SYS_AUTH_USER_LV_PK
  ENABLE VALIDATE);

--
-- Non Foreign Key Constraints for Table SYS_AUTH_USER_V
--
ALTER TABLE SYS_AUTH_USER_V ADD (
  CONSTRAINT SYS_AUTH_USER_V_PK
  PRIMARY KEY
  (ID)
  USING INDEX SYS_AUTH_USER_V_PK
  ENABLE VALIDATE);

--
-- Non Foreign Key Constraints for Table SYS_CONFIG
--
ALTER TABLE SYS_CONFIG ADD (
  CONSTRAINT SYS_CONFIG_PK
  PRIMARY KEY
  (ID)
  USING INDEX
  ENABLE VALIDATE);

--
-- Non Foreign Key Constraints for Table SYS_FORM_ITEM_TIP
--
ALTER TABLE SYS_FORM_ITEM_TIP ADD (
  CONSTRAINT SYS_FORM_ITEM_TIP_PK
  PRIMARY KEY
  (ID)
  USING INDEX SYS_FORM_ITEM_TIP_PK
  ENABLE VALIDATE);

--
-- Non Foreign Key Constraints for Table SYS_GROUP_DATASOURCE
--
ALTER TABLE SYS_GROUP_DATASOURCE ADD (
  CONSTRAINT SYS_GROUP_DATASOURCE_PK
  PRIMARY KEY
  (ID)
  USING INDEX SYS_GROUP_DATASOURCE_PK
  ENABLE VALIDATE);

--
-- Non Foreign Key Constraints for Table SYS_MSG_SEND_TYPE
--
ALTER TABLE SYS_MSG_SEND_TYPE ADD (
  CONSTRAINT SYS_MSG_SEND_TYPE_PK
  PRIMARY KEY
  (ID)
  USING INDEX SYS_MSG_SEND_TYPE_PK
  ENABLE VALIDATE);

--
-- Non Foreign Key Constraints for Table SYS_MSG_TYPE_EXTEND
--
ALTER TABLE SYS_MSG_TYPE_EXTEND ADD (
  CONSTRAINT SYS_MSG_TYPE_EXTEND_PK
  PRIMARY KEY
  (ID)
  USING INDEX SYS_MSG_TYPE_EXTEND_PK
  ENABLE VALIDATE);

--
-- Non Foreign Key Constraints for Table SYS_PASSWORD_POLICY
--
ALTER TABLE SYS_PASSWORD_POLICY ADD (
  CONSTRAINT SYS_PASSWORD_POLICY_PK
  PRIMARY KEY
  (ID)
  USING INDEX SYS_PASSWORD_POLICY_PK
  ENABLE VALIDATE);

--
-- Non Foreign Key Constraints for Table SYS_RECORD
--
ALTER TABLE SYS_RECORD ADD (
  CONSTRAINT SYS_RECORD_PK
  PRIMARY KEY
  (ID)
  USING INDEX SYS_RECORD_PK
  ENABLE VALIDATE);

--
-- Non Foreign Key Constraints for Table SYS_RULE
--
ALTER TABLE SYS_RULE ADD (
  CONSTRAINT SYS_RULE_PK
  PRIMARY KEY
  (ID)
  USING INDEX SYS_RULE_PK
  ENABLE VALIDATE,
  CONSTRAINT UK_SM_AUTH_RULE_CODE
  UNIQUE (CODE)
  USING INDEX UK_SM_AUTH_RULE_CODE
  ENABLE VALIDATE);

--
-- Non Foreign Key Constraints for Table SYS_USER_LOGIN
--
ALTER TABLE SYS_USER_LOGIN ADD (
  CONSTRAINT SYS_USER_LOGIN_PK
  PRIMARY KEY
  (ID)
  USING INDEX SYS_USER_LOGIN_PK
  ENABLE VALIDATE);

--
-- Non Foreign Key Constraints for Table SYS_USER_PASSWORD_HISTORY
--
ALTER TABLE SYS_USER_PASSWORD_HISTORY ADD (
  CONSTRAINT SYS_USER_PASSWORD_HISTORY_PK
  PRIMARY KEY
  (ID)
  USING INDEX SYS_USER_PASSWORD_HISTORY_PK
  ENABLE VALIDATE);

--
-- Non Foreign Key Constraints for Table SYS_WAIT_GRANT_AUTH
--
ALTER TABLE SYS_WAIT_GRANT_AUTH ADD (
  CONSTRAINT SYS_WAIT_GRANT_AUTH_PK
  PRIMARY KEY
  (ID)
  USING INDEX SYS_WAIT_GRANT_AUTH_PK
  ENABLE VALIDATE);

--
-- Non Foreign Key Constraints for Table BD_APP_AUTH
--
ALTER TABLE BD_APP_AUTH ADD (
  CONSTRAINT BD_APP_AUTH_PK
  PRIMARY KEY
  (ID)
  USING INDEX BD_APP_AUTH_PK
  ENABLE VALIDATE,
  CONSTRAINT UK_BD_APP_AUTH_SORT_INDEX
  UNIQUE (SORT_INDEX, PARENT_ID)
  USING INDEX UK_BD_APP_AUTH_SORT_INDEX
  ENABLE VALIDATE);

--
-- Non Foreign Key Constraints for Table BD_JOB
--
ALTER TABLE BD_JOB ADD (
  PRIMARY KEY
  (ID)
  USING INDEX
  ENABLE VALIDATE);

--
-- Non Foreign Key Constraints for Table BD_PERSON_ID_TYPE
--
ALTER TABLE BD_PERSON_ID_TYPE ADD (
  CONSTRAINT BD_PERSON_ID_TYPE_PK
  PRIMARY KEY
  (ID)
  USING INDEX BD_PERSON_ID_TYPE_PK
  ENABLE VALIDATE);
--   CONSTRAINT UK_BD_PERSON_ID_TYPE_CODE
--   UNIQUE (CODE)
--   USING INDEX UK_BD_PERSON_ID_TYPE_CODE
--   ENABLE VALIDATE);

--
-- Non Foreign Key Constraints for Table ORG_ADMIN_ORG_V
--
ALTER TABLE ORG_ADMIN_ORG_V ADD (
  CONSTRAINT ORG_ADMIN_ORG_V_PK
  PRIMARY KEY
  (ID)
  USING INDEX ORG_ADMIN_ORG_V_PK
  ENABLE VALIDATE);

--
-- Non Foreign Key Constraints for Table ORG_ASSET_ORG_V
--
ALTER TABLE ORG_ASSET_ORG_V ADD (
  CONSTRAINT ORG_ASSET_ORG_V_PK
  PRIMARY KEY
  (ID)
  USING INDEX ORG_ASSET_ORG_V_PK
  ENABLE VALIDATE);

--
-- Non Foreign Key Constraints for Table ORG_CORPORATION_V
--
ALTER TABLE ORG_CORPORATION_V ADD (
  CONSTRAINT ORG_CORPORATION_V_PK
  PRIMARY KEY
  (ID)
  USING INDEX ORG_CORPORATION_V_PK
  ENABLE VALIDATE);

--
-- Non Foreign Key Constraints for Table ORG_DEPARTMENT_V
--
ALTER TABLE ORG_DEPARTMENT_V ADD (
  CONSTRAINT ORG_DEPARTMENT_V_PK
  PRIMARY KEY
  (ID)
  USING INDEX ORG_DEPARTMENT_V_PK
  ENABLE VALIDATE);

--
-- Non Foreign Key Constraints for Table ORG_FACTORY_ORG_V
--
ALTER TABLE ORG_FACTORY_ORG_V ADD (
  CONSTRAINT ORG_FACTORY_ORG_V_PK
  PRIMARY KEY
  (ID)
  USING INDEX ORG_FACTORY_ORG_V_PK
  ENABLE VALIDATE);

--
-- Non Foreign Key Constraints for Table ORG_FINANCE_ORG
--
ALTER TABLE ORG_FINANCE_ORG ADD (
  CONSTRAINT ORG_FINANCE_ORG_PK
  PRIMARY KEY
  (ID)
  USING INDEX ORG_FINANCE_ORG_PK
  ENABLE VALIDATE,
  CONSTRAINT UK_ORG_FINANCE_ORG_CODE
  UNIQUE (CODE)
  USING INDEX UK_ORG_FINANCE_ORG_CODE
  ENABLE VALIDATE);

--
-- Non Foreign Key Constraints for Table ORG_FINANCE_ORG_V
--
ALTER TABLE ORG_FINANCE_ORG_V ADD (
  CONSTRAINT ORG_FINANCE_ORG_V_PK
  PRIMARY KEY
  (ID)
  USING INDEX ORG_FINANCE_ORG_V_PK
  ENABLE VALIDATE);

--
-- Non Foreign Key Constraints for Table QRTZ_BLOB_TRIGGERS
--
ALTER TABLE QRTZ_BLOB_TRIGGERS ADD (
  CONSTRAINT QRTZ_BLOB_TRIG_PK
  PRIMARY KEY
  (SCHED_NAME, TRIGGER_NAME, TRIGGER_GROUP)
  USING INDEX QRTZ_BLOB_TRIG_PK
  ENABLE VALIDATE);

--
-- Non Foreign Key Constraints for Table QRTZ_CRON_TRIGGERS
--
ALTER TABLE QRTZ_CRON_TRIGGERS ADD (
  CONSTRAINT QRTZ_CRON_TRIG_PK
  PRIMARY KEY
  (SCHED_NAME, TRIGGER_NAME, TRIGGER_GROUP)
  USING INDEX QRTZ_CRON_TRIG_PK
  ENABLE VALIDATE);

--
-- Non Foreign Key Constraints for Table QRTZ_SIMPLE_TRIGGERS
--
ALTER TABLE QRTZ_SIMPLE_TRIGGERS ADD (
  CONSTRAINT QRTZ_SIMPLE_TRIG_PK
  PRIMARY KEY
  (SCHED_NAME, TRIGGER_NAME, TRIGGER_GROUP)
  USING INDEX QRTZ_SIMPLE_TRIG_PK
  ENABLE VALIDATE);

--
-- Non Foreign Key Constraints for Table QRTZ_SIMPROP_TRIGGERS
--
ALTER TABLE QRTZ_SIMPROP_TRIGGERS ADD (
  CONSTRAINT QRTZ_SIMPROP_TRIG_PK
  PRIMARY KEY
  (SCHED_NAME, TRIGGER_NAME, TRIGGER_GROUP)
  USING INDEX QRTZ_SIMPROP_TRIG_PK
  ENABLE VALIDATE);

--
-- Non Foreign Key Constraints for Table SYS_GROUP_APP
--
ALTER TABLE SYS_GROUP_APP ADD (
  CONSTRAINT SYS_GROUP_APP_PK
  PRIMARY KEY
  (ID)
  USING INDEX SYS_GROUP_APP_PK
  ENABLE VALIDATE);

--
-- Non Foreign Key Constraints for Table SYS_MESSAGE
--
ALTER TABLE SYS_MESSAGE ADD (
  CONSTRAINT SYS_MESSAGE_PK
  PRIMARY KEY
  (ID)
  USING INDEX SYS_MESSAGE_PK
  ENABLE VALIDATE);

--
-- Non Foreign Key Constraints for Table SYS_ROLE
--
ALTER TABLE SYS_ROLE ADD (
  CONSTRAINT SYS_ROLE_PK
  PRIMARY KEY
  (ID)
  USING INDEX SYS_ROLE_PK
  ENABLE VALIDATE);

--
-- Non Foreign Key Constraints for Table SYS_ROLE_MUTEX
--
ALTER TABLE SYS_ROLE_MUTEX ADD (
  CONSTRAINT SYS_ROLE_MUTEX_PK
  PRIMARY KEY
  (ID)
  USING INDEX SYS_ROLE_MUTEX_PK
  ENABLE VALIDATE);

--
-- Non Foreign Key Constraints for Table SYS_ROLE_RELATION
--
ALTER TABLE SYS_ROLE_RELATION ADD (
  CONSTRAINT SYS_ROLE_RELATION_PK
  PRIMARY KEY
  (ID)
  USING INDEX SYS_ROLE_RELATION_PK
  ENABLE VALIDATE);

--
-- Non Foreign Key Constraints for Table META_TABLE
--
ALTER TABLE META_TABLE ADD (
  CONSTRAINT META_TABLE_PK
  PRIMARY KEY
  (ID)
  USING INDEX META_TABLE_PK
  ENABLE VALIDATE);

--
-- Non Foreign Key Constraints for Table META_VIEW
--
ALTER TABLE META_VIEW ADD (
  CONSTRAINT META_VIEW_PK
  PRIMARY KEY
  (ID)
  USING INDEX META_VIEW_PK
  ENABLE VALIDATE);

--
-- Non Foreign Key Constraints for Table META_VIEW_COL
--
ALTER TABLE META_VIEW_COL ADD (
  CONSTRAINT META_VIEW_COL_PK
  PRIMARY KEY
  (ID)
  USING INDEX META_VIEW_COL_PK
  ENABLE VALIDATE);

--
-- Non Foreign Key Constraints for Table SYS_AUTH
--
ALTER TABLE SYS_AUTH ADD (
  CONSTRAINT SYS_AUTH_PK
  PRIMARY KEY
  (ID)
  USING INDEX SYS_AUTH_PK
  ENABLE VALIDATE);

--
-- Non Foreign Key Constraints for Table SYS_AUTH_API
--
ALTER TABLE SYS_AUTH_API ADD (
  CONSTRAINT SYS_AUTH_API_PK
  PRIMARY KEY
  (ID)
  USING INDEX SYS_AUTH_API_PK
  ENABLE VALIDATE);

--
-- Non Foreign Key Constraints for Table SYS_AUTH_ROLE
--
ALTER TABLE SYS_AUTH_ROLE ADD (
  CONSTRAINT SYS_AUTH_ROLE_PK
  PRIMARY KEY
  (ID)
  USING INDEX SYS_AUTH_ROLE_PK
  ENABLE VALIDATE);

--
-- Non Foreign Key Constraints for Table SYS_DICT
--
ALTER TABLE SYS_DICT ADD (
  CONSTRAINT SYS_DICT_PK
  PRIMARY KEY
  (ID)
  USING INDEX SYS_DICT_PK
  ENABLE VALIDATE);

--
-- Non Foreign Key Constraints for Table SYS_DICT_VALUE
--
ALTER TABLE SYS_DICT_VALUE ADD (
  CONSTRAINT SYS_DICT_VALUE_PK
  PRIMARY KEY
  (ID)
  USING INDEX SYS_DICT_VALUE_PK
  ENABLE VALIDATE);

--
-- Non Foreign Key Constraints for Table SYS_MENU
--
ALTER TABLE SYS_MENU ADD (
  CONSTRAINT SYS_MENU_PK
  PRIMARY KEY
  (ID)
  USING INDEX SYS_MENU_PK
  ENABLE VALIDATE,
  CONSTRAINT UK_SYS_MENU_PID_SORT_INDEX
  UNIQUE (PARENT_ID, APP_ID, SORT_INDEX)
  USING INDEX UK_SYS_MENU_PID_SORT_INDEX
  ENABLE VALIDATE);

--
-- Non Foreign Key Constraints for Table META_COLUMN
--
ALTER TABLE META_COLUMN ADD (
  CONSTRAINT META_COLUMN_PK
  PRIMARY KEY
  (ID)
  USING INDEX META_COLUMN_PK
  ENABLE VALIDATE);

--
-- Non Foreign Key Constraints for Table META_INDEX
--
ALTER TABLE META_INDEX ADD (
  CONSTRAINT META_INDEX_PK
  PRIMARY KEY
  (ID)
  USING INDEX META_INDEX_PK
  ENABLE VALIDATE);

--
-- Non Foreign Key Constraints for Table META_ASSOCIATION
--
ALTER TABLE META_ASSOCIATION ADD (
  CONSTRAINT META_ASSOCIATION_PK
  PRIMARY KEY
  (ID)
  USING INDEX META_ASSOCIATION_PK
  ENABLE VALIDATE);

--
-- Non Foreign Key Constraints for Table BD_PERSON_DOC
--
ALTER TABLE BD_PERSON_DOC ADD (
  CONSTRAINT BD_PERSON_DOC_PK
  PRIMARY KEY
  (ID)
  USING INDEX BD_PERSON_DOC_PK
  ENABLE VALIDATE,
  CONSTRAINT UK_BD_PERSON_DOC_CODE
  UNIQUE (CODE)
  USING INDEX UK_BD_PERSON_DOC_CODE
  ENABLE VALIDATE);
--   CONSTRAINT UK_BD_PERSON_DOC_NAME
--   UNIQUE (NAME)
--   USING INDEX UK_BD_PERSON_DOC_NAME
--   ENABLE VALIDATE);

--
-- Non Foreign Key Constraints for Table BD_PERSON_JOB
--
ALTER TABLE BD_PERSON_JOB ADD (
  CONSTRAINT BD_PERSON_JOB_PK
  PRIMARY KEY
  (ID)
  USING INDEX BD_PERSON_JOB_PK
  ENABLE VALIDATE);

--
-- Non Foreign Key Constraints for Table BD_POST
--
ALTER TABLE BD_POST ADD (
  PRIMARY KEY
  (ID)
  USING INDEX
  ENABLE VALIDATE);

--
-- Non Foreign Key Constraints for Table ORG_ADMIN_ORG
--
ALTER TABLE ORG_ADMIN_ORG ADD (
  CONSTRAINT ORG_ADMIN_ORG_PK
  PRIMARY KEY
  (ID)
  USING INDEX ORG_ADMIN_ORG_PK
  ENABLE VALIDATE,
  CONSTRAINT UK_ORG_ADMIN_ORG_CODE
  UNIQUE (CODE)
  USING INDEX UK_ORG_ADMIN_ORG_CODE
  ENABLE VALIDATE);

--
-- Non Foreign Key Constraints for Table ORG_ASSET_ORG
--
ALTER TABLE ORG_ASSET_ORG ADD (
  CONSTRAINT ORG_ASSET_ORG_PK
  PRIMARY KEY
  (ID)
  USING INDEX ORG_ASSET_ORG_PK
  ENABLE VALIDATE,
  CONSTRAINT UK_ORG_ASSET_ORG_CODE
  UNIQUE (CODE)
  USING INDEX UK_ORG_ASSET_ORG_CODE
  ENABLE VALIDATE);

--
-- Non Foreign Key Constraints for Table ORG_CORPORATION
--
ALTER TABLE ORG_CORPORATION ADD (
  CONSTRAINT ORG_CORPORATION_PK
  PRIMARY KEY
  (ID)
  USING INDEX ORG_CORPORATION_PK
  ENABLE VALIDATE,
  CONSTRAINT UK_ORG_CORPORATION_CODE
  UNIQUE (CODE)
  USING INDEX UK_ORG_CORPORATION_CODE
  ENABLE VALIDATE,
  CONSTRAINT UK_ORG_COR_SORT_INDEX_PID
  UNIQUE (PARENT_ID, SORT_INDEX)
  USING INDEX UK_ORG_COR_SORT_INDEX_PID
  ENABLE VALIDATE);

--
-- Non Foreign Key Constraints for Table ORG_DEPARTMENT
--
ALTER TABLE ORG_DEPARTMENT ADD (
  CONSTRAINT ORG_DEPARTMENT_PK
  PRIMARY KEY
  (ID)
  USING INDEX ORG_DEPARTMENT_PK
  ENABLE VALIDATE,
  CONSTRAINT UK_ORG_DEPARTMENT_CODE
  UNIQUE (CODE)
  USING INDEX UK_ORG_DEPARTMENT_CODE
  ENABLE VALIDATE);

--
-- Non Foreign Key Constraints for Table ORG_FACTORY_ORG
--
ALTER TABLE ORG_FACTORY_ORG ADD (
  CONSTRAINT ORG_FACTORY_ORG_PK
  PRIMARY KEY
  (ID)
  USING INDEX ORG_FACTORY_ORG_PK
  ENABLE VALIDATE,
  CONSTRAINT UK_ORG_FACTORY_ORG_CODE
  UNIQUE (CODE)
  USING INDEX UK_ORG_FACTORY_ORG_CODE
  ENABLE VALIDATE);

--
-- Non Foreign Key Constraints for Table ORG_HR_ORG
--
ALTER TABLE ORG_HR_ORG ADD (
  CONSTRAINT ORG_HR_ORG_PK
  PRIMARY KEY
  (ID)
  USING INDEX ORG_HR_ORG_PK
  ENABLE VALIDATE,
  CONSTRAINT FK_ORG_HR_ORG_CODE
  UNIQUE (CODE)
  USING INDEX FK_ORG_HR_ORG_CODE
  ENABLE VALIDATE);

--
-- Non Foreign Key Constraints for Table ORG_MAINTAIN_ORG
--
ALTER TABLE ORG_MAINTAIN_ORG ADD (
  CONSTRAINT ORG_MAINTAIN_ORG_PK
  PRIMARY KEY
  (ID)
  USING INDEX ORG_MAINTAIN_ORG_PK
  ENABLE VALIDATE,
  CONSTRAINT UK_ORG_MAINTAIN_ORG_CODE
  UNIQUE (CODE)
  USING INDEX UK_ORG_MAINTAIN_ORG_CODE
  ENABLE VALIDATE);

--
-- Non Foreign Key Constraints for Table ORG_ORGANIZATION
--
ALTER TABLE ORG_ORGANIZATION ADD (
  CONSTRAINT ORG_ORGANIZATION_PK
  PRIMARY KEY
  (ID)
  USING INDEX ORG_ORGANIZATION_PK
  ENABLE VALIDATE,
  CONSTRAINT UK_ORG_ORGANIZATION_CODE
  UNIQUE (CODE)
  USING INDEX UK_ORG_ORGANIZATION_CODE
  ENABLE VALIDATE);
--   CONSTRAINT UK_ORG_ORG_PID_SORT_INDEX
--   UNIQUE (PARENT_ID, SORT_INDEX)
--   USING INDEX UK_ORG_ORG_PID_SORT_INDEX
--   ENABLE VALIDATE);

--
-- Non Foreign Key Constraints for Table ORG_ORGANIZATION_TYPE
--
ALTER TABLE ORG_ORGANIZATION_TYPE ADD (
  CONSTRAINT ORG_ORGANIZATION_TYPE_PK
  PRIMARY KEY
  (ID)
  USING INDEX ORG_ORGANIZATION_TYPE_PK
  ENABLE VALIDATE);

--
-- Non Foreign Key Constraints for Table ORG_PROJECT_ORG
--
ALTER TABLE ORG_PROJECT_ORG ADD (
  CONSTRAINT ORG_PROJECT_ORG_PK
  PRIMARY KEY
  (ID)
  USING INDEX ORG_PROJECT_ORG_PK
  ENABLE VALIDATE,
  CONSTRAINT UK_ORG_PROJECT_ORG_CODE
  UNIQUE (CODE)
  USING INDEX UK_ORG_PROJECT_ORG_CODE
  ENABLE VALIDATE);

--
-- Non Foreign Key Constraints for Table ORG_PURCHASE_ORG
--
ALTER TABLE ORG_PURCHASE_ORG ADD (
  CONSTRAINT ORG_PURCHASE_ORG_PK
  PRIMARY KEY
  (ID)
  USING INDEX ORG_PURCHASE_ORG_PK
  ENABLE VALIDATE,
  CONSTRAINT FK_ORG_PURCHASE_ORG_CODE
  UNIQUE (CODE)
  USING INDEX FK_ORG_PURCHASE_ORG_CODE
  ENABLE VALIDATE);

--
-- Non Foreign Key Constraints for Table ORG_SALES_ORG
--
ALTER TABLE ORG_SALES_ORG ADD (
  CONSTRAINT ORG_SALES_ORG_PK
  PRIMARY KEY
  (ID)
  USING INDEX ORG_SALES_ORG_PK
  ENABLE VALIDATE,
  CONSTRAINT UK_ORG_SALES_ORG_CODE
  UNIQUE (CODE)
  USING INDEX UK_ORG_SALES_ORG_CODE
  ENABLE VALIDATE);

--
-- Non Foreign Key Constraints for Table SYS_API_MIX
--
ALTER TABLE SYS_API_MIX ADD (
  CONSTRAINT SYS_API_MIX_PK
  PRIMARY KEY
  (ID)
  USING INDEX SYS_API_MIX_PK
  ENABLE VALIDATE);

--
-- Non Foreign Key Constraints for Table SYS_AUTH_MIX
--
ALTER TABLE SYS_AUTH_MIX ADD (
  CONSTRAINT SYS_AUTH_MIX_PK
  PRIMARY KEY
  (ID)
  USING INDEX SYS_AUTH_MIX_PK
  ENABLE VALIDATE);

--
-- Non Foreign Key Constraints for Table SYS_AUTH_SCOPE_APP
--
ALTER TABLE SYS_AUTH_SCOPE_APP ADD (
  CONSTRAINT SYS_AUTH_SCOPE_APP_PK
  PRIMARY KEY
  (ID)
  USING INDEX SYS_AUTH_SCOPE_APP_PK
  ENABLE VALIDATE);

--
-- Non Foreign Key Constraints for Table SYS_AUTH_SCOPE_ORG
--
ALTER TABLE SYS_AUTH_SCOPE_ORG ADD (
  CONSTRAINT SYS_AUTH_SCOPE_ORG_PK
  PRIMARY KEY
  (ID)
  USING INDEX SYS_AUTH_SCOPE_ORG_PK
  ENABLE VALIDATE);

--
-- Non Foreign Key Constraints for Table SYS_AUTH_SCOPE_USER_GROUP
--
ALTER TABLE SYS_AUTH_SCOPE_USER_GROUP ADD (
  CONSTRAINT SYS_AUTH_SCOPE_USER_GROUP_PK
  PRIMARY KEY
  (ID)
  USING INDEX SYS_AUTH_SCOPE_USER_GROUP_PK
  ENABLE VALIDATE);

--
-- Non Foreign Key Constraints for Table SYS_AUTH_USER
--
ALTER TABLE SYS_AUTH_USER ADD (
  CONSTRAINT SYS_AUTH_USER_PK
  PRIMARY KEY
  (ID)
  USING INDEX SYS_AUTH_USER_PK
  ENABLE VALIDATE);

--
-- Non Foreign Key Constraints for Table SYS_MSG_READ
--
ALTER TABLE SYS_MSG_READ ADD (
  CONSTRAINT SYS_MSG_READ_PK
  PRIMARY KEY
  (ID)
  USING INDEX SYS_MSG_READ_PK
  ENABLE VALIDATE);

--
-- Non Foreign Key Constraints for Table SYS_MSG_UNREAD
--
ALTER TABLE SYS_MSG_UNREAD ADD (
  CONSTRAINT SYS_MSG_UNREAD_PK
  PRIMARY KEY
  (ID)
  USING INDEX SYS_MSG_UNREAD_PK
  ENABLE VALIDATE);

--
-- Non Foreign Key Constraints for Table SYS_USER
--
ALTER TABLE SYS_USER ADD (
  CONSTRAINT SYS_USER_PK
  PRIMARY KEY
  (ID)
  USING INDEX SYS_USER_PK
  ENABLE VALIDATE,
  CONSTRAINT UK_SYS_USER_STAFF_NO
  UNIQUE (STAFF_NO)
  USING INDEX UK_SYS_USER_STAFF_NO
  ENABLE VALIDATE,
  CONSTRAINT UK_SYS_USER_USER_NAME
  UNIQUE (USER_NAME)
  USING INDEX UK_SYS_USER_USER_NAME
  ENABLE VALIDATE);

--
-- Non Foreign Key Constraints for Table SYS_USER_ADMIN_ORG
--
ALTER TABLE SYS_USER_ADMIN_ORG ADD (
  CONSTRAINT SYS_USER_ADMIN_ORG_PK
  PRIMARY KEY
  (ID)
  USING INDEX SYS_USER_ADMIN_ORG_PK
  ENABLE VALIDATE);

--
-- Non Foreign Key Constraints for Table SYS_USER_ADMIN_USER_GROUP
--
ALTER TABLE SYS_USER_ADMIN_USER_GROUP ADD (
  CONSTRAINT SYS_USER_ADMIN_USER_GROUP_PK
  PRIMARY KEY
  (ID)
  USING INDEX SYS_USER_ADMIN_USER_GROUP_PK
  ENABLE VALIDATE);

--
-- Non Foreign Key Constraints for Table SYS_USER_GROUP
--
ALTER TABLE SYS_USER_GROUP ADD (
  CONSTRAINT SYS_USER_GROUP_PK
  PRIMARY KEY
  (ID)
  USING INDEX SYS_USER_GROUP_PK
  ENABLE VALIDATE);

--
-- Non Foreign Key Constraints for Table SYS_USER_GROUP_USER
--
ALTER TABLE SYS_USER_GROUP_USER ADD (
  CONSTRAINT SYS_USER_GROUP_USER_PK
  PRIMARY KEY
  (ID)
  USING INDEX SYS_USER_GROUP_USER_PK
  ENABLE VALIDATE,
  CONSTRAINT UK_SYS_USER_GROUP_UID_GID
  UNIQUE (USER_ID, USER_GROUP_ID)
  USING INDEX UK_SYS_USER_GROUP_UID_GID
  ENABLE VALIDATE);

--
-- Non Foreign Key Constraints for Table SYS_USER_ROLE
--
ALTER TABLE SYS_USER_ROLE ADD (
  CONSTRAINT SYS_USER_ROLE_PK
  PRIMARY KEY
  (ID)
  USING INDEX SYS_USER_ROLE_PK
  ENABLE VALIDATE);

--
-- Non Foreign Key Constraints for Table SYS_USER_ROLE_LV
--
ALTER TABLE SYS_USER_ROLE_LV ADD (
  CONSTRAINT SYS_USER_ROLE_LV_PK
  PRIMARY KEY
  (ID)
  USING INDEX SYS_USER_ROLE_LV_PK
  ENABLE VALIDATE);

--
-- Non Foreign Key Constraints for Table SYS_USER_ROLE_V
--
ALTER TABLE SYS_USER_ROLE_V ADD (
  CONSTRAINT SYS_USER_ROLE_V_PK
  PRIMARY KEY
  (ID)
  USING INDEX SYS_USER_ROLE_V_PK
  ENABLE VALIDATE);

--
-- Foreign Key Constraints for Table ORG_HR_ORG_V
--
ALTER TABLE ORG_HR_ORG_V ADD (
  CONSTRAINT FK_ORG_HR_ORG_V_GROUP_ID
  FOREIGN KEY (GROUP_ID)
  REFERENCES ORG_GROUP (ID)
  ON DELETE CASCADE
  ENABLE VALIDATE);

--
-- Foreign Key Constraints for Table ORG_MAINTAIN_ORG_V
--
ALTER TABLE ORG_MAINTAIN_ORG_V ADD (
  CONSTRAINT FK_ORG_MAINTAIN_ORG_V_GID
  FOREIGN KEY (GROUP_ID)
  REFERENCES ORG_GROUP (ID)
  ON DELETE CASCADE
  ENABLE VALIDATE);

--
-- Foreign Key Constraints for Table ORG_ORGANIZATION_V
--
ALTER TABLE ORG_ORGANIZATION_V ADD (
  CONSTRAINT FK_ORG_ORGANIZATION_V_GID
  FOREIGN KEY (GROUP_ID)
  REFERENCES ORG_GROUP (ID)
  ON DELETE CASCADE
  ENABLE VALIDATE);

--
-- Foreign Key Constraints for Table ORG_ORGANIZATION_V_TYPE
--
ALTER TABLE ORG_ORGANIZATION_V_TYPE ADD (
  CONSTRAINT FK_ORG_ORGANIZATION_V_TYPE_ID
  FOREIGN KEY (ID)
  REFERENCES ORG_ORGANIZATION_V (ID)
  ON DELETE CASCADE
  ENABLE VALIDATE);

--
-- Foreign Key Constraints for Table ORG_PROJECT_ORG_V
--
ALTER TABLE ORG_PROJECT_ORG_V ADD (
  CONSTRAINT FK_ORG_PROJECT_ORG_V_GROUP_ID
  FOREIGN KEY (GROUP_ID)
  REFERENCES ORG_GROUP (ID)
  ON DELETE CASCADE
  ENABLE VALIDATE);

--
-- Foreign Key Constraints for Table ORG_PURCHASE_ORG_V
--
ALTER TABLE ORG_PURCHASE_ORG_V ADD (
  CONSTRAINT FK_ORG_PURCHASE_ORG_V_GID
  FOREIGN KEY (GROUP_ID)
  REFERENCES ORG_GROUP (ID)
  ON DELETE CASCADE
  ENABLE VALIDATE);

--
-- Foreign Key Constraints for Table ORG_SALES_ORG_V
--
ALTER TABLE ORG_SALES_ORG_V ADD (
  CONSTRAINT FK_ORG_SALES_ORG_V_GROUP_ID
  FOREIGN KEY (GROUP_ID)
  REFERENCES ORG_GROUP (ID)
  ON DELETE CASCADE
  ENABLE VALIDATE);

--
-- Foreign Key Constraints for Table ORG_STOCK_ORG
--
ALTER TABLE ORG_STOCK_ORG ADD (
  CONSTRAINT FK_ORG_STOCK_ORG_GROUP_ID
  FOREIGN KEY (GROUP_ID)
  REFERENCES ORG_GROUP (ID)
  ON DELETE CASCADE
  ENABLE VALIDATE);

--
-- Foreign Key Constraints for Table ORG_STOCK_ORG_V
--
ALTER TABLE ORG_STOCK_ORG_V ADD (
  CONSTRAINT FK_ORG_STOCK_ORG_V_GROUP_ID
  FOREIGN KEY (GROUP_ID)
  REFERENCES ORG_GROUP (ID)
  ON DELETE CASCADE
  ENABLE VALIDATE);

--
-- Foreign Key Constraints for Table ORG_TRAFFIC_ORG
--
ALTER TABLE ORG_TRAFFIC_ORG ADD (
  CONSTRAINT FK_ORG_TRAFFIC_ORG_GROUP_ID
  FOREIGN KEY (GROUP_ID)
  REFERENCES ORG_GROUP (ID)
  ON DELETE CASCADE
  ENABLE VALIDATE);

--
-- Foreign Key Constraints for Table ORG_TRAFFIC_ORG_V
--
ALTER TABLE ORG_TRAFFIC_ORG_V ADD (
  CONSTRAINT FK_ORG_TRAFFIC_ORG_V_GROUP_ID
  FOREIGN KEY (GROUP_ID)
  REFERENCES ORG_GROUP (ID)
  ON DELETE CASCADE
  ENABLE VALIDATE);

--
-- Foreign Key Constraints for Table QRTZ_TRIGGERS
--
ALTER TABLE QRTZ_TRIGGERS ADD (
  CONSTRAINT QRTZ_TRIGGER_TO_JOBS_FK
  FOREIGN KEY (SCHED_NAME, JOB_NAME, JOB_GROUP)
  REFERENCES QRTZ_JOB_DETAILS (SCHED_NAME,JOB_NAME,JOB_GROUP)
  ENABLE VALIDATE);

--
-- Foreign Key Constraints for Table SYS_AUTH_ROLE_V
--
ALTER TABLE SYS_AUTH_ROLE_V ADD (
  CONSTRAINT FK_SYS_AUTH_ROLE_LV_ID
  FOREIGN KEY (LV_ID)
  REFERENCES SYS_AUTH_ROLE_LV (ID)
  ENABLE VALIDATE);

--
-- Foreign Key Constraints for Table SYS_AUTH_USER_V
--
ALTER TABLE SYS_AUTH_USER_V ADD (
  CONSTRAINT FK_SYS_AUTH_USER_LV_ID
  FOREIGN KEY (LV_ID)
  REFERENCES SYS_AUTH_USER_LV (ID)
  ENABLE VALIDATE);

--
-- Foreign Key Constraints for Table SYS_GROUP_DATASOURCE
--
ALTER TABLE SYS_GROUP_DATASOURCE ADD (
  CONSTRAINT FK_SYS_GROUP_DATASOURCE_GID
  FOREIGN KEY (GROUP_ID)
  REFERENCES ORG_GROUP (ID)
  ON DELETE CASCADE
  ENABLE VALIDATE);

--
-- Foreign Key Constraints for Table BD_APP_AUTH
--
ALTER TABLE BD_APP_AUTH ADD (
  CONSTRAINT FK_BD_APP_AUTH_APP_LIB_ID
  FOREIGN KEY (APP_LIB_ID)
  REFERENCES BD_APP_LIB (ID)
  ON DELETE CASCADE
  ENABLE VALIDATE);

--
-- Foreign Key Constraints for Table BD_JOB
--
ALTER TABLE BD_JOB ADD (
  CONSTRAINT FK_BD_JOB_GROUP_ID
  FOREIGN KEY (GROUP_ID)
  REFERENCES ORG_GROUP (ID)
  ON DELETE CASCADE
  ENABLE VALIDATE);

--
-- Foreign Key Constraints for Table BD_PERSON_ID_TYPE
--
ALTER TABLE BD_PERSON_ID_TYPE ADD (
  CONSTRAINT FK_BD_PERSON_ID_TYPE_GROUP_ID
  FOREIGN KEY (GROUP_ID)
  REFERENCES ORG_GROUP (ID)
  ON DELETE CASCADE
  ENABLE VALIDATE);

--
-- Foreign Key Constraints for Table ORG_ADMIN_ORG_V
--
ALTER TABLE ORG_ADMIN_ORG_V ADD (
  CONSTRAINT FK_ORG_ADMIN_ORG_V_GROUP_ID
  FOREIGN KEY (GROUP_ID)
  REFERENCES ORG_GROUP (ID)
  ON DELETE CASCADE
  ENABLE VALIDATE);

--
-- Foreign Key Constraints for Table ORG_ASSET_ORG_V
--
ALTER TABLE ORG_ASSET_ORG_V ADD (
  CONSTRAINT FK_ORG_ASSET_ORG_V_GROUP_ID
  FOREIGN KEY (GROUP_ID)
  REFERENCES ORG_GROUP (ID)
  ON DELETE CASCADE
  ENABLE VALIDATE);

--
-- Foreign Key Constraints for Table ORG_CORPORATION_V
--
ALTER TABLE ORG_CORPORATION_V ADD (
  CONSTRAINT FK_ORG_CORPORATION_V_GROUP_ID
  FOREIGN KEY (GROUP_ID)
  REFERENCES ORG_GROUP (ID)
  ON DELETE CASCADE
  ENABLE VALIDATE);

--
-- Foreign Key Constraints for Table ORG_DEPARTMENT_V
--
ALTER TABLE ORG_DEPARTMENT_V ADD (
  CONSTRAINT FK_ORG_DEPARTMENT_V_GROUP_ID
  FOREIGN KEY (GROUP_ID)
  REFERENCES ORG_GROUP (ID)
  ON DELETE CASCADE
  ENABLE VALIDATE);

--
-- Foreign Key Constraints for Table ORG_FACTORY_ORG_V
--
ALTER TABLE ORG_FACTORY_ORG_V ADD (
  CONSTRAINT FK_ORG_FACTORY_ORG_V_GROUP_ID
  FOREIGN KEY (GROUP_ID)
  REFERENCES ORG_GROUP (ID)
  ON DELETE CASCADE
  ENABLE VALIDATE);

--
-- Foreign Key Constraints for Table ORG_FINANCE_ORG
--
ALTER TABLE ORG_FINANCE_ORG ADD (
  CONSTRAINT FK_ORG_FINANCE_ORG_GROUP_ID
  FOREIGN KEY (GROUP_ID)
  REFERENCES ORG_GROUP (ID)
  ON DELETE CASCADE
  ENABLE VALIDATE);

--
-- Foreign Key Constraints for Table ORG_FINANCE_ORG_V
--
ALTER TABLE ORG_FINANCE_ORG_V ADD (
  CONSTRAINT FK_ORG_FINANCE_ORG_V_GROUP_ID
  FOREIGN KEY (GROUP_ID)
  REFERENCES ORG_GROUP (ID)
  ON DELETE CASCADE
  ENABLE VALIDATE);

--
-- Foreign Key Constraints for Table QRTZ_BLOB_TRIGGERS
--
ALTER TABLE QRTZ_BLOB_TRIGGERS ADD (
  CONSTRAINT QRTZ_BLOB_TRIG_TO_TRIG_FK
  FOREIGN KEY (SCHED_NAME, TRIGGER_NAME, TRIGGER_GROUP)
  REFERENCES QRTZ_TRIGGERS (SCHED_NAME,TRIGGER_NAME,TRIGGER_GROUP)
  ENABLE VALIDATE);

--
-- Foreign Key Constraints for Table QRTZ_CRON_TRIGGERS
--
ALTER TABLE QRTZ_CRON_TRIGGERS ADD (
  CONSTRAINT QRTZ_CRON_TRIG_TO_TRIG_FK
  FOREIGN KEY (SCHED_NAME, TRIGGER_NAME, TRIGGER_GROUP)
  REFERENCES QRTZ_TRIGGERS (SCHED_NAME,TRIGGER_NAME,TRIGGER_GROUP)
  ENABLE VALIDATE);

--
-- Foreign Key Constraints for Table QRTZ_SIMPLE_TRIGGERS
--
ALTER TABLE QRTZ_SIMPLE_TRIGGERS ADD (
  CONSTRAINT QRTZ_SIMPLE_TRIG_TO_TRIG_FK
  FOREIGN KEY (SCHED_NAME, TRIGGER_NAME, TRIGGER_GROUP)
  REFERENCES QRTZ_TRIGGERS (SCHED_NAME,TRIGGER_NAME,TRIGGER_GROUP)
  ENABLE VALIDATE);

--
-- Foreign Key Constraints for Table QRTZ_SIMPROP_TRIGGERS
--
ALTER TABLE QRTZ_SIMPROP_TRIGGERS ADD (
  CONSTRAINT QRTZ_SIMPROP_TRIG_TO_TRIG_FK
  FOREIGN KEY (SCHED_NAME, TRIGGER_NAME, TRIGGER_GROUP)
  REFERENCES QRTZ_TRIGGERS (SCHED_NAME,TRIGGER_NAME,TRIGGER_GROUP)
  ENABLE VALIDATE);

--
-- Foreign Key Constraints for Table SYS_GROUP_APP
--
ALTER TABLE SYS_GROUP_APP ADD (
  CONSTRAINT FK_SYS_GROUP_APP_DS_ID
  FOREIGN KEY (DATASOURCE_ID)
  REFERENCES SYS_GROUP_DATASOURCE (ID)
  ON DELETE CASCADE
  ENABLE VALIDATE,
  CONSTRAINT FK_SYS_GROUP_APP_GROUP_ID
  FOREIGN KEY (GROUP_ID)
  REFERENCES ORG_GROUP (ID)
  ON DELETE CASCADE
  ENABLE VALIDATE);

--
-- Foreign Key Constraints for Table SYS_MESSAGE
--
ALTER TABLE SYS_MESSAGE ADD (
  CONSTRAINT FK_SYS_MESSAGE_APP_ID
  FOREIGN KEY (APP_ID)
  REFERENCES SYS_GROUP_APP (ID)
  ON DELETE CASCADE
  ENABLE VALIDATE);

--
-- Foreign Key Constraints for Table SYS_ROLE
--
ALTER TABLE SYS_ROLE ADD (
  CONSTRAINT FK_SYS_ROLE_APP_ID
  FOREIGN KEY (APP_ID)
  REFERENCES SYS_GROUP_APP (ID)
  ON DELETE CASCADE
  ENABLE VALIDATE);

--
-- Foreign Key Constraints for Table SYS_ROLE_MUTEX
--
ALTER TABLE SYS_ROLE_MUTEX ADD (
  CONSTRAINT FK_SYS_ROLE_MUTEX_ROLE_ID
  FOREIGN KEY (ROLE_MUTEX_ID)
  REFERENCES SYS_ROLE (ID)
  ON DELETE CASCADE
  ENABLE VALIDATE,
  CONSTRAINT FK_SYS_ROLE_ROLE_ID
  FOREIGN KEY (ROLE_ID)
  REFERENCES SYS_ROLE (ID)
  ON DELETE CASCADE
  ENABLE VALIDATE);

--
-- Foreign Key Constraints for Table SYS_ROLE_RELATION
--
ALTER TABLE SYS_ROLE_RELATION ADD (
  CONSTRAINT FK_SYS_ROLE_RELATION_CID
  FOREIGN KEY (CID)
  REFERENCES SYS_ROLE (ID)
  ON DELETE CASCADE
  ENABLE VALIDATE,
  CONSTRAINT FK_SYS_ROLE_RELATION_PID
  FOREIGN KEY (PID)
  REFERENCES SYS_ROLE (ID)
  ON DELETE CASCADE
  ENABLE VALIDATE);

--
-- Foreign Key Constraints for Table META_TABLE
--
ALTER TABLE META_TABLE ADD (
  CONSTRAINT FK_META_TABLE_APP_ID
  FOREIGN KEY (APP_ID)
  REFERENCES SYS_GROUP_APP (ID)
  ON DELETE CASCADE
  ENABLE VALIDATE);

--
-- Foreign Key Constraints for Table META_VIEW
--
ALTER TABLE META_VIEW ADD (
  CONSTRAINT FK_META_VIEW_APP_ID
  FOREIGN KEY (APP_ID)
  REFERENCES SYS_GROUP_APP (ID)
  ON DELETE CASCADE
  ENABLE VALIDATE);

--
-- Foreign Key Constraints for Table META_VIEW_COL
--
ALTER TABLE META_VIEW_COL ADD (
  CONSTRAINT FK_META_VIEW_COL_VIEW_ID
  FOREIGN KEY (VIEW_ID)
  REFERENCES META_VIEW (ID)
  ON DELETE CASCADE
  ENABLE VALIDATE);

--
-- Foreign Key Constraints for Table SYS_AUTH
--
ALTER TABLE SYS_AUTH ADD (
  CONSTRAINT FK_SYS_AUTH_APP_ID
  FOREIGN KEY (APP_ID)
  REFERENCES SYS_GROUP_APP (ID)
  ON DELETE CASCADE
  ENABLE VALIDATE);

--
-- Foreign Key Constraints for Table SYS_AUTH_API
--
ALTER TABLE SYS_AUTH_API ADD (
  CONSTRAINT FK_SYS_AUTH_API_AUTH_ID
  FOREIGN KEY (AUTH_ID)
  REFERENCES SYS_AUTH (ID)
  ON DELETE CASCADE
  ENABLE VALIDATE);

--
-- Foreign Key Constraints for Table SYS_AUTH_ROLE
--
ALTER TABLE SYS_AUTH_ROLE ADD (
  CONSTRAINT FK_SYS_AUTH_ROLE_AUTH_ID
  FOREIGN KEY (AUTH_ID)
  REFERENCES SYS_AUTH (ID)
  ON DELETE CASCADE
  ENABLE VALIDATE,
  CONSTRAINT FK_SYS_AUTH_ROLE_ROLE_ID
  FOREIGN KEY (ROLE_ID)
  REFERENCES SYS_ROLE (ID)
  ON DELETE CASCADE
  ENABLE VALIDATE);

--
-- Foreign Key Constraints for Table SYS_DICT
--
ALTER TABLE SYS_DICT ADD (
  CONSTRAINT FK_SYS_DICT_APP_ID
  FOREIGN KEY (APP_ID)
  REFERENCES SYS_GROUP_APP (ID)
  ON DELETE CASCADE
  ENABLE VALIDATE);

--
-- Foreign Key Constraints for Table SYS_DICT_VALUE
--
ALTER TABLE SYS_DICT_VALUE ADD (
  CONSTRAINT FK_SYS_DICT_VALUE_TYPE_ID
  FOREIGN KEY (TYPE_ID)
  REFERENCES SYS_DICT (ID)
  ON DELETE CASCADE
  ENABLE VALIDATE);

--
-- Foreign Key Constraints for Table SYS_MENU
--
ALTER TABLE SYS_MENU ADD (
  CONSTRAINT FK_SYS_MENU_APP_ID
  FOREIGN KEY (APP_ID)
  REFERENCES SYS_GROUP_APP (ID)
  ON DELETE CASCADE
  ENABLE VALIDATE,
  CONSTRAINT FK_SYS_MENU_AUTH_ID
  FOREIGN KEY (AUTH_ID)
  REFERENCES SYS_AUTH (ID)
  ON DELETE SET NULL
  ENABLE VALIDATE);

--
-- Foreign Key Constraints for Table META_COLUMN
--
ALTER TABLE META_COLUMN ADD (
  CONSTRAINT FK_META_COLUMN_REF_TBL_ID
  FOREIGN KEY (REF_TBL_ID)
  REFERENCES META_TABLE (ID)
  ON DELETE CASCADE
  ENABLE VALIDATE,
  CONSTRAINT FK_META_COLUMN_TBL_ID
  FOREIGN KEY (TBL_ID)
  REFERENCES META_TABLE (ID)
  ON DELETE CASCADE
  ENABLE VALIDATE);

--
-- Foreign Key Constraints for Table META_INDEX
--
ALTER TABLE META_INDEX ADD (
  CONSTRAINT FK_META_INDEX_TBL_ID
  FOREIGN KEY (TBL_ID)
  REFERENCES META_TABLE (ID)
  ON DELETE CASCADE
  ENABLE VALIDATE);

--
-- Foreign Key Constraints for Table META_ASSOCIATION
--
ALTER TABLE META_ASSOCIATION ADD (
  CONSTRAINT FK_META_ASSOCIATION_TABLE_ID
  FOREIGN KEY (TABLE_ID)
  REFERENCES META_TABLE (ID)
  ON DELETE CASCADE
  ENABLE VALIDATE,
  CONSTRAINT FK_META_ASS_REF_INDEX_ID
  FOREIGN KEY (REF_INDEX_ID)
  REFERENCES META_INDEX (ID)
  ON DELETE CASCADE
  ENABLE VALIDATE,
  CONSTRAINT FK_META_ASS_REF_TABLE_ID
  FOREIGN KEY (REF_TABLE_ID)
  REFERENCES META_TABLE (ID)
  ON DELETE CASCADE
  ENABLE VALIDATE);

--
-- Foreign Key Constraints for Table BD_PERSON_DOC
--
ALTER TABLE BD_PERSON_DOC ADD (
  CONSTRAINT FK_BD_PERSON_DOC_GROUP_ID
  FOREIGN KEY (GROUP_ID)
  REFERENCES ORG_GROUP (ID)
  ON DELETE CASCADE
  ENABLE VALIDATE,
  CONSTRAINT FK_BD_PERSON_DOC_ORG_ID
  FOREIGN KEY (ORGANIZATION_ID)
  REFERENCES ORG_ORGANIZATION (ID)
  ON DELETE CASCADE
  ENABLE VALIDATE);

--
-- Foreign Key Constraints for Table BD_PERSON_JOB
--
ALTER TABLE BD_PERSON_JOB ADD (
  CONSTRAINT FK_BD_PERSON_JOB_DEPT_ID
  FOREIGN KEY (DEPARTMENT_ID)
  REFERENCES ORG_DEPARTMENT (ID)
  ON DELETE CASCADE
  ENABLE VALIDATE,
  CONSTRAINT FK_BD_PERSON_JOB_GROUP_ID
  FOREIGN KEY (GROUP_ID)
  REFERENCES ORG_GROUP (ID)
  ON DELETE CASCADE
  ENABLE VALIDATE,
  CONSTRAINT FK_BD_PERSON_JOB_ORG_ID
  FOREIGN KEY (ORGANIZATION_ID)
  REFERENCES ORG_ORGANIZATION (ID)
  ON DELETE CASCADE
  ENABLE VALIDATE,
  CONSTRAINT FK_BD_PERSON_JOB_PSN_DOC_ID
  FOREIGN KEY (PERSON_DOC_ID)
  REFERENCES BD_PERSON_DOC (ID)
  ON DELETE CASCADE
  ENABLE VALIDATE);

--
-- Foreign Key Constraints for Table BD_POST
--
ALTER TABLE BD_POST ADD (
  CONSTRAINT FK_BD_POST_DEP_ID
  FOREIGN KEY (DEPARTMENT_ID)
  REFERENCES ORG_DEPARTMENT (ID)
  ON DELETE CASCADE
  ENABLE VALIDATE,
  CONSTRAINT FK_BD_POST_GROUP_ID
  FOREIGN KEY (GROUP_ID)
  REFERENCES ORG_GROUP (ID)
  ON DELETE CASCADE
  ENABLE VALIDATE,
  CONSTRAINT FK_BD_POST_ORG_ID
  FOREIGN KEY (ORGANIZATION_ID)
  REFERENCES ORG_ORGANIZATION (ID)
  ON DELETE CASCADE
  ENABLE VALIDATE);

--
-- Foreign Key Constraints for Table ORG_ADMIN_ORG
--
ALTER TABLE ORG_ADMIN_ORG ADD (
  CONSTRAINT FK_ORG_ADMIN_ORG_GROUP_ID
  FOREIGN KEY (GROUP_ID)
  REFERENCES ORG_GROUP (ID)
  ON DELETE CASCADE
  ENABLE VALIDATE,
  CONSTRAINT FK_ORG_ADMIN_ORG_ORG_ID
  FOREIGN KEY (ORGANIZATION_ID)
  REFERENCES ORG_ORGANIZATION (ID)
  ON DELETE CASCADE
  ENABLE VALIDATE);

--
-- Foreign Key Constraints for Table ORG_ASSET_ORG
--
ALTER TABLE ORG_ASSET_ORG ADD (
  CONSTRAINT FK_ORG_ASSET_ORG_GROUP_ID
  FOREIGN KEY (GROUP_ID)
  REFERENCES ORG_GROUP (ID)
  ON DELETE CASCADE
  ENABLE VALIDATE,
  CONSTRAINT FK_ORG_ASSET_ORG_ORG_ID
  FOREIGN KEY (ORGANIZATION_ID)
  REFERENCES ORG_ORGANIZATION (ID)
  ON DELETE CASCADE
  ENABLE VALIDATE);

--
-- Foreign Key Constraints for Table ORG_CORPORATION
--
ALTER TABLE ORG_CORPORATION ADD (
  CONSTRAINT FK_ORG_CORPORATION_GROUP_ID
  FOREIGN KEY (GROUP_ID)
  REFERENCES ORG_GROUP (ID)
  ON DELETE CASCADE
  ENABLE VALIDATE,
  CONSTRAINT FK_ORG_CORPORATION_ORG_ID
  FOREIGN KEY (ORGANIZATION_ID)
  REFERENCES ORG_ORGANIZATION (ID)
  ON DELETE CASCADE
  ENABLE VALIDATE,
  CONSTRAINT FK_ORG_CORPORATION_VER_ID
  FOREIGN KEY (VERSION_ID)
  REFERENCES ORG_CORPORATION_V (ID)
  ENABLE VALIDATE);

--
-- Foreign Key Constraints for Table ORG_DEPARTMENT
--
ALTER TABLE ORG_DEPARTMENT ADD (
  CONSTRAINT FK_ORG_DEPARTMENT_GROUP_ID
  FOREIGN KEY (GROUP_ID)
  REFERENCES ORG_GROUP (ID)
  ON DELETE CASCADE
  ENABLE VALIDATE,
  CONSTRAINT FK_ORG_DEPARTMENT_ORG_ID
  FOREIGN KEY (ORGANIZATION_ID)
  REFERENCES ORG_ORGANIZATION (ID)
  ON DELETE CASCADE
  ENABLE VALIDATE,
  CONSTRAINT FK_ORG_DEPARTMENT_VER_ID
  FOREIGN KEY (VERSION_ID)
  REFERENCES ORG_DEPARTMENT_V (ID)
  ENABLE VALIDATE);

--
-- Foreign Key Constraints for Table ORG_FACTORY_ORG
--
ALTER TABLE ORG_FACTORY_ORG ADD (
  CONSTRAINT FK_ORG_FACTORY_ORG_GROUP_ID
  FOREIGN KEY (GROUP_ID)
  REFERENCES ORG_GROUP (ID)
  ON DELETE CASCADE
  ENABLE VALIDATE,
  CONSTRAINT FK_ORG_FACTORY_ORG_ORG_ID
  FOREIGN KEY (ORGANIZATION_ID)
  REFERENCES ORG_ORGANIZATION (ID)
  ON DELETE CASCADE
  ENABLE VALIDATE);

--
-- Foreign Key Constraints for Table ORG_HR_ORG
--
ALTER TABLE ORG_HR_ORG ADD (
  CONSTRAINT FK_ORG_HR_ORG_GROUP_ID
  FOREIGN KEY (GROUP_ID)
  REFERENCES ORG_GROUP (ID)
  ON DELETE CASCADE
  ENABLE VALIDATE,
  CONSTRAINT FK_ORG_HR_ORG_ORG_ID
  FOREIGN KEY (ORGANIZATION_ID)
  REFERENCES ORG_ORGANIZATION (ID)
  ON DELETE CASCADE
  ENABLE VALIDATE);

--
-- Foreign Key Constraints for Table ORG_MAINTAIN_ORG
--
ALTER TABLE ORG_MAINTAIN_ORG ADD (
  CONSTRAINT FK_ORG_MAINTAIN_ORG_GROUP_ID
  FOREIGN KEY (GROUP_ID)
  REFERENCES ORG_GROUP (ID)
  ON DELETE CASCADE
  ENABLE VALIDATE,
  CONSTRAINT FK_ORG_MAINTAIN_ORG_ORG_ID
  FOREIGN KEY (ORGANIZATION_ID)
  REFERENCES ORG_ORGANIZATION (ID)
  ON DELETE CASCADE
  ENABLE VALIDATE);

--
-- Foreign Key Constraints for Table ORG_ORGANIZATION
--
ALTER TABLE ORG_ORGANIZATION ADD (
  CONSTRAINT FK_ORG_ORGANIZATION_CO_ID
  FOREIGN KEY (CORPORATION_ID)
  REFERENCES ORG_CORPORATION (ID)
  ON DELETE CASCADE
  ENABLE VALIDATE,
  CONSTRAINT FK_ORG_ORGANIZATION_GROUP_ID
  FOREIGN KEY (GROUP_ID)
  REFERENCES ORG_GROUP (ID)
  ON DELETE CASCADE
  ENABLE VALIDATE,
  CONSTRAINT FK_ORG_ORGANIZATION_VER_ID
  FOREIGN KEY (VERSION_ID)
  REFERENCES ORG_ORGANIZATION_V (ID)
  ON DELETE CASCADE
  ENABLE VALIDATE);

--
-- Foreign Key Constraints for Table ORG_ORGANIZATION_TYPE
--
ALTER TABLE ORG_ORGANIZATION_TYPE ADD (
  CONSTRAINT FK_ORG_ORGANIZATION_TYPE_ID
  FOREIGN KEY (ID)
  REFERENCES ORG_ORGANIZATION (ID)
  ON DELETE CASCADE
  ENABLE VALIDATE);

--
-- Foreign Key Constraints for Table ORG_PROJECT_ORG
--
ALTER TABLE ORG_PROJECT_ORG ADD (
  CONSTRAINT FK_ORG_PROJECT_ORG_GROUP_ID
  FOREIGN KEY (GROUP_ID)
  REFERENCES ORG_GROUP (ID)
  ON DELETE CASCADE
  ENABLE VALIDATE,
  CONSTRAINT FK_ORG_PROJECT_ORG_ORG_ID
  FOREIGN KEY (ORGANIZATION_ID)
  REFERENCES ORG_ORGANIZATION (ID)
  ON DELETE CASCADE
  ENABLE VALIDATE);

--
-- Foreign Key Constraints for Table ORG_PURCHASE_ORG
--
ALTER TABLE ORG_PURCHASE_ORG ADD (
  CONSTRAINT FK_ORG_PURCHASE_ORG_GROUP_ID
  FOREIGN KEY (GROUP_ID)
  REFERENCES ORG_GROUP (ID)
  ON DELETE CASCADE
  ENABLE VALIDATE,
  CONSTRAINT FK_ORG_PURCHASE_ORG_ORG_ID
  FOREIGN KEY (ORGANIZATION_ID)
  REFERENCES ORG_ORGANIZATION (ID)
  ON DELETE CASCADE
  ENABLE VALIDATE);

--
-- Foreign Key Constraints for Table ORG_SALES_ORG
--
ALTER TABLE ORG_SALES_ORG ADD (
  CONSTRAINT FK_ORG_SALES_ORG_GROUP_ID
  FOREIGN KEY (GROUP_ID)
  REFERENCES ORG_GROUP (ID)
  ON DELETE CASCADE
  ENABLE VALIDATE,
  CONSTRAINT FK_ORG_SALES_ORG_ORG_ID
  FOREIGN KEY (ORGANIZATION_ID)
  REFERENCES ORG_ORGANIZATION (ID)
  ON DELETE CASCADE
  ENABLE VALIDATE);

--
-- Foreign Key Constraints for Table SYS_API_MIX
--
ALTER TABLE SYS_API_MIX ADD (
  CONSTRAINT FK_SYS_API_MIX_USER_ID
  FOREIGN KEY (USER_ID)
  REFERENCES SYS_USER (ID)
  ON DELETE CASCADE
  ENABLE VALIDATE);

--
-- Foreign Key Constraints for Table SYS_AUTH_MIX
--
ALTER TABLE SYS_AUTH_MIX ADD (
  CONSTRAINT FK_SYS_AUTH_MIX_AUTH_ID
  FOREIGN KEY (AUTH_ID)
  REFERENCES SYS_AUTH (ID)
  ON DELETE CASCADE
  ENABLE VALIDATE,
  CONSTRAINT FK_SYS_AUTH_MIX_USER_ID
  FOREIGN KEY (USER_ID)
  REFERENCES SYS_USER (ID)
  ON DELETE CASCADE
  ENABLE VALIDATE);

--
-- Foreign Key Constraints for Table SYS_AUTH_SCOPE_APP
--
ALTER TABLE SYS_AUTH_SCOPE_APP ADD (
  CONSTRAINT FK_SYS_AUTH_SCOPE_APP_APP
  FOREIGN KEY (APP_ID)
  REFERENCES SYS_GROUP_APP (ID)
  ON DELETE CASCADE
  ENABLE VALIDATE,
  CONSTRAINT FK_SYS_AUTH_SCOPE_APP_AUTH
  FOREIGN KEY (AUTH_ID)
  REFERENCES SYS_AUTH (ID)
  ON DELETE CASCADE
  ENABLE VALIDATE,
  CONSTRAINT FK_SYS_AUTH_SCOPE_APP_USER
  FOREIGN KEY (USER_ID)
  REFERENCES SYS_USER (ID)
  ON DELETE CASCADE
  ENABLE VALIDATE);

--
-- Foreign Key Constraints for Table SYS_AUTH_SCOPE_ORG
--
ALTER TABLE SYS_AUTH_SCOPE_ORG ADD (
  CONSTRAINT FK_SYS_AUTH_SCOPE_ORG_AUTH_ID
  FOREIGN KEY (AUTH_ID)
  REFERENCES SYS_AUTH (ID)
  ON DELETE CASCADE
  ENABLE VALIDATE,
  CONSTRAINT FK_SYS_AUTH_SCOPE_ORG_RULE_ID
  FOREIGN KEY (RULE_ID)
  REFERENCES SYS_RULE (ID)
  ON DELETE CASCADE
  ENABLE VALIDATE,
  CONSTRAINT FK_SYS_AUTH_SCOPE_ORG_USR_ID
  FOREIGN KEY (USER_ID)
  REFERENCES SYS_USER (ID)
  ON DELETE CASCADE
  ENABLE VALIDATE);

--
-- Foreign Key Constraints for Table SYS_AUTH_SCOPE_USER_GROUP
--
ALTER TABLE SYS_AUTH_SCOPE_USER_GROUP ADD (
  CONSTRAINT FK_SYS_AUTH_SCOPE_UG_AUTH_ID
  FOREIGN KEY (AUTH_ID)
  REFERENCES SYS_AUTH (ID)
  ON DELETE CASCADE
  ENABLE VALIDATE,
  CONSTRAINT FK_SYS_AUTH_SCOPE_UG_RULE_ID
  FOREIGN KEY (RULE_ID)
  REFERENCES SYS_RULE (ID)
  ON DELETE CASCADE
  ENABLE VALIDATE,
  CONSTRAINT FK_SYS_AUTH_SCOPE_UG_USER_ID
  FOREIGN KEY (USER_ID)
  REFERENCES SYS_USER (ID)
  ON DELETE CASCADE
  ENABLE VALIDATE);

--
-- Foreign Key Constraints for Table SYS_AUTH_USER
--
ALTER TABLE SYS_AUTH_USER ADD (
  CONSTRAINT FK_SYS_AUTH_USER_AUTH_ID
  FOREIGN KEY (AUTH_ID)
  REFERENCES SYS_AUTH (ID)
  ON DELETE CASCADE
  ENABLE VALIDATE,
  CONSTRAINT FK_SYS_AUTH_USER_USER_ID
  FOREIGN KEY (USER_ID)
  REFERENCES SYS_USER (ID)
  ON DELETE CASCADE
  ENABLE VALIDATE);

--
-- Foreign Key Constraints for Table SYS_MSG_READ
--
ALTER TABLE SYS_MSG_READ ADD (
  CONSTRAINT FK_SYS_MSG_READ_STATUS_MSG_ID
  FOREIGN KEY (MSG_ID)
  REFERENCES SYS_MESSAGE (ID)
  ON DELETE CASCADE
  ENABLE VALIDATE,
  CONSTRAINT FK_SYS_MSG_READ_STATUS_USER_ID
  FOREIGN KEY (USER_ID)
  REFERENCES SYS_USER (ID)
  ON DELETE CASCADE
  ENABLE VALIDATE);

--
-- Foreign Key Constraints for Table SYS_MSG_UNREAD
--
ALTER TABLE SYS_MSG_UNREAD ADD (
  CONSTRAINT FK_SYS_MSG_UNREAD_MSG_ID
  FOREIGN KEY (MSG_ID)
  REFERENCES SYS_MESSAGE (ID)
  ON DELETE CASCADE
  ENABLE VALIDATE,
  CONSTRAINT FK_SYS_MSG_UNREAD_USER_ID
  FOREIGN KEY (USER_ID)
  REFERENCES SYS_USER (ID)
  ON DELETE CASCADE
  ENABLE VALIDATE);

--
-- Foreign Key Constraints for Table SYS_USER
--
ALTER TABLE SYS_USER ADD (
  CONSTRAINT FK_SYS_USER_ID_GROUP_ID
  FOREIGN KEY (GROUP_ID)
  REFERENCES ORG_GROUP (ID)
  ENABLE VALIDATE,
  CONSTRAINT FK_SYS_USER_ID_ORG_ID
  FOREIGN KEY (ORGANIZATION_ID)
  REFERENCES ORG_ORGANIZATION (ID)
  ENABLE VALIDATE,
  CONSTRAINT FK_SYS_USER_PSN_DOC_ID
  FOREIGN KEY (PERSON_DOC_ID)
  REFERENCES BD_PERSON_DOC (ID)
  ON DELETE CASCADE
  ENABLE VALIDATE,
  CONSTRAINT FK_SYS_USER_PWD_POLICY_ID
  FOREIGN KEY (PSW_POLICY_ID)
  REFERENCES SYS_PASSWORD_POLICY (ID)
  ON DELETE CASCADE
  ENABLE VALIDATE);

--
-- Foreign Key Constraints for Table SYS_USER_ADMIN_ORG
--
ALTER TABLE SYS_USER_ADMIN_ORG ADD (
  CONSTRAINT FK_SYS_USER_ADMIN_ORG_ORG_ID
  FOREIGN KEY (ORGANIZATION_ID)
  REFERENCES ORG_ORGANIZATION (ID)
  ON DELETE CASCADE
  ENABLE VALIDATE,
  CONSTRAINT FK_SYS_USER_ADMIN_ORG_RULE_ID
  FOREIGN KEY (RULE_ID)
  REFERENCES SYS_RULE (ID)
  ON DELETE CASCADE
  ENABLE VALIDATE,
  CONSTRAINT FK_SYS_USER_ADMIN_ORG_USER_ID
  FOREIGN KEY (USER_ID)
  REFERENCES SYS_USER (ID)
  ON DELETE CASCADE
  ENABLE VALIDATE);

--
-- Foreign Key Constraints for Table SYS_USER_ADMIN_USER_GROUP
--
ALTER TABLE SYS_USER_ADMIN_USER_GROUP ADD (
  CONSTRAINT FK_SYS_USER_ADMIN_UG_RULE_ID
  FOREIGN KEY (RULE_ID)
  REFERENCES SYS_RULE (ID)
  ON DELETE CASCADE
  ENABLE VALIDATE,
  CONSTRAINT FK_SYS_USER_ADMIN_UG_UG_ID
  FOREIGN KEY (USER_GROUP_ID)
  REFERENCES SYS_USER_GROUP (ID)
  ON DELETE CASCADE
  ENABLE VALIDATE,
  CONSTRAINT FK_SYS_USER_ADMIN_UG_USER_ID
  FOREIGN KEY (USER_ID)
  REFERENCES SYS_USER (ID)
  ON DELETE CASCADE
  ENABLE VALIDATE);

--
-- Foreign Key Constraints for Table SYS_USER_GROUP
--
ALTER TABLE SYS_USER_GROUP ADD (
  CONSTRAINT FK_SYS_USER_GROUP_GROUP_ID
  FOREIGN KEY (GROUP_ID)
  REFERENCES ORG_GROUP (ID)
  ON DELETE CASCADE
  ENABLE VALIDATE,
  CONSTRAINT FK_SYS_USER_GROUP_ORG_ID
  FOREIGN KEY (ORGANIZATION_ID)
  REFERENCES ORG_ORGANIZATION (ID)
  ON DELETE CASCADE
  ENABLE VALIDATE);

--
-- Foreign Key Constraints for Table SYS_USER_GROUP_USER
--
ALTER TABLE SYS_USER_GROUP_USER ADD (
  CONSTRAINT FK_SYS_USER_GROUP_USER_UG_ID
  FOREIGN KEY (USER_GROUP_ID)
  REFERENCES SYS_USER_GROUP (ID)
  ON DELETE CASCADE
  ENABLE VALIDATE,
  CONSTRAINT FK_SYS_USER_GROUP_USER_UID
  FOREIGN KEY (USER_ID)
  REFERENCES SYS_USER (ID)
  ON DELETE CASCADE
  ENABLE VALIDATE);

--
-- Foreign Key Constraints for Table SYS_USER_ROLE
--
ALTER TABLE SYS_USER_ROLE ADD (
  CONSTRAINT FK_SYSTEM_USER_ROLE_ROLE_ID
  FOREIGN KEY (ROLE_ID)
  REFERENCES SYS_ROLE (ID)
  ON DELETE CASCADE
  ENABLE VALIDATE,
  CONSTRAINT FK_SYSTEM_USER_ROLE_USER_ID
  FOREIGN KEY (USER_ID)
  REFERENCES SYS_USER (ID)
  ON DELETE CASCADE
  ENABLE VALIDATE);

--
-- Foreign Key Constraints for Table SYS_USER_ROLE_LV
--
ALTER TABLE SYS_USER_ROLE_LV ADD (
  CONSTRAINT FK_SYS_USER_ROLE_LV_USER
  FOREIGN KEY (USER_ID)
  REFERENCES SYS_USER (ID)
  ON DELETE CASCADE
  ENABLE VALIDATE);

--
-- Foreign Key Constraints for Table SYS_USER_ROLE_V
--
ALTER TABLE SYS_USER_ROLE_V ADD (
  CONSTRAINT FK_SYS_USER_ROLE_V_LV
  FOREIGN KEY (LV_ID)
  REFERENCES SYS_USER_ROLE_LV (ID)
  ON DELETE CASCADE
  ENABLE VALIDATE);

--
-- Non Foreign Key Constraints for Table SYS_JOB_CALENDAR
--
ALTER TABLE SYS_JOB_CALENDAR ADD (
  CONSTRAINT SYS_JOB_CALENDAR_PK
  PRIMARY KEY
  (ID)
  USING INDEX SYS_JOB_CALENDAR_PK
  ENABLE VALIDATE);

--
-- Foreign Key Constraints for Table SYS_JOB_CALENDAR
--
ALTER TABLE SYS_JOB_CALENDAR ADD (
  CONSTRAINT FK_CALENDAR_ORG_ID
  FOREIGN KEY (ORGANIZATION_ID)
  REFERENCES ORG_ORGANIZATION (ID)
  ON DELETE CASCADE
  ENABLE VALIDATE);


/** 插入数据 */
/** SYS_PASSWORD_POLICY */
Insert into SYS_PASSWORD_POLICY
   (ID, LEN, FAILURE_TIMES, CHANGE_NUM, SECRET_LEVEL,
    USE_MAX_TIME, USE_MIN_TIME, LOCK_MINUTES, RESET_FAILURE_TIMES_TIME, DATA_VERSION)
 Values
   ('bdpolicy-1', 8, 5, 5, 0,
    20, 1, 15, 15, 0);
Insert into SYS_PASSWORD_POLICY
   (ID, LEN, FAILURE_TIMES, CHANGE_NUM, SECRET_LEVEL,
    USE_MAX_TIME, USE_MIN_TIME, LOCK_MINUTES, RESET_FAILURE_TIMES_TIME, DATA_VERSION)
 Values
   ('bdpolicy-2', 8, 5, 5, 0,
    20, 1, 15, 15, 0);
Insert into SYS_PASSWORD_POLICY
   (ID, LEN, FAILURE_TIMES, CHANGE_NUM, SECRET_LEVEL,
    USE_MAX_TIME, USE_MIN_TIME, LOCK_MINUTES, RESET_FAILURE_TIMES_TIME, DATA_VERSION)
 Values
   ('bdpolicy-3', 8, 5, 5, 0,
    20, 1, 15, 15, 0);
Insert into SYS_PASSWORD_POLICY
   (ID, LEN, FAILURE_TIMES, CHANGE_NUM, SECRET_LEVEL,
    USE_MAX_TIME, USE_MIN_TIME, LOCK_MINUTES, RESET_FAILURE_TIMES_TIME, DATA_VERSION)
 Values
   ('bdpolicy-4', 8, 5, 5, 0,
    20, 1, 15, 15, 0);
Insert into SYS_PASSWORD_POLICY
   (ID, LEN, FAILURE_TIMES, CHANGE_NUM, SECRET_LEVEL,
    USE_MAX_TIME, USE_MIN_TIME, LOCK_MINUTES, RESET_FAILURE_TIMES_TIME, DATA_VERSION)
 Values
   ('bdpolicy-5', 8, 5, 5, 0,
    20, 1, 15, 15, 0);

/** SYS_GROUP_APP */
Insert into SYS_GROUP_APP
   (ID, NAME, VERSION, IS_3_ADMIN, DATA_VERSION,
    IS_MAIN_APP)
 Values
   ('platform', 'aceƽ̨', '1.0', 1, 0,
    0);

/** SYS_MSG_SEND_TYPE */
Insert into SYS_MSG_SEND_TYPE
   (ID, CHANNEL_NAME, SEND_MODE)
 Values
   ('83a409e3e03344b7a07eac38105ae5d5', 'default', 'msgSocket');

/** SYS_ROLE */
Insert into SYS_ROLE
   (ID, NAME, DATA_VERSION, ROLE_TYPE, APP_ID)
 Values
   ('groupadmin', '集团系统管理员', 0, 11,'platform');
Insert into SYS_ROLE
   (ID, NAME, DATA_VERSION, ROLE_TYPE, APP_ID)
 Values
   ('groupsec', '集团安全保密员', 0, 22,'platform');
Insert into SYS_ROLE
   (ID, NAME, DATA_VERSION, ROLE_TYPE, APP_ID)
 Values
   ('groupauditor', '集团安全审计员', 0, 33,'platform');
Insert into SYS_ROLE
   (ID, NAME, DATA_VERSION, ROLE_TYPE, APP_ID)
 Values
   ('appadmin', '应用系统管理员', 0, 111,'platform');
Insert into SYS_ROLE
   (ID, NAME, DATA_VERSION, ROLE_TYPE, APP_ID)
 Values
   ('appsec', '应用安全保密员', 0, 222,'platform');
Insert into SYS_ROLE
   (ID, NAME, DATA_VERSION, ROLE_TYPE, APP_ID)
 Values
   ('appauditor', '应用安全审计员', 0, 333,'platform');
Insert into SYS_ROLE
   (ID, NAME, DATA_VERSION, ROLE_TYPE, APP_ID)
 Values
   ('admin', '租户系统管理员', 0, 1,'platform');
Insert into SYS_ROLE
   (ID, NAME, DATA_VERSION, ROLE_TYPE, APP_ID)
 Values
   ('sec', '租户安全保密员', 0, 2,'platform');
Insert into SYS_ROLE
   (ID, NAME, DATA_VERSION, ROLE_TYPE, APP_ID)
 Values
   ('auditor', '租户安全审计员', 0, 3,'platform');


/** SYS_AUTH */
Insert into SYS_AUTH
   (ID, NAME, APP_ID, SORT_INDEX, PARENT_ID,
    SORT_PATH, DATA_VERSION, IS_ORG_ADMIN, IS_USER_GROUP_ADMIN)
 Values
   ('bc316279a4a9416a8e20019821e640af', '组织架构管理', 'platform', 1, '0',
    '0001', 0, 0, 0);
Insert into SYS_AUTH
   (ID, NAME, APP_ID, SORT_INDEX, PARENT_ID,
    SORT_PATH, DATA_VERSION, IS_ORG_ADMIN, IS_USER_GROUP_ADMIN)
 Values
   ('e3b15ac90286450fbe5a721c9f542451', '系统管理', 'platform', 2, '0',
    '0002', 0, 0, 0);
Insert into SYS_AUTH
   (ID, NAME, APP_ID, SORT_INDEX, PARENT_ID,
    SORT_PATH, CODE, DATA_VERSION, IS_ORG_ADMIN, IS_USER_GROUP_ADMIN)
 Values
   ('8df5766a29644f50bceee1228964e1cc', '集团管理', 'platform', 1, 'bc316279a4a9416a8e20019821e640af',
    '00010001', 'platForm.orgSructureManage.GroupManage', 0, 0, 0);
Insert into SYS_AUTH
   (ID, NAME, APP_ID, SORT_INDEX, PARENT_ID,
    SORT_PATH, CODE, DATA_VERSION, IS_ORG_ADMIN, IS_USER_GROUP_ADMIN)
 Values
   ('a16344b1790e41e98615f6cd19587573', '业务单元', 'platform', 2, 'bc316279a4a9416a8e20019821e640af',
    '00010002', 'platForm.orgSructureManage.BusinessUnitManage', 0, 0, 0);
Insert into SYS_AUTH
   (ID, NAME, APP_ID, SORT_INDEX, PARENT_ID,
    SORT_PATH, CODE, DATA_VERSION, IS_ORG_ADMIN, IS_USER_GROUP_ADMIN)
 Values
   ('5e80ace300d54486814ee84c1fb29a3a', '部门管理', 'platform', 3, 'bc316279a4a9416a8e20019821e640af',
    '00010003', 'platForm.orgDepartmentManage.orgDepartment', 0, 0, 0);
Insert into SYS_AUTH
   (ID, NAME, APP_ID, SORT_INDEX, PARENT_ID,
    SORT_PATH, CODE, DATA_VERSION, IS_ORG_ADMIN, IS_USER_GROUP_ADMIN)
 Values
   ('a16344b1790e41e98615f6cd19587571', '人员管理', 'platform', 4, 'bc316279a4a9416a8e20019821e640af',
    '00010004', 'platForm.orgSructureManage.PersonnelManage', 0, 0, 0);
Insert into SYS_AUTH
   (ID, NAME, APP_ID, SORT_INDEX, PARENT_ID,
    SORT_PATH, CODE, DATA_VERSION, IS_ORG_ADMIN, IS_USER_GROUP_ADMIN)
 Values
   ('5fc1b8842fa04faea8f39beb866fd511', '集团三员管理', 'platform', 1, 'e3b15ac90286450fbe5a721c9f542451',
    '00020001', 'platForm.threeManage.GroupThreeManage', 0, 0, 0);
Insert into SYS_AUTH
   (ID, NAME, APP_ID, SORT_INDEX, PARENT_ID,
    SORT_PATH, CODE, DATA_VERSION, IS_ORG_ADMIN, IS_USER_GROUP_ADMIN)
 Values
   ('b50cbc8a2b0645729848403093f4246f', '用户管理', 'platform', 2, 'e3b15ac90286450fbe5a721c9f542451',
    '00020002', 'platForm.userManage.user', 0, 0, 0);
Insert into SYS_AUTH
   (ID, NAME, APP_ID, SORT_INDEX, PARENT_ID,
    SORT_PATH, CODE, DATA_VERSION, IS_ORG_ADMIN, IS_USER_GROUP_ADMIN)
 Values
   ('39e1b3ec3d6e483b86c4923ea64cfeee', '数据源管理', 'platform', 4, '11316279a4a9416a8e20019821e640af',
    '00030004', 'platForm.groupDataSource.dataSource', 0, 0, 0);
Insert into SYS_AUTH
   (ID, NAME, APP_ID, SORT_INDEX, PARENT_ID,
    SORT_PATH, DATA_VERSION, IS_ORG_ADMIN, IS_USER_GROUP_ADMIN)
 Values
   ('11316279a4a9416a8e20019821e640af', '配置管理', 'platform', 3, '0',
    '0003', 0, 0, 0);
Insert into SYS_AUTH
   (ID, NAME, APP_ID, SORT_INDEX, PARENT_ID,
    SORT_PATH, CODE, DATA_VERSION, IS_ORG_ADMIN, IS_USER_GROUP_ADMIN)
 Values
   ('ac2a8ce16a614324b5ed4e9c24e7e904', '系统配置项管理', 'platform', 1, '11316279a4a9416a8e20019821e640af',
    '00030001', 'platForm.configManage.ConfigManage', 0, 0, 0);
Insert into SYS_AUTH
   (ID, NAME, APP_ID, SORT_INDEX, PARENT_ID,
    SORT_PATH, CODE, DATA_VERSION, IS_ORG_ADMIN, IS_USER_GROUP_ADMIN)
 Values
   ('ffc03579b06a4b7fae6c51c9ff48b311', '附件配置项管理', 'platform', 2, '11316279a4a9416a8e20019821e640af',
    '00030002', 'platForm.fileConfigManage.fileConfig', 0, 0, 0);
Insert into SYS_AUTH
   (ID, NAME, APP_ID, SORT_INDEX, PARENT_ID,
    SORT_PATH, CODE, DATA_VERSION, IS_ORG_ADMIN, IS_USER_GROUP_ADMIN)
 Values
   ('ffc03579b06a4b7fae6c51c9ff48b312', '附件存储库管理', 'platform', 3, '11316279a4a9416a8e20019821e640af',
    '00030003', 'platForm.fileRepositoryManage.fileRepository', 0, 0, 0);
Insert into SYS_AUTH
   (ID, NAME, APP_ID, SORT_INDEX, PARENT_ID,
    SORT_PATH, CODE, DATA_VERSION, IS_ORG_ADMIN, IS_USER_GROUP_ADMIN)
 Values
   ('04d7893c4a4d4345b18b0789af13753f', '审计日志', 'platform', 4, 'e3b15ac90286450fbe5a721c9f542451',
    '00020004', 'platForm.auditLogManage.AuditLog', 0, 0, 0);
Insert into SYS_AUTH
   (ID, NAME, APP_ID, SORT_INDEX, PARENT_ID,
    SORT_PATH, CODE, DATA_VERSION, IS_ORG_ADMIN, IS_USER_GROUP_ADMIN)
 Values
   ('8bc5761a4d8d49e680515bc50f4baad1', '菜单管理', 'platform', 6, '11316279a4a9416a8e20019821e640af',
    '00030006', 'platForm.menuManage.Menu', 0, 0, 0);
Insert into SYS_AUTH
   (ID, NAME, APP_ID, SORT_INDEX, PARENT_ID,
    SORT_PATH, CODE, DATA_VERSION, IS_ORG_ADMIN, IS_USER_GROUP_ADMIN)
 Values
   ('39e1b3ec3d6e483b86c4923ea64cfdd0', '权限定义', 'platform', 7, '11316279a4a9416a8e20019821e640af',
    '00030007', 'platForm.authManage.Auth', 0, 0, 0);
Insert into SYS_AUTH
   (ID, NAME, APP_ID, SORT_INDEX, PARENT_ID,
    SORT_PATH, CODE, DATA_VERSION, IS_ORG_ADMIN, IS_USER_GROUP_ADMIN)
 Values
   ('67e1114e83214aeb8a3ec0a6822fdd30', '应用三员管理', 'platform', 6, 'e3b15ac90286450fbe5a721c9f542451',
    '00020006', 'platForm.threeManage.AppThreeManage', 0, 0, 0);
Insert into SYS_AUTH
   (ID, NAME, APP_ID, SORT_INDEX, PARENT_ID,
    SORT_PATH, CODE, DATA_VERSION, IS_ORG_ADMIN, IS_USER_GROUP_ADMIN)
 Values
   ('ac2a8ce16a614324b5ed4e9c24e7e905', '应用管理', 'platform', 5, '11316279a4a9416a8e20019821e640af',
    '00030005', 'platForm.groupAppManage.GroupApp', 0, 0, 0);
Insert into SYS_AUTH
   (ID, NAME, APP_ID, SORT_INDEX, PARENT_ID,
    SORT_PATH, CODE, DATA_VERSION, IS_ORG_ADMIN, IS_USER_GROUP_ADMIN)
 Values
   ('131e140bc2bd4361af5ee488f92b22ad', '字典管理', 'platform', 7, 'e3b15ac90286450fbe5a721c9f542451',
    '00020007', 'platForm.dictManage.dict', 0, 0, 0);
Insert into SYS_AUTH
   (ID, NAME, APP_ID, SORT_INDEX, PARENT_ID,
    SORT_PATH, CODE, DATA_VERSION, IS_ORG_ADMIN, IS_USER_GROUP_ADMIN)
 Values
   ('8d4d2caee7f548889988da2747dfaa4a', '角色管理', 'platform', 8, 'e3b15ac90286450fbe5a721c9f542451',
    '00020008', 'platForm.roleManage.Role', 0, 0, 0);
Insert into SYS_AUTH
   (ID, NAME, APP_ID, SORT_INDEX, PARENT_ID,
    SORT_PATH, DATA_VERSION, IS_ORG_ADMIN, IS_USER_GROUP_ADMIN)
 Values
   ('11erb3ec3d6e483b86c4923ea64cfdd0', '授权管理', 'platform', 9, 'e3b15ac90286450fbe5a721c9f542451',
    '00020009', 0, 0, 0);
Insert into SYS_AUTH
   (ID, NAME, APP_ID, SORT_INDEX, PARENT_ID,
    SORT_PATH, CODE, DATA_VERSION, IS_ORG_ADMIN, IS_USER_GROUP_ADMIN)
 Values
   ('334qb3ec3d6e483b86c4923ea64cfdd0', '用户授权', 'platform', 1, '11erb3ec3d6e483b86c4923ea64cfdd0',
    '000200090001', 'platForm.grantAuthManage.UserGrantAuth', 0, 0, 0);
Insert into SYS_AUTH
   (ID, NAME, APP_ID, SORT_INDEX, PARENT_ID,
    SORT_PATH, CODE, DATA_VERSION, IS_ORG_ADMIN, IS_USER_GROUP_ADMIN)
 Values
   ('456wb3ec3d6e483b86c4923ea64cfdd0', '角色授权', 'platform', 2, '11erb3ec3d6e483b86c4923ea64cfdd0',
    '000200090002', 'platForm.grantAuthManage.RoleGrantAuth', 0, 0, 0);
Insert into SYS_AUTH
   (ID, NAME, APP_ID, SORT_INDEX, PARENT_ID,
    SORT_PATH, CODE, DATA_VERSION, IS_ORG_ADMIN, IS_USER_GROUP_ADMIN)
 Values
   ('67yub3ec3d6e483b86c4923ea64cfdd0', '权限授权', 'platform', 3, '11erb3ec3d6e483b86c4923ea64cfdd0',
    '000200090003', 'platForm.grantAuthManage.AuthGrantUserAndRole', 0, 0, 0);
Insert into SYS_AUTH
   (ID, NAME, APP_ID, SORT_INDEX, PARENT_ID,
    SORT_PATH, CODE, DATA_VERSION, IS_ORG_ADMIN, IS_USER_GROUP_ADMIN)
 Values
   ('8df5766a29644f50bceee1228964e111', '集团管理维护', 'platform', 1, '8df5766a29644f50bceee1228964e1cc',
    '000100010001', 'platForm.orgSructureManage.GroupManage.Maintain', 0, 0, 0);
Insert into SYS_AUTH
   (ID, NAME, APP_ID, SORT_INDEX, PARENT_ID,
    SORT_PATH, CODE, DATA_VERSION, IS_ORG_ADMIN, IS_USER_GROUP_ADMIN)
 Values
   ('5e80ace300d54486814ee84c1fb29111', '部门管理维护', 'platform', 1, '5e80ace300d54486814ee84c1fb29a3a',
    '000100030001', 'platForm.orgDepartmentManage.orgDepartment.Maintain', 0, 0, 0);
Insert into SYS_AUTH
   (ID, NAME, APP_ID, SORT_INDEX, PARENT_ID,
    SORT_PATH, CODE, DATA_VERSION, IS_ORG_ADMIN, IS_USER_GROUP_ADMIN)
 Values
   ('a16344b1790e41e98615f6cd19587111', '业务单元维护', 'platform', 1, 'a16344b1790e41e98615f6cd19587573',
    '000100020001', 'platForm.orgSructureManage.BusinessUnitManage.Maintain', 0, 0, 0);
Insert into SYS_AUTH
   (ID, NAME, APP_ID, SORT_INDEX, PARENT_ID,
    SORT_PATH, CODE, DATA_VERSION, IS_ORG_ADMIN, IS_USER_GROUP_ADMIN)
 Values
   ('a16344b1790e41e98615f6cd19587112', '人员管理维护', 'platform', 1, 'a16344b1790e41e98615f6cd19587571',
    '000100040001', 'platForm.orgSructureManage.PersonnelManage.Maintain', 0, 0, 0);
Insert into SYS_AUTH
   (ID, NAME, APP_ID, SORT_INDEX, PARENT_ID,
    SORT_PATH, CODE, DATA_VERSION, IS_ORG_ADMIN, IS_USER_GROUP_ADMIN)
 Values
   ('b50cbc8a2b0645729848403093f42111', '用户管理维护', 'platform', 1, 'b50cbc8a2b0645729848403093f4246f',
    '000200020001', 'platForm.userManage.user.Maintain', 0, 0, 0);
Insert into SYS_AUTH
   (ID, NAME, APP_ID, SORT_INDEX, PARENT_ID,
    SORT_PATH, CODE, DATA_VERSION, IS_ORG_ADMIN, IS_USER_GROUP_ADMIN)
 Values
   ('39e1b3ec3d6e483b86c4923ea64cf111', '数据源管理维护', 'platform', 1, '39e1b3ec3d6e483b86c4923ea64cfeee',
    '000300040001', 'platForm.groupDataSource.dataSource.Maintain', 0, 0, 0);
Insert into SYS_AUTH
   (ID, NAME, APP_ID, SORT_INDEX, PARENT_ID,
    SORT_PATH, CODE, DATA_VERSION, IS_ORG_ADMIN, IS_USER_GROUP_ADMIN)
 Values
   ('ac2a8ce16a614324b5ed4e9c24e7e111', '应用管理维护', 'platform', 1, 'ac2a8ce16a614324b5ed4e9c24e7e905',
    '000300050001', 'platForm.groupAppManage.GroupApp.Maintain', 0, 0, 0);
Insert into SYS_AUTH
   (ID, NAME, APP_ID, SORT_INDEX, PARENT_ID,
    SORT_PATH, CODE, DATA_VERSION, IS_ORG_ADMIN, IS_USER_GROUP_ADMIN)
 Values
   ('131e140bc2bd4361af5ee488f92b2111', '字典管理维护', 'platform', 1, '131e140bc2bd4361af5ee488f92b22ad',
    '000200070001', 'platForm.dictManage.dict.Maintain', 0, 0, 0);
Insert into SYS_AUTH
   (ID, NAME, APP_ID, SORT_INDEX, PARENT_ID,
    SORT_PATH, CODE, DATA_VERSION, IS_ORG_ADMIN, IS_USER_GROUP_ADMIN)
 Values
   ('334qb3ec3d6e483b86c4923ea64cf111', '用户授权保存', 'platform', 1, '334qb3ec3d6e483b86c4923ea64cfdd0',
    '0002000900010001', 'platForm.grantAuthManage.UserGrantAuth.Save', 0, 0, 0);
Insert into SYS_AUTH
   (ID, NAME, APP_ID, SORT_INDEX, PARENT_ID,
    SORT_PATH, CODE, DATA_VERSION, IS_ORG_ADMIN, IS_USER_GROUP_ADMIN)
 Values
   ('334qb3ec3d6e483b86c4923ea64cf112', '用户授权激活', 'platform', 2, '334qb3ec3d6e483b86c4923ea64cfdd0',
    '0002000900010002', 'platForm.grantAuthManage.UserGrantAuth.Active', 0, 0, 0);
Insert into SYS_AUTH
   (ID, NAME, APP_ID, SORT_INDEX, PARENT_ID,
    SORT_PATH, CODE, DATA_VERSION, IS_ORG_ADMIN, IS_USER_GROUP_ADMIN)
 Values
   ('334qb3ec3d6e483b86c4923ea64cf113', '指定用户权限管控的组织范围', 'platform', 3, '334qb3ec3d6e483b86c4923ea64cfdd0',
    '0002000900010003', 'platForm.grantAuthManage.UserGrantAuth.OrgControlDomain', 0, 0, 0);
Insert into SYS_AUTH
   (ID, NAME, APP_ID, SORT_INDEX, PARENT_ID,
    SORT_PATH, CODE, DATA_VERSION, IS_ORG_ADMIN, IS_USER_GROUP_ADMIN)
 Values
   ('334qb3ec3d6e483b86c4923ea64cf114', '指定用户权限管控的用户组范围', 'platform', 4, '334qb3ec3d6e483b86c4923ea64cfdd0',
    '0002000900010004', 'platForm.grantAuthManage.UserGrantAuth.UserGropuControlDomain', 0, 0, 0);
Insert into SYS_AUTH
   (ID, NAME, APP_ID, SORT_INDEX, PARENT_ID,
    SORT_PATH, CODE, DATA_VERSION, IS_ORG_ADMIN, IS_USER_GROUP_ADMIN)
 Values
   ('456wb3ec3d6e483b86c4923ea64cf111', '角色授权保存', 'platform', 1, '456wb3ec3d6e483b86c4923ea64cfdd0',
    '0002000900020001', 'platForm.grantAuthManage.RoleGrantAuth.Save', 0, 0, 0);
Insert into SYS_AUTH
   (ID, NAME, APP_ID, SORT_INDEX, PARENT_ID,
    SORT_PATH, CODE, DATA_VERSION, IS_ORG_ADMIN, IS_USER_GROUP_ADMIN)
 Values
   ('456wb3ec3d6e483b86c4923ea64cf112', '角色授权激活', 'platform', 2, '456wb3ec3d6e483b86c4923ea64cfdd0',
    '0002000900020002', 'platForm.grantAuthManage.RoleGrantAuth.Active', 0, 0, 0);
Insert into SYS_AUTH
   (ID, NAME, APP_ID, SORT_INDEX, PARENT_ID,
    SORT_PATH, CODE, DATA_VERSION, IS_ORG_ADMIN, IS_USER_GROUP_ADMIN)
 Values
   ('67yub3ec3d6e483b86c4923ea64cf111', '权限授权保存', 'platform', 1, '67yub3ec3d6e483b86c4923ea64cfdd0',
    '0002000900030001', 'platForm.grantAuthManage.AuthGrantUserAndRole.Save', 0, 0, 0);
Insert into SYS_AUTH
   (ID, NAME, APP_ID, SORT_INDEX, PARENT_ID,
    SORT_PATH, CODE, DATA_VERSION, IS_ORG_ADMIN, IS_USER_GROUP_ADMIN)
 Values
   ('67yub3ec3d6e483b86c4923ea64cf112', '权限授权激活', 'platform', 2, '67yub3ec3d6e483b86c4923ea64cfdd0',
    '0002000900030002', 'platForm.grantAuthManage.AuthGrantUserAndRole.Active', 0, 0, 0);
Insert into SYS_AUTH
   (ID, NAME, APP_ID, SORT_INDEX, PARENT_ID,
    SORT_PATH, CODE, DATA_VERSION, IS_ORG_ADMIN, IS_USER_GROUP_ADMIN)
 Values
   ('ac2a8ce16a614324b5ed4e9c24e71111', '租户配置项维护', 'platform', 1, 'ac2a8ce16a614324b5ed4e9c24e7e904',
    '000300010001', 'platForm.configManage.ConfigManage.TenantMaintain', 0, 0, 0);
Insert into SYS_AUTH
   (ID, NAME, APP_ID, SORT_INDEX, PARENT_ID,
    SORT_PATH, CODE, DATA_VERSION, IS_ORG_ADMIN, IS_USER_GROUP_ADMIN)
 Values
   ('ac2a8ce16a614324b5ed4e9c24e71112', '集团配置项维护', 'platform', 2, 'ac2a8ce16a614324b5ed4e9c24e7e904',
    '000300010002', 'platForm.configManage.ConfigManage.GroupMaintain', 0, 0, 0);
Insert into SYS_AUTH
   (ID, NAME, APP_ID, SORT_INDEX, PARENT_ID,
    SORT_PATH, CODE, DATA_VERSION, IS_ORG_ADMIN, IS_USER_GROUP_ADMIN)
 Values
   ('ac2a8ce16a614324b5ed4e9c24e71113', '应用配置项维护', 'platform', 3, 'ac2a8ce16a614324b5ed4e9c24e7e904',
    '000300010003', 'platForm.configManage.ConfigManage.AppMaintain', 0, 0, 0);
Insert into SYS_AUTH
   (ID, NAME, APP_ID, SORT_INDEX, PARENT_ID,
    SORT_PATH, CODE, DATA_VERSION, IS_ORG_ADMIN, IS_USER_GROUP_ADMIN)
 Values
   ('ffc03579b06a4b7fae6c51c9ff481111', '附件租户配置项维护', 'platform', 1, 'ffc03579b06a4b7fae6c51c9ff48b311',
    '000300020001', 'platForm.fileConfigManage.fileConfig.TenantMaintain', 0, 0, 0);
Insert into SYS_AUTH
   (ID, NAME, APP_ID, SORT_INDEX, PARENT_ID,
    SORT_PATH, CODE, DATA_VERSION, IS_ORG_ADMIN, IS_USER_GROUP_ADMIN)
 Values
   ('ffc03579b06a4b7fae6c51c9ff481112', '附件集团配置项维护', 'platform', 2, 'ffc03579b06a4b7fae6c51c9ff48b311',
    '000300020002', 'platForm.fileConfigManage.fileConfig.GroupMaintain', 0, 0, 0);
Insert into SYS_AUTH
   (ID, NAME, APP_ID, SORT_INDEX, PARENT_ID,
    SORT_PATH, CODE, DATA_VERSION, IS_ORG_ADMIN, IS_USER_GROUP_ADMIN)
 Values
   ('ffc03579b06a4b7fae6c51c9ff481113', '附件应用配置项维护', 'platform', 3, 'ffc03579b06a4b7fae6c51c9ff48b311',
    '000300020003', 'platForm.fileConfigManage.fileConfig.AppMaintain', 0, 0, 0);
Insert into SYS_AUTH
   (ID, NAME, APP_ID, SORT_INDEX, PARENT_ID,
    SORT_PATH, CODE, DATA_VERSION, IS_ORG_ADMIN, IS_USER_GROUP_ADMIN)
 Values
   ('ffc03579b06a4b7fae6c51c9ff482111', '附件存储库维护', 'platform', 1, 'ffc03579b06a4b7fae6c51c9ff48b312',
    '000300030001', 'platForm.fileRepositoryManage.fileRepository.Maintain', 0, 0, 0);
Insert into SYS_AUTH
   (ID, NAME, APP_ID, SORT_INDEX, PARENT_ID,
    SORT_PATH, CODE, DATA_VERSION, IS_ORG_ADMIN, IS_USER_GROUP_ADMIN)
 Values
   ('8bc5761a4d8d49e680515bc50f4ba111', '菜单管理维护', 'platform', 1, '8bc5761a4d8d49e680515bc50f4baad1',
    '000300060001', 'platForm.menuManage.Menu.Maintain', 0, 0, 0);
Insert into SYS_AUTH
   (ID, NAME, APP_ID, SORT_INDEX, PARENT_ID,
    SORT_PATH, CODE, DATA_VERSION, IS_ORG_ADMIN, IS_USER_GROUP_ADMIN)
 Values
   ('39e1b3ec3d6e483b86c4923ea64c1111', '权限管理维护', 'platform', 1, '39e1b3ec3d6e483b86c4923ea64cfdd0',
    '000300070001', 'platForm.authManage.Auth.Maintain', 0, 0, 0);
Insert into SYS_AUTH
   (ID, NAME, APP_ID, SORT_INDEX, PARENT_ID,
    SORT_PATH, CODE, DATA_VERSION, IS_ORG_ADMIN, IS_USER_GROUP_ADMIN)
 Values
   ('39e1b3ec3d6e483b86c4923ea64c1112', '指定权限绑定api资源权限', 'platform', 2, '39e1b3ec3d6e483b86c4923ea64cfdd0',
    '000300070002', 'platForm.authManage.Auth.ApiDoMain', 0, 0, 0);
Insert into SYS_AUTH
   (ID, NAME, APP_ID, SORT_INDEX, PARENT_ID,
    SORT_PATH, CODE, DATA_VERSION, IS_ORG_ADMIN, IS_USER_GROUP_ADMIN)
 Values
   ('e3b15ac90286450fbe5a721c9f542433', '首页', 'platform', 0, '0',
    '0000', 'platForm.home.Home', 0, 0, 0);
Insert into SYS_AUTH
   (ID, NAME, APP_ID, SORT_INDEX, PARENT_ID,
    SORT_PATH, CODE, DATA_VERSION, IS_ORG_ADMIN, IS_USER_GROUP_ADMIN)
 Values
   ('e3b15ac90286450fbe5a721c9f542344', '服务管理', 'platform', 4, '0',
    '0004', 'NULL', 0, 0, 0);
Insert into SYS_AUTH
   (ID, NAME, APP_ID, SORT_INDEX, PARENT_ID,
    SORT_PATH, CODE, DATA_VERSION, IS_ORG_ADMIN, IS_USER_GROUP_ADMIN)
 Values
   ('12315ac90286450fbe5a721c9f542344', '服务配置管理', 'platform', 2, 'e3b15ac90286450fbe5a721c9f542344',
    '00040002', 'platForm.nacos.NacosConfigs', 0, 0, 0);
Insert into SYS_AUTH
   (ID, NAME, APP_ID, SORT_INDEX, PARENT_ID,
    SORT_PATH, CODE, DATA_VERSION, IS_ORG_ADMIN, IS_USER_GROUP_ADMIN)
 Values
   ('23315ac90286450fbe5a721c9f542344', '服务命名空间', 'platform', 1, 'e3b15ac90286450fbe5a721c9f542344',
    '00040001', 'platForm.nacos.NacosNamespace', 0, 0, 0);
Insert into SYS_AUTH
   (ID, NAME, APP_ID, SORT_INDEX, PARENT_ID,
    SORT_PATH, CODE, DATA_VERSION, IS_ORG_ADMIN, IS_USER_GROUP_ADMIN)
 Values
   ('34415ac90286450fbe5a721c9f542344', '服务列表管理', 'platform', 3, 'e3b15ac90286450fbe5a721c9f542344',
    '00040003', 'platForm.nacos.NacosService', 0, 0, 0);
Insert into SYS_AUTH
   (ID, NAME, APP_ID, SORT_INDEX, PARENT_ID,
    SORT_PATH, CODE, DATA_VERSION, IS_ORG_ADMIN, IS_USER_GROUP_ADMIN)
 Values
   ('12315ac90286450fbe5a721c9f54ddd1', '服务配置管理维护', 'platform', 2, '12315ac90286450fbe5a721c9f542344',
    '000400020001', 'platForm.nacos.NacosConfigs.Maintain', 0, 0, 0);
Insert into SYS_AUTH
   (ID, NAME, APP_ID, SORT_INDEX, PARENT_ID,
    SORT_PATH, CODE, DATA_VERSION, IS_ORG_ADMIN, IS_USER_GROUP_ADMIN)
 Values
   ('23315ac90286450fbe5a721c9f54ddd2', '服务命名空间维护', 'platform', 1, '23315ac90286450fbe5a721c9f542344',
    '000400010001', 'platForm.nacos.NacosNamespace.Maintain', 0, 0, 0);
Insert into SYS_AUTH
   (ID, NAME, APP_ID, SORT_INDEX, PARENT_ID,
    SORT_PATH, CODE, DATA_VERSION, IS_ORG_ADMIN, IS_USER_GROUP_ADMIN)
 Values
   ('34415ac90286450fbe5a721c9f54ddd3', '服务列表管理维护', 'platform', 1, '34415ac90286450fbe5a721c9f542344',
    '000400030001', 'platForm.nacos.NacosService.Maintain', 0, 0, 0);
Insert into SYS_AUTH
   (ID, NAME, APP_ID, SORT_INDEX, PARENT_ID,
    SORT_PATH, CODE, DATA_VERSION, IS_ORG_ADMIN, IS_USER_GROUP_ADMIN)
 Values
   ('77yub3ec3d6e483b86c4923ea6411111', '授权激活', 'platform', 4, '11erb3ec3d6e483b86c4923ea64cfdd0',
    '000200090004', 'platForm.grantAuthManage.AuthGrantActive', 0, 0, 0);
Insert into SYS_AUTH
   (ID, NAME, APP_ID, SORT_INDEX, PARENT_ID,
    SORT_PATH, CODE, DATA_VERSION, IS_ORG_ADMIN, IS_USER_GROUP_ADMIN)
 Values
   ('22316279a4a9416a8e20019821e640af', '定时任务', 'platform', 8, '11316279a4a9416a8e20019821e640af',
    '00030008', 'platform.quartzManage.Schedule', 0, 0, 0);
Insert into SYS_AUTH
   (ID, NAME, APP_ID, SORT_INDEX, PARENT_ID,
    SORT_PATH, CODE, DATA_VERSION, IS_ORG_ADMIN, IS_USER_GROUP_ADMIN)
 Values
   ('11116279a4a9416a8e20019821e61111', '工作日历', 'platform', 10, '11316279a4a9416a8e20019821e640af',
    '00030010', 'platform.jobCalendarManage.JobCalendar', 0, 0, 0);
Insert into SYS_AUTH
   (ID, NAME, APP_ID, SORT_INDEX, PARENT_ID,
    SORT_PATH, DATA_VERSION, IS_ORG_ADMIN, IS_USER_GROUP_ADMIN)
 Values
   ('3333ba3204344d37929abd4ad9a12222', '工作流程', 'platform', 5, '0',
    '0005', 0, 0, 0);
Insert into SYS_AUTH
   (ID, NAME, APP_ID, SORT_INDEX, PARENT_ID,
    SORT_PATH, CODE, DATA_VERSION, IS_ORG_ADMIN, IS_USER_GROUP_ADMIN)
 Values
   ('3456ba3204344d37929abd4ad9a15678', '流程定义', 'platform', 1, '3333ba3204344d37929abd4ad9a12222',
    '00050001', 'processDefinition.ProcessList', 0, 0, 0);
Insert into SYS_AUTH
   (ID, NAME, APP_ID, SORT_INDEX, PARENT_ID,
    SORT_PATH, CODE, DATA_VERSION, IS_ORG_ADMIN, IS_USER_GROUP_ADMIN)
 Values
   ('7756ba3204344d37929abd4ad9a15699', '全局变量', 'platform', 2, '3333ba3204344d37929abd4ad9a12222',
    '00050002', 'globalVariantManage.GlobalVariant', 0, 0, 0);
Insert into SYS_AUTH
   (ID, NAME, APP_ID, SORT_INDEX, PARENT_ID,
    SORT_PATH, CODE, DATA_VERSION, IS_ORG_ADMIN, IS_USER_GROUP_ADMIN)
 Values
   ('1116ba3204344d37929abd4ad9a15222', '全局规则', 'platform', 3, '3333ba3204344d37929abd4ad9a12222',
    '00050003', 'globalRuleManage.GlobalRule', 0, 0, 0);
Insert into SYS_AUTH
   (ID, NAME, APP_ID, SORT_INDEX, PARENT_ID,
    SORT_PATH, CODE, DATA_VERSION, IS_ORG_ADMIN, IS_USER_GROUP_ADMIN)
 Values
   ('tyuub3ec3d6e483b86c4923ea64cfwe5', '角色用户授予', 'platform', 5, '11erb3ec3d6e483b86c4923ea64cfdd0',
    '000200090005', 'roleManage.roleGrant', 0, 0, 0);
Insert into SYS_AUTH
   (ID, NAME, APP_ID, SORT_INDEX, PARENT_ID,
    SORT_PATH, CODE, DATA_VERSION, IS_ORG_ADMIN, IS_USER_GROUP_ADMIN)
 Values
   ('a16344b1790e41e98615f6cd19587572', '岗位管理', 'platform', 20, 'bc316279a4a9416a8e20019821e640af',
    '00010020', 'orgSructureManage.PostManage', 0, 0, 0);
Insert into SYS_AUTH
   (ID, NAME, APP_ID, SORT_INDEX, PARENT_ID,
    SORT_PATH, CODE, DATA_VERSION, IS_ORG_ADMIN, IS_USER_GROUP_ADMIN)
 Values
   ('a16344b1790e41e98615f6cd1958757r', '职务管理', 'platform', 21, 'bc316279a4a9416a8e20019821e640af',
    '00010021', 'orgSructureManage.JobManage', 0, 0, 0);
Insert into SYS_AUTH
   (ID, NAME, APP_ID, SORT_INDEX, PARENT_ID,
    SORT_PATH, DATA_VERSION, IS_ORG_ADMIN, IS_USER_GROUP_ADMIN)
 Values
   ('twerba3204344d37929abd4ad9a1dfgh', '数据展示', 'platform', 6, '0',
    '0006', 0, 0, 0);
Insert into SYS_AUTH
   (ID, NAME, APP_ID, SORT_INDEX, PARENT_ID,
    SORT_PATH, CODE, DATA_VERSION, IS_ORG_ADMIN, IS_USER_GROUP_ADMIN)
 Values
   ('1234ba3204344d37929abd4ad9a1dgth', '业务类型', 'platform', 1, 'twerba3204344d37929abd4ad9a1dfgh',
    '00060001', 'reportType.ReportType', 0, 0, 0);
Insert into SYS_AUTH
   (ID, NAME, APP_ID, SORT_INDEX, PARENT_ID,
    SORT_PATH, CODE, DATA_VERSION, IS_ORG_ADMIN, IS_USER_GROUP_ADMIN)
 Values
   ('2234ba3204344d37929abd4ad9a1dgth', '报表设计', 'platform', 2, 'twerba3204344d37929abd4ad9a1dfgh',
    '00060002', 'reportInfo.ReportList', 0, 0, 0);
Insert into SYS_AUTH
   (ID, NAME, APP_ID, SORT_INDEX, PARENT_ID,
    SORT_PATH, CODE, DATA_VERSION, IS_ORG_ADMIN, IS_USER_GROUP_ADMIN)
 Values
   ('3234ba3204344d37929abd4ad9a1dgth', '报表浏览', 'platform', 3, 'twerba3204344d37929abd4ad9a1dfgh',
    '00060003', 'reportShow.ReportShow', 0, 0, 0);
Insert into SYS_AUTH
   (ID, NAME, APP_ID, SORT_INDEX, PARENT_ID,
    SORT_PATH, CODE, DATA_VERSION, IS_ORG_ADMIN, IS_USER_GROUP_ADMIN)
 Values
   ('4234ba3204344d37929abd4ad9a1dgth', '仪表盘设计', 'platform', 4, 'twerba3204344d37929abd4ad9a1dfgh',
    '00060004', 'reportDsInfo.ReportList', 0, 0, 0);
Insert into SYS_AUTH
   (ID, NAME, APP_ID, SORT_INDEX, PARENT_ID,
    SORT_PATH, CODE, DATA_VERSION, IS_ORG_ADMIN, IS_USER_GROUP_ADMIN)
 Values
   ('5234ba3204344d37929abd4ad9a1dgth', '仪表盘浏览', 'platform', 5, 'twerba3204344d37929abd4ad9a1dfgh',
    '00060005', 'reportDsShow.ReportDsShow', 0, 0, 0);
Insert into SYS_AUTH
   (ID, NAME, APP_ID, SORT_INDEX, PARENT_ID,
    SORT_PATH, DATA_VERSION, IS_ORG_ADMIN, IS_USER_GROUP_ADMIN)
 Values
   ('34116279a4a9416a8e20019821e61341', '消息配置', 'platform', 9, '11316279a4a9416a8e20019821e640af',
    '00030009', 0, 0, 0);
Insert into SYS_AUTH
   (ID, NAME, APP_ID, SORT_INDEX, PARENT_ID,
    SORT_PATH, CODE, DATA_VERSION, IS_ORG_ADMIN, IS_USER_GROUP_ADMIN)
 Values
   ('45676279a4a9416a8e20019821e6ghjk', '消息通道', 'platform', 1, '34116279a4a9416a8e20019821e61341',
    '000300090001', 'platform.msgSendManage.MsgSend', 0, 0, 0);
Insert into SYS_AUTH
   (ID, NAME, APP_ID, SORT_INDEX, PARENT_ID,
    SORT_PATH, CODE, DATA_VERSION, IS_ORG_ADMIN, IS_USER_GROUP_ADMIN)
 Values
   ('yut76279a4a9416a8e20019821e6g45t', '消息拓展', 'platform', 2, '34116279a4a9416a8e20019821e61341',
    '000300090002', 'platform.msgTypeExtend.MsgExtend', 0, 0, 0);

/** SYS_MENU */
Insert into SYS_MENU
   (ID, NAME, PARENT_ID, APP_ID, PARENT_NAME,
    TYPE, ICON, AUTH_ID, SORT_INDEX, SORT_PATH,
    DATA_VERSION, IS_IFRAME)
 Values
   ('bc316279a4a9416a8e20019821e640af', '组织管理', '0', 'platform', '一级菜单',
    0, 'iconfont icon-sitemap', 'bc316279a4a9416a8e20019821e640af', 1, '0001',
    0, 0);
Insert into SYS_MENU
   (ID, NAME, PARENT_ID, APP_ID, PARENT_NAME,
    TYPE, ICON, AUTH_ID, SORT_INDEX, SORT_PATH,
    DATA_VERSION, IS_IFRAME)
 Values
   ('e3b15ac90286450fbe5a721c9f542451', '系统管理', '0', 'platform', '一级菜单',
    0, 'iconfont icon-laptop', 'e3b15ac90286450fbe5a721c9f542451', 2, '0002',
    0, 0);
Insert into SYS_MENU
   (ID, NAME, PARENT_ID, APP_ID, PARENT_NAME,
    URL, TYPE, ICON, AUTH_ID, SORT_INDEX,
    SORT_PATH, DATA_VERSION, IS_IFRAME)
 Values
   ('8df5766a29644f50bceee1228964e1cc', '集团管理', 'bc316279a4a9416a8e20019821e640af', 'platform', '组织架构管理',
    'orgSructureManage/views/GroupManage', 1, 'iconfont icon-loufang', '8df5766a29644f50bceee1228964e1cc', 1,
    '00010001', 0, 0);
Insert into SYS_MENU
   (ID, NAME, PARENT_ID, APP_ID, PARENT_NAME,
    URL, TYPE, ICON, AUTH_ID, SORT_INDEX,
    SORT_PATH, DATA_VERSION, IS_IFRAME)
 Values
   ('a16344b1790e41e98615f6cd19587573', '业务单元', 'bc316279a4a9416a8e20019821e640af', 'platform', '组织架构管理',
    'orgSructureManage/views/BusinessUnitManage', 1, 'iconfont icon-appstore-fill', 'a16344b1790e41e98615f6cd19587573', 2,
    '00010002', 0, 0);
Insert into SYS_MENU
   (ID, NAME, PARENT_ID, APP_ID, PARENT_NAME,
    URL, TYPE, ICON, AUTH_ID, SORT_INDEX,
    SORT_PATH, DATA_VERSION, IS_IFRAME)
 Values
   ('5e80ace300d54486814ee84c1fb29a3a', '部门管理', 'bc316279a4a9416a8e20019821e640af', 'platform', '组织架构管理',
    'orgDepartmentManage/views/orgDepartment', 1, 'iconfont icon-th-list', '5e80ace300d54486814ee84c1fb29a3a', 3,
    '00010003', 0, 0);
Insert into SYS_MENU
   (ID, NAME, PARENT_ID, APP_ID, PARENT_NAME,
    URL, TYPE, ICON, AUTH_ID, SORT_INDEX,
    SORT_PATH, DATA_VERSION, IS_IFRAME)
 Values
   ('a16344b1790e41e98615f6cd19587571', '人员管理', 'bc316279a4a9416a8e20019821e640af', 'platform', '组织架构管理',
    'orgSructureManage/views/PersonnelManage', 1, 'iconfont icon-users-cog', 'a16344b1790e41e98615f6cd19587571', 4,
    '00010004', 0, 0);
Insert into SYS_MENU
   (ID, NAME, PARENT_ID, APP_ID, PARENT_NAME,
    URL, TYPE, ICON, AUTH_ID, SORT_INDEX,
    SORT_PATH, DATA_VERSION, IS_IFRAME)
 Values
   ('5fc1b8842fa04faea8f39beb866fd511', '集团三员', 'e3b15ac90286450fbe5a721c9f542451', 'platform', '系统管理',
    'threeManage/views/GroupThreeManage', 1, 'iconfont icon-user-tie', '5fc1b8842fa04faea8f39beb866fd511', 1,
    '00020001', 0, 0);
Insert into SYS_MENU
   (ID, NAME, PARENT_ID, APP_ID, PARENT_NAME,
    URL, TYPE, ICON, AUTH_ID, SORT_INDEX,
    SORT_PATH, DATA_VERSION, IS_IFRAME)
 Values
   ('b50cbc8a2b0645729848403093f4246f', '用户管理', 'e3b15ac90286450fbe5a721c9f542451', 'platform', '系统管理',
    'userManage/views/user', 1, 'iconfont icon-users-cog', 'b50cbc8a2b0645729848403093f4246f', 2,
    '00020002', 0, 0);
Insert into SYS_MENU
   (ID, NAME, PARENT_ID, APP_ID, PARENT_NAME,
    URL, TYPE, ICON, AUTH_ID, SORT_INDEX,
    SORT_PATH, DATA_VERSION, IS_IFRAME)
 Values
   ('39e1b3ec3d6e483b86c4923ea64cfeee', '数据源管理', '11316279a4a9416a8e20019821e640af', 'platform', '配置管理',
    'groupDataSource/views/dataSource', 1, 'iconfont icon-server', '39e1b3ec3d6e483b86c4923ea64cfeee', 4,
    '00030004', 0, 0);
Insert into SYS_MENU
   (ID, NAME, PARENT_ID, APP_ID, PARENT_NAME,
    TYPE, ICON, AUTH_ID, SORT_INDEX, SORT_PATH,
    DATA_VERSION, IS_IFRAME)
 Values
   ('11316279a4a9416a8e20019821e640af', '配置管理', '0', 'platform', '一级菜单',
    0, 'el-icon-s-grid', '11316279a4a9416a8e20019821e640af', 3, '0003',
    0, 0);
Insert into SYS_MENU
   (ID, NAME, PARENT_ID, APP_ID, PARENT_NAME,
    URL, TYPE, ICON, AUTH_ID, SORT_INDEX,
    SORT_PATH, DATA_VERSION, IS_IFRAME)
 Values
   ('ac2a8ce16a614324b5ed4e9c24e7e904', '系统配置', '11316279a4a9416a8e20019821e640af', 'platform', '配置管理',
    'configManage/views/ConfigManage', 1, 'iconfont icon-cogs', 'ac2a8ce16a614324b5ed4e9c24e7e904', 1,
    '00030001', 0, 0);
Insert into SYS_MENU
   (ID, NAME, PARENT_ID, APP_ID, PARENT_NAME,
    URL, TYPE, ICON, AUTH_ID, SORT_INDEX,
    SORT_PATH, DATA_VERSION, IS_IFRAME)
 Values
   ('ffc03579b06a4b7fae6c51c9ff48b311', '附件配置', '11316279a4a9416a8e20019821e640af', 'platform', '配置管理',
    'fileConfigManage/views/fileConfig', 1, 'iconfont icon-file-invoice', 'ffc03579b06a4b7fae6c51c9ff48b311', 2,
    '00030002', 0, 0);
Insert into SYS_MENU
   (ID, NAME, PARENT_ID, APP_ID, PARENT_NAME,
    URL, TYPE, ICON, AUTH_ID, SORT_INDEX,
    SORT_PATH, DATA_VERSION, IS_IFRAME)
 Values
   ('ffc03579b06a4b7fae6c51c9ff48b312', '附件存储', '11316279a4a9416a8e20019821e640af', 'platform', '配置管理',
    'fileRepositoryManage/views/fileRepository', 1, 'iconfont icon-inbox', 'ffc03579b06a4b7fae6c51c9ff48b312', 3,
    '00030003', 0, 0);
Insert into SYS_MENU
   (ID, NAME, PARENT_ID, APP_ID, PARENT_NAME,
    URL, TYPE, ICON, AUTH_ID, SORT_INDEX,
    SORT_PATH, DATA_VERSION, IS_IFRAME)
 Values
   ('04d7893c4a4d4345b18b0789af13753f', '审计日志', 'e3b15ac90286450fbe5a721c9f542451', 'platform', '系统管理',
    'auditLogManage/views/AuditLog', 0, 'iconfont icon-clipboard-check', '04d7893c4a4d4345b18b0789af13753f', 4,
    '00020004', 0, 0);
Insert into SYS_MENU
   (ID, NAME, PARENT_ID, APP_ID, PARENT_NAME,
    URL, TYPE, ICON, AUTH_ID, SORT_INDEX,
    SORT_PATH, DATA_VERSION, IS_IFRAME)
 Values
   ('8bc5761a4d8d49e680515bc50f4baad1', '菜单管理', '11316279a4a9416a8e20019821e640af', 'platform', '配置管理',
    'menuManage/views/Menu', 1, 'iconfont icon-list-ul', '8bc5761a4d8d49e680515bc50f4baad1', 6,
    '00030006', 0, 0);
Insert into SYS_MENU
   (ID, NAME, PARENT_ID, APP_ID, PARENT_NAME,
    URL, TYPE, ICON, AUTH_ID, SORT_INDEX,
    SORT_PATH, DATA_VERSION, IS_IFRAME)
 Values
   ('39e1b3ec3d6e483b86c4923ea64cfdd0', '权限定义', '11316279a4a9416a8e20019821e640af', 'platform', '配置管理',
    'authManage/views/Auth', 1, 'iconfont icon-setting-permissions', '39e1b3ec3d6e483b86c4923ea64cfdd0', 7,
    '00030007', 0, 0);
Insert into SYS_MENU
   (ID, NAME, PARENT_ID, APP_ID, PARENT_NAME,
    URL, TYPE, ICON, AUTH_ID, SORT_INDEX,
    SORT_PATH, DATA_VERSION, IS_IFRAME)
 Values
   ('67e1114e83214aeb8a3ec0a6822fdd30', '应用三员', 'e3b15ac90286450fbe5a721c9f542451', 'platform', '系统管理',
    'threeManage/views/AppThreeManage', 1, 'iconfont icon-users', '67e1114e83214aeb8a3ec0a6822fdd30', 6,
    '00020006', 0, 0);
Insert into SYS_MENU
   (ID, NAME, PARENT_ID, APP_ID, PARENT_NAME,
    URL, TYPE, ICON, AUTH_ID, SORT_INDEX,
    SORT_PATH, DATA_VERSION, IS_IFRAME)
 Values
   ('ac2a8ce16a614324b5ed4e9c24e7e905', '应用管理', '11316279a4a9416a8e20019821e640af', 'platform', '配置管理',
    'groupAppManage/views/GroupApp', 1, 'iconfont icon-box', 'ac2a8ce16a614324b5ed4e9c24e7e905', 5,
    '00030005', 0, 0);
Insert into SYS_MENU
   (ID, NAME, PARENT_ID, APP_ID, PARENT_NAME,
    URL, TYPE, ICON, AUTH_ID, SORT_INDEX,
    SORT_PATH, DATA_VERSION, IS_IFRAME)
 Values
   ('131e140bc2bd4361af5ee488f92b22ad', '字典维护', 'e3b15ac90286450fbe5a721c9f542451', 'platform', '系统管理',
    'dictManage/views/dict', 1, 'iconfont icon-atlas', '131e140bc2bd4361af5ee488f92b22ad', 7,
    '00020007', 0, 0);
Insert into SYS_MENU
   (ID, NAME, PARENT_ID, APP_ID, PARENT_NAME,
    URL, TYPE, ICON, AUTH_ID, SORT_INDEX,
    SORT_PATH, DATA_VERSION, IS_IFRAME)
 Values
   ('8d4d2caee7f548889988da2747dfaa4a', '角色管理', 'e3b15ac90286450fbe5a721c9f542451', 'platform', '系统管理',
    'roleManage/views/Role', 1, 'iconfont icon-user-circle', '8d4d2caee7f548889988da2747dfaa4a', 8,
    '00020008', 0, 0);
Insert into SYS_MENU
   (ID, NAME, PARENT_ID, APP_ID, PARENT_NAME,
    TYPE, ICON, AUTH_ID, SORT_INDEX, SORT_PATH,
    DATA_VERSION, IS_IFRAME)
 Values
   ('11erb3ec3d6e483b86c4923ea64cfdd0', '授权管理', 'e3b15ac90286450fbe5a721c9f542451', 'platform', '系统管理',
    0, 'iconfont icon-user-shield', '11erb3ec3d6e483b86c4923ea64cfdd0', 9, '00020009',
    0, 0);
Insert into SYS_MENU
   (ID, NAME, PARENT_ID, APP_ID, PARENT_NAME,
    URL, TYPE, ICON, AUTH_ID, SORT_INDEX,
    SORT_PATH, DATA_VERSION, IS_IFRAME)
 Values
   ('334qb3ec3d6e483b86c4923ea64cfdd0', '用户授权', '11erb3ec3d6e483b86c4923ea64cfdd0', 'platform', '授权管理',
    'grantAuthManage/views/UserGrantAuth', 1, 'iconfont icon-user-shield', '334qb3ec3d6e483b86c4923ea64cfdd0', 1,
    '000200090001', 0, 0);
Insert into SYS_MENU
   (ID, NAME, PARENT_ID, APP_ID, PARENT_NAME,
    URL, TYPE, ICON, AUTH_ID, SORT_INDEX,
    SORT_PATH, DATA_VERSION, IS_IFRAME)
 Values
   ('456wb3ec3d6e483b86c4923ea64cfdd0', '角色授权', '11erb3ec3d6e483b86c4923ea64cfdd0', 'platform', '授权管理',
    'grantAuthManage/views/RoleGrantAuth', 1, 'iconfont icon-street-view', '456wb3ec3d6e483b86c4923ea64cfdd0', 2,
    '000200090002', 0, 0);
Insert into SYS_MENU
   (ID, NAME, PARENT_ID, APP_ID, PARENT_NAME,
    URL, TYPE, ICON, AUTH_ID, SORT_INDEX,
    SORT_PATH, DATA_VERSION, IS_IFRAME)
 Values
   ('67yub3ec3d6e483b86c4923ea64cfdd0', '权限授权', '11erb3ec3d6e483b86c4923ea64cfdd0', 'platform', '授权管理',
    'grantAuthManage/views/AuthGrantUserAndRole', 1, 'iconfont icon-setting-permissions', '67yub3ec3d6e483b86c4923ea64cfdd0', 3,
    '000200090003', 0, 0);
Insert into SYS_MENU
   (ID, NAME, PARENT_ID, APP_ID, PARENT_NAME,
    URL, TYPE, ICON, AUTH_ID, SORT_INDEX,
    SORT_PATH, DATA_VERSION, IS_IFRAME)
 Values
   ('e3b15ac90286450fbe5a721c9f542433', '首页', '0', 'platform', '一级菜单',
    'home/views/Home', 1, 'iconfont icon-home', 'e3b15ac90286450fbe5a721c9f542433', 0,
    '0000', 0, 0);
Insert into SYS_MENU
   (ID, NAME, PARENT_ID, APP_ID, PARENT_NAME,
    TYPE, ICON, AUTH_ID, SORT_INDEX, SORT_PATH,
    DATA_VERSION, IS_IFRAME)
 Values
   ('e3b15ac90286450fbe5a721c9f542344', '服务管理', '0', 'platform', '一级菜单',
    0, 'fa fa-server', 'e3b15ac90286450fbe5a721c9f542344', 4, '0004',
    0, 0);
Insert into SYS_MENU
   (ID, NAME, PARENT_ID, APP_ID, PARENT_NAME,
    URL, TYPE, ICON, AUTH_ID, SORT_INDEX,
    SORT_PATH, DATA_VERSION, IS_IFRAME)
 Values
   ('12315ac90286450fbe5a721c9f542344', '服务配置', 'e3b15ac90286450fbe5a721c9f542344', 'platform', '服务管理',
    'nacos/views/NacosConfigs', 1, 'fa fa-cogs', '12315ac90286450fbe5a721c9f542344', 2,
    '00040002', 0, 0);
Insert into SYS_MENU
   (ID, NAME, PARENT_ID, APP_ID, PARENT_NAME,
    URL, TYPE, ICON, AUTH_ID, SORT_INDEX,
    SORT_PATH, DATA_VERSION, IS_IFRAME)
 Values
   ('23315ac90286450fbe5a721c9f542344', '命名空间', 'e3b15ac90286450fbe5a721c9f542344', 'platform', '服务管理',
    'nacos/views/NacosNamespace', 1, 'fa fa-cube', '23315ac90286450fbe5a721c9f542344', 1,
    '00040001', 0, 0);
Insert into SYS_MENU
   (ID, NAME, PARENT_ID, APP_ID, PARENT_NAME,
    URL, TYPE, ICON, AUTH_ID, SORT_INDEX,
    SORT_PATH, DATA_VERSION, IS_IFRAME)
 Values
   ('34415ac90286450fbe5a721c9f542344', '服务列表', 'e3b15ac90286450fbe5a721c9f542344', 'platform', '服务管理',
    'nacos/views/NacosService', 1, 'fa fa-cubes', '34415ac90286450fbe5a721c9f542344', 3,
    '00040003', 0, 0);
Insert into SYS_MENU
   (ID, NAME, PARENT_ID, APP_ID, PARENT_NAME,
    URL, TYPE, ICON, AUTH_ID, SORT_INDEX,
    SORT_PATH, DATA_VERSION, IS_IFRAME)
 Values
   ('77yub3ec3d6e483b86c4923ea6411111', '授权激活', '11erb3ec3d6e483b86c4923ea64cfdd0', 'platform', '授权管理',
    'grantAuthManage/views/AuthGrantActive', 1, 'iconfont icon-setting-permissions', '77yub3ec3d6e483b86c4923ea6411111', 4,
    '000200090004', 0, 0);
Insert into SYS_MENU
   (ID, NAME, PARENT_ID, APP_ID, PARENT_NAME,
    URL, TYPE, ICON, AUTH_ID, SORT_INDEX,
    SORT_PATH, DATA_VERSION, IS_IFRAME)
 Values
   ('22316279a4a9416a8e20019821e640af', '定时任务', '11316279a4a9416a8e20019821e640af', 'platform', '配置管理',
    'quartzManage/views/Schedule', 1, 'el-icon-message-solid', '22316279a4a9416a8e20019821e640af', 8,
    '00030008', 0, 0);
Insert into SYS_MENU
   (ID, NAME, PARENT_ID, APP_ID, PARENT_NAME,
    URL, TYPE, ICON, AUTH_ID, SORT_INDEX,
    SORT_PATH, DATA_VERSION, IS_IFRAME)
 Values
   ('11116279a4a9416a8e20019821e61111', '工作日历', '11316279a4a9416a8e20019821e640af', 'platform', '配置管理',
    'jobCalendarManage/views/JobCalendar', 1, 'el-icon-date', '11116279a4a9416a8e20019821e61111', 10,
    '00030010', 0, 0);
Insert into SYS_MENU
   (ID, NAME, PARENT_ID, APP_ID, PARENT_NAME,
    TYPE, ICON, AUTH_ID, SORT_INDEX, SORT_PATH,
    DATA_VERSION, IS_IFRAME)
 Values
   ('3333ba3204344d37929abd4ad9a12222', '工作流程', '0', 'platform', '一级菜单',
    0, 'fa fa-cubes', '3333ba3204344d37929abd4ad9a12222', 5, '0005',
    0, 0);
Insert into SYS_MENU
   (ID, NAME, PARENT_ID, APP_ID, PARENT_NAME,
    URL, TYPE, ICON, AUTH_ID, SORT_INDEX,
    SORT_PATH, DATA_VERSION, IS_IFRAME)
 Values
   ('3456ba3204344d37929abd4ad9a15678', '流程定义', '3333ba3204344d37929abd4ad9a12222', 'platform', '工作流程',
    'processDefinition/views/ProcessList', 1, 'fa fa-cube', '3456ba3204344d37929abd4ad9a15678', 1,
    '00050001', 0, 0);
Insert into SYS_MENU
   (ID, NAME, PARENT_ID, APP_ID, PARENT_NAME,
    URL, TYPE, ICON, AUTH_ID, SORT_INDEX,
    SORT_PATH, DATA_VERSION, IS_IFRAME)
 Values
   ('7756ba3204344d37929abd4ad9a15699', '全局变量', '3333ba3204344d37929abd4ad9a12222', 'platform', '工作流程',
    'globalVariantManage/views/GlobalVariant', 1, 'fa fa-cog', '7756ba3204344d37929abd4ad9a15699', 2,
    '00050002', 0, 0);
Insert into SYS_MENU
   (ID, NAME, PARENT_ID, APP_ID, PARENT_NAME,
    URL, TYPE, ICON, AUTH_ID, SORT_INDEX,
    SORT_PATH, DATA_VERSION, IS_IFRAME)
 Values
   ('1116ba3204344d37929abd4ad9a15222', '全局规则', '3333ba3204344d37929abd4ad9a12222', 'platform', '工作流程',
    'globalRuleManage/views/GlobalRule', 1, 'fa fa-bolt', '1116ba3204344d37929abd4ad9a15222', 3,
    '00050003', 0, 0);
Insert into SYS_MENU
   (ID, NAME, PARENT_ID, APP_ID, PARENT_NAME,
    URL, TYPE, ICON, AUTH_ID, SORT_INDEX,
    SORT_PATH, DATA_VERSION, IS_IFRAME)
 Values
   ('tyuub3ec3d6e483b86c4923ea64cfwe5', '角色用户授予', '11erb3ec3d6e483b86c4923ea64cfdd0', 'platform', '授权管理',
    'roleManage/views/RoleGrant', 1, 'iconfont icon-setting-permissions', 'tyuub3ec3d6e483b86c4923ea64cfwe5', 5,
    '000200090005', 0, 0);
Insert into SYS_MENU
   (ID, NAME, PARENT_ID, APP_ID, PARENT_NAME,
    URL, TYPE, ICON, AUTH_ID, SORT_INDEX,
    SORT_PATH, DATA_VERSION, IS_IFRAME)
 Values
   ('a16344b1790e41e98615f6cd19587572', '岗位管理', 'bc316279a4a9416a8e20019821e640af', 'platform', '组织架构管理',
    'orgSructureManage/views/PostManage', 1, 'el-icon-user', 'a16344b1790e41e98615f6cd19587571', 20,
    '00010020', 0, 0);
Insert into SYS_MENU
   (ID, NAME, PARENT_ID, APP_ID, PARENT_NAME,
    URL, TYPE, ICON, AUTH_ID, SORT_INDEX,
    SORT_PATH, DATA_VERSION, IS_IFRAME)
 Values
   ('a16344b1790e41e98615f6cd1958757r', '职务管理', 'bc316279a4a9416a8e20019821e640af', 'platform', '组织架构管理',
    'orgSructureManage/views/JobManage', 1, 'el-icon-s-check', 'a16344b1790e41e98615f6cd19587571', 21,
    '00010021', 0, 0);
Insert into SYS_MENU
   (ID, NAME, PARENT_ID, APP_ID, PARENT_NAME,
    TYPE, ICON, AUTH_ID, SORT_INDEX, SORT_PATH,
    DATA_VERSION, IS_IFRAME)
 Values
   ('twerba3204344d37929abd4ad9a1dfgh', '数据展示', '0', 'platform', '一级菜单',
    0, 'fa fa-bar-chart', 'twerba3204344d37929abd4ad9a1dfgh', 6, '0006',
    0, 0);
Insert into SYS_MENU
   (ID, NAME, PARENT_ID, APP_ID, PARENT_NAME,
    URL, TYPE, ICON, AUTH_ID, SORT_INDEX,
    SORT_PATH, DATA_VERSION, IS_IFRAME)
 Values
   ('1234ba3204344d37929abd4ad9a1dgth', '业务类型', 'twerba3204344d37929abd4ad9a1dfgh', 'platform', '数据展示',
    'reportType/views/ReportType', 1, 'fa fa-align-justify', '1234ba3204344d37929abd4ad9a1dgth', 1,
    '00060001', 0, 0);
Insert into SYS_MENU
   (ID, NAME, PARENT_ID, APP_ID, PARENT_NAME,
    URL, TYPE, ICON, AUTH_ID, SORT_INDEX,
    SORT_PATH, DATA_VERSION, IS_IFRAME)
 Values
   ('2234ba3204344d37929abd4ad9a1dgth', '报表设计', 'twerba3204344d37929abd4ad9a1dfgh', 'platform', '数据展示',
    'reportInfo/views/ReportList', 1, 'fa fa-area-chart', '2234ba3204344d37929abd4ad9a1dgth', 2,
    '00060002', 0, 0);
Insert into SYS_MENU
   (ID, NAME, PARENT_ID, APP_ID, PARENT_NAME,
    URL, TYPE, ICON, AUTH_ID, SORT_INDEX,
    SORT_PATH, DATA_VERSION, IS_IFRAME)
 Values
   ('3234ba3204344d37929abd4ad9a1dgth', '报表浏览', 'twerba3204344d37929abd4ad9a1dfgh', 'platform', '数据展示',
    'reportShow/views/ReportShow', 1, 'fa fa-list', '3234ba3204344d37929abd4ad9a1dgth', 3,
    '00060003', 0, 0);
Insert into SYS_MENU
   (ID, NAME, PARENT_ID, APP_ID, PARENT_NAME,
    URL, TYPE, ICON, AUTH_ID, SORT_INDEX,
    SORT_PATH, DATA_VERSION, IS_IFRAME)
 Values
   ('4234ba3204344d37929abd4ad9a1dgth', '仪表盘设计', 'twerba3204344d37929abd4ad9a1dfgh', 'platform', '数据展示',
    'reportDsInfo/views/ReportDsList', 1, 'fa fa-pie-chart', '4234ba3204344d37929abd4ad9a1dgth', 4,
    '00060004', 0, 0);
Insert into SYS_MENU
   (ID, NAME, PARENT_ID, APP_ID, PARENT_NAME,
    URL, TYPE, ICON, AUTH_ID, SORT_INDEX,
    SORT_PATH, DATA_VERSION, IS_IFRAME)
 Values
   ('5234ba3204344d37929abd4ad9a1dgth', '仪表盘浏览', 'twerba3204344d37929abd4ad9a1dfgh', 'platform', '数据展示',
    'reportDsShow/views/ReportDsShow', 1, 'fa fa-list-ul', '5234ba3204344d37929abd4ad9a1dgth', 5,
    '00060005', 0, 0);
Insert into SYS_MENU
   (ID, NAME, PARENT_ID, APP_ID, PARENT_NAME,
    TYPE, ICON, AUTH_ID, SORT_INDEX, SORT_PATH,
    DATA_VERSION, IS_IFRAME)
 Values
   ('34116279a4a9416a8e20019821e61341', '消息配置', '11316279a4a9416a8e20019821e640af', 'platform', '配置管理',
    0, 'el-icon-message', '34116279a4a9416a8e20019821e61341', 9, '00030009',
    0, 0);
Insert into SYS_MENU
   (ID, NAME, PARENT_ID, APP_ID, PARENT_NAME,
    URL, TYPE, ICON, AUTH_ID, SORT_INDEX,
    SORT_PATH, DATA_VERSION, IS_IFRAME)
 Values
   ('45676279a4a9416a8e20019821e6ghjk', '消息通道', '34116279a4a9416a8e20019821e61341', 'platform', '消息配置',
    'msgSendManage/views/MsgSend', 1, 'fa fa-eraser', '45676279a4a9416a8e20019821e6ghjk', 1,
    '000300090001', 0, 0);
Insert into SYS_MENU
   (ID, NAME, PARENT_ID, APP_ID, PARENT_NAME,
    URL, TYPE, ICON, AUTH_ID, SORT_INDEX,
    SORT_PATH, DATA_VERSION, IS_IFRAME)
 Values
   ('yut76279a4a9416a8e20019821e6g45t', '通道扩展', '34116279a4a9416a8e20019821e61341', 'platform', '消息配置',
    'msgTypeExtend/views/MsgExtend', 1, 'fa fa-arrows-alt', 'yut76279a4a9416a8e20019821e6g45t', 2,
    '000300090002', 0, 0);
Insert into SYS_MENU
   (ID, NAME, PARENT_ID, APP_ID, PARENT_NAME,
    URL, TYPE, ICON, AUTH_ID, SORT_INDEX,
    SORT_PATH, DATA_VERSION, IS_IFRAME)
 Values
   ('a16344b1790e41e98615f6cd19587412', '证件管理', 'bc316279a4a9416a8e20019821e640af', 'platform', '组织架构管理',
    'orgSructureManage/views/PersonIdTypeManage', 1, 'el-icon-bank-card', 'a16344b1790e41e98615f6cd19587572', 22,
    '00010022', 0, 0);

/** SYS_USER */
Insert into SYS_USER
   (ID, USER_NAME, START_FLAG, SORT_INDEX, IS_FIRST_LOGIN,
    IS_DELETE, DATA_VERSION)
 Values
   ('webservice', 'webservice', '1', 9999, 1,
    0, 0);

/** SYS_AUTH_ROLE */
Insert into SYS_AUTH_ROLE
   (ID, AUTH_ID, ROLE_ID, IS_REVOKE)
 Values
   ('12323fe2ef32403dbf9dc989d0651111', '5fc1b8842fa04faea8f39beb866fd511', 'admin', 0);
Insert into SYS_AUTH_ROLE
   (ID, AUTH_ID, ROLE_ID, IS_REVOKE)
 Values
   ('vbnm3fe2ef32403dbf9dc989d06vbnm1', '8d4d2caee7f548889988da2747dfaa4a', 'appsec', 0);
Insert into SYS_AUTH_ROLE
   (ID, AUTH_ID, ROLE_ID, IS_REVOKE)
 Values
   ('12323fe2ef32403dbf9dc989d0651249', '34116279a4a9416a8e20019821e61341', 'admin', 0);
Insert into SYS_AUTH_ROLE
   (ID, AUTH_ID, ROLE_ID, IS_REVOKE)
 Values
   ('12323fe2ef32403dbf9dc989d0651114', '8df5766a29644f50bceee1228964e1cc', 'admin', 0);
Insert into SYS_AUTH_ROLE
   (ID, AUTH_ID, ROLE_ID, IS_REVOKE)
 Values
   ('12323fe2ef32403dbf9dc989d0651115', '8df5766a29644f50bceee1228964e111', 'admin', 0);
Insert into SYS_AUTH_ROLE
   (ID, AUTH_ID, ROLE_ID, IS_REVOKE)
 Values
   ('12323fe2ef32403dbf9dc989d0651116', 'ac2a8ce16a614324b5ed4e9c24e7e904', 'admin', 0);
Insert into SYS_AUTH_ROLE
   (ID, AUTH_ID, ROLE_ID, IS_REVOKE)
 Values
   ('12323fe2ef32403dbf9dc989d0651117', 'ac2a8ce16a614324b5ed4e9c24e71111', 'admin', 0);
Insert into SYS_AUTH_ROLE
   (ID, AUTH_ID, ROLE_ID, IS_REVOKE)
 Values
   ('12323fe2ef32403dbf9dc989d0651118', 'ffc03579b06a4b7fae6c51c9ff48b311', 'admin', 0);
Insert into SYS_AUTH_ROLE
   (ID, AUTH_ID, ROLE_ID, IS_REVOKE)
 Values
   ('12323fe2ef32403dbf9dc989d0651119', 'ffc03579b06a4b7fae6c51c9ff481111', 'admin', 0);
Insert into SYS_AUTH_ROLE
   (ID, AUTH_ID, ROLE_ID, IS_REVOKE)
 Values
   ('12323fe2ef32403dbf9dc989d0651120', 'ffc03579b06a4b7fae6c51c9ff48b312', 'admin', 0);
Insert into SYS_AUTH_ROLE
   (ID, AUTH_ID, ROLE_ID, IS_REVOKE)
 Values
   ('12323fe2ef32403dbf9dc989d0651121', 'ffc03579b06a4b7fae6c51c9ff482111', 'admin', 0);
Insert into SYS_AUTH_ROLE
   (ID, AUTH_ID, ROLE_ID, IS_REVOKE)
 Values
   ('12323fe2ef32403dbf9dc989d0651124', '67e1114e83214aeb8a3ec0a6822fdd30', 'groupadmin', 0);
Insert into SYS_AUTH_ROLE
   (ID, AUTH_ID, ROLE_ID, IS_REVOKE)
 Values
   ('12323fe2ef32403dbf9dc989d0651250', '45676279a4a9416a8e20019821e6ghjk', 'admin', 0);
Insert into SYS_AUTH_ROLE
   (ID, AUTH_ID, ROLE_ID, IS_REVOKE)
 Values
   ('12323fe2ef32403dbf9dc989d0651251', 'yut76279a4a9416a8e20019821e6g45t', 'admin', 0);
Insert into SYS_AUTH_ROLE
   (ID, AUTH_ID, ROLE_ID, IS_REVOKE)
 Values
   ('12323fe2ef32403dbf9dc989d0651129', 'ac2a8ce16a614324b5ed4e9c24e7e905', 'groupadmin', 0);
Insert into SYS_AUTH_ROLE
   (ID, AUTH_ID, ROLE_ID, IS_REVOKE)
 Values
   ('12323fe2ef32403dbf9dc989d0651130', 'ac2a8ce16a614324b5ed4e9c24e7e111', 'groupadmin', 0);
Insert into SYS_AUTH_ROLE
   (ID, AUTH_ID, ROLE_ID, IS_REVOKE)
 Values
   ('12323fe2ef32403dbf9dc989d0651131', 'a16344b1790e41e98615f6cd19587573', 'groupadmin', 0);
Insert into SYS_AUTH_ROLE
   (ID, AUTH_ID, ROLE_ID, IS_REVOKE)
 Values
   ('12323fe2ef32403dbf9dc989d0651132', 'a16344b1790e41e98615f6cd19587111', 'groupadmin', 0);
Insert into SYS_AUTH_ROLE
   (ID, AUTH_ID, ROLE_ID, IS_REVOKE)
 Values
   ('12323fe2ef32403dbf9dc989d0651133', '5e80ace300d54486814ee84c1fb29a3a', 'groupadmin', 0);
Insert into SYS_AUTH_ROLE
   (ID, AUTH_ID, ROLE_ID, IS_REVOKE)
 Values
   ('12323fe2ef32403dbf9dc989d0651134', '5e80ace300d54486814ee84c1fb29111', 'groupadmin', 0);
Insert into SYS_AUTH_ROLE
   (ID, AUTH_ID, ROLE_ID, IS_REVOKE)
 Values
   ('12323fe2ef32403dbf9dc989d0651135', 'a16344b1790e41e98615f6cd19587571', 'groupadmin', 0);
Insert into SYS_AUTH_ROLE
   (ID, AUTH_ID, ROLE_ID, IS_REVOKE)
 Values
   ('12323fe2ef32403dbf9dc989d0651136', 'a16344b1790e41e98615f6cd19587112', 'groupadmin', 0);
Insert into SYS_AUTH_ROLE
   (ID, AUTH_ID, ROLE_ID, IS_REVOKE)
 Values
   ('12323fe2ef32403dbf9dc989d0651137', 'b50cbc8a2b0645729848403093f4246f', 'groupadmin', 0);
Insert into SYS_AUTH_ROLE
   (ID, AUTH_ID, ROLE_ID, IS_REVOKE)
 Values
   ('12323fe2ef32403dbf9dc989d0651138', 'b50cbc8a2b0645729848403093f42111', 'groupadmin', 0);
Insert into SYS_AUTH_ROLE
   (ID, AUTH_ID, ROLE_ID, IS_REVOKE)
 Values
   ('12323fe2ef32403dbf9dc989d0651139', '39e1b3ec3d6e483b86c4923ea64cfeee', 'groupadmin', 0);
Insert into SYS_AUTH_ROLE
   (ID, AUTH_ID, ROLE_ID, IS_REVOKE)
 Values
   ('12323fe2ef32403dbf9dc989d0651140', '39e1b3ec3d6e483b86c4923ea64cf111', 'groupadmin', 0);
Insert into SYS_AUTH_ROLE
   (ID, AUTH_ID, ROLE_ID, IS_REVOKE)
 Values
   ('12323fe2ef32403dbf9dc989d0651141', 'ac2a8ce16a614324b5ed4e9c24e7e904', 'groupadmin', 0);
Insert into SYS_AUTH_ROLE
   (ID, AUTH_ID, ROLE_ID, IS_REVOKE)
 Values
   ('12323fe2ef32403dbf9dc989d0651142', 'ac2a8ce16a614324b5ed4e9c24e71112', 'groupadmin', 0);
Insert into SYS_AUTH_ROLE
   (ID, AUTH_ID, ROLE_ID, IS_REVOKE)
 Values
   ('12323fe2ef32403dbf9dc989d0651143', 'ffc03579b06a4b7fae6c51c9ff48b311', 'groupadmin', 0);
Insert into SYS_AUTH_ROLE
   (ID, AUTH_ID, ROLE_ID, IS_REVOKE)
 Values
   ('12323fe2ef32403dbf9dc989d0651144', 'ffc03579b06a4b7fae6c51c9ff481112', 'groupadmin', 0);
Insert into SYS_AUTH_ROLE
   (ID, AUTH_ID, ROLE_ID, IS_REVOKE)
 Values
   ('12323fe2ef32403dbf9dc989d0651147', 'ac2a8ce16a614324b5ed4e9c24e7e904', 'appadmin', 0);
Insert into SYS_AUTH_ROLE
   (ID, AUTH_ID, ROLE_ID, IS_REVOKE)
 Values
   ('12323fe2ef32403dbf9dc989d0651148', 'ac2a8ce16a614324b5ed4e9c24e71113', 'appadmin', 0);
Insert into SYS_AUTH_ROLE
   (ID, AUTH_ID, ROLE_ID, IS_REVOKE)
 Values
   ('12323fe2ef32403dbf9dc989d0651149', 'ffc03579b06a4b7fae6c51c9ff48b311', 'appadmin', 0);
Insert into SYS_AUTH_ROLE
   (ID, AUTH_ID, ROLE_ID, IS_REVOKE)
 Values
   ('12323fe2ef32403dbf9dc989d0651150', 'ffc03579b06a4b7fae6c51c9ff481113', 'appadmin', 0);
Insert into SYS_AUTH_ROLE
   (ID, AUTH_ID, ROLE_ID, IS_REVOKE)
 Values
   ('12323fe2ef32403dbf9dc989d0651151', '131e140bc2bd4361af5ee488f92b22ad', 'appadmin', 0);
Insert into SYS_AUTH_ROLE
   (ID, AUTH_ID, ROLE_ID, IS_REVOKE)
 Values
   ('12323fe2ef32403dbf9dc989d0651152', '131e140bc2bd4361af5ee488f92b2111', 'appadmin', 0);
Insert into SYS_AUTH_ROLE
   (ID, AUTH_ID, ROLE_ID, IS_REVOKE)
 Values
   ('12323fe2ef32403dbf9dc989d0651153', '8bc5761a4d8d49e680515bc50f4baad1', 'appadmin', 0);
Insert into SYS_AUTH_ROLE
   (ID, AUTH_ID, ROLE_ID, IS_REVOKE)
 Values
   ('12323fe2ef32403dbf9dc989d0651154', '8bc5761a4d8d49e680515bc50f4ba111', 'appadmin', 0);
Insert into SYS_AUTH_ROLE
   (ID, AUTH_ID, ROLE_ID, IS_REVOKE)
 Values
   ('12323fe2ef32403dbf9dc989d0651155', '39e1b3ec3d6e483b86c4923ea64cfdd0', 'appadmin', 0);
Insert into SYS_AUTH_ROLE
   (ID, AUTH_ID, ROLE_ID, IS_REVOKE)
 Values
   ('12323fe2ef32403dbf9dc989d0651156', '39e1b3ec3d6e483b86c4923ea64c1111', 'appadmin', 0);
Insert into SYS_AUTH_ROLE
   (ID, AUTH_ID, ROLE_ID, IS_REVOKE)
 Values
   ('12323fe2ef32403dbf9dc989d0651157', '8d4d2caee7f548889988da2747dfaa4a', 'appadmin', 0);
Insert into SYS_AUTH_ROLE
   (ID, AUTH_ID, ROLE_ID, IS_REVOKE)
 Values
   ('12323fe2ef32403dbf9dc989d0651158', '39e1b3ec3d6e483b86c4923ea64c1112', 'appadmin', 0);
Insert into SYS_AUTH_ROLE
   (ID, AUTH_ID, ROLE_ID, IS_REVOKE)
 Values
   ('12323fe2ef32403dbf9dc989d0651164', '334qb3ec3d6e483b86c4923ea64cf112', 'appadmin', 0);
Insert into SYS_AUTH_ROLE
   (ID, AUTH_ID, ROLE_ID, IS_REVOKE)
 Values
   ('12323fe2ef32403dbf9dc989d0651165', '334qb3ec3d6e483b86c4923ea64cfdd0', 'appsec', 0);
Insert into SYS_AUTH_ROLE
   (ID, AUTH_ID, ROLE_ID, IS_REVOKE)
 Values
   ('12323fe2ef32403dbf9dc989d0651166', '334qb3ec3d6e483b86c4923ea64cf111', 'appsec', 0);
Insert into SYS_AUTH_ROLE
   (ID, AUTH_ID, ROLE_ID, IS_REVOKE)
 Values
   ('12323fe2ef32403dbf9dc989d0651167', '334qb3ec3d6e483b86c4923ea64cf113', 'appsec', 0);
Insert into SYS_AUTH_ROLE
   (ID, AUTH_ID, ROLE_ID, IS_REVOKE)
 Values
   ('12323fe2ef32403dbf9dc989d0651168', '334qb3ec3d6e483b86c4923ea64cf114', 'appsec', 0);
Insert into SYS_AUTH_ROLE
   (ID, AUTH_ID, ROLE_ID, IS_REVOKE)
 Values
   ('12323fe2ef32403dbf9dc989d0651170', '456wb3ec3d6e483b86c4923ea64cf112', 'appadmin', 0);
Insert into SYS_AUTH_ROLE
   (ID, AUTH_ID, ROLE_ID, IS_REVOKE)
 Values
   ('12323fe2ef32403dbf9dc989d0651171', '456wb3ec3d6e483b86c4923ea64cfdd0', 'appsec', 0);
Insert into SYS_AUTH_ROLE
   (ID, AUTH_ID, ROLE_ID, IS_REVOKE)
 Values
   ('12323fe2ef32403dbf9dc989d0651172', '456wb3ec3d6e483b86c4923ea64cf111', 'appsec', 0);
Insert into SYS_AUTH_ROLE
   (ID, AUTH_ID, ROLE_ID, IS_REVOKE)
 Values
   ('12323fe2ef32403dbf9dc989d0651174', '67yub3ec3d6e483b86c4923ea64cf112', 'appadmin', 0);
Insert into SYS_AUTH_ROLE
   (ID, AUTH_ID, ROLE_ID, IS_REVOKE)
 Values
   ('12323fe2ef32403dbf9dc989d0651175', '67yub3ec3d6e483b86c4923ea64cfdd0', 'appsec', 0);
Insert into SYS_AUTH_ROLE
   (ID, AUTH_ID, ROLE_ID, IS_REVOKE)
 Values
   ('12323fe2ef32403dbf9dc989d0651176', '67yub3ec3d6e483b86c4923ea64cf111', 'appsec', 0);
Insert into SYS_AUTH_ROLE
   (ID, AUTH_ID, ROLE_ID, IS_REVOKE)
 Values
   ('12323fe2ef32403dbf9dc989d0651179', 'bc316279a4a9416a8e20019821e640af', 'admin', 0);
Insert into SYS_AUTH_ROLE
   (ID, AUTH_ID, ROLE_ID, IS_REVOKE)
 Values
   ('12323fe2ef32403dbf9dc989d0651180', 'e3b15ac90286450fbe5a721c9f542451', 'admin', 0);
Insert into SYS_AUTH_ROLE
   (ID, AUTH_ID, ROLE_ID, IS_REVOKE)
 Values
   ('12323fe2ef32403dbf9dc989d0651181', '11316279a4a9416a8e20019821e640af', 'admin', 0);
Insert into SYS_AUTH_ROLE
   (ID, AUTH_ID, ROLE_ID, IS_REVOKE)
 Values
   ('12323fe2ef32403dbf9dc989d0651182', 'e3b15ac90286450fbe5a721c9f542451', 'sec', 0);
Insert into SYS_AUTH_ROLE
   (ID, AUTH_ID, ROLE_ID, IS_REVOKE)
 Values
   ('12323fe2ef32403dbf9dc989d0651183', 'e3b15ac90286450fbe5a721c9f542451', 'auditor', 0);
Insert into SYS_AUTH_ROLE
   (ID, AUTH_ID, ROLE_ID, IS_REVOKE)
 Values
   ('12323fe2ef32403dbf9dc989d0651184', 'bc316279a4a9416a8e20019821e640af', 'groupadmin', 0);
Insert into SYS_AUTH_ROLE
   (ID, AUTH_ID, ROLE_ID, IS_REVOKE)
 Values
   ('12323fe2ef32403dbf9dc989d0651185', 'e3b15ac90286450fbe5a721c9f542451', 'groupadmin', 0);
Insert into SYS_AUTH_ROLE
   (ID, AUTH_ID, ROLE_ID, IS_REVOKE)
 Values
   ('12323fe2ef32403dbf9dc989d0651186', '11316279a4a9416a8e20019821e640af', 'groupadmin', 0);
Insert into SYS_AUTH_ROLE
   (ID, AUTH_ID, ROLE_ID, IS_REVOKE)
 Values
   ('12323fe2ef32403dbf9dc989d0651187', 'e3b15ac90286450fbe5a721c9f542451', 'groupsec', 0);
Insert into SYS_AUTH_ROLE
   (ID, AUTH_ID, ROLE_ID, IS_REVOKE)
 Values
   ('12323fe2ef32403dbf9dc989d0651188', 'e3b15ac90286450fbe5a721c9f542451', 'groupauditor', 0);
Insert into SYS_AUTH_ROLE
   (ID, AUTH_ID, ROLE_ID, IS_REVOKE)
 Values
   ('12323fe2ef32403dbf9dc989d0651189', '11316279a4a9416a8e20019821e640af', 'appadmin', 0);
Insert into SYS_AUTH_ROLE
   (ID, AUTH_ID, ROLE_ID, IS_REVOKE)
 Values
   ('12323fe2ef32403dbf9dc989d0651190', 'e3b15ac90286450fbe5a721c9f542451', 'appadmin', 0);
Insert into SYS_AUTH_ROLE
   (ID, AUTH_ID, ROLE_ID, IS_REVOKE)
 Values
   ('12323fe2ef32403dbf9dc989d0651192', '11erb3ec3d6e483b86c4923ea64cfdd0', 'appadmin', 0);
Insert into SYS_AUTH_ROLE
   (ID, AUTH_ID, ROLE_ID, IS_REVOKE)
 Values
   ('12323fe2ef32403dbf9dc989d0651193', '04d7893c4a4d4345b18b0789af13753f', 'appsec', 0);
Insert into SYS_AUTH_ROLE
   (ID, AUTH_ID, ROLE_ID, IS_REVOKE)
 Values
   ('12323fe2ef32403dbf9dc989d0651194', 'e3b15ac90286450fbe5a721c9f542451', 'appsec', 0);
Insert into SYS_AUTH_ROLE
   (ID, AUTH_ID, ROLE_ID, IS_REVOKE)
 Values
   ('12323fe2ef32403dbf9dc989d0651195', '11erb3ec3d6e483b86c4923ea64cfdd0', 'appsec', 0);
Insert into SYS_AUTH_ROLE
   (ID, AUTH_ID, ROLE_ID, IS_REVOKE)
 Values
   ('12323fe2ef32403dbf9dc989d0651196', '04d7893c4a4d4345b18b0789af13753f', 'appauditor', 0);
Insert into SYS_AUTH_ROLE
   (ID, AUTH_ID, ROLE_ID, IS_REVOKE)
 Values
   ('12323fe2ef32403dbf9dc989d0651197', 'e3b15ac90286450fbe5a721c9f542451', 'appauditor', 0);
Insert into SYS_AUTH_ROLE
   (ID, AUTH_ID, ROLE_ID, IS_REVOKE)
 Values
   ('12323fe2ef32403dbf9dc989d0651198', '04d7893c4a4d4345b18b0789af13753f', 'sec', 0);
Insert into SYS_AUTH_ROLE
   (ID, AUTH_ID, ROLE_ID, IS_REVOKE)
 Values
   ('12323fe2ef32403dbf9dc989d0651199', '04d7893c4a4d4345b18b0789af13753f', 'groupsec', 0);
Insert into SYS_AUTH_ROLE
   (ID, AUTH_ID, ROLE_ID, IS_REVOKE)
 Values
   ('12323fe2ef32403dbf9dc989d0651200', '04d7893c4a4d4345b18b0789af13753f', 'groupauditor', 0);
Insert into SYS_AUTH_ROLE
   (ID, AUTH_ID, ROLE_ID, IS_REVOKE)
 Values
   ('12323fe2ef32403dbf9dc989d0651201', '04d7893c4a4d4345b18b0789af13753f', 'auditor', 0);
Insert into SYS_AUTH_ROLE
   (ID, AUTH_ID, ROLE_ID, IS_REVOKE)
 Values
   ('12323fe2ef32403dbf9dc989d0651202', '8bc5761a4d8d49e680515bc50f4baad1', 'groupadmin', 0);
Insert into SYS_AUTH_ROLE
   (ID, AUTH_ID, ROLE_ID, IS_REVOKE)
 Values
   ('12323fe2ef32403dbf9dc989d0651203', '39e1b3ec3d6e483b86c4923ea64cfdd0', 'groupadmin', 0);
Insert into SYS_AUTH_ROLE
   (ID, AUTH_ID, ROLE_ID, IS_REVOKE)
 Values
   ('12323fe2ef32403dbf9dc989d0651204', '8bc5761a4d8d49e680515bc50f4ba111', 'groupadmin', 0);
Insert into SYS_AUTH_ROLE
   (ID, AUTH_ID, ROLE_ID, IS_REVOKE)
 Values
   ('12323fe2ef32403dbf9dc989d0651205', '39e1b3ec3d6e483b86c4923ea64c1111', 'groupadmin', 0);
Insert into SYS_AUTH_ROLE
   (ID, AUTH_ID, ROLE_ID, IS_REVOKE)
 Values
   ('12323fe2ef32403dbf9dc989d0651206', '39e1b3ec3d6e483b86c4923ea64c1112', 'groupadmin', 0);
Insert into SYS_AUTH_ROLE
   (ID, AUTH_ID, ROLE_ID, IS_REVOKE)
 Values
   ('12323fe2ef32403dbf9dc989d0651207', 'e3b15ac90286450fbe5a721c9f542433', 'admin', 0);
Insert into SYS_AUTH_ROLE
   (ID, AUTH_ID, ROLE_ID, IS_REVOKE)
 Values
   ('12323fe2ef32403dbf9dc989d0651208', 'e3b15ac90286450fbe5a721c9f542433', 'sec', 0);
Insert into SYS_AUTH_ROLE
   (ID, AUTH_ID, ROLE_ID, IS_REVOKE)
 Values
   ('12323fe2ef32403dbf9dc989d0651209', 'e3b15ac90286450fbe5a721c9f542433', 'auditor', 0);
Insert into SYS_AUTH_ROLE
   (ID, AUTH_ID, ROLE_ID, IS_REVOKE)
 Values
   ('12323fe2ef32403dbf9dc989d0651210', 'e3b15ac90286450fbe5a721c9f542433', 'groupadmin', 0);
Insert into SYS_AUTH_ROLE
   (ID, AUTH_ID, ROLE_ID, IS_REVOKE)
 Values
   ('12323fe2ef32403dbf9dc989d0651211', 'e3b15ac90286450fbe5a721c9f542433', 'groupsec', 0);
Insert into SYS_AUTH_ROLE
   (ID, AUTH_ID, ROLE_ID, IS_REVOKE)
 Values
   ('12323fe2ef32403dbf9dc989d0651212', 'e3b15ac90286450fbe5a721c9f542433', 'groupauditor', 0);
Insert into SYS_AUTH_ROLE
   (ID, AUTH_ID, ROLE_ID, IS_REVOKE)
 Values
   ('12323fe2ef32403dbf9dc989d0651213', 'e3b15ac90286450fbe5a721c9f542433', 'appadmin', 0);
Insert into SYS_AUTH_ROLE
   (ID, AUTH_ID, ROLE_ID, IS_REVOKE)
 Values
   ('12323fe2ef32403dbf9dc989d0651214', 'e3b15ac90286450fbe5a721c9f542433', 'appsec', 0);
Insert into SYS_AUTH_ROLE
   (ID, AUTH_ID, ROLE_ID, IS_REVOKE)
 Values
   ('12323fe2ef32403dbf9dc989d0651215', 'e3b15ac90286450fbe5a721c9f542433', 'appauditor', 0);
Insert into SYS_AUTH_ROLE
   (ID, AUTH_ID, ROLE_ID, IS_REVOKE)
 Values
   ('12323fe2ef32403dbf9dc989d0651216', 'e3b15ac90286450fbe5a721c9f542344', 'admin', 0);
Insert into SYS_AUTH_ROLE
   (ID, AUTH_ID, ROLE_ID, IS_REVOKE)
 Values
   ('12323fe2ef32403dbf9dc989d0651217', '12315ac90286450fbe5a721c9f542344', 'admin', 0);
Insert into SYS_AUTH_ROLE
   (ID, AUTH_ID, ROLE_ID, IS_REVOKE)
 Values
   ('12323fe2ef32403dbf9dc989d0651218', '23315ac90286450fbe5a721c9f542344', 'admin', 0);
Insert into SYS_AUTH_ROLE
   (ID, AUTH_ID, ROLE_ID, IS_REVOKE)
 Values
   ('12323fe2ef32403dbf9dc989d0651219', '34415ac90286450fbe5a721c9f542344', 'admin', 0);
Insert into SYS_AUTH_ROLE
   (ID, AUTH_ID, ROLE_ID, IS_REVOKE)
 Values
   ('12323fe2ef32403dbf9dc989d0651220', '12315ac90286450fbe5a721c9f54ddd1', 'admin', 0);
Insert into SYS_AUTH_ROLE
   (ID, AUTH_ID, ROLE_ID, IS_REVOKE)
 Values
   ('12323fe2ef32403dbf9dc989d0651221', '23315ac90286450fbe5a721c9f54ddd2', 'admin', 0);
Insert into SYS_AUTH_ROLE
   (ID, AUTH_ID, ROLE_ID, IS_REVOKE)
 Values
   ('12323fe2ef32403dbf9dc989d0651222', '34415ac90286450fbe5a721c9f54ddd3', 'admin', 0);
Insert into SYS_AUTH_ROLE
   (ID, AUTH_ID, ROLE_ID, IS_REVOKE)
 Values
   ('12323fe2ef32403dbf9dc989d0651223', '77yub3ec3d6e483b86c4923ea6411111', 'appadmin', 0);
Insert into SYS_AUTH_ROLE
   (ID, AUTH_ID, ROLE_ID, IS_REVOKE)
 Values
   ('12323fe2ef32403dbf9dc989d0651224', '22316279a4a9416a8e20019821e640af', 'appadmin', 0);
Insert into SYS_AUTH_ROLE
   (ID, AUTH_ID, ROLE_ID, IS_REVOKE)
 Values
   ('12323fe2ef32403dbf9dc989d0651225', '11116279a4a9416a8e20019821e61111', 'groupadmin', 0);
Insert into SYS_AUTH_ROLE
   (ID, AUTH_ID, ROLE_ID, IS_REVOKE)
 Values
   ('12323fe2ef32403dbf9dc989d0651227', '3333ba3204344d37929abd4ad9a12222', 'appadmin', 0);
Insert into SYS_AUTH_ROLE
   (ID, AUTH_ID, ROLE_ID, IS_REVOKE)
 Values
   ('12323fe2ef32403dbf9dc989d0651228', '3456ba3204344d37929abd4ad9a15678', 'appadmin', 0);
Insert into SYS_AUTH_ROLE
   (ID, AUTH_ID, ROLE_ID, IS_REVOKE)
 Values
   ('12323fe2ef32403dbf9dc989d0651229', '7756ba3204344d37929abd4ad9a15699', 'appadmin', 0);
Insert into SYS_AUTH_ROLE
   (ID, AUTH_ID, ROLE_ID, IS_REVOKE)
 Values
   ('12323fe2ef32403dbf9dc989d0651230', '1116ba3204344d37929abd4ad9a15222', 'appadmin', 0);
Insert into SYS_AUTH_ROLE
   (ID, AUTH_ID, ROLE_ID, IS_REVOKE)
 Values
   ('12323fe2ef32403dbf9dc989d0651231', '5fc1b8842fa04faea8f39beb866fd511', 'sec', 0);
Insert into SYS_AUTH_ROLE
   (ID, AUTH_ID, ROLE_ID, IS_REVOKE)
 Values
   ('12323fe2ef32403dbf9dc989d065rt78', '67e1114e83214aeb8a3ec0a6822fdd30', 'groupsec', 0);
-- Insert into SYS_AUTH_ROLE
--    (ID, AUTH_ID, ROLE_ID, IS_REVOKE)
--  Values
--    ('12323fe2ef32403dbf9dc989d0651233', 'tyuub3ec3d6e483b86c4923ea64cfwe5', 'appadmin', 0);
Insert into SYS_AUTH_ROLE
   (ID, AUTH_ID, ROLE_ID, IS_REVOKE)
 Values
   ('12323fe2ef32403dbf9dc989d0651234', 'tyuub3ec3d6e483b86c4923ea64cfwe5', 'appsec', 0);
Insert into SYS_AUTH_ROLE
   (ID, AUTH_ID, ROLE_ID, IS_REVOKE)
 Values
   ('12323fe2ef32403dbf9dc989d0651235', '04d7893c4a4d4345b18b0789af13753f', 'admin', 0);
Insert into SYS_AUTH_ROLE
   (ID, AUTH_ID, ROLE_ID, IS_REVOKE)
 Values
   ('12323fe2ef32403dbf9dc989d0651236', '04d7893c4a4d4345b18b0789af13753f', 'groupadmin', 0);
Insert into SYS_AUTH_ROLE
   (ID, AUTH_ID, ROLE_ID, IS_REVOKE)
 Values
   ('12323fe2ef32403dbf9dc989d0651237', '04d7893c4a4d4345b18b0789af13753f', 'appadmin', 0);
Insert into SYS_AUTH_ROLE
   (ID, AUTH_ID, ROLE_ID, IS_REVOKE)
 Values
   ('12323fe2ef32403dbf9dc989d0651241', 'a16344b1790e41e98615f6cd19587572', 'groupadmin', 0);
Insert into SYS_AUTH_ROLE
   (ID, AUTH_ID, ROLE_ID, IS_REVOKE)
 Values
   ('12323fe2ef32403dbf9dc989d0651242', 'a16344b1790e41e98615f6cd1958757r', 'groupadmin', 0);
Insert into SYS_AUTH_ROLE
   (ID, AUTH_ID, ROLE_ID, IS_REVOKE)
 Values
   ('12323fe2ef32403dbf9dc989d0651243', 'twerba3204344d37929abd4ad9a1dfgh', 'appadmin', 0);
Insert into SYS_AUTH_ROLE
   (ID, AUTH_ID, ROLE_ID, IS_REVOKE)
 Values
   ('12323fe2ef32403dbf9dc989d0651244', '1234ba3204344d37929abd4ad9a1dgth', 'appadmin', 0);
Insert into SYS_AUTH_ROLE
   (ID, AUTH_ID, ROLE_ID, IS_REVOKE)
 Values
   ('12323fe2ef32403dbf9dc989d0651245', '2234ba3204344d37929abd4ad9a1dgth', 'appadmin', 0);
Insert into SYS_AUTH_ROLE
   (ID, AUTH_ID, ROLE_ID, IS_REVOKE)
 Values
   ('12323fe2ef32403dbf9dc989d0651246', '3234ba3204344d37929abd4ad9a1dgth', 'appadmin', 0);
Insert into SYS_AUTH_ROLE
   (ID, AUTH_ID, ROLE_ID, IS_REVOKE)
 Values
   ('12323fe2ef32403dbf9dc989d0651247', '4234ba3204344d37929abd4ad9a1dgth', 'appadmin', 0);
Insert into SYS_AUTH_ROLE
   (ID, AUTH_ID, ROLE_ID, IS_REVOKE)
 Values
   ('12323fe2ef32403dbf9dc989d0651248', '5234ba3204344d37929abd4ad9a1dgth', 'appadmin', 0);

/** SYS_AUTH_ROLE_LV */
Insert into SYS_AUTH_ROLE_LV
   (ID, VERSION_NO, IS_LAST_VERSION, ROLE_ID)
 Values
   ('admin', 1, 1, 'admin');
Insert into SYS_AUTH_ROLE_LV
   (ID, VERSION_NO, IS_LAST_VERSION, ROLE_ID)
 Values
   ('appadmin', 1, 1, 'appadmin');
Insert into SYS_AUTH_ROLE_LV
   (ID, VERSION_NO, IS_LAST_VERSION, ROLE_ID)
 Values
   ('appauditor', 1, 1, 'appauditor');
Insert into SYS_AUTH_ROLE_LV
   (ID, VERSION_NO, IS_LAST_VERSION, ROLE_ID)
 Values
   ('appsec', 1, 1, 'appsec');
Insert into SYS_AUTH_ROLE_LV
   (ID, VERSION_NO, IS_LAST_VERSION, ROLE_ID)
 Values
   ('auditor', 1, 1, 'auditor');
Insert into SYS_AUTH_ROLE_LV
   (ID, VERSION_NO, IS_LAST_VERSION, ROLE_ID)
 Values
   ('groupadmin', 1, 1, 'groupadmin');
Insert into SYS_AUTH_ROLE_LV
   (ID, VERSION_NO, IS_LAST_VERSION, ROLE_ID)
 Values
   ('groupauditor', 1, 1, 'groupauditor');
Insert into SYS_AUTH_ROLE_LV
   (ID, VERSION_NO, IS_LAST_VERSION, ROLE_ID)
 Values
   ('groupsec', 1, 1, 'groupsec');
Insert into SYS_AUTH_ROLE_LV
   (ID, VERSION_NO, IS_LAST_VERSION, ROLE_ID)
 Values
   ('sec', 1, 1, 'sec');


/** SYS_AUTH_ROLE_V */
Insert into SYS_AUTH_ROLE_V
   (ID, AUTH_ID, ROLE_ID, IS_REVOKE, LV_ID)
 Values
   ('A9F70485-0733-30C6-B229-5ED50026EA82', '5fc1b8842fa04faea8f39beb866fd511', 'admin', 0, 'admin');
Insert into SYS_AUTH_ROLE_V
   (ID, AUTH_ID, ROLE_ID, IS_REVOKE, LV_ID)
 Values
   ('2537703A-DC2E-5454-AFFA-4D97433A703B', '8df5766a29644f50bceee1228964e1cc', 'admin', 0, 'admin');
Insert into SYS_AUTH_ROLE_V
   (ID, AUTH_ID, ROLE_ID, IS_REVOKE, LV_ID)
 Values
   ('18B00EFA-0733-30C6-A6AA-405F1A301F06', '8df5766a29644f50bceee1228964e111', 'admin', 0, 'admin');
Insert into SYS_AUTH_ROLE_V
   (ID, AUTH_ID, ROLE_ID, IS_REVOKE, LV_ID)
 Values
   ('907AB189-433F-2439-EB2C-2C9A4E36CC19', 'ac2a8ce16a614324b5ed4e9c24e7e904', 'admin', 0, 'admin');
Insert into SYS_AUTH_ROLE_V
   (ID, AUTH_ID, ROLE_ID, IS_REVOKE, LV_ID)
 Values
   ('5CB67D83-0733-30C6-47BD-309D1472DF32', 'ac2a8ce16a614324b5ed4e9c24e71111', 'admin', 0, 'admin');
Insert into SYS_AUTH_ROLE_V
   (ID, AUTH_ID, ROLE_ID, IS_REVOKE, LV_ID)
 Values
   ('A727ACC5-DC2E-5454-BFAB-308BE022512C', 'ffc03579b06a4b7fae6c51c9ff48b311', 'admin', 0, 'admin');
Insert into SYS_AUTH_ROLE_V
   (ID, AUTH_ID, ROLE_ID, IS_REVOKE, LV_ID)
 Values
   ('C127D7E2-7538-4F65-C63D-DE107A293837', 'ffc03579b06a4b7fae6c51c9ff48b312', 'admin', 0, 'admin');
Insert into SYS_AUTH_ROLE_V
   (ID, AUTH_ID, ROLE_ID, IS_REVOKE, LV_ID)
 Values
   ('E037A12E-0733-30C6-322B-8298D6BE21FA', 'ffc03579b06a4b7fae6c51c9ff482111', 'admin', 0, 'admin');
Insert into SYS_AUTH_ROLE_V
   (ID, AUTH_ID, ROLE_ID, IS_REVOKE, LV_ID)
 Values
   ('55261A67-DC2E-5454-1AE2-9CA6E1B65D96', 'bc316279a4a9416a8e20019821e640af', 'admin', 0, 'admin');
Insert into SYS_AUTH_ROLE_V
   (ID, AUTH_ID, ROLE_ID, IS_REVOKE, LV_ID)
 Values
   ('6B65BF71-0733-30C6-783B-3967836BDF37', 'e3b15ac90286450fbe5a721c9f542451', 'admin', 0, 'admin');
Insert into SYS_AUTH_ROLE_V
   (ID, AUTH_ID, ROLE_ID, IS_REVOKE, LV_ID)
 Values
   ('342A4588-433F-2439-E034-A192D035C7E0', '11316279a4a9416a8e20019821e640af', 'admin', 0, 'admin');
Insert into SYS_AUTH_ROLE_V
   (ID, AUTH_ID, ROLE_ID, IS_REVOKE, LV_ID)
 Values
   ('7825AE25-0733-30C6-DDE7-0F8A59B9D047', 'e3b15ac90286450fbe5a721c9f542433', 'admin', 0, 'admin');
Insert into SYS_AUTH_ROLE_V
   (ID, AUTH_ID, ROLE_ID, IS_REVOKE, LV_ID)
 Values
   ('BAE41FDD-DC2E-5454-4DBC-CBE186B4731D', 'e3b15ac90286450fbe5a721c9f542344', 'admin', 0, 'admin');
Insert into SYS_AUTH_ROLE_V
   (ID, AUTH_ID, ROLE_ID, IS_REVOKE, LV_ID)
 Values
   ('3039C68C-0733-30C6-4FB2-69C9A2260DC1', '12315ac90286450fbe5a721c9f542344', 'admin', 0, 'admin');
Insert into SYS_AUTH_ROLE_V
   (ID, AUTH_ID, ROLE_ID, IS_REVOKE, LV_ID)
 Values
   ('DDE9B8F6-A436-5545-38A0-AADEF031BCF0', '23315ac90286450fbe5a721c9f542344', 'admin', 0, 'admin');
Insert into SYS_AUTH_ROLE_V
   (ID, AUTH_ID, ROLE_ID, IS_REVOKE, LV_ID)
 Values
   ('D9782F7C-7936-73B1-6EB6-41972035A262', '34415ac90286450fbe5a721c9f542344', 'admin', 0, 'admin');
Insert into SYS_AUTH_ROLE_V
   (ID, AUTH_ID, ROLE_ID, IS_REVOKE, LV_ID)
 Values
   ('E926CF2A-CA7F-5100-A96C-DF69AE248883', '12315ac90286450fbe5a721c9f54ddd1', 'admin', 0, 'admin');
Insert into SYS_AUTH_ROLE_V
   (ID, AUTH_ID, ROLE_ID, IS_REVOKE, LV_ID)
 Values
   ('38B57498-7936-73B1-CE20-91BE803CB063', '23315ac90286450fbe5a721c9f54ddd2', 'admin', 0, 'admin');
Insert into SYS_AUTH_ROLE_V
   (ID, AUTH_ID, ROLE_ID, IS_REVOKE, LV_ID)
 Values
   ('7E23A37F-783B-3DB7-DABE-43EA223F60EA', '34415ac90286450fbe5a721c9f54ddd3', 'admin', 0, 'admin');
Insert into SYS_AUTH_ROLE_V
   (ID, AUTH_ID, ROLE_ID, IS_REVOKE, LV_ID)
 Values
   ('E0337EEC-CA7F-5100-53B7-A8FBD220D110', 'e3b15ac90286450fbe5a721c9f542451', 'sec', 0, 'sec');
Insert into SYS_AUTH_ROLE_V
   (ID, AUTH_ID, ROLE_ID, IS_REVOKE, LV_ID)
 Values
   ('B5A1FD97-7936-73B1-2864-FDB45A293E3F', '04d7893c4a4d4345b18b0789af13753f', 'sec', 0, 'sec');
Insert into SYS_AUTH_ROLE_V
   (ID, AUTH_ID, ROLE_ID, IS_REVOKE, LV_ID)
 Values
   ('9D31365F-95EC-15CF-6936-DE4D4F3E3B01', 'e3b15ac90286450fbe5a721c9f542433', 'sec', 0, 'sec');
Insert into SYS_AUTH_ROLE_V
   (ID, AUTH_ID, ROLE_ID, IS_REVOKE, LV_ID)
 Values
   ('C220AA26-CA7F-5100-4E36-AFB7E1B8DA9E', 'e3b15ac90286450fbe5a721c9f542451', 'auditor', 0, 'auditor');
Insert into SYS_AUTH_ROLE_V
   (ID, AUTH_ID, ROLE_ID, IS_REVOKE, LV_ID)
 Values
   ('72336B23-7936-73B1-8220-41F7BB2AC5DB', '04d7893c4a4d4345b18b0789af13753f', 'auditor', 0, 'auditor');
Insert into SYS_AUTH_ROLE_V
   (ID, AUTH_ID, ROLE_ID, IS_REVOKE, LV_ID)
 Values
   ('5633F20F-783B-3DB7-5524-BB65B0223167', 'e3b15ac90286450fbe5a721c9f542433', 'auditor', 0, 'auditor');
Insert into SYS_AUTH_ROLE_V
   (ID, AUTH_ID, ROLE_ID, IS_REVOKE, LV_ID)
 Values
   ('C9A1A78E-7936-73B1-21B1-810849A3EFB1', '67e1114e83214aeb8a3ec0a6822fdd30', 'groupadmin', 0, 'groupadmin');
Insert into SYS_AUTH_ROLE_V
   (ID, AUTH_ID, ROLE_ID, IS_REVOKE, LV_ID)
 Values
   ('FF6637AA-7CBD-27BB-64A8-B799E5EAC8BA', 'ac2a8ce16a614324b5ed4e9c24e7e905', 'groupadmin', 0, 'groupadmin');
Insert into SYS_AUTH_ROLE_V
   (ID, AUTH_ID, ROLE_ID, IS_REVOKE, LV_ID)
 Values
   ('2035FF38-7936-73B1-A26C-2BF755262885', 'ac2a8ce16a614324b5ed4e9c24e7e111', 'groupadmin', 0, 'groupadmin');
Insert into SYS_AUTH_ROLE_V
   (ID, AUTH_ID, ROLE_ID, IS_REVOKE, LV_ID)
 Values
   ('4BA4F9F9-CA7F-5100-38AA-8EF2F6B75728', 'a16344b1790e41e98615f6cd19587573', 'groupadmin', 0, 'groupadmin');
Insert into SYS_AUTH_ROLE_V
   (ID, AUTH_ID, ROLE_ID, IS_REVOKE, LV_ID)
 Values
   ('23259E2C-7936-73B1-FAFE-8A8452643E99', 'a16344b1790e41e98615f6cd19587111', 'groupadmin', 0, 'groupadmin');
Insert into SYS_AUTH_ROLE_V
   (ID, AUTH_ID, ROLE_ID, IS_REVOKE, LV_ID)
 Values
   ('9DE0131D-783B-3DB7-B327-55614E242353', '5e80ace300d54486814ee84c1fb29a3a', 'groupadmin', 0, 'groupadmin');
Insert into SYS_AUTH_ROLE_V
   (ID, AUTH_ID, ROLE_ID, IS_REVOKE, LV_ID)
 Values
   ('72208165-7936-73B1-B0A0-632716226C22', '5e80ace300d54486814ee84c1fb29111', 'groupadmin', 0, 'groupadmin');
Insert into SYS_AUTH_ROLE_V
   (ID, AUTH_ID, ROLE_ID, IS_REVOKE, LV_ID)
 Values
   ('BDFEDE2F-CA7F-5100-B779-907355F9D445', 'a16344b1790e41e98615f6cd19587571', 'groupadmin', 0, 'groupadmin');
Insert into SYS_AUTH_ROLE_V
   (ID, AUTH_ID, ROLE_ID, IS_REVOKE, LV_ID)
 Values
   ('39218596-7936-73B1-442A-A435B9F8F85D', 'a16344b1790e41e98615f6cd19587112', 'groupadmin', 0, 'groupadmin');
Insert into SYS_AUTH_ROLE_V
   (ID, AUTH_ID, ROLE_ID, IS_REVOKE, LV_ID)
 Values
   ('9E79AA8B-95EC-15CF-092E-DB48BE36D801', 'b50cbc8a2b0645729848403093f4246f', 'groupadmin', 0, 'groupadmin');
Insert into SYS_AUTH_ROLE_V
   (ID, AUTH_ID, ROLE_ID, IS_REVOKE, LV_ID)
 Values
   ('B53FF307-7936-73B1-4C3E-2B6B86E5F5FB', 'b50cbc8a2b0645729848403093f42111', 'groupadmin', 0, 'groupadmin');
Insert into SYS_AUTH_ROLE_V
   (ID, AUTH_ID, ROLE_ID, IS_REVOKE, LV_ID)
 Values
   ('E0A722D4-CA7F-5100-72EC-FB01432EF2AF', '39e1b3ec3d6e483b86c4923ea64cfeee', 'groupadmin', 0, 'groupadmin');
Insert into SYS_AUTH_ROLE_V
   (ID, AUTH_ID, ROLE_ID, IS_REVOKE, LV_ID)
 Values
   ('A7A61995-7936-73B1-B9F5-B673702E049D', '39e1b3ec3d6e483b86c4923ea64cf111', 'groupadmin', 0, 'groupadmin');
Insert into SYS_AUTH_ROLE_V
   (ID, AUTH_ID, ROLE_ID, IS_REVOKE, LV_ID)
 Values
   ('2EB9A35E-783B-3DB7-737E-B21922378CB4', 'ac2a8ce16a614324b5ed4e9c24e7e904', 'groupadmin', 0, 'groupadmin');
Insert into SYS_AUTH_ROLE_V
   (ID, AUTH_ID, ROLE_ID, IS_REVOKE, LV_ID)
 Values
   ('3D331730-7936-73B1-8C3F-487F102089EE', 'ac2a8ce16a614324b5ed4e9c24e71112', 'groupadmin', 0, 'groupadmin');
Insert into SYS_AUTH_ROLE_V
   (ID, AUTH_ID, ROLE_ID, IS_REVOKE, LV_ID)
 Values
   ('26BA4AFC-CA7F-5100-6171-0E69A2329971', 'ffc03579b06a4b7fae6c51c9ff48b311', 'groupadmin', 0, 'groupadmin');
Insert into SYS_AUTH_ROLE_V
   (ID, AUTH_ID, ROLE_ID, IS_REVOKE, LV_ID)
 Values
   ('F1BC5622-7936-73B1-5E3A-0BDF9A353FA5', 'ffc03579b06a4b7fae6c51c9ff481112', 'groupadmin', 0, 'groupadmin');
Insert into SYS_AUTH_ROLE_V
   (ID, AUTH_ID, ROLE_ID, IS_REVOKE, LV_ID)
 Values
   ('7F2ED413-A436-5545-382E-1B346F39913B', 'bc316279a4a9416a8e20019821e640af', 'groupadmin', 0, 'groupadmin');
Insert into SYS_AUTH_ROLE_V
   (ID, AUTH_ID, ROLE_ID, IS_REVOKE, LV_ID)
 Values
   ('C2312F98-0AA2-85FC-6E3E-6AE5CBE2292A', 'e3b15ac90286450fbe5a721c9f542451', 'groupadmin', 0, 'groupadmin');
Insert into SYS_AUTH_ROLE_V
   (ID, AUTH_ID, ROLE_ID, IS_REVOKE, LV_ID)
 Values
   ('43F8DDFF-7BE3-A039-3120-7A525929F757', '11316279a4a9416a8e20019821e640af', 'groupadmin', 0, 'groupadmin');
Insert into SYS_AUTH_ROLE_V
   (ID, AUTH_ID, ROLE_ID, IS_REVOKE, LV_ID)
 Values
   ('BB673E8F-0AA2-85FC-F1F1-5AFCB926D32B', '8bc5761a4d8d49e680515bc50f4baad1', 'groupadmin', 0, 'groupadmin');
Insert into SYS_AUTH_ROLE_V
   (ID, AUTH_ID, ROLE_ID, IS_REVOKE, LV_ID)
 Values
   ('BB35DFE9-9A3E-95CD-DA3A-84BC02AF248C', '39e1b3ec3d6e483b86c4923ea64cfdd0', 'groupadmin', 0, 'groupadmin');
Insert into SYS_AUTH_ROLE_V
   (ID, AUTH_ID, ROLE_ID, IS_REVOKE, LV_ID)
 Values
   ('3D7BDADC-0AA2-85FC-C4E3-783C003386D0', '8bc5761a4d8d49e680515bc50f4ba111', 'groupadmin', 0, 'groupadmin');
Insert into SYS_AUTH_ROLE_V
   (ID, AUTH_ID, ROLE_ID, IS_REVOKE, LV_ID)
 Values
   ('6A2B1C03-7BE3-A039-3332-4350FD3EC2D8', '39e1b3ec3d6e483b86c4923ea64c1111', 'groupadmin', 0, 'groupadmin');
Insert into SYS_AUTH_ROLE_V
   (ID, AUTH_ID, ROLE_ID, IS_REVOKE, LV_ID)
 Values
   ('D63A3FC2-0AA2-85FC-8FF5-C5A7EDB0FFCE', '39e1b3ec3d6e483b86c4923ea64c1112', 'groupadmin', 0, 'groupadmin');
Insert into SYS_AUTH_ROLE_V
   (ID, AUTH_ID, ROLE_ID, IS_REVOKE, LV_ID)
 Values
   ('912D07DF-5B70-3FBD-86BD-750FA82A680D', 'e3b15ac90286450fbe5a721c9f542433', 'groupadmin', 0, 'groupadmin');
Insert into SYS_AUTH_ROLE_V
   (ID, AUTH_ID, ROLE_ID, IS_REVOKE, LV_ID)
 Values
   ('4871A589-7BE3-A039-4CE2-7F41A7A6AE73', 'e3b15ac90286450fbe5a721c9f542451', 'groupsec', 0, 'groupsec');
Insert into SYS_AUTH_ROLE_V
   (ID, AUTH_ID, ROLE_ID, IS_REVOKE, LV_ID)
 Values
   ('43217E29-0AA2-85FC-F02E-01AC57B7AF49', '04d7893c4a4d4345b18b0789af13753f', 'groupsec', 0, 'groupsec');
Insert into SYS_AUTH_ROLE_V
   (ID, AUTH_ID, ROLE_ID, IS_REVOKE, LV_ID)
 Values
   ('1BA97692-9A3E-95CD-E3A9-60245C39107D', 'e3b15ac90286450fbe5a721c9f542433', 'groupsec', 0, 'groupsec');
Insert into SYS_AUTH_ROLE_V
   (ID, AUTH_ID, ROLE_ID, IS_REVOKE, LV_ID)
 Values
   ('1333DE1E-7BE3-A039-BEBD-0B1D6C738B29', 'e3b15ac90286450fbe5a721c9f542451', 'groupauditor', 0, 'groupauditor');
Insert into SYS_AUTH_ROLE_V
   (ID, AUTH_ID, ROLE_ID, IS_REVOKE, LV_ID)
 Values
   ('BF2C14C1-0AA2-85FC-A834-1717172BA262', '04d7893c4a4d4345b18b0789af13753f', 'groupauditor', 0, 'groupauditor');
Insert into SYS_AUTH_ROLE_V
   (ID, AUTH_ID, ROLE_ID, IS_REVOKE, LV_ID)
 Values
   ('E235239C-4461-5569-6B2C-162F57B2AE9D', 'e3b15ac90286450fbe5a721c9f542433', 'groupauditor', 0, 'groupauditor');
Insert into SYS_AUTH_ROLE_V
   (ID, AUTH_ID, ROLE_ID, IS_REVOKE, LV_ID)
 Values
   ('ADB6D18B-0AA2-85FC-FEBC-ADD899F292D9', 'ac2a8ce16a614324b5ed4e9c24e7e904', 'appadmin', 0, 'appadmin');
Insert into SYS_AUTH_ROLE_V
   (ID, AUTH_ID, ROLE_ID, IS_REVOKE, LV_ID)
 Values
   ('32BDAB58-7BE3-A039-D7A7-63602F230FC8', 'ac2a8ce16a614324b5ed4e9c24e71113', 'appadmin', 0, 'appadmin');
Insert into SYS_AUTH_ROLE_V
   (ID, AUTH_ID, ROLE_ID, IS_REVOKE, LV_ID)
 Values
   ('2C6144DA-0AA2-85FC-936C-0DC37C34B059', 'ffc03579b06a4b7fae6c51c9ff48b311', 'appadmin', 0, 'appadmin');
Insert into SYS_AUTH_ROLE_V
   (ID, AUTH_ID, ROLE_ID, IS_REVOKE, LV_ID)
 Values
   ('F22A153A-9A3E-95CD-8F2A-C221AD290B03', 'ffc03579b06a4b7fae6c51c9ff481113', 'appadmin', 0, 'appadmin');
Insert into SYS_AUTH_ROLE_V
   (ID, AUTH_ID, ROLE_ID, IS_REVOKE, LV_ID)
 Values
   ('36FA8536-0AA2-85FC-D02C-0B5648B0E9FD', '131e140bc2bd4361af5ee488f92b22ad', 'appadmin', 0, 'appadmin');
Insert into SYS_AUTH_ROLE_V
   (ID, AUTH_ID, ROLE_ID, IS_REVOKE, LV_ID)
 Values
   ('AE68D031-5B70-3FBD-52B3-27DFBD756081', '8bc5761a4d8d49e680515bc50f4ba111', 'appadmin', 0, 'appadmin');
Insert into SYS_AUTH_ROLE_V
   (ID, AUTH_ID, ROLE_ID, IS_REVOKE, LV_ID)
 Values
   ('E13F3C0C-0AA2-85FC-0B2B-98761038D310', '39e1b3ec3d6e483b86c4923ea64cfdd0', 'appadmin', 0, 'appadmin');
Insert into SYS_AUTH_ROLE_V
   (ID, AUTH_ID, ROLE_ID, IS_REVOKE, LV_ID)
 Values
   ('6C62ACC3-7BE3-A039-96BE-D00D64616455', '39e1b3ec3d6e483b86c4923ea64c1111', 'appadmin', 0, 'appadmin');
Insert into SYS_AUTH_ROLE_V
   (ID, AUTH_ID, ROLE_ID, IS_REVOKE, LV_ID)
 Values
   ('C4247416-0AA2-85FC-F1A0-720CCA31CD0E', '8bc5761a4d8d49e680515bc50f4baad1', 'appadmin', 0, 'appadmin');
Insert into SYS_AUTH_ROLE_V
   (ID, AUTH_ID, ROLE_ID, IS_REVOKE, LV_ID)
 Values
   ('92A26209-0AA2-85FC-9D63-E2BBD0EA0E1A', '8d4d2caee7f548889988da2747dfaa4a', 'appadmin', 0, 'appadmin');
Insert into SYS_AUTH_ROLE_V
   (ID, AUTH_ID, ROLE_ID, IS_REVOKE, LV_ID)
 Values
   ('7DBB1FD1-9A3E-95CD-1C2C-FFB2943925F5', '39e1b3ec3d6e483b86c4923ea64c1112', 'appadmin', 0, 'appadmin');
Insert into SYS_AUTH_ROLE_V
   (ID, AUTH_ID, ROLE_ID, IS_REVOKE, LV_ID)
 Values
   ('9E278319-7936-73B1-B0F1-771BA8FCAD9D', '334qb3ec3d6e483b86c4923ea64cf112', 'appadmin', 0, 'appadmin');
Insert into SYS_AUTH_ROLE_V
   (ID, AUTH_ID, ROLE_ID, IS_REVOKE, LV_ID)
 Values
   ('CBF34330-CA7F-5100-38B4-E9AE093C24C0', '456wb3ec3d6e483b86c4923ea64cf112', 'appadmin', 0, 'appadmin');
Insert into SYS_AUTH_ROLE_V
   (ID, AUTH_ID, ROLE_ID, IS_REVOKE, LV_ID)
 Values
   ('3FF3FCE8-7936-73B1-52FF-502B1E26D05E', '67yub3ec3d6e483b86c4923ea64cf112', 'appadmin', 0, 'appadmin');
Insert into SYS_AUTH_ROLE_V
   (ID, AUTH_ID, ROLE_ID, IS_REVOKE, LV_ID)
 Values
   ('F2EBF516-783B-3DB7-E628-33666C24132B', '11316279a4a9416a8e20019821e640af', 'appadmin', 0, 'appadmin');
Insert into SYS_AUTH_ROLE_V
   (ID, AUTH_ID, ROLE_ID, IS_REVOKE, LV_ID)
 Values
   ('DB31BA34-7936-73B1-D0AB-535607B1B052', 'e3b15ac90286450fbe5a721c9f542451', 'appadmin', 0, 'appadmin');
Insert into SYS_AUTH_ROLE_V
   (ID, AUTH_ID, ROLE_ID, IS_REVOKE, LV_ID)
 Values
   ('1E334B40-CA7F-5100-4F3D-32EFFFFA5D9A', '11erb3ec3d6e483b86c4923ea64cfdd0', 'appadmin', 0, 'appadmin');
Insert into SYS_AUTH_ROLE_V
   (ID, AUTH_ID, ROLE_ID, IS_REVOKE, LV_ID)
 Values
   ('B1ED9625-7936-73B1-1C3A-13D0082E2596', 'e3b15ac90286450fbe5a721c9f542433', 'appadmin', 0, 'appadmin');
Insert into SYS_AUTH_ROLE_V
   (ID, AUTH_ID, ROLE_ID, IS_REVOKE, LV_ID)
 Values
   ('913A51CD-95EC-15CF-F331-4D96EA3E2C54', '77yub3ec3d6e483b86c4923ea6411111', 'appadmin', 0, 'appadmin');
Insert into SYS_AUTH_ROLE_V
   (ID, AUTH_ID, ROLE_ID, IS_REVOKE, LV_ID)
 Values
   ('15A64284-7936-73B1-2F2C-A9C2D578C3E8', '334qb3ec3d6e483b86c4923ea64cfdd0', 'appsec', 0, 'appsec');
Insert into SYS_AUTH_ROLE_V
   (ID, AUTH_ID, ROLE_ID, IS_REVOKE, LV_ID)
 Values
   ('A6B11F09-CA7F-5100-32BF-4A166577AF9D', '334qb3ec3d6e483b86c4923ea64cf111', 'appsec', 0, 'appsec');
Insert into SYS_AUTH_ROLE_V
   (ID, AUTH_ID, ROLE_ID, IS_REVOKE, LV_ID)
 Values
   ('BFE83931-7936-73B1-9B23-09B183E06E5F', '334qb3ec3d6e483b86c4923ea64cf113', 'appsec', 0, 'appsec');
Insert into SYS_AUTH_ROLE_V
   (ID, AUTH_ID, ROLE_ID, IS_REVOKE, LV_ID)
 Values
   ('397F7ECC-783B-3DB7-93F1-98FB14687BFA', '334qb3ec3d6e483b86c4923ea64cf114', 'appsec', 0, 'appsec');
Insert into SYS_AUTH_ROLE_V
   (ID, AUTH_ID, ROLE_ID, IS_REVOKE, LV_ID)
 Values
   ('20BD6BBE-7936-73B1-517A-CB99C3A172A2', '456wb3ec3d6e483b86c4923ea64cfdd0', 'appsec', 0, 'appsec');
Insert into SYS_AUTH_ROLE_V
   (ID, AUTH_ID, ROLE_ID, IS_REVOKE, LV_ID)
 Values
   ('6FBC4199-CA7F-5100-E83E-86CE9932BF1B', '456wb3ec3d6e483b86c4923ea64cf111', 'appsec', 0, 'appsec');
Insert into SYS_AUTH_ROLE_V
   (ID, AUTH_ID, ROLE_ID, IS_REVOKE, LV_ID)
 Values
   ('82FBC331-7936-73B1-6B34-1BCBB9622743', '67yub3ec3d6e483b86c4923ea64cfdd0', 'appsec', 0, 'appsec');
Insert into SYS_AUTH_ROLE_V
   (ID, AUTH_ID, ROLE_ID, IS_REVOKE, LV_ID)
 Values
   ('40B90209-7CBD-27BB-5776-10A1EB2A741E', '67yub3ec3d6e483b86c4923ea64cf111', 'appsec', 0, 'appsec');
Insert into SYS_AUTH_ROLE_V
   (ID, AUTH_ID, ROLE_ID, IS_REVOKE, LV_ID)
 Values
   ('64EF23F1-CA7F-5100-1D2E-443E38B2617C', '04d7893c4a4d4345b18b0789af13753f', 'appsec', 0, 'appsec');
Insert into SYS_AUTH_ROLE_V
   (ID, AUTH_ID, ROLE_ID, IS_REVOKE, LV_ID)
 Values
   ('BEAF67F1-7936-73B1-C023-8474B4BAC5CB', 'e3b15ac90286450fbe5a721c9f542451', 'appsec', 0, 'appsec');
Insert into SYS_AUTH_ROLE_V
   (ID, AUTH_ID, ROLE_ID, IS_REVOKE, LV_ID)
 Values
   ('03A9EA7C-783B-3DB7-4CA9-1EB5BA26EE25', '11erb3ec3d6e483b86c4923ea64cfdd0', 'appsec', 0, 'appsec');
Insert into SYS_AUTH_ROLE_V
   (ID, AUTH_ID, ROLE_ID, IS_REVOKE, LV_ID)
 Values
   ('4035720F-7936-73B1-A624-E68B18AF00AE', 'e3b15ac90286450fbe5a721c9f542433', 'appsec', 0, 'appsec');
Insert into SYS_AUTH_ROLE_V
   (ID, AUTH_ID, ROLE_ID, IS_REVOKE, LV_ID)
 Values
   ('FB2696D6-7936-73B1-8239-E39DBD3078A3', '04d7893c4a4d4345b18b0789af13753f', 'appauditor', 0, 'appauditor');
Insert into SYS_AUTH_ROLE_V
   (ID, AUTH_ID, ROLE_ID, IS_REVOKE, LV_ID)
 Values
   ('80288C3F-95EC-15CF-D5BE-1A3ED9BD3DC2', 'e3b15ac90286450fbe5a721c9f542451', 'appauditor', 0, 'appauditor');
Insert into SYS_AUTH_ROLE_V
   (ID, AUTH_ID, ROLE_ID, IS_REVOKE, LV_ID)
 Values
   ('BF2433AD-7936-73B1-F7A1-886C8E275677', 'e3b15ac90286450fbe5a721c9f542433', 'appauditor', 0, 'appauditor');
Insert into SYS_AUTH_ROLE_V
   (ID, AUTH_ID, ROLE_ID, IS_REVOKE, LV_ID)
 Values
   ('A9F70485-0733-30C6-B229-5ED50026EQQQ', '22316279a4a9416a8e20019821e640af', 'appadmin', 0, 'appadmin');
Insert into SYS_AUTH_ROLE_V
   (ID, AUTH_ID, ROLE_ID, IS_REVOKE, LV_ID)
 Values
   ('11F70485-0733-30C6-B229-5ED50011EEEE', '11116279a4a9416a8e20019821e61111', 'groupadmin', 0, 'groupadmin');
Insert into SYS_AUTH_ROLE_V
   (ID, AUTH_ID, ROLE_ID, IS_REVOKE, LV_ID)
 Values
   ('111B1F11-4029-B4A5-A03B-4D3154A66345', '3333ba3204344d37929abd4ad9a12222', 'appadmin', 0, 'appadmin');
Insert into SYS_AUTH_ROLE_V
   (ID, AUTH_ID, ROLE_ID, IS_REVOKE, LV_ID)
 Values
   ('123B1F11-4029-B4A5-A03B-4D3154A66312', '3456ba3204344d37929abd4ad9a15678', 'appadmin', 0, 'appadmin');
Insert into SYS_AUTH_ROLE_V
   (ID, AUTH_ID, ROLE_ID, IS_REVOKE, LV_ID)
 Values
   ('345B1F11-4029-B4A5-A03B-4D3154A66789', '7756ba3204344d37929abd4ad9a15699', 'appadmin', 0, 'appadmin');
Insert into SYS_AUTH_ROLE_V
   (ID, AUTH_ID, ROLE_ID, IS_REVOKE, LV_ID)
 Values
   ('235B1F11-4029-B4A5-A03B-4D3154A66744', '1116ba3204344d37929abd4ad9a15222', 'appadmin', 0, 'appadmin');
Insert into SYS_AUTH_ROLE_V
   (ID, AUTH_ID, ROLE_ID, IS_REVOKE, LV_ID)
 Values
   ('67870485-0733-0000-B229-5ED50026EA82', '5fc1b8842fa04faea8f39beb866fd511', 'sec', 0, 'sec');
Insert into SYS_AUTH_ROLE_V
   (ID, AUTH_ID, ROLE_ID, IS_REVOKE, LV_ID)
 Values
   ('67870485-0733-0000-ghuy-5ED50026EA82', '67e1114e83214aeb8a3ec0a6822fdd30', 'groupsec', 0, 'groupsec');
-- Insert into SYS_AUTH_ROLE_V
--    (ID, AUTH_ID, ROLE_ID, IS_REVOKE, LV_ID)
--  Values
--    ('3339dc7b6ba04f1fa8e4cc36be871222', 'tyuub3ec3d6e483b86c4923ea64cfwe5', 'appadmin', 0, 'appadmin');
Insert into SYS_AUTH_ROLE_V
   (ID, AUTH_ID, ROLE_ID, IS_REVOKE, LV_ID)
 Values
   ('4569dc7b6ba04f1fa8e4cc36be871234', 'tyuub3ec3d6e483b86c4923ea64cfwe5', 'appsec', 0, 'appsec');
Insert into SYS_AUTH_ROLE_V
   (ID, AUTH_ID, ROLE_ID, IS_REVOKE, LV_ID)
 Values
   ('1569dc7b6ba04f1fa8e4cc36be871231', '04d7893c4a4d4345b18b0789af13753f', 'admin', 0, 'admin');
Insert into SYS_AUTH_ROLE_V
   (ID, AUTH_ID, ROLE_ID, IS_REVOKE, LV_ID)
 Values
   ('2569dc7b6ba04f1fa8e4cc36be871232', '04d7893c4a4d4345b18b0789af13753f', 'groupadmin', 0, 'groupadmin');
Insert into SYS_AUTH_ROLE_V
   (ID, AUTH_ID, ROLE_ID, IS_REVOKE, LV_ID)
 Values
   ('3569dc7b6ba04f1fa8e4cc36be871233', '04d7893c4a4d4345b18b0789af13753f', 'appadmin', 0, 'appadmin');
Insert into SYS_AUTH_ROLE_V
   (ID, AUTH_ID, ROLE_ID, IS_REVOKE, LV_ID)
 Values
   ('7869dc7b6ba04f1fa8e4cc36be871278', 'a16344b1790e41e98615f6cd19587572', 'groupadmin', 0, 'groupadmin');
Insert into SYS_AUTH_ROLE_V
   (ID, AUTH_ID, ROLE_ID, IS_REVOKE, LV_ID)
 Values
   ('8969dc7b6ba04f1fa8e4cc36be871289', 'a16344b1790e41e98615f6cd1958757r', 'groupadmin', 0, 'groupadmin');
Insert into SYS_AUTH_ROLE_V
   (ID, AUTH_ID, ROLE_ID, IS_REVOKE, LV_ID)
 Values
   ('12323fe2ef32403dbf9dc989d0651243', 'twerba3204344d37929abd4ad9a1dfgh', 'appadmin', 0, 'appadmin');
Insert into SYS_AUTH_ROLE_V
   (ID, AUTH_ID, ROLE_ID, IS_REVOKE, LV_ID)
 Values
   ('12323fe2ef32403dbf9dc989d0651244', '1234ba3204344d37929abd4ad9a1dgth', 'appadmin', 0, 'appadmin');
Insert into SYS_AUTH_ROLE_V
   (ID, AUTH_ID, ROLE_ID, IS_REVOKE, LV_ID)
 Values
   ('12323fe2ef32403dbf9dc989d0651245', '2234ba3204344d37929abd4ad9a1dgth', 'appadmin', 0, 'appadmin');
Insert into SYS_AUTH_ROLE_V
   (ID, AUTH_ID, ROLE_ID, IS_REVOKE, LV_ID)
 Values
   ('12323fe2ef32403dbf9dc989d0651246', '3234ba3204344d37929abd4ad9a1dgth', 'appadmin', 0, 'appadmin');
Insert into SYS_AUTH_ROLE_V
   (ID, AUTH_ID, ROLE_ID, IS_REVOKE, LV_ID)
 Values
   ('12323fe2ef32403dbf9dc989d0651247', '4234ba3204344d37929abd4ad9a1dgth', 'appadmin', 0, 'appadmin');
Insert into SYS_AUTH_ROLE_V
   (ID, AUTH_ID, ROLE_ID, IS_REVOKE, LV_ID)
 Values
   ('12323fe2ef32403dbf9dc989d0651248', '5234ba3204344d37929abd4ad9a1dgth', 'appadmin', 0, 'appadmin');
Insert into SYS_AUTH_ROLE_V
   (ID, AUTH_ID, ROLE_ID, IS_REVOKE, LV_ID)
 Values
   ('6787ghjk-0733-0000-B229-5ED5rftyEA82', '8d4d2caee7f548889988da2747dfaa4a', 'appsec', 0, 'appsec');
Insert into SYS_AUTH_ROLE_V
   (ID, AUTH_ID, ROLE_ID, IS_REVOKE, LV_ID)
 Values
   ('12323fe2ef32403dbf9dc989d0651249', '34116279a4a9416a8e20019821e61341', 'admin', 0, 'admin');
Insert into SYS_AUTH_ROLE_V
   (ID, AUTH_ID, ROLE_ID, IS_REVOKE, LV_ID)
 Values
   ('12323fe2ef32403dbf9dc989d0651250', '45676279a4a9416a8e20019821e6ghjk', 'admin', 0, 'admin');
Insert into SYS_AUTH_ROLE_V
   (ID, AUTH_ID, ROLE_ID, IS_REVOKE, LV_ID)
 Values
   ('12323fe2ef32403dbf9dc989d0651251', 'yut76279a4a9416a8e20019821e6g45t', 'admin', 0, 'admin');


alter table "SYS_CONFIG" add ("LONG_VALUE" CLOB);
comment on column "SYS_CONFIG"."LONG_VALUE" is '长型值，储存背景图片等';
/**
2019/11/7
 */

UPDATE SYS_MENU SET PARENT_ID='11316279a4a9416a8e20019821e640af' , PARENT_NAME='配置管理' , SORT_INDEX=11 , SORT_PATH='00030011' WHERE ID='131e140bc2bd4361af5ee488f92b22ad';
UPDATE SYS_AUTH SET PARENT_ID='11316279a4a9416a8e20019821e640af' ,  SORT_INDEX=11 , SORT_PATH='00030011' WHERE ID='131e140bc2bd4361af5ee488f92b22ad';

alter table "SYS_DICT" add ("GROUP_ID" VARCHAR2(50 CHAR));
alter table "SYS_DICT" add ("SCOPE" NUMBER(1));
comment on column "SYS_DICT"."GROUP_ID" is '集团ID';
comment on column "SYS_DICT"."SCOPE" is '配置范围 1租户 2集团 3应用';

alter table "SYS_DICT_VALUE" add ("GROUP_ID" VARCHAR2(50 CHAR));
alter table "SYS_DICT_VALUE" add ("SCOPE" NUMBER(1));
comment on column "SYS_DICT_VALUE"."GROUP_ID" is '集团ID';
comment on column "SYS_DICT_VALUE"."SCOPE" is '配置范围 1租户 2集团 3应用';

Insert into SYS_AUTH_ROLE
   (ID, AUTH_ID, ROLE_ID, IS_REVOKE)
 Values
   ('12323fe2ef32403dbf9dc989d0651252', '131e140bc2bd4361af5ee488f92b22ad', 'admin', 0);
Insert into SYS_AUTH_ROLE
   (ID, AUTH_ID, ROLE_ID, IS_REVOKE)
 Values
   ('12323fe2ef32403dbf9dc989d0651253', '131e140bc2bd4361af5ee488f92b22ad', 'groupadmin', 0);

Insert into SYS_AUTH_ROLE_V
   (ID, AUTH_ID, ROLE_ID, IS_REVOKE, LV_ID)
 Values
   ('12323fe2ef32403dbf9dc989d0651252', '131e140bc2bd4361af5ee488f92b22ad', 'admin', 0, 'admin');
Insert into SYS_AUTH_ROLE_V
   (ID, AUTH_ID, ROLE_ID, IS_REVOKE, LV_ID)
 Values
   ('12323fe2ef32403dbf9dc989d0651253', '131e140bc2bd4361af5ee488f92b22ad', 'groupadmin', 0, 'groupadmin');

DELETE FROM SYS_AUTH WHERE ID = '131e140bc2bd4361af5ee488f92b2111';

Insert into SYS_AUTH
   (ID, NAME, APP_ID, SORT_INDEX, PARENT_ID,
    SORT_PATH, DATA_VERSION, IS_ORG_ADMIN, IS_USER_GROUP_ADMIN,CODE)
 Values
   ('1160858109884c5095eed968472c0234', '租户级字典维护', 'platform', 1, '131e140bc2bd4361af5ee488f92b22ad',
    '000300110001', 0, 0, 0,'platForm.dictManage.Dict.TenantMaintain');
Insert into SYS_AUTH
   (ID, NAME, APP_ID, SORT_INDEX, PARENT_ID,
    SORT_PATH, DATA_VERSION, IS_ORG_ADMIN, IS_USER_GROUP_ADMIN,CODE)
 Values
   ('1160858109884c5095eed968472c0235', '集团级字典维护', 'platform', 2, '131e140bc2bd4361af5ee488f92b22ad',
    '000300110002', 0, 0, 0,'platForm.dictManage.Dict.GroupMaintain');
Insert into SYS_AUTH
   (ID, NAME, APP_ID, SORT_INDEX, PARENT_ID,
    SORT_PATH, DATA_VERSION, IS_ORG_ADMIN, IS_USER_GROUP_ADMIN,CODE)
 Values
   ('1160858109884c5095eed968472c0236', '应用级字典维护', 'platform', 3, '131e140bc2bd4361af5ee488f92b22ad',
    '000300110003', 0, 0, 0,'platForm.dictManage.Dict.AppMaintain');
Insert into SYS_AUTH_ROLE
   (ID, AUTH_ID, ROLE_ID, IS_REVOKE)
 Values
   ('134757e07a3249d6ad180da0b4681111', '1160858109884c5095eed968472c0234', 'admin', 0);
Insert into SYS_AUTH_ROLE
   (ID, AUTH_ID, ROLE_ID, IS_REVOKE)
 Values
   ('134757e07a3249d6ad180da0b4681112', '1160858109884c5095eed968472c0235', 'groupadmin', 0);
Insert into SYS_AUTH_ROLE
   (ID, AUTH_ID, ROLE_ID, IS_REVOKE)
 Values
   ('134757e07a3249d6ad180da0b4681113', '1160858109884c5095eed968472c0236', 'appadmin', 0);
Insert into SYS_AUTH_ROLE_V
   (ID, AUTH_ID, ROLE_ID, IS_REVOKE, LV_ID)
 Values
   ('134757e07a3249d6ad180da0b4681111', '1160858109884c5095eed968472c0234', 'admin', 0, 'admin');
Insert into SYS_AUTH_ROLE_V
   (ID, AUTH_ID, ROLE_ID, IS_REVOKE, LV_ID)
 Values
   ('134757e07a3249d6ad180da0b4681112', '1160858109884c5095eed968472c0235', 'groupadmin', 0, 'groupadmin');
Insert into SYS_AUTH_ROLE_V
   (ID, AUTH_ID, ROLE_ID, IS_REVOKE, LV_ID)
 Values
   ('134757e07a3249d6ad180da0b4681113', '1160858109884c5095eed968472c0236', 'appadmin', 0, 'appadmin');

alter table "SYS_DICT" DROP CONSTRAINT FK_SYS_DICT_APP_ID;
alter table "SYS_MENU" DROP CONSTRAINT FK_SYS_MENU_AUTH_ID;

/**
2019/11/7
 */

alter table BD_POST add (TYPE_ID VARCHAR2(50 CHAR));
comment on column BD_POST.TYPE_ID is '岗位类别主键';

/**
2019/11/8
 */
DELETE FROM SYS_AUTH WHERE ID IN ('ffc03579b06a4b7fae6c51c9ff481111','ffc03579b06a4b7fae6c51c9ff481112','ffc03579b06a4b7fae6c51c9ff481113');
DELETE FROM SYS_AUTH_ROLE_V WHERE AUTH_ID='ffc03579b06a4b7fae6c51c9ff481111' AND ROLE_ID='admin';
DELETE FROM SYS_AUTH_ROLE_V WHERE AUTH_ID='ffc03579b06a4b7fae6c51c9ff481112' AND ROLE_ID='groupadmin';
DELETE FROM SYS_AUTH_ROLE_V WHERE AUTH_ID='ffc03579b06a4b7fae6c51c9ff481113' AND ROLE_ID='appadmin';
DELETE FROM SYS_AUTH_ROLE_V WHERE AUTH_ID='ffc03579b06a4b7fae6c51c9ff48b311' AND ROLE_ID='admin';
DELETE FROM SYS_AUTH_ROLE_V WHERE AUTH_ID='ffc03579b06a4b7fae6c51c9ff48b311' AND ROLE_ID='groupadmin';

/**
2019/11/11
 */
alter table SYS_GROUP_DATASOURCE add ("NAME" VARCHAR2(50 CHAR));
comment on column "SYS_GROUP_DATASOURCE"."NAME" is '数据源名称';
/**
2019/11/13
 */
insert into "SYS_CONFIG" ("NAME","VALUE","REMARK","CREATE_TIME","UPDATE_TIME","SORT_INDEX","ID","CREATE_USER","APP_ID","GROUP_ID","DATA_VERSION","SCOPE","TYPE","LONG_VALUE") values ('platformName', '企业管理平台', '平台名称', null, null, 2, 'platformName', null, '', '', 0, 1, null, null);

alter table SYS_WAIT_GRANT_AUTH add ("APP_ID" VARCHAR2(50 CHAR));
comment on column "SYS_WAIT_GRANT_AUTH"."APP_ID" is '应用ID';
-- insert into "SYS_CONFIG" ("NAME","VALUE","REMARK","CREATE_TIME","UPDATE_TIME","SORT_INDEX","ID","CREATE_USER","APP_ID","GROUP_ID","DATA_VERSION","SCOPE","TYPE","LONG_VALUE")
--  values ('logo.png', 'favicon', null, to_date('2019-11-05 14:36:24', 'yyyy-mm-dd hh24:mi:ss'), to_date('2019-11-05 14:36:24', 'yyyy-mm-dd hh24:mi:ss'),
--   null, 'platformImg-favicon', null, null, null, 0, 1, null, null);



-- insert into "SYS_CONFIG" ("NAME","VALUE","REMARK","CREATE_TIME","UPDATE_TIME","SORT_INDEX","ID",
-- "CREATE_USER","APP_ID","GROUP_ID","DATA_VERSION","SCOPE","TYPE","LONG_VALUE")
--  values ('login_bg.jpg', 'lgbg', null, to_date('2019-11-05 14:36:24', 'yyyy-mm-dd hh24:mi:ss'), to_date('2019-11-05 14:36:24', 'yyyy-mm-dd hh24:mi:ss'),
--  null, 'platformImg-lgbg', null, null, null, 0, 1, null, null);
--
--
--
--
--  insert into "SYS_CONFIG" ("NAME","VALUE","REMARK","CREATE_TIME","UPDATE_TIME","SORT_INDEX","ID","CREATE_USER","APP_ID","GROUP_ID","DATA_VERSION","SCOPE","TYPE","LONG_VALUE")
--  values ('lglo.png', 'lglo', null, to_date('2019-11-05 14:36:24', 'yyyy-mm-dd hh24:mi:ss'), to_date('2019-11-05 14:36:24', 'yyyy-mm-dd hh24:mi:ss'),
--  null, 'platformImg-lglo', null, null, null, 0, 1, null,  null);
--
--
--  insert into "SYS_CONFIG" ("NAME","VALUE","REMARK","CREATE_TIME","UPDATE_TIME","SORT_INDEX","ID","CREATE_USER","APP_ID","GROUP_ID","DATA_VERSION","SCOPE","TYPE","LONG_VALUE")
--  values ('menulo.png', 'menulo', null, to_date('2019-11-05 14:36:24', 'yyyy-mm-dd hh24:mi:ss'), to_date('2019-11-05 14:36:24', 'yyyy-mm-dd hh24:mi:ss'),
--   null, 'platformImg-menulo', null, null, null, 0, 1, null, null);
-- alter table SYS_USER modify  PINYIN varchar2(60);


alter table SYS_AUDIT_LOG add ("USER_TYPE" VARCHAR2(50 CHAR));
comment on column "SYS_AUDIT_LOG"."USER_TYPE" is '用户类型（0租户管理员,1集团管理员,2应用管理员,3普通用户）';

alter table SYS_AUDIT_LOG_BACKUP add ("USER_TYPE" VARCHAR2(100 CHAR));
comment on column "SYS_AUDIT_LOG_BACKUP"."USER_TYPE" is '用户类型（0租户管理员,1集团管理员,2应用管理员,3普通用户）';

update
sys_audit_log a set
a.user_type =  (select b.user_type from sys_user b where a.op_name = b.real_name and rownum=1);


/**
2019/11/19
 */
--
-- REPORT_TYPE  (Table)
--
CREATE TABLE REPORT_TYPE
(
  ID            VARCHAR2(50 BYTE)               NOT NULL,
  NAME          VARCHAR2(500 BYTE),
  APP_ID        VARCHAR2(50 BYTE),
  SORT          INTEGER                         DEFAULT 9999,
  DATA_VERSION  INTEGER                         DEFAULT 0,
  TYPE          INTEGER                         DEFAULT 1,
  PARENT_ID     VARCHAR2(50 BYTE)
);

COMMENT ON TABLE REPORT_TYPE IS '报表类别';

COMMENT ON COLUMN REPORT_TYPE.ID IS '主键';

COMMENT ON COLUMN REPORT_TYPE.NAME IS '类别名称';

COMMENT ON COLUMN REPORT_TYPE.APP_ID IS '应用id';

COMMENT ON COLUMN REPORT_TYPE.SORT IS '排序';

COMMENT ON COLUMN REPORT_TYPE.DATA_VERSION IS '数据版本';

COMMENT ON COLUMN REPORT_TYPE.TYPE IS '类别类型 1报表2仪表盘';

COMMENT ON COLUMN REPORT_TYPE.PARENT_ID IS '父节点ID';



--
-- REPORT_TYPE_PK  (Index)
--
CREATE UNIQUE INDEX REPORT_TYPE_PK ON REPORT_TYPE
(ID)
LOGGING;


--
-- REPORT_INFO  (Table)
--
CREATE TABLE REPORT_INFO
(
  ID            VARCHAR2(50 BYTE)               NOT NULL,
  APP_ID        VARCHAR2(50 BYTE),
  TYPE_ID       VARCHAR2(50 BYTE),
  NAME          VARCHAR2(500 BYTE),
  AUTH          VARCHAR2(2000 BYTE),
  IS_PUBLIC     NUMBER(1)                       DEFAULT 0,
  REFRESH_TYPE  INTEGER,
  SHOW_ITEM     VARCHAR2(2000 BYTE),
  MRT_STR       CLOB,
  DATA_VERSION  INTEGER                         DEFAULT 0,
  IS_AUTO_FLIP  NUMBER(1),
  REMARKS       VARCHAR2(2000 BYTE)
);

COMMENT ON TABLE REPORT_INFO IS '报表信息';

COMMENT ON COLUMN REPORT_INFO.ID IS '主键';

COMMENT ON COLUMN REPORT_INFO.APP_ID IS '应用id';

COMMENT ON COLUMN REPORT_INFO.TYPE_ID IS '报表类型id';

COMMENT ON COLUMN REPORT_INFO.NAME IS '报表名称';

COMMENT ON COLUMN REPORT_INFO.AUTH IS '查看权限集合';

COMMENT ON COLUMN REPORT_INFO.IS_PUBLIC IS '公开报表（0不公开1公开）开放报表，无需登录查看';

COMMENT ON COLUMN REPORT_INFO.REFRESH_TYPE IS '自动刷新类型（0不自动刷新，1定时刷新，2推送事假定时刷新）';

COMMENT ON COLUMN REPORT_INFO.SHOW_ITEM IS '查看选项';

COMMENT ON COLUMN REPORT_INFO.MRT_STR IS '报表信息';

COMMENT ON COLUMN REPORT_INFO.DATA_VERSION IS '数据版本';

COMMENT ON COLUMN REPORT_INFO.IS_AUTO_FLIP IS '自动翻页';

COMMENT ON COLUMN REPORT_INFO.REMARKS IS '描述';



--
-- REPORT_INFO_PK  (Index)
--
CREATE UNIQUE INDEX REPORT_INFO_PK ON REPORT_INFO
(ID)
LOGGING;


--
-- Non Foreign Key Constraints for Table REPORT_TYPE
--
ALTER TABLE REPORT_TYPE ADD (
  CONSTRAINT REPORT_TYPE_PK
  PRIMARY KEY
  (ID)
  USING INDEX REPORT_TYPE_PK
  ENABLE VALIDATE);

--
-- Non Foreign Key Constraints for Table REPORT_INFO
--
ALTER TABLE REPORT_INFO ADD (
  CONSTRAINT REPORT_INFO_PK
  PRIMARY KEY
  (ID)
  USING INDEX REPORT_INFO_PK
  ENABLE VALIDATE);

--
-- Foreign Key Constraints for Table REPORT_TYPE
--
ALTER TABLE REPORT_TYPE ADD (
  CONSTRAINT FK_REPORT_TYPE_APP_ID
  FOREIGN KEY (APP_ID)
  REFERENCES SYS_GROUP_APP (ID)
  ON DELETE CASCADE
  ENABLE VALIDATE);

--
-- Foreign Key Constraints for Table REPORT_INFO
--
ALTER TABLE REPORT_INFO ADD (
  CONSTRAINT FK_REPORT_INFO_APP_ID
  FOREIGN KEY (APP_ID)
  REFERENCES SYS_GROUP_APP (ID)
  ON DELETE CASCADE
  ENABLE VALIDATE,
  CONSTRAINT FK_REPORT_INFO_TYPE_ID
  FOREIGN KEY (TYPE_ID)
  REFERENCES REPORT_TYPE (ID)
  ON DELETE CASCADE
  ENABLE VALIDATE);


/**
2019/11/21
 */
--删除管理员针对审计日志的菜单管理
delete from sys_auth_role where auth_id='04d7893c4a4d4345b18b0789af13753f' and role_id in ('admin','groupadmin','appadmin');
delete from sys_auth_role_v where auth_id='04d7893c4a4d4345b18b0789af13753f' and role_id in ('admin','groupadmin','appadmin');

--对已存在管理员的有效权限删除掉审计日志的菜单管理
delete from sys_auth_mix where user_id in (select user_id from sys_user_role where role_id in ('admin','groupadmin','appadmin') and is_activated=1) and auth_id='04d7893c4a4d4345b18b0789af13753f';

--添加日志表role_id
alter table SYS_AUDIT_LOG add ("ROLE_ID" VARCHAR2(50 CHAR));
comment on column "SYS_AUDIT_LOG"."ROLE_ID" is '该操作人对应的管理员角色';

alter table SYS_AUDIT_LOG_BACKUP add ("ROLE_ID" VARCHAR2(200 CHAR));
comment on column "SYS_AUDIT_LOG_BACKUP"."ROLE_ID" is '该操作人对应的管理员角色';

alter table SYS_AUDIT_LOG_BACKUP add ("GROUP_ID" VARCHAR2(200 CHAR));
comment on column "SYS_AUDIT_LOG_BACKUP"."GROUP_ID" is '集团ID';

alter table SYS_AUDIT_LOG_BACKUP add ("APP_ID" VARCHAR2(200 CHAR));
comment on column "SYS_AUDIT_LOG_BACKUP"."APP_ID" is '应用ID';

--对当前的日志表数据的role_id添加值
update
sys_audit_log a set
a.role_id = (select c.role_id from sys_user_role c where c.user_id = (select b.id from sys_user b where a.op_name=b.real_name and rownum=1) and rownum=1) where a.user_type!=3;


/**
2019/11/22
 */
--应用审计员添加角色审计菜单，授权审计菜单
insert into "SYS_AUTH" ("ID","NAME","APP_ID","REMARK","SORT_INDEX","PARENT_ID","CREATE_USER","CREATE_TIME","UPDATE_TIME","SORT_PATH","IS_ORG_ADMIN","IS_USER_GROUP_ADMIN","CODE","DATA_VERSION") values ('frggb3ec3d6e483b86c4923ea64cvbnu', '角色审计', 'platform', null,6, '11erb3ec3d6e483b86c4923ea64cfdd0', null, null, null, '000200090006', 0, 0, 'roleAuditManage.roleAudit', 0);
insert into "SYS_AUTH" ("ID","NAME","APP_ID","REMARK","SORT_INDEX","PARENT_ID","CREATE_USER","CREATE_TIME","UPDATE_TIME","SORT_PATH","IS_ORG_ADMIN","IS_USER_GROUP_ADMIN","CODE","DATA_VERSION") values ('hjuub3ec3d6e483b86c4923ea64cnmui', '授权审计', 'platform', null,7, '11erb3ec3d6e483b86c4923ea64cfdd0', null, null, null, '000200090007', 0, 0, 'grantAuthAuditManage.grantAuthAudit', 0);

insert into "SYS_MENU" ("ID","NAME","PARENT_ID","APP_ID","PARENT_NAME","URL","TYPE","ICON","AUTH_ID","BTN_AUTH","IS_LEAF","SORT_INDEX","ALL_ORDER","SORT_PATH","OPEN_STYLE","CLOSE_NOTICE","CREATE_USER","CREATE_TIME","UPDATE_TIME","LEAF","MENU_AUTH","REMARK","DATA_VERSION","IS_IFRAME") values ('frggb3ec3d6e483b86c4923ea64cvbnu', '角色审计', '11erb3ec3d6e483b86c4923ea64cfdd0', 'platform', '授权管理', 'roleAuditManage/views/RoleAudit', 1, 'fa fa-wpforms', 'frggb3ec3d6e483b86c4923ea64cvbnu', null, null, 6, null, '000200090006', null, null, null, null, null, null, null, null, 0, 0);
insert into "SYS_MENU" ("ID","NAME","PARENT_ID","APP_ID","PARENT_NAME","URL","TYPE","ICON","AUTH_ID","BTN_AUTH","IS_LEAF","SORT_INDEX","ALL_ORDER","SORT_PATH","OPEN_STYLE","CLOSE_NOTICE","CREATE_USER","CREATE_TIME","UPDATE_TIME","LEAF","MENU_AUTH","REMARK","DATA_VERSION","IS_IFRAME") values ('hjuub3ec3d6e483b86c4923ea64cnmui', '授权审计', '11erb3ec3d6e483b86c4923ea64cfdd0', 'platform', '授权管理', 'grantAuthAuditManage/views/GrantAuthAudit', 1, 'fa fa-calendar-o', 'hjuub3ec3d6e483b86c4923ea64cnmui', null, null, 7, null, '000200090007', null, null, null, null, null, null, null, null, 0, 0);

insert into "SYS_AUTH_ROLE" ("ID","AUTH_ID","ROLE_ID","SIGN","IS_REVOKE","CREATE_USER","CREATE_TIME","UPDATE_TIME","REMARK") values ('12323fe2ef32403dbf9dc989d0651254', 'frggb3ec3d6e483b86c4923ea64cvbnu', 'appauditor', null, 0, null, null, null, null);
insert into "SYS_AUTH_ROLE" ("ID","AUTH_ID","ROLE_ID","SIGN","IS_REVOKE","CREATE_USER","CREATE_TIME","UPDATE_TIME","REMARK") values ('12323fe2ef32403dbf9dc989d0651255', 'hjuub3ec3d6e483b86c4923ea64cnmui', 'appauditor', null, 0, null, null, null, null);
insert into "SYS_AUTH_ROLE_V" ("ID","AUTH_ID","ROLE_ID","SIGN","IS_REVOKE","CREATE_USER","CREATE_TIME","UPDATE_TIME","REMARK","LV_ID") values ('12323fe2ef32403dbf9dc989d0651254', 'frggb3ec3d6e483b86c4923ea64cvbnu', 'appauditor', null, 0, null, null, null, null, 'appauditor');
insert into "SYS_AUTH_ROLE_V" ("ID","AUTH_ID","ROLE_ID","SIGN","IS_REVOKE","CREATE_USER","CREATE_TIME","UPDATE_TIME","REMARK","LV_ID") values ('12323fe2ef32403dbf9dc989d0651255', 'hjuub3ec3d6e483b86c4923ea64cnmui', 'appauditor', null, 0, null, null, null, null, 'appauditor');


insert into "SYS_AUTH_ROLE" ("ID","AUTH_ID","ROLE_ID","SIGN","IS_REVOKE","CREATE_USER","CREATE_TIME","UPDATE_TIME","REMARK") values ('12323fe2ef32403dbf9dc989d0651256', '11erb3ec3d6e483b86c4923ea64cfdd0', 'appauditor', null, 0, null, null, null, null);
insert into "SYS_AUTH_ROLE_V" ("ID","AUTH_ID","ROLE_ID","SIGN","IS_REVOKE","CREATE_USER","CREATE_TIME","UPDATE_TIME","REMARK","LV_ID") values ('12323fe2ef32403dbf9dc989d0651256', '11erb3ec3d6e483b86c4923ea64cfdd0', 'appauditor', null, 0, null, null, null, null, 'appauditor');


/**
2019/11/25
 */
alter table SYS_USER_ROLE_V add ("ROLE_NAME" VARCHAR2(50 CHAR));
comment on column "SYS_USER_ROLE_V"."ROLE_NAME" is '角色名称';

alter table SYS_AUTH_ROLE_V add ("AUTH_NAME" VARCHAR2(50 CHAR));
comment on column "SYS_AUTH_ROLE_V"."AUTH_NAME" is '权限名称';

alter table SYS_AUTH_USER_V add ("AUTH_NAME" VARCHAR2(50 CHAR));
comment on column "SYS_AUTH_USER_V"."AUTH_NAME" is '权限名称';

alter table SYS_AUTH_USER_LV add ("APP_ID" VARCHAR2(50 CHAR));
comment on column "SYS_AUTH_USER_LV"."APP_ID" is '应用ID';

alter table SYS_AUTH_ROLE_LV add ("APP_ID" VARCHAR2(50 CHAR));
comment on column "SYS_AUTH_ROLE_LV"."APP_ID" is '应用ID';

alter table SYS_USER add ("IS_IP_BIND" INTEGER DEFAULT 0);
comment on column "SYS_USER"."IS_IP_BIND" is '是否激活IP绑定0否，1是';

alter table SYS_USER add ("IP_ADDRESS" VARCHAR2(50 CHAR));
comment on column "SYS_USER"."IP_ADDRESS" is 'IP地址';


CREATE TABLE SYS_USER_THIRD_PARTY
(
  ID            VARCHAR2(50 BYTE)               NOT NULL,
  USER_ID       VARCHAR2(50 BYTE)               NOT NULL,
  TYPE          VARCHAR2(50 BYTE)               NOT NULL,
  TYPE_NAME     VARCHAR2(50 BYTE)               NOT NULL,
  ACCOUNT       VARCHAR2(200 BYTE)              NOT NULL,
  KEY_ONE       VARCHAR2(200 BYTE),
  KEY_TWO       VARCHAR2(200 BYTE),
  KEY_THREE     VARCHAR2(200 BYTE),
  KEY_FOUR      VARCHAR2(200 BYTE),
  DATA_VERSION  INTEGER                         DEFAULT 0,
  CREATE_USER      VARCHAR2(50 CHAR),
  CREATE_TIME      DATE,
  UPDATE_TIME      DATE
);

COMMENT ON TABLE SYS_USER_THIRD_PARTY IS '用户绑定第三账号信息';

COMMENT ON COLUMN SYS_USER_THIRD_PARTY.ID IS '主键';

COMMENT ON COLUMN SYS_USER_THIRD_PARTY.USER_ID IS '用户主键';

COMMENT ON COLUMN SYS_USER_THIRD_PARTY.TYPE IS '第三方账号类型';

COMMENT ON COLUMN SYS_USER_THIRD_PARTY.TYPE_NAME IS '第三方账号类型名称';

COMMENT ON COLUMN SYS_USER_THIRD_PARTY.ACCOUNT IS '第三方账号详情';

COMMENT ON COLUMN SYS_USER_THIRD_PARTY.CREATE_USER IS '创建人ID';

COMMENT ON COLUMN SYS_USER_THIRD_PARTY.CREATE_TIME IS '创建时间';

COMMENT ON COLUMN SYS_USER_THIRD_PARTY.UPDATE_TIME IS '更新时间';

COMMENT ON COLUMN SYS_USER_THIRD_PARTY.KEY_ONE IS '预留字段1';

COMMENT ON COLUMN SYS_USER_THIRD_PARTY.KEY_TWO IS '预留字段2';

COMMENT ON COLUMN SYS_USER_THIRD_PARTY.KEY_THREE IS '预留字段3';

COMMENT ON COLUMN SYS_USER_THIRD_PARTY.KEY_FOUR IS '预留字段4';


CREATE UNIQUE INDEX USER_THIRD_PARTY_PK ON SYS_USER_THIRD_PARTY
(ID)
LOGGING;

ALTER TABLE SYS_USER_THIRD_PARTY ADD (
  CONSTRAINT USER_THIRD_PARTY_PK
  PRIMARY KEY
  (ID)
  USING INDEX USER_THIRD_PARTY_PK
  ENABLE VALIDATE);

--
-- Foreign Key Constraints for Table REPORT_TYPE
--
ALTER TABLE SYS_USER_THIRD_PARTY ADD (
  CONSTRAINT FK_USER_THIRD_PARTY_USERID
  FOREIGN KEY (USER_ID)
  REFERENCES SYS_USER (ID)
  ON DELETE CASCADE
  ENABLE VALIDATE);

alter table SYS_GROUP_APP modify  HAS_UI NUMBER(1)   DEFAULT 0;

/**
2019-11-29 运行日志管理
 */
INSERT INTO SYS_MENU ("ID", "NAME", "PARENT_ID", "APP_ID", "PARENT_NAME", "URL", "TYPE", "ICON", "AUTH_ID",
"BTN_AUTH", "IS_LEAF", "SORT_INDEX", "ALL_ORDER", "SORT_PATH", "OPEN_STYLE", "CLOSE_NOTICE", "CREATE_USER", "CREATE_TIME", "UPDATE_TIME", "LEAF", "MENU_AUTH", "REMARK", "DATA_VERSION", "IS_IFRAME")
VALUES ('99ea2ad7ea4a4e54acdaff4c84bb8371', '运行日志', 'e3b15ac90286450fbe5a721c9f542451', 'platform', '系统管理',
'workingLogManage/views/workingLog', '1', 'fa fa-window-maximize', '99ea2ad7ea4a4e54acdaff4c84bb8371', NULL, NULL, 29, NULL, '00020029', NULL, NULL, 'dde891f1a0c34a12add515b3b3ab7763', NULL, NULL, NULL, NULL, NULL, '0', '0');

insert into "SYS_AUTH" ("ID","NAME","APP_ID","REMARK","SORT_INDEX","PARENT_ID","CREATE_USER","CREATE_TIME","UPDATE_TIME","SORT_PATH","IS_ORG_ADMIN","IS_USER_GROUP_ADMIN","CODE","DATA_VERSION") values ('99ea2ad7ea4a4e54acdaff4c84bb8371', '运行日志', 'platform', null,29, 'e3b15ac90286450fbe5a721c9f542451', null, null, null, '00020029', 0, 0, 'workingLogManage.views.workingLog', 0);


insert into "SYS_AUTH_ROLE" ("ID","AUTH_ID","ROLE_ID","SIGN","IS_REVOKE","CREATE_USER","CREATE_TIME","UPDATE_TIME","REMARK") values ('99ea2ad7ea4a4e54acdaff4c84bb8371', '99ea2ad7ea4a4e54acdaff4c84bb8371', 'groupadmin', null, 0, null, null, null, null);
insert into "SYS_AUTH_ROLE" ("ID","AUTH_ID","ROLE_ID","SIGN","IS_REVOKE","CREATE_USER","CREATE_TIME","UPDATE_TIME","REMARK") values ('99ea2ad7ea4a4e54acdaff4c84bb8372', '99ea2ad7ea4a4e54acdaff4c84bb8371', 'admin', null, 0, null, null, null, null);

insert into "SYS_AUTH_ROLE_V" ("ID","AUTH_ID","ROLE_ID","SIGN","IS_REVOKE","CREATE_USER","CREATE_TIME","UPDATE_TIME","REMARK","LV_ID") values ('99ea2ad7ea4a4e54acdaff4c84bb8371', '99ea2ad7ea4a4e54acdaff4c84bb8371', 'groupadmin', null, 0, null, null, null, null, 'groupadmin');

insert into "SYS_AUTH_ROLE_V" ("ID","AUTH_ID","ROLE_ID","SIGN","IS_REVOKE","CREATE_USER","CREATE_TIME","UPDATE_TIME","REMARK","LV_ID") values ('99ea2ad7ea4a4e54acdaff4c84bb8372', '99ea2ad7ea4a4e54acdaff4c84bb8371', 'admin', null, 0, null, null, null, null, 'admin');


INSERT INTO SYS_MENU ("ID", "NAME", "PARENT_ID", "APP_ID", "PARENT_NAME", "URL", "TYPE", "ICON", "AUTH_ID", "BTN_AUTH", "IS_LEAF", "SORT_INDEX", "ALL_ORDER", "SORT_PATH", "OPEN_STYLE", "CLOSE_NOTICE", "CREATE_USER", "CREATE_TIME", "UPDATE_TIME", "LEAF", "MENU_AUTH", "REMARK", "DATA_VERSION", "IS_IFRAME")
VALUES ('99ea2ad7ea4a4e54acdaff4c84bb8370', '平台运行日志', 'e3b15ac90286450fbe5a721c9f542451', 'platform', '系统管理', 'workingLogManage/views/aceWorkingLog', '1', 'fa fa-window-maximize', '99ea2ad7ea4a4e54acdaff4c84bb8370', NULL, NULL, 19, NULL, '00020019', NULL, NULL, 'dde891f1a0c34a12add515b3b3ab7763', NULL, NULL, NULL, NULL, NULL, '0', '0');


insert into "SYS_AUTH" ("ID","NAME","APP_ID","REMARK","SORT_INDEX","PARENT_ID","CREATE_USER","CREATE_TIME","UPDATE_TIME","SORT_PATH","IS_ORG_ADMIN","IS_USER_GROUP_ADMIN","CODE","DATA_VERSION") values ('99ea2ad7ea4a4e54acdaff4c84bb8370', '平台运行日志', 'platform', null,19, 'e3b15ac90286450fbe5a721c9f542451', null, null, null, '00020019', 0, 0, 'workingLogManage.views.aceWorkingLog', 0);

insert into "SYS_AUTH_ROLE" ("ID","AUTH_ID","ROLE_ID","SIGN","IS_REVOKE","CREATE_USER","CREATE_TIME","UPDATE_TIME","REMARK") values ('99ea2ad7ea4a4e54acdaff4c84bb8375', '99ea2ad7ea4a4e54acdaff4c84bb8370', 'admin', null, 0, null, null, null, null);

insert into "SYS_AUTH_ROLE_V" ("ID","AUTH_ID","ROLE_ID","SIGN","IS_REVOKE","CREATE_USER","CREATE_TIME","UPDATE_TIME","REMARK","LV_ID") values ('99ea2ad7ea4a4e54acdaff4c84bb8375', '99ea2ad7ea4a4e54acdaff4c84bb8370', 'admin', null, 0, null, null, null, null, 'admin');


/**
  2019/09/27:修改集团三员管理
 */
comment on table "SYS_AUTH_SCOPE_APP" is '系统管理-应用三员-授权应用';

comment on table "SYS_AUTH_SCOPE_ORG" is '系统管理-应用三员-授权组织';

comment on table "SYS_AUTH_SCOPE_USER_GROUP" is '系统管理-应用三员-授权用户组';

/**
2019/12/5
 */
alter table SYS_AUDIT_LOG add ("TYPE" VARCHAR2(10 CHAR));
comment on column "SYS_AUDIT_LOG"."TYPE" is '操作类别';

alter table SYS_AUDIT_LOG add ("TITLE" VARCHAR2(300 CHAR));
comment on column "SYS_AUDIT_LOG"."TITLE" is '操作标题';

alter table SYS_AUDIT_LOG_BACKUP add ("TYPE" VARCHAR2(200 CHAR));
comment on column "SYS_AUDIT_LOG_BACKUP"."TYPE" is '操作类别';

alter table SYS_AUDIT_LOG_BACKUP add ("TITLE" VARCHAR2(600 CHAR));
comment on column "SYS_AUDIT_LOG_BACKUP"."TITLE" is '操作标题';

TRUNCATE TABLE SYS_AUDIT_LOG;
alter table SYS_AUDIT_LOG  MODIFY (OP_CONTENT LONG) ;
alter table SYS_AUDIT_LOG  MODIFY (OP_CONTENT CLOB) ;
TRUNCATE TABLE SYS_AUDIT_LOG_BACKUP;
alter table SYS_AUDIT_LOG_BACKUP  MODIFY (OP_CONTENT LONG) ;
alter table SYS_AUDIT_LOG_BACKUP  MODIFY (OP_CONTENT CLOB) ;
TRUNCATE TABLE SYS_AUDIT_LOG_COUNT;

INSERT INTO SYS_MENU ("ID", "NAME", "PARENT_ID", "APP_ID", "PARENT_NAME", "URL", "TYPE", "ICON", "AUTH_ID", "BTN_AUTH", "IS_LEAF", "SORT_INDEX", "ALL_ORDER", "SORT_PATH", "OPEN_STYLE", "CLOSE_NOTICE", "CREATE_USER", "CREATE_TIME", "UPDATE_TIME", "LEAF", "MENU_AUTH", "REMARK", "DATA_VERSION", "IS_IFRAME")
VALUES ('19ea2ad7ea4a4e54acdaff4c84bb8370', '应用审计日志', 'e3b15ac90286450fbe5a721c9f542451', 'platform', '系统管理', 'auditLogManage/views/AppAuditLog', '1', 'fa fa-window-maximize', '19ea2ad7ea4a4e54acdaff4c84bb8370', NULL, NULL, '5', NULL, '00020005', NULL, NULL, 'dde891f1a0c34a12add515b3b3ab7763', NULL, NULL, NULL, NULL, NULL, '0', '0');


insert into "SYS_AUTH" ("ID","NAME","APP_ID","REMARK","SORT_INDEX","PARENT_ID","CREATE_USER","CREATE_TIME","UPDATE_TIME","SORT_PATH","IS_ORG_ADMIN","IS_USER_GROUP_ADMIN","CODE","DATA_VERSION") values ('19ea2ad7ea4a4e54acdaff4c84bb8370', '平台运行日志', 'platform', null,5, 'e3b15ac90286450fbe5a721c9f542451', null, null, null, '00020005', 0, 0, 'workingLogManage.views.aceWorkingLog', 0);

insert into "SYS_AUTH_ROLE" ("ID","AUTH_ID","ROLE_ID","SIGN","IS_REVOKE","CREATE_USER","CREATE_TIME","UPDATE_TIME","REMARK") values ('29ea2ad7ea4a4e54acdaff4c84bb8370', '19ea2ad7ea4a4e54acdaff4c84bb8370', 'sec', null, 0, null, null, null, null);

insert into "SYS_AUTH_ROLE_V" ("ID","AUTH_ID","ROLE_ID","SIGN","IS_REVOKE","CREATE_USER","CREATE_TIME","UPDATE_TIME","REMARK","LV_ID") values ('29ea2ad7ea4a4e54acdaff4c84bb8370', '19ea2ad7ea4a4e54acdaff4c84bb8370', 'sec', null, 0, null, null, null, null, 'sec');

insert into "SYS_AUTH_ROLE" ("ID","AUTH_ID","ROLE_ID","SIGN","IS_REVOKE","CREATE_USER","CREATE_TIME","UPDATE_TIME","REMARK") values ('59ea2ad7ea4a4e54acdaff4c84bb8370', '19ea2ad7ea4a4e54acdaff4c84bb8370', 'groupsec', null, 0, null, null, null, null);

insert into "SYS_AUTH_ROLE_V" ("ID","AUTH_ID","ROLE_ID","SIGN","IS_REVOKE","CREATE_USER","CREATE_TIME","UPDATE_TIME","REMARK","LV_ID") values ('59ea2ad7ea4a4e54acdaff4c84bb8370', '19ea2ad7ea4a4e54acdaff4c84bb8370', 'groupsec', null, 0, null, null, null, null, 'groupsec');

insert into "SYS_AUTH_ROLE" ("ID","AUTH_ID","ROLE_ID","SIGN","IS_REVOKE","CREATE_USER","CREATE_TIME","UPDATE_TIME","REMARK") values ('19ea2ad7ea4a4e54acdaff4c84bb8370', '19ea2ad7ea4a4e54acdaff4c84bb8370', 'appsec', null, 0, null, null, null, null);

insert into "SYS_AUTH_ROLE_V" ("ID","AUTH_ID","ROLE_ID","SIGN","IS_REVOKE","CREATE_USER","CREATE_TIME","UPDATE_TIME","REMARK","LV_ID") values ('19ea2ad7ea4a4e54acdaff4c84bb8370', '19ea2ad7ea4a4e54acdaff4c84bb8370', 'appsec', null, 0, null, null, null, null, 'appsec');


/**
2019/12/6
 */
alter table SYS_AUDIT_LOG add ("TYPE_TAG" VARCHAR2(50 CHAR));
comment on column "SYS_AUDIT_LOG"."TYPE_TAG" is '操作类别标签';
alter table SYS_AUDIT_LOG  MODIFY ("TYPE" VARCHAR2(50 CHAR)) ;
alter table SYS_AUDIT_LOG_BACKUP add ("TYPE_TAG" VARCHAR2(200 CHAR));
comment on column "SYS_AUDIT_LOG_BACKUP"."TYPE_TAG" is '操作类别标签';

/**
2019/12/9
 */
--
-- SYS_APP_MENU_DISPLAY  (Table)
--
CREATE TABLE SYS_APP_MENU_DISPLAY
(
  ID               VARCHAR2(50 BYTE)            NOT NULL,
  APP_ID           VARCHAR2(50 BYTE),
  MENU_ID          VARCHAR2(50 BYTE),
  USER_ID          VARCHAR2(50 BYTE),
  MENU_ICON        VARCHAR2(200 BYTE),
  MENU_URL         VARCHAR2(200 BYTE),
  MENU_NAME        VARCHAR2(50 BYTE),
  MENU_SORT_INDEX  INTEGER
);

COMMENT ON TABLE SYS_APP_MENU_DISPLAY IS '应用下菜单显示在平台管控台的信息表';

COMMENT ON COLUMN SYS_APP_MENU_DISPLAY.ID IS '主键';

COMMENT ON COLUMN SYS_APP_MENU_DISPLAY.APP_ID IS '应用ID';

COMMENT ON COLUMN SYS_APP_MENU_DISPLAY.MENU_ID IS '菜单ID';

COMMENT ON COLUMN SYS_APP_MENU_DISPLAY.USER_ID IS '用户ID';

COMMENT ON COLUMN SYS_APP_MENU_DISPLAY.MENU_ICON IS '菜单图标';

COMMENT ON COLUMN SYS_APP_MENU_DISPLAY.MENU_URL IS '菜单URL';

COMMENT ON COLUMN SYS_APP_MENU_DISPLAY.MENU_NAME IS '菜单名称';

COMMENT ON COLUMN SYS_APP_MENU_DISPLAY.MENU_SORT_INDEX IS '菜单序号';



--
-- SYS_APP_MENU_DISPLAY_PK  (Index)
--
CREATE UNIQUE INDEX SYS_APP_MENU_DISPLAY_PK ON SYS_APP_MENU_DISPLAY
(ID)
LOGGING;


--
-- Non Foreign Key Constraints for Table SYS_APP_MENU_DISPLAY
--
ALTER TABLE SYS_APP_MENU_DISPLAY ADD (
  CONSTRAINT SYS_APP_MENU_DISPLAY_PK
  PRIMARY KEY
  (ID)
  USING INDEX SYS_APP_MENU_DISPLAY_PK
  ENABLE VALIDATE);

--
-- Foreign Key Constraints for Table SYS_APP_MENU_DISPLAY
--
ALTER TABLE SYS_APP_MENU_DISPLAY ADD (
  CONSTRAINT FK_DISPLAY_APP_ID
  FOREIGN KEY (APP_ID)
  REFERENCES SYS_GROUP_APP (ID)
  ON DELETE CASCADE
  ENABLE VALIDATE,
  CONSTRAINT FK_DISPLAY_MENU_ID
  FOREIGN KEY (MENU_ID)
  REFERENCES SYS_MENU (ID)
  ON DELETE CASCADE
  ENABLE VALIDATE,
  CONSTRAINT FK_DISPLAY_USER_ID
  FOREIGN KEY (USER_ID)
  REFERENCES SYS_USER (ID)
  ON DELETE CASCADE
  ENABLE VALIDATE);


/**
2019/12/12
 */
--
-- SYS_WAIT_GRANT_USER  (Table)
--
CREATE TABLE SYS_WAIT_GRANT_USER
(
  ID       VARCHAR2(50 BYTE)                    NOT NULL,
  USER_ID  VARCHAR2(50 BYTE),
  APP_ID   VARCHAR2(50 BYTE)
);

COMMENT ON TABLE SYS_WAIT_GRANT_USER IS '角色用户授予—待激活的用户表';

COMMENT ON COLUMN SYS_WAIT_GRANT_USER.ID IS '主键';

COMMENT ON COLUMN SYS_WAIT_GRANT_USER.USER_ID IS '用户ID';

COMMENT ON COLUMN SYS_WAIT_GRANT_USER.APP_ID IS '应用ID';



--
-- SYS_WAIT_GRANT_USER_PK  (Index)
--
CREATE UNIQUE INDEX SYS_WAIT_GRANT_USER_PK ON SYS_WAIT_GRANT_USER
(ID)
LOGGING;


--
-- Non Foreign Key Constraints for Table SYS_WAIT_GRANT_USER
--
ALTER TABLE SYS_WAIT_GRANT_USER ADD (
  CONSTRAINT SYS_WAIT_GRANT_USER_PK
  PRIMARY KEY
  (ID)
  USING INDEX SYS_WAIT_GRANT_USER_PK
  ENABLE VALIDATE);

--
-- Foreign Key Constraints for Table SYS_WAIT_GRANT_USER
--
ALTER TABLE SYS_WAIT_GRANT_USER ADD (
  CONSTRAINT FK_WAIT_GRANT_APP_ID
  FOREIGN KEY (APP_ID)
  REFERENCES SYS_GROUP_APP (ID)
  ON DELETE CASCADE
  ENABLE VALIDATE,
  CONSTRAINT FK_WAIT_GRANT_USER_ID
  FOREIGN KEY (USER_ID)
  REFERENCES SYS_USER (ID)
  ON DELETE CASCADE
  ENABLE VALIDATE);

ALTER TABLE "SYS_USER_ROLE" DROP COLUMN "IS_ACTIVATED";

alter table SYS_API_MIX add ("AUTH_ID" VARCHAR2(50 CHAR));
comment on column "SYS_API_MIX"."AUTH_ID" is '权限ID';

alter table SYS_API_MIX add constraint "FK_API_MIX_AUTH_ID" foreign key("AUTH_ID") references "SYS_AUTH"("ID") on delete cascade;

/**
2019/12/18
 */
alter table "SYS_APP_MENU_DISPLAY" DROP CONSTRAINT FK_DISPLAY_MENU_ID;

alter table "SYS_AUTH_SCOPE_APP" DROP CONSTRAINT FK_SYS_AUTH_SCOPE_APP_AUTH;

alter table "SYS_AUTH_SCOPE_ORG" DROP CONSTRAINT FK_SYS_AUTH_SCOPE_ORG_AUTH_ID;

alter table "SYS_AUTH_SCOPE_USER_GROUP" DROP CONSTRAINT FK_SYS_AUTH_SCOPE_UG_AUTH_ID;

alter table SYS_AUTH_MIX add ("APP_ID" VARCHAR2(50 CHAR));
comment on column "SYS_AUTH_MIX"."APP_ID" is '应用ID';

update sys_auth_mix a set a.app_id = (select b.app_id from sys_auth b where b.id = a.auth_id ) , a.data_version=0;

alter table SYS_AUTH_MIX modify  data_version default 0;

/**
2019/12/19
 */
alter table SYS_API_MIX add ("APP_ID" VARCHAR2(50 CHAR));
comment on column "SYS_API_MIX"."APP_ID" is '应用ID';

update SYS_API_MIX a set a.app_id = (select b.app_id from sys_auth b where b.id = a.auth_id ) , a.data_version=0;

alter table SYS_API_MIX modify  data_version default 0;
/**
2019/12/24
 */
alter table SYS_GROUP_APP add ("IS_LOCK" INTEGER DEFAULT 0);
comment on column "SYS_GROUP_APP"."IS_LOCK" is '应用是否被锁住 1是 0不是';
alter table SYS_GROUP_APP add ("LOCK_TIME" DATE);
comment on column "SYS_GROUP_APP"."LOCK_TIME" is '应用锁 操作时间';
alter table SYS_CONFIG add ("UPDATE_TYPE" INTEGER DEFAULT 0);
comment on column "SYS_CONFIG"."UPDATE_TYPE" is '配置项更新策略 0立即更新 1重启更新';

/**
2019/12/25
 */
alter table SYS_USER modify  IP_ADDRESS varchar2(1000);
/**
2020/1/14
 */
ALTER TABLE "SYS_ROLE"  rename  COLUMN  "EXPLAIN" to "ROLE_EXPLAIN";

ALTER TABLE "SYS_DICT"  rename  COLUMN  "EXPLAIN" to "DICT_EXPLAIN";

UPDATE SYS_MENU set name='应用运行日志',icon='fa fa-window-restore' where id='99ea2ad7ea4a4e54acdaff4c84bb8371';

UPDATE SYS_MENU set name='用户操作日志' where id='19ea2ad7ea4a4e54acdaff4c84bb8370';

insert into SYS_CONFIG("ID","NAME","VALUE") values('ace-sql-version', 'ace-sql-version', '1.0.0');
/**
2020/2/14
 */
alter table SYS_AUTH_ROLE_V DROP CONSTRAINT FK_SYS_AUTH_ROLE_LV_ID;
ALTER TABLE SYS_AUTH_ROLE_V ADD (
  CONSTRAINT FK_SYS_AUTH_ROLE_LV_ID
  FOREIGN KEY (LV_ID)
  REFERENCES SYS_AUTH_ROLE_LV (ID)
  ON DELETE CASCADE
  ENABLE VALIDATE);

alter table SYS_AUTH_USER_V DROP CONSTRAINT FK_SYS_AUTH_USER_LV_ID;
ALTER TABLE SYS_AUTH_USER_V ADD (
  CONSTRAINT FK_SYS_AUTH_USER_LV_ID
  FOREIGN KEY (LV_ID)
  REFERENCES SYS_AUTH_USER_LV (ID)
  ON DELETE CASCADE
  ENABLE VALIDATE);

/**
2020/2/18
 */
comment on table "SYS_WAIT_GRANT_USER" is '角色分配—待激活的用户表';
UPDATE SYS_MENU SET NAME='角色分配' WHERE ID='tyuub3ec3d6e483b86c4923ea64cfwe5';
UPDATE SYS_AUTH SET NAME='角色分配' WHERE ID='tyuub3ec3d6e483b86c4923ea64cfwe5';

insert into "SYS_AUTH" ("ID","NAME","APP_ID","REMARK","SORT_INDEX","PARENT_ID","CREATE_USER","CREATE_TIME","UPDATE_TIME","SORT_PATH","IS_ORG_ADMIN","IS_USER_GROUP_ADMIN","CODE","DATA_VERSION") values ('werty3ec3d6e483b86c4923ea64ccvbn', '分配角色激活', 'platform', null, 8, '11erb3ec3d6e483b86c4923ea64cfdd0', null, null, null, '000200090008', 0, 0, 'roleManage.roleActivate', 0);
insert into "SYS_MENU" ("ID","NAME","PARENT_ID","APP_ID","PARENT_NAME","URL","TYPE","ICON","AUTH_ID","BTN_AUTH","IS_LEAF","SORT_INDEX","ALL_ORDER","SORT_PATH","OPEN_STYLE","CLOSE_NOTICE","CREATE_USER","CREATE_TIME","UPDATE_TIME","LEAF","MENU_AUTH","REMARK","DATA_VERSION","IS_IFRAME") values ('werty3ec3d6e483b86c4923ea64ccvbn', '分配角色激活', '11erb3ec3d6e483b86c4923ea64cfdd0', 'platform', '授权管理', 'roleManage/views/RoleGrant', 1, 'iconfont icon-setting-permissions', 'werty3ec3d6e483b86c4923ea64ccvbn', null, null, 8, null, '000200090008', null, null, null, null, null, null, null, null, 0, 0);

insert into "SYS_AUTH_ROLE" ("ID","AUTH_ID","ROLE_ID","SIGN","IS_REVOKE","CREATE_USER","CREATE_TIME","UPDATE_TIME","REMARK") values ('3e4r5ec3d6e483b86c4923ea64cv67n', 'werty3ec3d6e483b86c4923ea64ccvbn', 'appadmin', null, 0, null, null, null, null);
insert into "SYS_AUTH_ROLE_V" ("ID","AUTH_ID","ROLE_ID","SIGN","IS_REVOKE","CREATE_USER","CREATE_TIME","UPDATE_TIME","REMARK","LV_ID") values ('3e4r5ec3d6e483b86c4923ea64cv67n', 'werty3ec3d6e483b86c4923ea64ccvbn', 'appadmin', null, 0, null, null, null, null, 'appadmin');
--对已存在应用管理员的有效权限删除掉分配角色的菜单管理
-- delete from sys_auth_mix where user_id in (select user_id from sys_user_role where role_id in ('appadmin')) and auth_id='tyuub3ec3d6e483b86c4923ea64cfwe5';

/**
2020/2/26
 */
delete from SYS_CONFIG where id = 'ace-sql-version';
insert into SYS_CONFIG("ID","NAME","VALUE","SCOPE") values('ace-sql-version', 'ace-sql-version', '1.0.0',1);
alter table SYS_AUDIT_LOG_BACKUP modify  IP_ADDRESS varchar2(1000);
alter table SYS_AUDIT_LOG modify  IP_ADDRESS varchar2(1000);

/**
2020/3/17
 */
alter table "BD_PERSON_DOC" DROP CONSTRAINT UK_BD_PERSON_DOC_CODE;

alter table "BD_PERSON_DOC" add ("SORT_INDEX" INTEGER DEFAULT 0);
comment on column "BD_PERSON_DOC"."SORT_INDEX" is '排序号';

/**
2020/04/02
 */
--
-- SYS_COMPONENT_REGISTER  (Table)
--
CREATE TABLE SYS_COMPONENT_REGISTER
(
  ID             VARCHAR2(50 BYTE)              NOT NULL,
  APP_ID         VARCHAR2(50 BYTE),
  NAME           VARCHAR2(50 BYTE),
  COMPONENT_URL  VARCHAR2(200 BYTE),
  AUTH_ID        VARCHAR2(50 BYTE),
  COLUMN_ONE     VARCHAR2(50 BYTE),
  COLUMN_TWO     VARCHAR2(50 BYTE),
  CREATE_TIME    DATE,
  COL_SPAN       INTEGER                         DEFAULT 0
);

COMMENT ON TABLE SYS_COMPONENT_REGISTER IS '应用组件注册表';

COMMENT ON COLUMN SYS_COMPONENT_REGISTER.ID IS '主键';

COMMENT ON COLUMN SYS_COMPONENT_REGISTER.APP_ID IS '应用ID';

COMMENT ON COLUMN SYS_COMPONENT_REGISTER.NAME IS '组件名';

COMMENT ON COLUMN SYS_COMPONENT_REGISTER.COMPONENT_URL IS '组件地址路径';

COMMENT ON COLUMN SYS_COMPONENT_REGISTER.AUTH_ID IS '组件对应的权限ID';

COMMENT ON COLUMN SYS_COMPONENT_REGISTER.COLUMN_ONE IS '字段1';

COMMENT ON COLUMN SYS_COMPONENT_REGISTER.COLUMN_TWO IS '字段2';

COMMENT ON COLUMN SYS_COMPONENT_REGISTER.CREATE_TIME IS '创建时间';

COMMENT ON COLUMN SYS_COMPONENT_REGISTER.COL_SPAN IS '在首页所占列数';



--
-- SYS_COMPONENT_USER  (Table)
--
CREATE TABLE SYS_COMPONENT_USER
(
  ID              VARCHAR2(50 BYTE)             NOT NULL,
  COMPONENT_INFO  CLOB,
  APP_ID          VARCHAR2(50 BYTE),
  USER_ID         VARCHAR2(50 BYTE)
);

COMMENT ON TABLE SYS_COMPONENT_USER IS '普通用户登录应用首页组件排版信息表';

COMMENT ON COLUMN SYS_COMPONENT_USER.ID IS '主键';

COMMENT ON COLUMN SYS_COMPONENT_USER.COMPONENT_INFO IS '组件信息';

COMMENT ON COLUMN SYS_COMPONENT_USER.APP_ID IS '应用ID';

COMMENT ON COLUMN SYS_COMPONENT_USER.USER_ID IS '用户ID';



--
-- SYS_COMPONENT_REGISTER_PK  (Index)
--
CREATE UNIQUE INDEX SYS_COMPONENT_REGISTER_PK ON SYS_COMPONENT_REGISTER
(ID)
LOGGING;


--
-- SYS_COMPONENT_USER_PK  (Index)
--
CREATE UNIQUE INDEX SYS_COMPONENT_USER_PK ON SYS_COMPONENT_USER
(ID)
LOGGING;


--
-- Non Foreign Key Constraints for Table SYS_COMPONENT_REGISTER
--
ALTER TABLE SYS_COMPONENT_REGISTER ADD (
  CONSTRAINT SYS_COMPONENT_REGISTER_PK
  PRIMARY KEY
  (ID)
  USING INDEX SYS_COMPONENT_REGISTER_PK
  ENABLE VALIDATE);

--
-- Non Foreign Key Constraints for Table SYS_COMPONENT_USER
--
ALTER TABLE SYS_COMPONENT_USER ADD (
  CONSTRAINT SYS_COMPONENT_USER_PK
  PRIMARY KEY
  (ID)
  USING INDEX SYS_COMPONENT_USER_PK
  ENABLE VALIDATE);

--
-- Foreign Key Constraints for Table SYS_COMPONENT_REGISTER
--
ALTER TABLE SYS_COMPONENT_REGISTER ADD (
  CONSTRAINT FK_COMPONENT_APP_ID
  FOREIGN KEY (APP_ID)
  REFERENCES SYS_GROUP_APP (ID)
  ON DELETE CASCADE
  ENABLE VALIDATE,
  CONSTRAINT FK_COMPONENT_AUTH_ID
  FOREIGN KEY (AUTH_ID)
  REFERENCES SYS_AUTH (ID)
  ON DELETE SET NULL
  ENABLE VALIDATE);

--
-- Foreign Key Constraints for Table SYS_COMPONENT_USER
--
ALTER TABLE SYS_COMPONENT_USER ADD (
  CONSTRAINT FK_COMPONENT_USER_APP_ID
  FOREIGN KEY (APP_ID)
  REFERENCES SYS_GROUP_APP (ID)
  ON DELETE CASCADE
  ENABLE VALIDATE,
  CONSTRAINT FK_COMPONENT_USER_USER_ID
  FOREIGN KEY (USER_ID)
  REFERENCES SYS_USER (ID)
  ON DELETE CASCADE
  ENABLE VALIDATE);


insert into "SYS_AUTH" ("ID","NAME","APP_ID","REMARK","SORT_INDEX","PARENT_ID","CREATE_USER","CREATE_TIME","UPDATE_TIME","SORT_PATH","IS_ORG_ADMIN","IS_USER_GROUP_ADMIN","CODE","DATA_VERSION") values ('19ea2ad7ea4a4e54acdaff4yhmzq8370', '组件注册', 'platform', null,12, '11316279a4a9416a8e20019821e640af', null, null, null, '00030012', 0, 0, 'platForm.componentRegisterManage.componentRegister', 0);

insert into "SYS_MENU" ("ID","NAME","PARENT_ID","APP_ID","PARENT_NAME","URL","TYPE","ICON","AUTH_ID","BTN_AUTH","IS_LEAF","SORT_INDEX","ALL_ORDER","SORT_PATH","OPEN_STYLE","CLOSE_NOTICE","CREATE_USER","CREATE_TIME","UPDATE_TIME","LEAF","MENU_AUTH","REMARK","DATA_VERSION","IS_IFRAME") values ('19ea2ad7ea4a4e54acdaff4yhmzq8370', '组件注册', '11316279a4a9416a8e20019821e640af', 'platform', '配置管理', 'componentRegisterManage/views/ComponentRegister', 1, 'fa fa-registered', '19ea2ad7ea4a4e54acdaff4yhmzq8370', null, null, 12, null, '00030012', null, null, null, null, null, null, null, null, 0, 0);

insert into "SYS_AUTH_ROLE" ("ID","AUTH_ID","ROLE_ID","SIGN","IS_REVOKE","CREATE_USER","CREATE_TIME","UPDATE_TIME","REMARK") values ('2qwctad7ea4a4e54acdaff4c84bb8370', '19ea2ad7ea4a4e54acdaff4yhmzq8370', 'appadmin', null, 0, null, null, null, null);

insert into "SYS_AUTH_ROLE_V" ("ID","AUTH_ID","ROLE_ID","SIGN","IS_REVOKE","CREATE_USER","CREATE_TIME","UPDATE_TIME","REMARK","LV_ID") values ('29ea2ad7eawdfe54acdafcbc84bb8370', '19ea2ad7ea4a4e54acdaff4yhmzq8370', 'appadmin', null, 0, null, null, null, null, 'appadmin');


/**
2020/4/7
 */
alter table "ORG_DEPARTMENT" add ("IS_ENTITY" INTEGER DEFAULT 1);
comment on column "ORG_DEPARTMENT"."IS_ENTITY" is '是否实体部门';

/**
 * 修改消息通道给应用管理员
 * @author zuogang
 * @date 2020/4/14 8:30
 */
delete from sys_menu where name in ('消息配置','通道扩展');

delete from sys_auth where name in ('消息配置','消息拓展');

delete from sys_auth_role_v where auth_id in ('34116279a4a9416a8e20019821e61341','yut76279a4a9416a8e20019821e6g45t');

update sys_menu set parent_id='11316279a4a9416a8e20019821e640af',PARENT_NAME='配置管理',sort_index=9,sort_path='00030009'   where id='45676279a4a9416a8e20019821e6ghjk';

update sys_auth set parent_id='11316279a4a9416a8e20019821e640af' , sort_index=9, sort_path='00030009' where id='45676279a4a9416a8e20019821e6ghjk';

update sys_auth_role set role_id='appadmin' where role_id='admin' and auth_id='45676279a4a9416a8e20019821e6ghjk';

update sys_auth_role_v set role_id='appadmin',lv_id='appadmin' where auth_id='45676279a4a9416a8e20019821e6ghjk' and lv_id='admin';

/**
 * 消息通道添加APPID字段
 * @author shanwj
 * @date 2020/4/16 18:06
 */
alter table "SYS_MSG_SEND_TYPE" add ("APP_ID" VARCHAR2(50));
comment on column "SYS_MSG_SEND_TYPE"."APP_ID" is '应用id';
alter table SYS_MSG_SEND_TYPE add constraint "FK_SYS_MSG_SEND_TYPE_APP_ID" foreign key("APP_ID") references "SYS_GROUP_APP"("ID") on delete cascade;

/**
 *  API关联表添加外键
 * @return
 * @author zuogang
 * @date 2020/4/17 10:51
 */
ALTER TABLE "SYS_AUTH_API"
  ADD CONSTRAINT "FK_AUTH_API_API_ID" FOREIGN KEY ("API_ID") REFERENCES "SYS_API_RESOURCE"("ID") ON DELETE CASCADE;

ALTER TABLE "SYS_API_MIX"
  ADD CONSTRAINT "FK_API_MIX_API_ID" FOREIGN KEY ("API_ID") REFERENCES "SYS_API_RESOURCE"("ID") ON DELETE CASCADE;

/**
 *  小程序
 * @return
 * @author 单文金
 * @date 2020/4/24 10:51
 */
CREATE TABLE SYS_MICRO_APP
(
ID VARCHAR2(50 BYTE) NOT NULL,
NAME VARCHAR2(1000 BYTE) NOT NULL,
APP_ID VARCHAR2(200 BYTE) NOT NULL,
APP_SECRET VARCHAR2(500 BYTE),
ACCESS_TOKEN VARCHAR2(1000 BYTE),
TYPE VARCHAR2(100 BYTE),
CURRENT_VERSION VARCHAR2(50 BYTE),
AUDIT_VERSION VARCHAR2(50 BYTE),
DATA_VERSION INTEGER DEFAULT 0
);
COMMENT ON TABLE SYS_MICRO_APP IS '平台小程序';
COMMENT ON COLUMN SYS_MICRO_APP.ACCESS_TOKEN IS '小程序token';
COMMENT ON COLUMN SYS_MICRO_APP.APP_ID IS '小程序appId';
COMMENT ON COLUMN SYS_MICRO_APP.APP_SECRET IS '密钥';
COMMENT ON COLUMN SYS_MICRO_APP.ID IS '主键';
COMMENT ON COLUMN SYS_MICRO_APP.NAME IS '名称';
COMMENT ON COLUMN SYS_MICRO_APP.TYPE IS '小程序类型';
COMMENT ON COLUMN SYS_MICRO_APP.AUDIT_VERSION IS '审核版本';
COMMENT ON COLUMN SYS_MICRO_APP.CURRENT_VERSION IS '当前版本';
COMMENT ON COLUMN SYS_MICRO_APP.DATA_VERSION IS '数据版本';

--
-- SYS_MICRO_APP_PK_PK  (Index)
--
CREATE UNIQUE INDEX SYS_MICRO_APP_PK ON SYS_MICRO_APP
(ID)
LOGGING;

--
-- Non Foreign Key Constraints for Table SYS_MICRO_APP_PK
--
ALTER TABLE SYS_MICRO_APP ADD (
  CONSTRAINT SYS_MICRO_APP_PK
  PRIMARY KEY
  (ID)
  USING INDEX SYS_MICRO_APP_PK
  ENABLE VALIDATE);

/**
 *  消息模板
 * @return
 * @author 单文金
 * @date 2020/4/27 10:51
 */
CREATE TABLE SYS_MSG_TEMPLATE
(
  ID                VARCHAR2(50 BYTE)           NOT NULL,
  TEMPLATE_TITLE    VARCHAR2(1000 BYTE),
  AUTH              VARCHAR2(500 BYTE),
  TEMPLATE_CONTENT  VARCHAR2(2000 BYTE),
  TEMPLATE_ID       VARCHAR2(200 BYTE),
  URL               VARCHAR2(200 BYTE),
  CREATE_TIME       DATE,
  CREATE_USER       VARCHAR2(50 BYTE),
  DATA_VERSION      INTEGER                     DEFAULT 0,
  APP_ID            VARCHAR2(50 BYTE)
);

COMMENT ON TABLE SYS_MSG_TEMPLATE IS '消息模板';

COMMENT ON COLUMN SYS_MSG_TEMPLATE.ID IS '主键';

COMMENT ON COLUMN SYS_MSG_TEMPLATE.TEMPLATE_TITLE IS '模板标题';

COMMENT ON COLUMN SYS_MSG_TEMPLATE.AUTH IS '调用权限';

COMMENT ON COLUMN SYS_MSG_TEMPLATE.TEMPLATE_CONTENT IS '模板';

COMMENT ON COLUMN SYS_MSG_TEMPLATE.TEMPLATE_ID IS '模板id';

COMMENT ON COLUMN SYS_MSG_TEMPLATE.URL IS '消息链接';

COMMENT ON COLUMN SYS_MSG_TEMPLATE.CREATE_TIME IS '创建时间';

COMMENT ON COLUMN SYS_MSG_TEMPLATE.CREATE_USER IS '创建人';

COMMENT ON COLUMN SYS_MSG_TEMPLATE.DATA_VERSION IS '数据版本';

COMMENT ON COLUMN SYS_MSG_TEMPLATE.APP_ID IS '应用ID';



--
-- SYS_MSG_TEMPLATE_CONFIG  (Table)
--
CREATE TABLE SYS_MSG_TEMPLATE_CONFIG
(
  ID              VARCHAR2(50 BYTE)             NOT NULL,
  TEMPLATE_ID     VARCHAR2(50 BYTE)             NOT NULL,
  IS_OPEN         NUMBER(1)                     DEFAULT 0                     NOT NULL,
  URL             VARCHAR2(200 BYTE),
  TID             VARCHAR2(50 BYTE),
  TITLE           VARCHAR2(1000 BYTE),
  CONTENT         VARCHAR2(2000 BYTE),
  TYPE            VARCHAR2(100 BYTE),
  MICRO_APP_ID    VARCHAR2(200 BYTE),
  MICRO_APP_NAME  VARCHAR2(200 BYTE)
);

COMMENT ON TABLE SYS_MSG_TEMPLATE_CONFIG IS '信使消息模板配置';

COMMENT ON COLUMN SYS_MSG_TEMPLATE_CONFIG.ID IS '主键';

COMMENT ON COLUMN SYS_MSG_TEMPLATE_CONFIG.TEMPLATE_ID IS '小程序消息模板ID';

COMMENT ON COLUMN SYS_MSG_TEMPLATE_CONFIG.IS_OPEN IS '是否启用0不启用1启用';

COMMENT ON COLUMN SYS_MSG_TEMPLATE_CONFIG.URL IS '链接路径';

COMMENT ON COLUMN SYS_MSG_TEMPLATE_CONFIG.TID IS '平台消息模板id';

COMMENT ON COLUMN SYS_MSG_TEMPLATE_CONFIG.TITLE IS '小程序消息模板标题';

COMMENT ON COLUMN SYS_MSG_TEMPLATE_CONFIG.CONTENT IS '小程序消息模板内容';

COMMENT ON COLUMN SYS_MSG_TEMPLATE_CONFIG.TYPE IS '消息信使类型';

COMMENT ON COLUMN SYS_MSG_TEMPLATE_CONFIG.MICRO_APP_ID IS '小程序标识';

COMMENT ON COLUMN SYS_MSG_TEMPLATE_CONFIG.MICRO_APP_NAME IS '小程序名称';



--
-- SYS_MSG_TEMPLATE_CONFIG_PK  (Index)
--
CREATE UNIQUE INDEX SYS_MSG_TEMPLATE_CONFIG_PK ON SYS_MSG_TEMPLATE_CONFIG
(ID)
LOGGING;


--
-- SYS_MSG_TEMPLATE_PK  (Index)
--
CREATE UNIQUE INDEX SYS_MSG_TEMPLATE_PK ON SYS_MSG_TEMPLATE
(ID)
LOGGING;


--
-- Non Foreign Key Constraints for Table SYS_MSG_TEMPLATE
--
ALTER TABLE SYS_MSG_TEMPLATE ADD (
  CONSTRAINT SYS_MSG_TEMPLATE_PK
  PRIMARY KEY
  (ID)
  USING INDEX SYS_MSG_TEMPLATE_PK
  ENABLE VALIDATE);

--
-- Non Foreign Key Constraints for Table SYS_MSG_TEMPLATE_CONFIG
--
ALTER TABLE SYS_MSG_TEMPLATE_CONFIG ADD (
  CONSTRAINT SYS_MSG_TEMPLATE_CONFIG_PK
  PRIMARY KEY
  (ID)
  USING INDEX SYS_MSG_TEMPLATE_CONFIG_PK
  ENABLE VALIDATE);

--
-- Foreign Key Constraints for Table SYS_MSG_TEMPLATE
--
ALTER TABLE SYS_MSG_TEMPLATE ADD (
  CONSTRAINT FK_SYS_MSG_TEMPLATE_APP_ID
  FOREIGN KEY (APP_ID)
  REFERENCES SYS_GROUP_APP (ID)
  ON DELETE CASCADE
  ENABLE VALIDATE);

--
-- Foreign Key Constraints for Table SYS_MSG_TEMPLATE_CONFIG
--
ALTER TABLE SYS_MSG_TEMPLATE_CONFIG ADD (
  CONSTRAINT FK_SYS_MSG_TEMP_CONFIG_TID
  FOREIGN KEY (TID)
  REFERENCES SYS_MSG_TEMPLATE (ID)
  ON DELETE CASCADE
  ENABLE VALIDATE);

/**
 * 小程序和消息模板菜单分配管理员
 * @author zuogang
 * @date 2020/4/30 10:43
 */
insert into "SYS_AUTH" ("ID","NAME","APP_ID","REMARK","SORT_INDEX","PARENT_ID","CREATE_USER","CREATE_TIME","UPDATE_TIME","SORT_PATH","IS_ORG_ADMIN","IS_USER_GROUP_ADMIN","CODE","DATA_VERSION") values ('vbnmhd7ea4a4e54acdaff4yhmzq8370', '小程序管理', 'platform', null,13, '11316279a4a9416a8e20019821e640af', null, null, null, '00030013', 0, 0, 'platForm.microAppManag.MicroApp', 0);

insert into "SYS_MENU" ("ID","NAME","PARENT_ID","APP_ID","PARENT_NAME","URL","TYPE","ICON","AUTH_ID","BTN_AUTH","IS_LEAF","SORT_INDEX","ALL_ORDER","SORT_PATH","OPEN_STYLE","CLOSE_NOTICE","CREATE_USER","CREATE_TIME","UPDATE_TIME","LEAF","MENU_AUTH","REMARK","DATA_VERSION","IS_IFRAME") values ('vbnmhd7ea4a4e54acdaff4yhmzq8370', '小程序管理', '11316279a4a9416a8e20019821e640af', 'platform', '配置管理', 'microAppManage/views/MicroApp', 1, 'fa fa-cubes', 'vbnmhd7ea4a4e54acdaff4yhmzq8370', null, null, 13, null, '00030013', null, null, null, null, null, null, null, null, 0, 0);

insert into "SYS_AUTH_ROLE" ("ID","AUTH_ID","ROLE_ID","SIGN","IS_REVOKE","CREATE_USER","CREATE_TIME","UPDATE_TIME","REMARK") values ('vrtyhd7ea4a4e54acdaff4yhmzq8370', 'vbnmhd7ea4a4e54acdaff4yhmzq8370', 'groupadmin', null, 0, null, null, null, null);

insert into "SYS_AUTH_ROLE_V" ("ID","AUTH_ID","ROLE_ID","SIGN","IS_REVOKE","CREATE_USER","CREATE_TIME","UPDATE_TIME","REMARK","LV_ID") values ('vrtyhd7ea4a4e54acdaff4yhmzq8370', 'vbnmhd7ea4a4e54acdaff4yhmzq8370', 'groupadmin', null, 0, null, null, null, null, 'groupadmin');


insert into "SYS_AUTH" ("ID","NAME","APP_ID","REMARK","SORT_INDEX","PARENT_ID","CREATE_USER","CREATE_TIME","UPDATE_TIME","SORT_PATH","IS_ORG_ADMIN","IS_USER_GROUP_ADMIN","CODE","DATA_VERSION") values ('bnuimd7ea4a4e54acdaff4yhmzq8370', '消息模板', 'platform', null,14, '11316279a4a9416a8e20019821e640af', null, null, null, '00030014', 0, 0, 'platForm.msgTemplateManage.MsgTemplate', 0);

insert into "SYS_MENU" ("ID","NAME","PARENT_ID","APP_ID","PARENT_NAME","URL","TYPE","ICON","AUTH_ID","BTN_AUTH","IS_LEAF","SORT_INDEX","ALL_ORDER","SORT_PATH","OPEN_STYLE","CLOSE_NOTICE","CREATE_USER","CREATE_TIME","UPDATE_TIME","LEAF","MENU_AUTH","REMARK","DATA_VERSION","IS_IFRAME") values ('bnuimd7ea4a4e54acdaff4yhmzq8370', '消息模板', '11316279a4a9416a8e20019821e640af', 'platform', '配置管理', 'msgTemplateManage/views/MsgTemplate', 1, 'fa fa-comments-o', 'bnuimd7ea4a4e54acdaff4yhmzq8370', null, null, 14, null, '00030014', null, null, null, null, null, null, null, null, 0, 0);

insert into "SYS_AUTH_ROLE" ("ID","AUTH_ID","ROLE_ID","SIGN","IS_REVOKE","CREATE_USER","CREATE_TIME","UPDATE_TIME","REMARK") values ('qwtyhdwea4a4e54acdaff4yhmzq8370', 'bnuimd7ea4a4e54acdaff4yhmzq8370', 'appadmin', null, 0, null, null, null, null);

insert into "SYS_AUTH_ROLE_V" ("ID","AUTH_ID","ROLE_ID","SIGN","IS_REVOKE","CREATE_USER","CREATE_TIME","UPDATE_TIME","REMARK","LV_ID") values ('qwtyhdwea4a4e54acdaff4yhmzq8370', 'bnuimd7ea4a4e54acdaff4yhmzq8370', 'appadmin', null, 0, null, null, null, null, 'appadmin');


/**
 * 改善权限授权逻辑
 * @param null
 * @return
 * @author zuogang
 * @date 2020/5/25 17:32
 */
alter table "SYS_AUTH_ROLE" add ("AUTH_NAME" VARCHAR2(50 CHAR));
comment on column "SYS_AUTH_ROLE"."AUTH_NAME" is '权限名';
alter table "SYS_AUTH_ROLE" add ("ROLE_NAME" VARCHAR2(50 CHAR));
comment on column "SYS_AUTH_ROLE"."ROLE_NAME" is '角色名';
alter table "SYS_AUTH_USER" add ("AUTH_NAME" VARCHAR2(50 CHAR));
comment on column "SYS_AUTH_USER"."AUTH_NAME" is '权限名';
alter table "SYS_AUTH_USER" add ("REAL_NAME" VARCHAR2(50 CHAR));
comment on column "SYS_AUTH_USER"."REAL_NAME" is '用户名';
alter table "SYS_USER_ROLE" add ("ROLE_NAME" VARCHAR2(50 CHAR));
comment on column "SYS_USER_ROLE"."ROLE_NAME" is '角色名';
alter table "SYS_USER_ROLE" add ("REAL_NAME" VARCHAR2(50 CHAR));
comment on column "SYS_USER_ROLE"."REAL_NAME" is '用户名';

update sys_user_role a set a.role_name=(select b.name from sys_role b where b.id = a.role_id);
update sys_user_role a set a.real_name=(select b.real_name from sys_user b where b.id = a.user_id);

update sys_auth_role a set a.role_name=(select b.name from sys_role b where b.id = a.role_id);
update sys_auth_role a set a.auth_name=(select b.name from sys_auth b where b.id = a.auth_id);

update sys_auth_user a set a.real_name=(select b.real_name from sys_user b where b.id = a.user_id);
update sys_auth_user a set a.auth_name=(select b.name from sys_auth b where b.id = a.auth_id);

update sys_user set SECRET_LEVEL=4 where SECRET_LEVEL=5;

/**
 * 开发平台服务API定义模块复制到业务平台中，支持大屏在线定制开发
 * @param null
 * @return
 * @author zuogang
 * @date 2020/6/3 8:32
 */
CREATE TABLE SYS_APP_INTERFACE
(
  ID           VARCHAR2(50)                     NOT NULL,
  APP_ID       VARCHAR2(50),
  NAME         VARCHAR2(50),
  IS_PAGE_GET  INT,
  SQL_CONTENT  CLOB,
  CREATE_TIME  DATE,
  DESCRIPTION  VARCHAR2(200)
);

COMMENT ON TABLE SYS_APP_INTERFACE IS '应用接口信息表';

COMMENT ON COLUMN SYS_APP_INTERFACE.ID IS '主键';

COMMENT ON COLUMN SYS_APP_INTERFACE.APP_ID IS '应用ID';

COMMENT ON COLUMN SYS_APP_INTERFACE.NAME IS '接口名';

COMMENT ON COLUMN SYS_APP_INTERFACE.IS_PAGE_GET IS '是否分页方法,0否1是';

COMMENT ON COLUMN SYS_APP_INTERFACE.SQL_CONTENT IS 'sql语句';

COMMENT ON COLUMN SYS_APP_INTERFACE.CREATE_TIME IS '创建时间';

COMMENT ON COLUMN SYS_APP_INTERFACE.DESCRIPTION IS '描述';



ALTER TABLE SYS_APP_INTERFACE ADD (
  CONSTRAINT SYS_APP_INTERFACE_PK
  PRIMARY KEY
  (ID)
  ENABLE VALIDATE);

ALTER TABLE SYS_APP_INTERFACE ADD (
  CONSTRAINT FK_APP_INTERFACE_APP_ID
  FOREIGN KEY (APP_ID)
  REFERENCES SYS_GROUP_APP (ID)
  ON DELETE CASCADE
  ENABLE VALIDATE);

CREATE TABLE SYS_APP_INTERFACE_INPUT
(
  ID                   VARCHAR2(50)             NOT NULL,
  PARAM_KEY            VARCHAR2(50),
  PARAM_DEFAULT_VALUE  VARCHAR2(100),
  PARAM_TYPE           VARCHAR2(50),
  INTERFACE_ID         VARCHAR2(50)
);

COMMENT ON TABLE SYS_APP_INTERFACE_INPUT IS '接口sql入参信息表';

COMMENT ON COLUMN SYS_APP_INTERFACE_INPUT.ID IS '主键';

COMMENT ON COLUMN SYS_APP_INTERFACE_INPUT.PARAM_KEY IS '键';

COMMENT ON COLUMN SYS_APP_INTERFACE_INPUT.PARAM_DEFAULT_VALUE IS '缺省值';

COMMENT ON COLUMN SYS_APP_INTERFACE_INPUT.PARAM_TYPE IS '参数类型';

COMMENT ON COLUMN SYS_APP_INTERFACE_INPUT.INTERFACE_ID IS '接口主键';



ALTER TABLE SYS_APP_INTERFACE_INPUT ADD (
  CONSTRAINT SYS_APP_INTERFACE_INPUT_PK
  PRIMARY KEY
  (ID)
  ENABLE VALIDATE);

ALTER TABLE SYS_APP_INTERFACE_INPUT ADD (
  CONSTRAINT FK_INPUT_INTERFACE_ID
  FOREIGN KEY (INTERFACE_ID)
  REFERENCES SYS_APP_INTERFACE (ID)
  ON DELETE CASCADE
  ENABLE VALIDATE);

CREATE TABLE SYS_APP_INTERFACE_OUTPUT
(
  ID            VARCHAR2(50)                    NOT NULL,
  PARAM_KEY     VARCHAR2(50),
  PARAM_TYPE    VARCHAR2(50),
  INTERFACE_ID  VARCHAR2(50),
  PARAM_LABEL   VARCHAR2(100)
);

COMMENT ON TABLE SYS_APP_INTERFACE_OUTPUT IS '接口sql出参信息表';

COMMENT ON COLUMN SYS_APP_INTERFACE_OUTPUT.ID IS '主键';

COMMENT ON COLUMN SYS_APP_INTERFACE_OUTPUT.PARAM_KEY IS '键';

COMMENT ON COLUMN SYS_APP_INTERFACE_OUTPUT.PARAM_TYPE IS '参数类型';

COMMENT ON COLUMN SYS_APP_INTERFACE_OUTPUT.INTERFACE_ID IS '接口主键';

COMMENT ON COLUMN SYS_APP_INTERFACE_OUTPUT.PARAM_LABEL IS '字段注释';



ALTER TABLE SYS_APP_INTERFACE_OUTPUT ADD (
  CONSTRAINT SYS_APP_INTERFACE_OUTPUT_PK
  PRIMARY KEY
  (ID)
  ENABLE VALIDATE);

ALTER TABLE SYS_APP_INTERFACE_OUTPUT ADD (
  CONSTRAINT FK_OUTPUT_INTERFACE_ID
  FOREIGN KEY (INTERFACE_ID)
  REFERENCES SYS_APP_INTERFACE (ID)
  ON DELETE CASCADE
  ENABLE VALIDATE);

/**
 * 消息添加appId
 *
 * @author shanwj
 * @date 2020/5/26 15:58
 */

alter table "SYS_MSG_UNREAD" add ("APP_ID" VARCHAR2(50 CHAR));
comment on column "SYS_MSG_UNREAD"."APP_ID" is '应用id';

alter table "SYS_MSG_READ" add ("APP_ID" VARCHAR2(50 CHAR));
comment on column "SYS_MSG_READ"."APP_ID" is '应用id';
/**
 * 报表添加数据源
 *
 * @author shanwj
 * @date 2020/6/3 9:31
 */
alter table "REPORT_INFO" add ("DATASOURCE_ID" VARCHAR2(2000 CHAR));
comment on column "REPORT_INFO"."DATASOURCE_ID" is '数据源id';

alter table "SYS_GROUP_APP" DROP CONSTRAINT FK_SYS_GROUP_APP_DS_ID;


/**
 *  为应用管理员添加接口管理菜单
 * @param null
 * @return
 * @author zuogang
 * @date 2020/6/3 14:10
 */
insert into "SYS_AUTH" ("ID","NAME","APP_ID","REMARK","SORT_INDEX","PARENT_ID","CREATE_USER","CREATE_TIME","UPDATE_TIME","SORT_PATH","IS_ORG_ADMIN","IS_USER_GROUP_ADMIN","CODE","DATA_VERSION") values ('byasmd7ea4a4e54acdaff4yhmzq8370', '接口管理', 'platform', null,15, '11316279a4a9416a8e20019821e640af', null, null, null, '00030015', 0, 0, 'platForm.interfaceManage.Interface', 0);

insert into "SYS_MENU" ("ID","NAME","PARENT_ID","APP_ID","PARENT_NAME","URL","TYPE","ICON","AUTH_ID","BTN_AUTH","IS_LEAF","SORT_INDEX","ALL_ORDER","SORT_PATH","OPEN_STYLE","CLOSE_NOTICE","CREATE_USER","CREATE_TIME","UPDATE_TIME","LEAF","MENU_AUTH","REMARK","DATA_VERSION","IS_IFRAME") values ('byasmd7ea4a4e54acdaff4yhmzq8370', '接口管理', '11316279a4a9416a8e20019821e640af', 'platform', '配置管理', 'interfaceManage/views/Interface', 1, 'fa fa-window-restore', 'byasmd7ea4a4e54acdaff4yhmzq8370', null, null, 15, null, '00030015', null, null, null, null, null, null, null, null, 0, 0);

insert into "SYS_AUTH_ROLE" ("ID","AUTH_ID","ROLE_ID","SIGN","IS_REVOKE","CREATE_USER","CREATE_TIME","UPDATE_TIME","REMARK") values ('byasmd7ea4a4e54acdaff4yhmzq8370', 'byasmd7ea4a4e54acdaff4yhmzq8370', 'appadmin', null, 0, null, null, null, null);

insert into "SYS_AUTH_ROLE_V" ("ID","AUTH_ID","ROLE_ID","SIGN","IS_REVOKE","CREATE_USER","CREATE_TIME","UPDATE_TIME","REMARK","LV_ID") values ('byasmd7ea4a4e54acdaff4yhmzq8370', 'byasmd7ea4a4e54acdaff4yhmzq8370', 'appadmin', null, 0, null, null, null, null, 'appadmin');

/**
 *  数据源添加到应用下
 * @author shanwj
 * @date 2020/6/4 14:37
 */
alter table "SYS_GROUP_DATASOURCE" DROP CONSTRAINT FK_SYS_GROUP_DATASOURCE_GID;

alter table "SYS_GROUP_DATASOURCE" add ("APP_ID" VARCHAR2(50 CHAR));
comment on column "SYS_GROUP_DATASOURCE"."APP_ID" is '应用id';

ALTER TABLE "SYS_GROUP_DATASOURCE"
  ADD CONSTRAINT "FK_SYS_GROUP_DATASOURCE_APP_ID" FOREIGN KEY ("APP_ID") REFERENCES "SYS_GROUP_APP"("ID") ON DELETE CASCADE;

/**
 *  添加大屏相关表
 * @param null
 * @return
 * @author zuogang
 * @date 2020/6/4 15:26
 */
COMMENT ON COLUMN "REPORT_TYPE"."TYPE" IS '类别类型 1报表2仪表盘3大屏';

CREATE TABLE BLADE_VISUAL
(
  ID               VARCHAR2(50)                 NOT NULL,
  TITLE            VARCHAR2(500),
  BACKGROUND_INFO  CLOB,
  CATEGORY          VARCHAR2(50),
  PASSWORD         VARCHAR2(255),
  CREATE_USER      VARCHAR2(50),
  CREATE_TIME      DATE,
  UPDATE_USER      VARCHAR2(50),
  UPDATE_TIME      DATE,
  STATUS           INT,
  IS_DELETED       INT,
  DETAIL           CLOB,
  COMPONENT        CLOB,
  APP_ID           VARCHAR2(50)
);

COMMENT ON TABLE BLADE_VISUAL IS '大屏信息数据表';

COMMENT ON COLUMN BLADE_VISUAL.ID IS '主键';

COMMENT ON COLUMN BLADE_VISUAL.TITLE IS '大屏标题';

COMMENT ON COLUMN BLADE_VISUAL.BACKGROUND_INFO IS '大屏背景';

COMMENT ON COLUMN BLADE_VISUAL.CATEGORY IS '业务类型ID';

COMMENT ON COLUMN BLADE_VISUAL.PASSWORD IS '发布密码';

COMMENT ON COLUMN BLADE_VISUAL.CREATE_USER IS '创建人';

COMMENT ON COLUMN BLADE_VISUAL.CREATE_TIME IS '创建时间';

COMMENT ON COLUMN BLADE_VISUAL.UPDATE_USER IS '修改人';

COMMENT ON COLUMN BLADE_VISUAL.UPDATE_TIME IS '修改时间';

COMMENT ON COLUMN BLADE_VISUAL.STATUS IS '状态';

COMMENT ON COLUMN BLADE_VISUAL.IS_DELETED IS '是否已删除0否1是';

COMMENT ON COLUMN BLADE_VISUAL.DETAIL IS '配置json';

COMMENT ON COLUMN BLADE_VISUAL.COMPONENT IS '组件json';

COMMENT ON COLUMN BLADE_VISUAL.APP_ID IS '应用ID';



ALTER TABLE BLADE_VISUAL ADD (
  CONSTRAINT BLADE_VISUAL_PK
  PRIMARY KEY
  (ID)
  ENABLE VALIDATE);

ALTER TABLE BLADE_VISUAL ADD (
  CONSTRAINT FK_VISUAL_CATEGORY
  FOREIGN KEY (CATEGORY)
  REFERENCES REPORT_TYPE (ID)
  ON DELETE CASCADE
  ENABLE VALIDATE,
  CONSTRAINT FK_VISUAL_APP_ID
  FOREIGN KEY (APP_ID)
  REFERENCES SYS_GROUP_APP (ID)
  ON DELETE CASCADE
  ENABLE VALIDATE);

--
-- BLADE_VISUAL_MAP  (Table)
--
CREATE TABLE BLADE_VISUAL_MAP
(
  ID      VARCHAR2(50 BYTE)                     NOT NULL,
  NAME    VARCHAR2(255 BYTE),
  DATA    CLOB,
  APP_ID  VARCHAR2(50 BYTE)
);

COMMENT ON TABLE BLADE_VISUAL_MAP IS '可视化地图配置表';

COMMENT ON COLUMN BLADE_VISUAL_MAP.ID IS '主键';

COMMENT ON COLUMN BLADE_VISUAL_MAP.NAME IS '地图名称';

COMMENT ON COLUMN BLADE_VISUAL_MAP.DATA IS '地图数据';

COMMENT ON COLUMN BLADE_VISUAL_MAP.APP_ID IS '应用ID';



--
-- BLADE_VISUAL_MAP_PK  (Index)
--
CREATE UNIQUE INDEX BLADE_VISUAL_MAP_PK ON BLADE_VISUAL_MAP
(ID)
LOGGING;


--
-- Non Foreign Key Constraints for Table BLADE_VISUAL_MAP
--
ALTER TABLE BLADE_VISUAL_MAP ADD (
  CONSTRAINT BLADE_VISUAL_MAP_PK
  PRIMARY KEY
  (ID)
  USING INDEX BLADE_VISUAL_MAP_PK
  ENABLE VALIDATE);

--
-- Foreign Key Constraints for Table BLADE_VISUAL_MAP
--
ALTER TABLE BLADE_VISUAL_MAP ADD (
  CONSTRAINT FK_VISUAL_MAP_APP_ID
  FOREIGN KEY (APP_ID)
  REFERENCES SYS_GROUP_APP (ID)
  ON DELETE CASCADE
  ENABLE VALIDATE);


/**
 * 数据源管理迁移到应用管理员下
 * @param null
 * @return
 * @author zuogang
 * @date 2020/6/8 8:21
 */
UPDATE sys_auth_role SET role_id='appadmin' WHERE auth_id in ('39e1b3ec3d6e483b86c4923ea64cfeee','39e1b3ec3d6e483b86c4923ea64cf111');
UPDATE sys_auth_role_v SET role_id='appadmin',lv_id='appadmin' WHERE auth_id in ('39e1b3ec3d6e483b86c4923ea64cfeee','39e1b3ec3d6e483b86c4923ea64cf111');

alter table SYS_GROUP_DATASOURCE drop column GROUP_ID;

alter table "SYS_APP_INTERFACE" add ("DS_ID" VARCHAR2(50 CHAR));
comment on column "SYS_APP_INTERFACE"."DS_ID" is '数据源ID';

ALTER TABLE "SYS_APP_INTERFACE"
  ADD CONSTRAINT "FK_APP_INTERFACE_DS_ID" FOREIGN KEY ("DS_ID") REFERENCES "SYS_GROUP_DATASOURCE"("ID") ON DELETE CASCADE;

/**
 *
 * @param null
 * @return
 * @author zuogang
 * @date 2020/6/11 15:03
 */

alter table "SYS_APP_INTERFACE" add ("AUTH_ID" VARCHAR2(50 CHAR));
comment on column "SYS_APP_INTERFACE"."AUTH_ID" is '权限id';
alter table "BLADE_VISUAL" add ("AUTH_ID" VARCHAR2(50 CHAR));
comment on column "BLADE_VISUAL"."AUTH_ID" is '权限id';

/**
 * 接口标识
 * @param null
 * @return
 * @author zuogang
 * @date 2020/6/15 10:13
 */
alter table "SYS_APP_INTERFACE" add ("CODE" VARCHAR2(50 CHAR) NOT NULL);
comment on column "SYS_APP_INTERFACE"."CODE" is '接口标识';

insert into "SYS_AUTH" ("ID","NAME","APP_ID","REMARK","SORT_INDEX","PARENT_ID","CREATE_USER","CREATE_TIME","UPDATE_TIME","SORT_PATH","IS_ORG_ADMIN","IS_USER_GROUP_ADMIN","CODE","DATA_VERSION") values ('7784ba3204344d37929abd4ad9a1dgth', '数据大屏', 'platform', null, 6, 'twerba3204344d37929abd4ad9a1dfgh', null, null, null, '00060006', 0, 0, 'dataScreen.views.dataScreenList', 0);
insert into "SYS_MENU" ("ID","NAME","PARENT_ID","APP_ID","PARENT_NAME","URL","TYPE","ICON","AUTH_ID","BTN_AUTH","IS_LEAF","SORT_INDEX","ALL_ORDER","SORT_PATH","OPEN_STYLE","CLOSE_NOTICE","CREATE_USER","CREATE_TIME","UPDATE_TIME","LEAF","MENU_AUTH","REMARK","DATA_VERSION","IS_IFRAME") values ('7784ba3204344d37929abd4ad9a1dgth', '数据大屏', 'twerba3204344d37929abd4ad9a1dfgh', 'platform', '数据展示', 'dataScreen/views/dataScreenList', 1, 'iconfont icon-dashboard-fill', '7784ba3204344d37929abd4ad9a1dgth', null, null, 6, null, '00060006', null, null, null, null, null, null, null, null, 0, 0);
insert into "SYS_AUTH_ROLE" ("ID","AUTH_ID","ROLE_ID","SIGN","IS_REVOKE","CREATE_USER","CREATE_TIME","UPDATE_TIME","REMARK") values ('7784ba3204344d37929abd4ad9a1dgth', '7784ba3204344d37929abd4ad9a1dgth', 'appadmin', null, 0, null, null, null, null);
insert into "SYS_AUTH_ROLE_V" ("ID","AUTH_ID","ROLE_ID","SIGN","IS_REVOKE","CREATE_USER","CREATE_TIME","UPDATE_TIME","REMARK","LV_ID") values ('7784ba3204344d37929abd4ad9a1dgth', '7784ba3204344d37929abd4ad9a1dgth', 'appadmin', null, 0, null, null, null, null, 'appadmin');


insert into "SYS_AUTH" ("ID","NAME","APP_ID","REMARK","SORT_INDEX","PARENT_ID","CREATE_USER","CREATE_TIME","UPDATE_TIME","SORT_PATH","IS_ORG_ADMIN","IS_USER_GROUP_ADMIN","CODE","DATA_VERSION") values ('4599ba3204344d37929abd4ad9a1dgth', '地图管理', 'platform', null, 7, 'twerba3204344d37929abd4ad9a1dfgh', null, null, null, '00060007', 0, 0, 'dataScreen.views.dataMapList', 0);
insert into "SYS_MENU" ("ID","NAME","PARENT_ID","APP_ID","PARENT_NAME","URL","TYPE","ICON","AUTH_ID","BTN_AUTH","IS_LEAF","SORT_INDEX","ALL_ORDER","SORT_PATH","OPEN_STYLE","CLOSE_NOTICE","CREATE_USER","CREATE_TIME","UPDATE_TIME","LEAF","MENU_AUTH","REMARK","DATA_VERSION","IS_IFRAME") values ('4599ba3204344d37929abd4ad9a1dgth', '地图管理', 'twerba3204344d37929abd4ad9a1dfgh', 'platform', '数据展示', 'dataScreen/views/dataMapList', 1, 'iconfont icon-map-marked-alt', '4599ba3204344d37929abd4ad9a1dgth', null, null, 7, null, '00060007', null, null, null, null, null, null, null, null, 0, 0);
insert into "SYS_AUTH_ROLE" ("ID","AUTH_ID","ROLE_ID","SIGN","IS_REVOKE","CREATE_USER","CREATE_TIME","UPDATE_TIME","REMARK") values ('4599ba3204344d37929abd4ad9a1dgth', '4599ba3204344d37929abd4ad9a1dgth', 'appadmin', null, 0, null, null, null, null);
insert into "SYS_AUTH_ROLE_V" ("ID","AUTH_ID","ROLE_ID","SIGN","IS_REVOKE","CREATE_USER","CREATE_TIME","UPDATE_TIME","REMARK","LV_ID") values ('4599ba3204344d37929abd4ad9a1dgth', '4599ba3204344d37929abd4ad9a1dgth', 'appadmin', null, 0, null, null, null, null, 'appadmin');


/**
 * 地图删除APPID
 * @param null
 * @return
 * @author zuogang
 * @date 2020/7/6 17:59
 */
alter table blade_visual_map DROP CONSTRAINT FK_VISUAL_MAP_APP_ID;
alter table blade_visual_map drop column app_id;


alter table "BD_PERSON_JOB" modify  "PERSON_CODE"  NULL;
update sys_menu set url='dataScreen/components/list/map' where name='地图管理';


/**
 * 增加文件回收站
 * @author JonnyJiang
 * @date 2020/7/8 10:59
 */
ALTER TABLE FILE_INFO
 ADD (IS_IN_RECYCLE_BIN  NUMBER(1));
ALTER TABLE FILE_INFO
 ADD (RECYCLE_TIME  DATE);
ALTER TABLE FILE_INFO
 ADD (RECYCLE_FILE_ID  VARCHAR2(50 CHAR));
COMMENT ON COLUMN FILE_INFO.IS_IN_RECYCLE_BIN IS '是否在回收站';
COMMENT ON COLUMN FILE_INFO.RECYCLE_TIME IS '回收时间';
COMMENT ON COLUMN FILE_INFO.RECYCLE_FILE_ID IS '回收文件ID';



/**
 * 开发平台
 * @param null
 * @return
 * @author zuogang
 * @date 2020/7/13 9:26
 */
/**
app
*/
insert into "SYS_GROUP_APP" ("ID","NAME","VERSION","ICON","SORT_INDEX","REMARK","CREATE_USER","CREATE_TIME","UPDATE_TIME","SECRET_LEVEL","GROUP_ID","IS_3_ADMIN","DATA_VERSION","IS_MAIN_APP","HAS_UI","UI_NAME","IS_LOCK","LOCK_TIME","DATASOURCE_ID") values ('dev-platform', '快速开发平台', '1.0', null, null, null, null, null, null, null, null, 1, 1060, 0, 0, null, 0, null, null);
/**
role
*/
comment on column "SYS_ROLE"."ROLE_TYPE" is '角色类型(1租户系统管理员,2租户安全保密员,3租户安全审计员)(11集团系统管理员,22集团安全保密员,33集团安全审计员)(111应用系统管理员,222应用安全保密员,333应用安全审计员)(1111开发平台超级管理员,2222项目管理人员,3333项目开发人员)';
insert into "SYS_ROLE" ("ID","NAME","ROLE_EXPLAIN","ROLE_TYPE","CREATE_TIME","CREATE_USER","UPDATE_TIME","REMARK","APP_ID","DATA_VERSION") values ('devadmin', '开发平台超级管理员', null,1111, null, null, null, null, 'dev-platform', 0);
insert into "SYS_ROLE" ("ID","NAME","ROLE_EXPLAIN","ROLE_TYPE","CREATE_TIME","CREATE_USER","UPDATE_TIME","REMARK","APP_ID","DATA_VERSION") values ('devmaintainer', '开发项目管理人员', null,2222, null, null, null, null, 'dev-platform', 0);
insert into "SYS_ROLE" ("ID","NAME","ROLE_EXPLAIN","ROLE_TYPE","CREATE_TIME","CREATE_USER","UPDATE_TIME","REMARK","APP_ID","DATA_VERSION") values ('devdeveloper', '开发平台项目开发人员', null,3333, null, null, null, null, 'dev-platform', 0);
/**
auth
*/
insert into "SYS_AUTH" ("ID","NAME","APP_ID","REMARK","SORT_INDEX","PARENT_ID","CREATE_USER","CREATE_TIME","UPDATE_TIME","SORT_PATH","IS_ORG_ADMIN","IS_USER_GROUP_ADMIN","CODE","DATA_VERSION") values ('227f8578d72c4cd6b78125ab97c2f17d', '项目管理', 'dev-platform', '', 1, '0', 'e924956d25d94c099430748a777a6b16', null, null, '000001', 0, 0, null, 0);
insert into "SYS_AUTH" ("ID","NAME","APP_ID","REMARK","SORT_INDEX","PARENT_ID","CREATE_USER","CREATE_TIME","UPDATE_TIME","SORT_PATH","IS_ORG_ADMIN","IS_USER_GROUP_ADMIN","CODE","DATA_VERSION") values ('a2c96add3b7744c3939083d5351f3828', '项目信息', 'dev-platform', '', 1, '227f8578d72c4cd6b78125ab97c2f17d', 'e924956d25d94c099430748a777a6b16', null, null, '000001000001', 0, 0, 'devPlatForm.ProInfoManage.ProInfo', 0);
insert into "SYS_AUTH" ("ID","NAME","APP_ID","REMARK","SORT_INDEX","PARENT_ID","CREATE_USER","CREATE_TIME","UPDATE_TIME","SORT_PATH","IS_ORG_ADMIN","IS_USER_GROUP_ADMIN","CODE","DATA_VERSION") values ('8f9dec2ca33040e199f9e922f906dc7f', '数据源管理', 'dev-platform', '', 2, '227f8578d72c4cd6b78125ab97c2f17d', 'e924956d25d94c099430748a777a6b16', null, null, '000001000002', 0, 0, 'devPlatForm.ProDatasourceManage.ProDatasource', 0);
insert into "SYS_AUTH" ("ID","NAME","APP_ID","REMARK","SORT_INDEX","PARENT_ID","CREATE_USER","CREATE_TIME","UPDATE_TIME","SORT_PATH","IS_ORG_ADMIN","IS_USER_GROUP_ADMIN","CODE","DATA_VERSION") values ('ad2b809bf7084d2db69dd56793cb5e1c', '服务管理', 'dev-platform', '', 3, '227f8578d72c4cd6b78125ab97c2f17d', 'e924956d25d94c099430748a777a6b16', null, null, '000001000003', 0, 0, 'devPlatForm.serviceMange', 0);
insert into "SYS_AUTH" ("ID","NAME","APP_ID","REMARK","SORT_INDEX","PARENT_ID","CREATE_USER","CREATE_TIME","UPDATE_TIME","SORT_PATH","IS_ORG_ADMIN","IS_USER_GROUP_ADMIN","CODE","DATA_VERSION") values ('3860126718034cc2a7dbd8311bfb3ff1', '应用信息', 'dev-platform', '', 1, 'ad2b809bf7084d2db69dd56793cb5e1c', 'e924956d25d94c099430748a777a6b16', null, null, '000001000003000001', 0, 0, 'devPlatForm.ProServiceManage.ProService', 0);
insert into "SYS_AUTH" ("ID","NAME","APP_ID","REMARK","SORT_INDEX","PARENT_ID","CREATE_USER","CREATE_TIME","UPDATE_TIME","SORT_PATH","IS_ORG_ADMIN","IS_USER_GROUP_ADMIN","CODE","DATA_VERSION") values ('2a3c459a0c814a098bdc41cb0e4b830e', '模型管理', 'dev-platform', '', 2, 'ad2b809bf7084d2db69dd56793cb5e1c', 'e924956d25d94c099430748a777a6b16', null, null, '000001000003000002', 0, 0, 'devPlatForm.ProModelManage.ProModel', 0);
insert into "SYS_AUTH" ("ID","NAME","APP_ID","REMARK","SORT_INDEX","PARENT_ID","CREATE_USER","CREATE_TIME","UPDATE_TIME","SORT_PATH","IS_ORG_ADMIN","IS_USER_GROUP_ADMIN","CODE","DATA_VERSION") values ('e0c7623e577d4811af97dc6eab9c14d6', '接口管理', 'dev-platform', '', 3, 'ad2b809bf7084d2db69dd56793cb5e1c', 'e924956d25d94c099430748a777a6b16', null, null, '000001000003000003', 0, 0, 'devPlatForm.InterfaceManage.Interface', 0);
insert into "SYS_AUTH" ("ID","NAME","APP_ID","REMARK","SORT_INDEX","PARENT_ID","CREATE_USER","CREATE_TIME","UPDATE_TIME","SORT_PATH","IS_ORG_ADMIN","IS_USER_GROUP_ADMIN","CODE","DATA_VERSION") values ('c6d75746103e4dc99d9d0ce27f0e1af1', '页面设计', 'dev-platform', '', 4, 'ad2b809bf7084d2db69dd56793cb5e1c', 'e924956d25d94c099430748a777a6b16', null, null, '000001000003000004', 0, 0, 'devPlatForm.PageDesignManage.PageDesign', 0);
insert into "SYS_AUTH" ("ID","NAME","APP_ID","REMARK","SORT_INDEX","PARENT_ID","CREATE_USER","CREATE_TIME","UPDATE_TIME","SORT_PATH","IS_ORG_ADMIN","IS_USER_GROUP_ADMIN","CODE","DATA_VERSION") values ('09a55900eb974483b599b4343afb7c52', '系统管理', 'dev-platform', '', 2, '0', 'e924956d25d94c099430748a777a6b16', null, null, '000002', 0, 0, 'devplatform.configMange', 0);
insert into "SYS_AUTH" ("ID","NAME","APP_ID","REMARK","SORT_INDEX","PARENT_ID","CREATE_USER","CREATE_TIME","UPDATE_TIME","SORT_PATH","IS_ORG_ADMIN","IS_USER_GROUP_ADMIN","CODE","DATA_VERSION") values ('e668d7fddbac4aa3a3fdb6502d00ac7d', '用户管理', 'dev-platform', '', 1, '09a55900eb974483b599b4343afb7c52', 'e924956d25d94c099430748a777a6b16', null, null, '000002000001', 0, 0, 'devPlatForm.UserManage.DevUser', 0);
insert into "SYS_AUTH" ("ID","NAME","APP_ID","REMARK","SORT_INDEX","PARENT_ID","CREATE_USER","CREATE_TIME","UPDATE_TIME","SORT_PATH","IS_ORG_ADMIN","IS_USER_GROUP_ADMIN","CODE","DATA_VERSION") values ('74b709f180014414831c66d0ff290a49', '增删改', 'dev-platform', '', 10, 'a2c96add3b7744c3939083d5351f3828', 'e924956d25d94c099430748a777a6b16', null, null, '000001000001000010', 0, 0, 'ProInfo.addOrUpdOrDel', 0);
insert into "SYS_AUTH" ("ID","NAME","APP_ID","REMARK","SORT_INDEX","PARENT_ID","CREATE_USER","CREATE_TIME","UPDATE_TIME","SORT_PATH","IS_ORG_ADMIN","IS_USER_GROUP_ADMIN","CODE","DATA_VERSION") values ('7416563936d84eefafc65325402b380e', '增删改', 'dev-platform', '', 10, '8f9dec2ca33040e199f9e922f906dc7f', 'e924956d25d94c099430748a777a6b16', null, null, '000001000002000010', 0, 0, 'ProDatasource.addOrUpdOrDel', 0);
insert into "SYS_AUTH" ("ID","NAME","APP_ID","REMARK","SORT_INDEX","PARENT_ID","CREATE_USER","CREATE_TIME","UPDATE_TIME","SORT_PATH","IS_ORG_ADMIN","IS_USER_GROUP_ADMIN","CODE","DATA_VERSION") values ('9c844c3686904ccb8ed6c51bd5a7bf5d', '增删改', 'dev-platform', '', 10, '3860126718034cc2a7dbd8311bfb3ff1', 'e924956d25d94c099430748a777a6b16', null, null, '000001000003000001000010', 0, 0, 'service.addOrUpdOrDel', 0);
insert into "SYS_AUTH" ("ID","NAME","APP_ID","REMARK","SORT_INDEX","PARENT_ID","CREATE_USER","CREATE_TIME","UPDATE_TIME","SORT_PATH","IS_ORG_ADMIN","IS_USER_GROUP_ADMIN","CODE","DATA_VERSION") values ('1ea55832fa9c40979e015f8c12c420b3', '增删改', 'dev-platform', '', 10, '2a3c459a0c814a098bdc41cb0e4b830e', 'e924956d25d94c099430748a777a6b16', null, null, '000001000003000002000010', 0, 0, 'proModel.addOrUpdOrDel', 0);
insert into "SYS_AUTH" ("ID","NAME","APP_ID","REMARK","SORT_INDEX","PARENT_ID","CREATE_USER","CREATE_TIME","UPDATE_TIME","SORT_PATH","IS_ORG_ADMIN","IS_USER_GROUP_ADMIN","CODE","DATA_VERSION") values ('5373fd0c912b4c0fa4c46474199f9858', '增删改', 'dev-platform', '', 10, 'e0c7623e577d4811af97dc6eab9c14d6', 'e924956d25d94c099430748a777a6b16', null, null, '000001000003000003000010', 0, 0, 'interface.addOrUpdOrDel', 0);
insert into "SYS_AUTH" ("ID","NAME","APP_ID","REMARK","SORT_INDEX","PARENT_ID","CREATE_USER","CREATE_TIME","UPDATE_TIME","SORT_PATH","IS_ORG_ADMIN","IS_USER_GROUP_ADMIN","CODE","DATA_VERSION") values ('d9ec0e8823c44aab931666f72bee0965', '增删改', 'dev-platform', '', 10, 'c6d75746103e4dc99d9d0ce27f0e1af1', 'e924956d25d94c099430748a777a6b16', null, null, '000001000003000004000010', 0, 0, 'pageDesign.addOrUpdeOrDel', 0);
/**
menu
*/
insert into "SYS_MENU" ("ID","NAME","PARENT_ID","APP_ID","PARENT_NAME","URL","TYPE","ICON","AUTH_ID","BTN_AUTH","IS_LEAF","SORT_INDEX","ALL_ORDER","SORT_PATH","OPEN_STYLE","CLOSE_NOTICE","CREATE_USER","CREATE_TIME","UPDATE_TIME","LEAF","MENU_AUTH","REMARK","DATA_VERSION","IS_IFRAME") values ('227f8578d72c4cd6b78125ab97c2f17d', '项目管理', '0', 'dev-platform', '一级菜单', '', 0, 'fa fa-cubes', '227f8578d72c4cd6b78125ab97c2f17d', null, null, 1, null, '000001', null, null, 'e924956d25d94c099430748a777a6b16', null, null, null, null, '', 0, 0);
insert into "SYS_MENU" ("ID","NAME","PARENT_ID","APP_ID","PARENT_NAME","URL","TYPE","ICON","AUTH_ID","BTN_AUTH","IS_LEAF","SORT_INDEX","ALL_ORDER","SORT_PATH","OPEN_STYLE","CLOSE_NOTICE","CREATE_USER","CREATE_TIME","UPDATE_TIME","LEAF","MENU_AUTH","REMARK","DATA_VERSION","IS_IFRAME") values ('a2c96add3b7744c3939083d5351f3828', '项目信息', '227f8578d72c4cd6b78125ab97c2f17d', 'dev-platform', '项目管理', 'devplatform/ProInfoManage/views/ProInfo', 1, 'fa fa-align-justify', 'a2c96add3b7744c3939083d5351f3828', null, null, 1, null, '000001000001', null, null, 'e924956d25d94c099430748a777a6b16', null, null, null, null, '', 0, 0);
insert into "SYS_MENU" ("ID","NAME","PARENT_ID","APP_ID","PARENT_NAME","URL","TYPE","ICON","AUTH_ID","BTN_AUTH","IS_LEAF","SORT_INDEX","ALL_ORDER","SORT_PATH","OPEN_STYLE","CLOSE_NOTICE","CREATE_USER","CREATE_TIME","UPDATE_TIME","LEAF","MENU_AUTH","REMARK","DATA_VERSION","IS_IFRAME") values ('8f9dec2ca33040e199f9e922f906dc7f', '数据源管理', '227f8578d72c4cd6b78125ab97c2f17d', 'dev-platform', '项目管理', 'devplatform/ProDatasourceManage/views/ProDatasource', 1, 'fa fa-database', '8f9dec2ca33040e199f9e922f906dc7f', null, null, 2, null, '000001000002', null, null, 'e924956d25d94c099430748a777a6b16', null, null, null, null, '', 0, 0);
insert into "SYS_MENU" ("ID","NAME","PARENT_ID","APP_ID","PARENT_NAME","URL","TYPE","ICON","AUTH_ID","BTN_AUTH","IS_LEAF","SORT_INDEX","ALL_ORDER","SORT_PATH","OPEN_STYLE","CLOSE_NOTICE","CREATE_USER","CREATE_TIME","UPDATE_TIME","LEAF","MENU_AUTH","REMARK","DATA_VERSION","IS_IFRAME") values ('ad2b809bf7084d2db69dd56793cb5e1c', '服务管理', '227f8578d72c4cd6b78125ab97c2f17d', 'dev-platform', '项目管理', '', 0, 'fa fa-binoculars', 'ad2b809bf7084d2db69dd56793cb5e1c', null, null, 3, null, '000001000003', null, null, 'e924956d25d94c099430748a777a6b16', null, null, null, null, '', 0, 0);
insert into "SYS_MENU" ("ID","NAME","PARENT_ID","APP_ID","PARENT_NAME","URL","TYPE","ICON","AUTH_ID","BTN_AUTH","IS_LEAF","SORT_INDEX","ALL_ORDER","SORT_PATH","OPEN_STYLE","CLOSE_NOTICE","CREATE_USER","CREATE_TIME","UPDATE_TIME","LEAF","MENU_AUTH","REMARK","DATA_VERSION","IS_IFRAME") values ('3860126718034cc2a7dbd8311bfb3ff1', '应用信息', 'ad2b809bf7084d2db69dd56793cb5e1c', 'dev-platform', '服务管理', 'devplatform/ProServiceManage/views/ProService', 1, 'fa fa-gears', '3860126718034cc2a7dbd8311bfb3ff1', null, null, 1, null, '000001000003000001', null, null, 'e924956d25d94c099430748a777a6b16', null, null, null, null, '', 0, 0);
insert into "SYS_MENU" ("ID","NAME","PARENT_ID","APP_ID","PARENT_NAME","URL","TYPE","ICON","AUTH_ID","BTN_AUTH","IS_LEAF","SORT_INDEX","ALL_ORDER","SORT_PATH","OPEN_STYLE","CLOSE_NOTICE","CREATE_USER","CREATE_TIME","UPDATE_TIME","LEAF","MENU_AUTH","REMARK","DATA_VERSION","IS_IFRAME") values ('2a3c459a0c814a098bdc41cb0e4b830e', '模型管理', 'ad2b809bf7084d2db69dd56793cb5e1c', 'dev-platform', '服务管理', 'devplatform/ProModelManage/views/ProModel', 1, 'fa fa-briefcase', '2a3c459a0c814a098bdc41cb0e4b830e', null, null, 2, null, '000001000003000002', null, null, 'e924956d25d94c099430748a777a6b16', null, null, null, null, '', 0, 0);
insert into "SYS_MENU" ("ID","NAME","PARENT_ID","APP_ID","PARENT_NAME","URL","TYPE","ICON","AUTH_ID","BTN_AUTH","IS_LEAF","SORT_INDEX","ALL_ORDER","SORT_PATH","OPEN_STYLE","CLOSE_NOTICE","CREATE_USER","CREATE_TIME","UPDATE_TIME","LEAF","MENU_AUTH","REMARK","DATA_VERSION","IS_IFRAME") values ('e0c7623e577d4811af97dc6eab9c14d6', '接口管理', 'ad2b809bf7084d2db69dd56793cb5e1c', 'dev-platform', '服务管理', 'devplatform/InterfaceManage/views/Interface', 1, 'fa fa-window-restore', 'e0c7623e577d4811af97dc6eab9c14d6', null, null, 3, null, '000001000003000003', null, null, 'e924956d25d94c099430748a777a6b16', null, null, null, null, '', 0, 0);
insert into "SYS_MENU" ("ID","NAME","PARENT_ID","APP_ID","PARENT_NAME","URL","TYPE","ICON","AUTH_ID","BTN_AUTH","IS_LEAF","SORT_INDEX","ALL_ORDER","SORT_PATH","OPEN_STYLE","CLOSE_NOTICE","CREATE_USER","CREATE_TIME","UPDATE_TIME","LEAF","MENU_AUTH","REMARK","DATA_VERSION","IS_IFRAME") values ('c6d75746103e4dc99d9d0ce27f0e1af1', '页面设计', 'ad2b809bf7084d2db69dd56793cb5e1c', 'dev-platform', '服务管理', 'devplatform/PageDesignManage/views/PageDesign', 1, 'fa fa-window-maximize', 'c6d75746103e4dc99d9d0ce27f0e1af1', null, null, 4, null, '000001000003000004', null, null, 'e924956d25d94c099430748a777a6b16', null, null, null, null, '', 0, 0);
insert into "SYS_MENU" ("ID","NAME","PARENT_ID","APP_ID","PARENT_NAME","URL","TYPE","ICON","AUTH_ID","BTN_AUTH","IS_LEAF","SORT_INDEX","ALL_ORDER","SORT_PATH","OPEN_STYLE","CLOSE_NOTICE","CREATE_USER","CREATE_TIME","UPDATE_TIME","LEAF","MENU_AUTH","REMARK","DATA_VERSION","IS_IFRAME") values ('09a55900eb974483b599b4343afb7c52', '系统管理', '0', 'dev-platform', '一级菜单', '', 0, 'fa fa-archive', '09a55900eb974483b599b4343afb7c52', null, null, 2, null, '000002', null, null, 'e924956d25d94c099430748a777a6b16', null, null, null, null, '', 0, 0);
insert into "SYS_MENU" ("ID","NAME","PARENT_ID","APP_ID","PARENT_NAME","URL","TYPE","ICON","AUTH_ID","BTN_AUTH","IS_LEAF","SORT_INDEX","ALL_ORDER","SORT_PATH","OPEN_STYLE","CLOSE_NOTICE","CREATE_USER","CREATE_TIME","UPDATE_TIME","LEAF","MENU_AUTH","REMARK","DATA_VERSION","IS_IFRAME") values ('e668d7fddbac4aa3a3fdb6502d00ac7d', '用户管理', '09a55900eb974483b599b4343afb7c52', 'dev-platform', '系统管理', 'devplatform/UserManage/views/DevUser', 1, 'fa fa-user', 'e668d7fddbac4aa3a3fdb6502d00ac7d', null, null, 1, null, '000002000001', null, null, 'e924956d25d94c099430748a777a6b16', null, null, null, null, '', 0, 0);
/**
authRole
*/
insert into "SYS_AUTH_ROLE" ("ID","AUTH_ID","ROLE_ID","SIGN","IS_REVOKE","CREATE_USER","CREATE_TIME","UPDATE_TIME","REMARK","AUTH_NAME","ROLE_NAME") values ('04cf67c89b9b4fcca2387096ea809ace', '227f8578d72c4cd6b78125ab97c2f17d', 'devadmin', null, 0, '1d25e7e5ce164c95bd283f7d6c9b644a', null, null, null, '项目管理', 'devadmin');
insert into "SYS_AUTH_ROLE" ("ID","AUTH_ID","ROLE_ID","SIGN","IS_REVOKE","CREATE_USER","CREATE_TIME","UPDATE_TIME","REMARK","AUTH_NAME","ROLE_NAME") values ('de0be48b7de54f438270d57d2189c7b4', 'a2c96add3b7744c3939083d5351f3828', 'devadmin', null, 0, '1d25e7e5ce164c95bd283f7d6c9b644a', null, null, null, '项目信息', 'devadmin');
insert into "SYS_AUTH_ROLE" ("ID","AUTH_ID","ROLE_ID","SIGN","IS_REVOKE","CREATE_USER","CREATE_TIME","UPDATE_TIME","REMARK","AUTH_NAME","ROLE_NAME") values ('9f4676acbf954ba3a6954c2cb636d3ce', '8f9dec2ca33040e199f9e922f906dc7f', 'devadmin', null, 0, '1d25e7e5ce164c95bd283f7d6c9b644a', null, null, null, '数据源管理', 'devadmin');
insert into "SYS_AUTH_ROLE" ("ID","AUTH_ID","ROLE_ID","SIGN","IS_REVOKE","CREATE_USER","CREATE_TIME","UPDATE_TIME","REMARK","AUTH_NAME","ROLE_NAME") values ('e6199f9a57e743f1a9a9bcc62e182152', 'ad2b809bf7084d2db69dd56793cb5e1c', 'devadmin', null, 0, '1d25e7e5ce164c95bd283f7d6c9b644a', null, null, null, '服务管理', 'devadmin');
insert into "SYS_AUTH_ROLE" ("ID","AUTH_ID","ROLE_ID","SIGN","IS_REVOKE","CREATE_USER","CREATE_TIME","UPDATE_TIME","REMARK","AUTH_NAME","ROLE_NAME") values ('51c7be6e3dd44e94aff6323b0b5c51a6', '3860126718034cc2a7dbd8311bfb3ff1', 'devadmin', null, 0, '1d25e7e5ce164c95bd283f7d6c9b644a', null, null, null, '应用信息', 'devadmin');
insert into "SYS_AUTH_ROLE" ("ID","AUTH_ID","ROLE_ID","SIGN","IS_REVOKE","CREATE_USER","CREATE_TIME","UPDATE_TIME","REMARK","AUTH_NAME","ROLE_NAME") values ('2dfe00218f0241aeb08910db93df297b', '2a3c459a0c814a098bdc41cb0e4b830e', 'devadmin', null, 0, '1d25e7e5ce164c95bd283f7d6c9b644a', null, null, null, '模型管理', 'devadmin');
insert into "SYS_AUTH_ROLE" ("ID","AUTH_ID","ROLE_ID","SIGN","IS_REVOKE","CREATE_USER","CREATE_TIME","UPDATE_TIME","REMARK","AUTH_NAME","ROLE_NAME") values ('08b8f310fab643a5ba5eb1b6eba750fa', 'e0c7623e577d4811af97dc6eab9c14d6', 'devadmin', null, 0, '1d25e7e5ce164c95bd283f7d6c9b644a', null, null, null, '接口管理', 'devadmin');
insert into "SYS_AUTH_ROLE" ("ID","AUTH_ID","ROLE_ID","SIGN","IS_REVOKE","CREATE_USER","CREATE_TIME","UPDATE_TIME","REMARK","AUTH_NAME","ROLE_NAME") values ('e8bcac4e780e4519a3366cf17315f8f0', 'c6d75746103e4dc99d9d0ce27f0e1af1', 'devadmin', null, 0, '1d25e7e5ce164c95bd283f7d6c9b644a', null, null, null, '页面设计', 'devadmin');
insert into "SYS_AUTH_ROLE" ("ID","AUTH_ID","ROLE_ID","SIGN","IS_REVOKE","CREATE_USER","CREATE_TIME","UPDATE_TIME","REMARK","AUTH_NAME","ROLE_NAME") values ('da10a934b1594f0186632e4648a6be11', '09a55900eb974483b599b4343afb7c52', 'devadmin', null, 0, '1d25e7e5ce164c95bd283f7d6c9b644a', null, null, null, '系统管理', 'devadmin');
insert into "SYS_AUTH_ROLE" ("ID","AUTH_ID","ROLE_ID","SIGN","IS_REVOKE","CREATE_USER","CREATE_TIME","UPDATE_TIME","REMARK","AUTH_NAME","ROLE_NAME") values ('0a20ddf3dbc34d54a3dda4f29bfe76e4', 'e668d7fddbac4aa3a3fdb6502d00ac7d', 'devadmin', null, 0, '1d25e7e5ce164c95bd283f7d6c9b644a', null, null, null, '用户管理', 'devadmin');
insert into "SYS_AUTH_ROLE" ("ID","AUTH_ID","ROLE_ID","SIGN","IS_REVOKE","CREATE_USER","CREATE_TIME","UPDATE_TIME","REMARK","AUTH_NAME","ROLE_NAME") values ('63fcfef7a9474548bb0646c9b4d00a57', '8f9dec2ca33040e199f9e922f906dc7f', 'devdeveloper', null, 0, '1d25e7e5ce164c95bd283f7d6c9b644a', null, null, null, '数据源管理', 'devdeveloper');
insert into "SYS_AUTH_ROLE" ("ID","AUTH_ID","ROLE_ID","SIGN","IS_REVOKE","CREATE_USER","CREATE_TIME","UPDATE_TIME","REMARK","AUTH_NAME","ROLE_NAME") values ('9bcf56b499a6434598c12ac59b0a7a7d', '7416563936d84eefafc65325402b380e', 'devdeveloper', null, 0, '1d25e7e5ce164c95bd283f7d6c9b644a', null, null, null, '增删改', 'devdeveloper');
insert into "SYS_AUTH_ROLE" ("ID","AUTH_ID","ROLE_ID","SIGN","IS_REVOKE","CREATE_USER","CREATE_TIME","UPDATE_TIME","REMARK","AUTH_NAME","ROLE_NAME") values ('f7255dc72c594baa8f57a201cfa3e4e6', 'ad2b809bf7084d2db69dd56793cb5e1c', 'devdeveloper', null, 0, '1d25e7e5ce164c95bd283f7d6c9b644a', null, null, null, '服务管理', 'devdeveloper');
insert into "SYS_AUTH_ROLE" ("ID","AUTH_ID","ROLE_ID","SIGN","IS_REVOKE","CREATE_USER","CREATE_TIME","UPDATE_TIME","REMARK","AUTH_NAME","ROLE_NAME") values ('56336e15844a4e3291380467f75923c4', '3860126718034cc2a7dbd8311bfb3ff1', 'devdeveloper', null, 0, '1d25e7e5ce164c95bd283f7d6c9b644a', null, null, null, '应用信息', 'devdeveloper');
insert into "SYS_AUTH_ROLE" ("ID","AUTH_ID","ROLE_ID","SIGN","IS_REVOKE","CREATE_USER","CREATE_TIME","UPDATE_TIME","REMARK","AUTH_NAME","ROLE_NAME") values ('913e1e09cc9f43ac8990a36a493e2071', '9c844c3686904ccb8ed6c51bd5a7bf5d', 'devdeveloper', null, 0, '1d25e7e5ce164c95bd283f7d6c9b644a', null, null, null, '增删改', 'devdeveloper');
insert into "SYS_AUTH_ROLE" ("ID","AUTH_ID","ROLE_ID","SIGN","IS_REVOKE","CREATE_USER","CREATE_TIME","UPDATE_TIME","REMARK","AUTH_NAME","ROLE_NAME") values ('2177ca2503ef42f4a545212619e82e09', '2a3c459a0c814a098bdc41cb0e4b830e', 'devdeveloper', null, 0, '1d25e7e5ce164c95bd283f7d6c9b644a', null, null, null, '模型管理', 'devdeveloper');
insert into "SYS_AUTH_ROLE" ("ID","AUTH_ID","ROLE_ID","SIGN","IS_REVOKE","CREATE_USER","CREATE_TIME","UPDATE_TIME","REMARK","AUTH_NAME","ROLE_NAME") values ('bba9df1c426d4ca5843d050a692438ed', '1ea55832fa9c40979e015f8c12c420b3', 'devdeveloper', null, 0, '1d25e7e5ce164c95bd283f7d6c9b644a', null, null, null, '增删改', 'devdeveloper');
insert into "SYS_AUTH_ROLE" ("ID","AUTH_ID","ROLE_ID","SIGN","IS_REVOKE","CREATE_USER","CREATE_TIME","UPDATE_TIME","REMARK","AUTH_NAME","ROLE_NAME") values ('32f524b1016e4720a81e2ebb9d010385', 'e0c7623e577d4811af97dc6eab9c14d6', 'devdeveloper', null, 0, '1d25e7e5ce164c95bd283f7d6c9b644a', null, null, null, '接口管理', 'devdeveloper');
insert into "SYS_AUTH_ROLE" ("ID","AUTH_ID","ROLE_ID","SIGN","IS_REVOKE","CREATE_USER","CREATE_TIME","UPDATE_TIME","REMARK","AUTH_NAME","ROLE_NAME") values ('39449e153dad40dead0ec02bab2a65b1', '5373fd0c912b4c0fa4c46474199f9858', 'devdeveloper', null, 0, '1d25e7e5ce164c95bd283f7d6c9b644a', null, null, null, '增删改', 'devdeveloper');
insert into "SYS_AUTH_ROLE" ("ID","AUTH_ID","ROLE_ID","SIGN","IS_REVOKE","CREATE_USER","CREATE_TIME","UPDATE_TIME","REMARK","AUTH_NAME","ROLE_NAME") values ('4772d682ebc547c8ac7706b799cd7493', 'c6d75746103e4dc99d9d0ce27f0e1af1', 'devdeveloper', null, 0, '1d25e7e5ce164c95bd283f7d6c9b644a', null, null, null, '页面设计', 'devdeveloper');
insert into "SYS_AUTH_ROLE" ("ID","AUTH_ID","ROLE_ID","SIGN","IS_REVOKE","CREATE_USER","CREATE_TIME","UPDATE_TIME","REMARK","AUTH_NAME","ROLE_NAME") values ('2e9fba4f85f34f019e9e079758dc17a1', 'd9ec0e8823c44aab931666f72bee0965', 'devdeveloper', null, 0, '1d25e7e5ce164c95bd283f7d6c9b644a', null, null, null, '增删改', 'devdeveloper');
insert into "SYS_AUTH_ROLE" ("ID","AUTH_ID","ROLE_ID","SIGN","IS_REVOKE","CREATE_USER","CREATE_TIME","UPDATE_TIME","REMARK","AUTH_NAME","ROLE_NAME") values ('201787a581b44b9d955f6c09ed5d3e41', '227f8578d72c4cd6b78125ab97c2f17d', 'devdeveloper', null, 0, '1d25e7e5ce164c95bd283f7d6c9b644a', null, null, null, '项目管理', 'devdeveloper');
insert into "SYS_AUTH_ROLE" ("ID","AUTH_ID","ROLE_ID","SIGN","IS_REVOKE","CREATE_USER","CREATE_TIME","UPDATE_TIME","REMARK","AUTH_NAME","ROLE_NAME") values ('237153192b1b4a11b850bad035bda80e', 'a2c96add3b7744c3939083d5351f3828', 'devmaintainer', null, 0, '1d25e7e5ce164c95bd283f7d6c9b644a', null, null, null, '项目信息', 'devmaintainer');
insert into "SYS_AUTH_ROLE" ("ID","AUTH_ID","ROLE_ID","SIGN","IS_REVOKE","CREATE_USER","CREATE_TIME","UPDATE_TIME","REMARK","AUTH_NAME","ROLE_NAME") values ('8856daf09bce48a2924ad53d923ecef2', '74b709f180014414831c66d0ff290a49', 'devmaintainer', null, 0, '1d25e7e5ce164c95bd283f7d6c9b644a', null, null, null, '增删改', 'devmaintainer');
insert into "SYS_AUTH_ROLE" ("ID","AUTH_ID","ROLE_ID","SIGN","IS_REVOKE","CREATE_USER","CREATE_TIME","UPDATE_TIME","REMARK","AUTH_NAME","ROLE_NAME") values ('a58946f890d24cab8bf26e4ed1ee8a2f', '8f9dec2ca33040e199f9e922f906dc7f', 'devmaintainer', null, 0, '1d25e7e5ce164c95bd283f7d6c9b644a', null, null, null, '数据源管理', 'devmaintainer');
insert into "SYS_AUTH_ROLE" ("ID","AUTH_ID","ROLE_ID","SIGN","IS_REVOKE","CREATE_USER","CREATE_TIME","UPDATE_TIME","REMARK","AUTH_NAME","ROLE_NAME") values ('c75d7aa985ea496ba2a8784adfe40f09', 'ad2b809bf7084d2db69dd56793cb5e1c', 'devmaintainer', null, 0, '1d25e7e5ce164c95bd283f7d6c9b644a', null, null, null, '服务管理', 'devmaintainer');
insert into "SYS_AUTH_ROLE" ("ID","AUTH_ID","ROLE_ID","SIGN","IS_REVOKE","CREATE_USER","CREATE_TIME","UPDATE_TIME","REMARK","AUTH_NAME","ROLE_NAME") values ('b172fdac4cce47c89516a337d523e938', '3860126718034cc2a7dbd8311bfb3ff1', 'devmaintainer', null, 0, '1d25e7e5ce164c95bd283f7d6c9b644a', null, null, null, '应用信息', 'devmaintainer');
insert into "SYS_AUTH_ROLE" ("ID","AUTH_ID","ROLE_ID","SIGN","IS_REVOKE","CREATE_USER","CREATE_TIME","UPDATE_TIME","REMARK","AUTH_NAME","ROLE_NAME") values ('cbcfae2bec734c3ea6c6fc78c7552c0c', '2a3c459a0c814a098bdc41cb0e4b830e', 'devmaintainer', null, 0, '1d25e7e5ce164c95bd283f7d6c9b644a', null, null, null, '模型管理', 'devmaintainer');
insert into "SYS_AUTH_ROLE" ("ID","AUTH_ID","ROLE_ID","SIGN","IS_REVOKE","CREATE_USER","CREATE_TIME","UPDATE_TIME","REMARK","AUTH_NAME","ROLE_NAME") values ('cdbd5a12a6d7475698a69edb108294f1', 'e0c7623e577d4811af97dc6eab9c14d6', 'devmaintainer', null, 0, '1d25e7e5ce164c95bd283f7d6c9b644a', null, null, null, '接口管理', 'devmaintainer');
insert into "SYS_AUTH_ROLE" ("ID","AUTH_ID","ROLE_ID","SIGN","IS_REVOKE","CREATE_USER","CREATE_TIME","UPDATE_TIME","REMARK","AUTH_NAME","ROLE_NAME") values ('3dc152ab58124b81bd68cbd249944644', 'c6d75746103e4dc99d9d0ce27f0e1af1', 'devmaintainer', null, 0, '1d25e7e5ce164c95bd283f7d6c9b644a', null, null, null, '页面设计', 'devmaintainer');
insert into "SYS_AUTH_ROLE" ("ID","AUTH_ID","ROLE_ID","SIGN","IS_REVOKE","CREATE_USER","CREATE_TIME","UPDATE_TIME","REMARK","AUTH_NAME","ROLE_NAME") values ('07d034a530944d2c92e2a01db9ebaa42', '227f8578d72c4cd6b78125ab97c2f17d', 'devmaintainer', null, 0, '1d25e7e5ce164c95bd283f7d6c9b644a', null, null, null, '项目管理', 'devmaintainer');
insert into "SYS_AUTH_ROLE" ("ID","AUTH_ID","ROLE_ID","SIGN","IS_REVOKE","CREATE_USER","CREATE_TIME","UPDATE_TIME","REMARK","AUTH_NAME","ROLE_NAME") values ('shuju3192b1b4a11b850bad035bda80e', '7416563936d84eefafc65325402b380e', 'devmaintainer', null, 0, '1d25e7e5ce164c95bd283f7d6c9b644a', null, null, null, '增删改', 'devmaintainer');
insert into "SYS_AUTH_ROLE" ("ID","AUTH_ID","ROLE_ID","SIGN","IS_REVOKE","CREATE_USER","CREATE_TIME","UPDATE_TIME","REMARK","AUTH_NAME","ROLE_NAME") values ('fuwu1e09cc9f43ac8990a36a493e2071', '9c844c3686904ccb8ed6c51bd5a7bf5d', 'devmaintainer', null, 0, '1d25e7e5ce164c95bd283f7d6c9b644a', null, null, null, '增删改', 'devmaintainer');
insert into "SYS_AUTH_ROLE" ("ID","AUTH_ID","ROLE_ID","SIGN","IS_REVOKE","CREATE_USER","CREATE_TIME","UPDATE_TIME","REMARK","AUTH_NAME","ROLE_NAME") values ('moxing1c426d4ca5843d050a692438ed', '1ea55832fa9c40979e015f8c12c420b3', 'devmaintainer', null, 0, '1d25e7e5ce164c95bd283f7d6c9b644a', null, null, null, '增删改', 'devmaintainer');
insert into "SYS_AUTH_ROLE" ("ID","AUTH_ID","ROLE_ID","SIGN","IS_REVOKE","CREATE_USER","CREATE_TIME","UPDATE_TIME","REMARK","AUTH_NAME","ROLE_NAME") values ('jiekoue53dad40dead0ec02bab2a65b1', '5373fd0c912b4c0fa4c46474199f9858', 'devmaintainer', null, 0, '1d25e7e5ce164c95bd283f7d6c9b644a', null, null, null, '增删改', 'devmaintainer');
insert into "SYS_AUTH_ROLE" ("ID","AUTH_ID","ROLE_ID","SIGN","IS_REVOKE","CREATE_USER","CREATE_TIME","UPDATE_TIME","REMARK","AUTH_NAME","ROLE_NAME") values ('yemian4f85f34f019e9e079758dc17a1', 'd9ec0e8823c44aab931666f72bee0965', 'devmaintainer', null, 0, '1d25e7e5ce164c95bd283f7d6c9b644a', null, null, null, '增删改', 'devmaintainer');


/**
authRole_LV
*/
insert into "SYS_AUTH_ROLE_LV" ("ID","VERSION_NO","IS_LAST_VERSION","VERSION_BEGIN_TIME","VERSION_END_TIME","VERSION_BEGIN_USER_ID","VERSION_END_USER_ID","ROLE_ID","APP_ID") values ('a7290384e3f84287bedb968f1c38ad21', 0, 1, null, null, 'e924956d25d94c099430748a777a6b16', null, 'devadmin', 'dev-platform');
insert into "SYS_AUTH_ROLE_LV" ("ID","VERSION_NO","IS_LAST_VERSION","VERSION_BEGIN_TIME","VERSION_END_TIME","VERSION_BEGIN_USER_ID","VERSION_END_USER_ID","ROLE_ID","APP_ID") values ('ec0818a993014e8e9f036a0dfce2905d', 0, 1, null, null, 'e924956d25d94c099430748a777a6b16', null, 'devdeveloper', 'dev-platform');
insert into "SYS_AUTH_ROLE_LV" ("ID","VERSION_NO","IS_LAST_VERSION","VERSION_BEGIN_TIME","VERSION_END_TIME","VERSION_BEGIN_USER_ID","VERSION_END_USER_ID","ROLE_ID","APP_ID") values ('ee1fe11928804140839926be7ac23c23', 0, 1, null, null, 'e924956d25d94c099430748a777a6b16', null, 'devmaintainer', 'dev-platform');

/**
authRole_V
*/
insert into "SYS_AUTH_ROLE_V" ("ID","AUTH_ID","ROLE_ID","SIGN","IS_REVOKE","CREATE_USER","CREATE_TIME","UPDATE_TIME","REMARK","LV_ID","AUTH_NAME") values ('shuju3192b1b4a11b850bad035bda80e', '7416563936d84eefafc65325402b380e', 'devmaintainer', null, 0, '1d25e7e5ce164c95bd283f7d6c9b644a', null, null, null, 'ee1fe11928804140839926be7ac23c23', '增删改');
insert into "SYS_AUTH_ROLE_V" ("ID","AUTH_ID","ROLE_ID","SIGN","IS_REVOKE","CREATE_USER","CREATE_TIME","UPDATE_TIME","REMARK","LV_ID","AUTH_NAME") values ('fuwu1e09cc9f43ac8990a36a493e2071', '9c844c3686904ccb8ed6c51bd5a7bf5d', 'devmaintainer', null, 0, '1d25e7e5ce164c95bd283f7d6c9b644a', null, null, null, 'ee1fe11928804140839926be7ac23c23', '增删改');
insert into "SYS_AUTH_ROLE_V" ("ID","AUTH_ID","ROLE_ID","SIGN","IS_REVOKE","CREATE_USER","CREATE_TIME","UPDATE_TIME","REMARK","LV_ID","AUTH_NAME") values ('moxing1c426d4ca5843d050a692438ed', '1ea55832fa9c40979e015f8c12c420b3', 'devmaintainer', null, 0, '1d25e7e5ce164c95bd283f7d6c9b644a', null, null, null, 'ee1fe11928804140839926be7ac23c23', '增删改');
insert into "SYS_AUTH_ROLE_V" ("ID","AUTH_ID","ROLE_ID","SIGN","IS_REVOKE","CREATE_USER","CREATE_TIME","UPDATE_TIME","REMARK","LV_ID","AUTH_NAME") values ('jiekoue53dad40dead0ec02bab2a65b1', '5373fd0c912b4c0fa4c46474199f9858', 'devmaintainer', null, 0, '1d25e7e5ce164c95bd283f7d6c9b644a', null, null, null, 'ee1fe11928804140839926be7ac23c23', '增删改');
insert into "SYS_AUTH_ROLE_V" ("ID","AUTH_ID","ROLE_ID","SIGN","IS_REVOKE","CREATE_USER","CREATE_TIME","UPDATE_TIME","REMARK","LV_ID","AUTH_NAME") values ('yemian4f85f34f019e9e079758dc17a1', 'd9ec0e8823c44aab931666f72bee0965', 'devmaintainer', null, 0, '1d25e7e5ce164c95bd283f7d6c9b644a', null, null, null, 'ee1fe11928804140839926be7ac23c23', '增删改');

insert into "SYS_AUTH_ROLE_V" ("ID","AUTH_ID","ROLE_ID","SIGN","IS_REVOKE","CREATE_USER","CREATE_TIME","UPDATE_TIME","REMARK","LV_ID","AUTH_NAME") values ('bb7f28b20a584c35925e5ef416863d5c', 'a2c96add3b7744c3939083d5351f3828', 'devmaintainer', null, 0, '1d25e7e5ce164c95bd283f7d6c9b644a', null, null, null, 'ee1fe11928804140839926be7ac23c23', '项目信息');
insert into "SYS_AUTH_ROLE_V" ("ID","AUTH_ID","ROLE_ID","SIGN","IS_REVOKE","CREATE_USER","CREATE_TIME","UPDATE_TIME","REMARK","LV_ID","AUTH_NAME") values ('810e9c32112d47c78f66133f584241dd', '74b709f180014414831c66d0ff290a49', 'devmaintainer', null, 0, '1d25e7e5ce164c95bd283f7d6c9b644a', null, null, null, 'ee1fe11928804140839926be7ac23c23', '增删改');
insert into "SYS_AUTH_ROLE_V" ("ID","AUTH_ID","ROLE_ID","SIGN","IS_REVOKE","CREATE_USER","CREATE_TIME","UPDATE_TIME","REMARK","LV_ID","AUTH_NAME") values ('ac36d037ec944375b4d09c9afd395b3a', '8f9dec2ca33040e199f9e922f906dc7f', 'devmaintainer', null, 0, '1d25e7e5ce164c95bd283f7d6c9b644a', null, null, null, 'ee1fe11928804140839926be7ac23c23', '数据源管理');
insert into "SYS_AUTH_ROLE_V" ("ID","AUTH_ID","ROLE_ID","SIGN","IS_REVOKE","CREATE_USER","CREATE_TIME","UPDATE_TIME","REMARK","LV_ID","AUTH_NAME") values ('02140d71ecbc4cbc9912e778822f1e8a', 'ad2b809bf7084d2db69dd56793cb5e1c', 'devmaintainer', null, 0, '1d25e7e5ce164c95bd283f7d6c9b644a', null, null, null, 'ee1fe11928804140839926be7ac23c23', '服务管理');
insert into "SYS_AUTH_ROLE_V" ("ID","AUTH_ID","ROLE_ID","SIGN","IS_REVOKE","CREATE_USER","CREATE_TIME","UPDATE_TIME","REMARK","LV_ID","AUTH_NAME") values ('06d9cfe93bae4144a2dbc37b6b97f44b', '3860126718034cc2a7dbd8311bfb3ff1', 'devmaintainer', null, 0, '1d25e7e5ce164c95bd283f7d6c9b644a', null, null, null, 'ee1fe11928804140839926be7ac23c23', '应用信息');
insert into "SYS_AUTH_ROLE_V" ("ID","AUTH_ID","ROLE_ID","SIGN","IS_REVOKE","CREATE_USER","CREATE_TIME","UPDATE_TIME","REMARK","LV_ID","AUTH_NAME") values ('35b506fa12974bc58f69070d72d1e07f', '2a3c459a0c814a098bdc41cb0e4b830e', 'devmaintainer', null, 0, '1d25e7e5ce164c95bd283f7d6c9b644a', null, null, null, 'ee1fe11928804140839926be7ac23c23', '模型管理');
insert into "SYS_AUTH_ROLE_V" ("ID","AUTH_ID","ROLE_ID","SIGN","IS_REVOKE","CREATE_USER","CREATE_TIME","UPDATE_TIME","REMARK","LV_ID","AUTH_NAME") values ('057698259eb4475c9de5877709380f85', 'e0c7623e577d4811af97dc6eab9c14d6', 'devmaintainer', null, 0, '1d25e7e5ce164c95bd283f7d6c9b644a', null, null, null, 'ee1fe11928804140839926be7ac23c23', '接口管理');
insert into "SYS_AUTH_ROLE_V" ("ID","AUTH_ID","ROLE_ID","SIGN","IS_REVOKE","CREATE_USER","CREATE_TIME","UPDATE_TIME","REMARK","LV_ID","AUTH_NAME") values ('b35270a92b3f466c92ee8134e64602d3', 'c6d75746103e4dc99d9d0ce27f0e1af1', 'devmaintainer', null, 0, '1d25e7e5ce164c95bd283f7d6c9b644a', null, null, null, 'ee1fe11928804140839926be7ac23c23', '页面设计');
insert into "SYS_AUTH_ROLE_V" ("ID","AUTH_ID","ROLE_ID","SIGN","IS_REVOKE","CREATE_USER","CREATE_TIME","UPDATE_TIME","REMARK","LV_ID","AUTH_NAME") values ('e1a3b9e7247c4243a8f6942d6c2abfff', '227f8578d72c4cd6b78125ab97c2f17d', 'devmaintainer', null, 0, '1d25e7e5ce164c95bd283f7d6c9b644a', null, null, null, 'ee1fe11928804140839926be7ac23c23', '项目管理');
insert into "SYS_AUTH_ROLE_V" ("ID","AUTH_ID","ROLE_ID","SIGN","IS_REVOKE","CREATE_USER","CREATE_TIME","UPDATE_TIME","REMARK","LV_ID","AUTH_NAME") values ('c8f237f26efa4f3f974c0f880ca3f5fc', '227f8578d72c4cd6b78125ab97c2f17d', 'devadmin', null, 0, '1d25e7e5ce164c95bd283f7d6c9b644a', null, null, null, 'a7290384e3f84287bedb968f1c38ad21', '项目管理');
insert into "SYS_AUTH_ROLE_V" ("ID","AUTH_ID","ROLE_ID","SIGN","IS_REVOKE","CREATE_USER","CREATE_TIME","UPDATE_TIME","REMARK","LV_ID","AUTH_NAME") values ('0a09978928a446d983def544237198f2', 'a2c96add3b7744c3939083d5351f3828', 'devadmin', null, 0, '1d25e7e5ce164c95bd283f7d6c9b644a', null, null, null, 'a7290384e3f84287bedb968f1c38ad21', '项目信息');
insert into "SYS_AUTH_ROLE_V" ("ID","AUTH_ID","ROLE_ID","SIGN","IS_REVOKE","CREATE_USER","CREATE_TIME","UPDATE_TIME","REMARK","LV_ID","AUTH_NAME") values ('8e540b8dffa544369cd4e3253accf213', '8f9dec2ca33040e199f9e922f906dc7f', 'devadmin', null, 0, '1d25e7e5ce164c95bd283f7d6c9b644a', null, null, null, 'a7290384e3f84287bedb968f1c38ad21', '数据源管理');
insert into "SYS_AUTH_ROLE_V" ("ID","AUTH_ID","ROLE_ID","SIGN","IS_REVOKE","CREATE_USER","CREATE_TIME","UPDATE_TIME","REMARK","LV_ID","AUTH_NAME") values ('f569b4bded3644f7ac6b0fb8b95afc65', 'ad2b809bf7084d2db69dd56793cb5e1c', 'devadmin', null, 0, '1d25e7e5ce164c95bd283f7d6c9b644a', null, null, null, 'a7290384e3f84287bedb968f1c38ad21', '服务管理');
insert into "SYS_AUTH_ROLE_V" ("ID","AUTH_ID","ROLE_ID","SIGN","IS_REVOKE","CREATE_USER","CREATE_TIME","UPDATE_TIME","REMARK","LV_ID","AUTH_NAME") values ('90bc0a6c442c4a1780fec75f73dd6ea6', '3860126718034cc2a7dbd8311bfb3ff1', 'devadmin', null, 0, '1d25e7e5ce164c95bd283f7d6c9b644a', null, null, null, 'a7290384e3f84287bedb968f1c38ad21', '应用信息');
insert into "SYS_AUTH_ROLE_V" ("ID","AUTH_ID","ROLE_ID","SIGN","IS_REVOKE","CREATE_USER","CREATE_TIME","UPDATE_TIME","REMARK","LV_ID","AUTH_NAME") values ('ae2228ed1fc14c1398ccbb9cf99484d5', '2a3c459a0c814a098bdc41cb0e4b830e', 'devadmin', null, 0, '1d25e7e5ce164c95bd283f7d6c9b644a', null, null, null, 'a7290384e3f84287bedb968f1c38ad21', '模型管理');
insert into "SYS_AUTH_ROLE_V" ("ID","AUTH_ID","ROLE_ID","SIGN","IS_REVOKE","CREATE_USER","CREATE_TIME","UPDATE_TIME","REMARK","LV_ID","AUTH_NAME") values ('1da1394937134d48a65b36969d10e946', 'e0c7623e577d4811af97dc6eab9c14d6', 'devadmin', null, 0, '1d25e7e5ce164c95bd283f7d6c9b644a', null, null, null, 'a7290384e3f84287bedb968f1c38ad21', '接口管理');
insert into "SYS_AUTH_ROLE_V" ("ID","AUTH_ID","ROLE_ID","SIGN","IS_REVOKE","CREATE_USER","CREATE_TIME","UPDATE_TIME","REMARK","LV_ID","AUTH_NAME") values ('7253b0d2b1a540ce919655a4e33918f0', 'c6d75746103e4dc99d9d0ce27f0e1af1', 'devadmin', null, 0, '1d25e7e5ce164c95bd283f7d6c9b644a', null, null, null, 'a7290384e3f84287bedb968f1c38ad21', '页面设计');
insert into "SYS_AUTH_ROLE_V" ("ID","AUTH_ID","ROLE_ID","SIGN","IS_REVOKE","CREATE_USER","CREATE_TIME","UPDATE_TIME","REMARK","LV_ID","AUTH_NAME") values ('92ba1fa375534e5891ec12a854cd584d', '09a55900eb974483b599b4343afb7c52', 'devadmin', null, 0, '1d25e7e5ce164c95bd283f7d6c9b644a', null, null, null, 'a7290384e3f84287bedb968f1c38ad21', '系统管理');
insert into "SYS_AUTH_ROLE_V" ("ID","AUTH_ID","ROLE_ID","SIGN","IS_REVOKE","CREATE_USER","CREATE_TIME","UPDATE_TIME","REMARK","LV_ID","AUTH_NAME") values ('2cc3a95856534b4aa5135807842f1284', 'e668d7fddbac4aa3a3fdb6502d00ac7d', 'devadmin', null, 0, '1d25e7e5ce164c95bd283f7d6c9b644a', null, null, null, 'a7290384e3f84287bedb968f1c38ad21', '用户管理');
insert into "SYS_AUTH_ROLE_V" ("ID","AUTH_ID","ROLE_ID","SIGN","IS_REVOKE","CREATE_USER","CREATE_TIME","UPDATE_TIME","REMARK","LV_ID","AUTH_NAME") values ('4cac209116d341a5a09d889d754c155a', '8f9dec2ca33040e199f9e922f906dc7f', 'devdeveloper', null, 0, '1d25e7e5ce164c95bd283f7d6c9b644a', null, null, null, 'ec0818a993014e8e9f036a0dfce2905d', '数据源管理');
insert into "SYS_AUTH_ROLE_V" ("ID","AUTH_ID","ROLE_ID","SIGN","IS_REVOKE","CREATE_USER","CREATE_TIME","UPDATE_TIME","REMARK","LV_ID","AUTH_NAME") values ('ef0b7f9119804dcebb30244ad08f5100', '7416563936d84eefafc65325402b380e', 'devdeveloper', null, 0, '1d25e7e5ce164c95bd283f7d6c9b644a', null, null, null, 'ec0818a993014e8e9f036a0dfce2905d', '增删改');
insert into "SYS_AUTH_ROLE_V" ("ID","AUTH_ID","ROLE_ID","SIGN","IS_REVOKE","CREATE_USER","CREATE_TIME","UPDATE_TIME","REMARK","LV_ID","AUTH_NAME") values ('35468f0ad4904564b9b0b3770294202f', 'ad2b809bf7084d2db69dd56793cb5e1c', 'devdeveloper', null, 0, '1d25e7e5ce164c95bd283f7d6c9b644a', null, null, null, 'ec0818a993014e8e9f036a0dfce2905d', '服务管理');
insert into "SYS_AUTH_ROLE_V" ("ID","AUTH_ID","ROLE_ID","SIGN","IS_REVOKE","CREATE_USER","CREATE_TIME","UPDATE_TIME","REMARK","LV_ID","AUTH_NAME") values ('92d2d2b8bcf3408eb5395f1b661e9583', '3860126718034cc2a7dbd8311bfb3ff1', 'devdeveloper', null, 0, '1d25e7e5ce164c95bd283f7d6c9b644a', null, null, null, 'ec0818a993014e8e9f036a0dfce2905d', '应用信息');
insert into "SYS_AUTH_ROLE_V" ("ID","AUTH_ID","ROLE_ID","SIGN","IS_REVOKE","CREATE_USER","CREATE_TIME","UPDATE_TIME","REMARK","LV_ID","AUTH_NAME") values ('6abce43f575c4831b08f3ea30cbf4b2e', '9c844c3686904ccb8ed6c51bd5a7bf5d', 'devdeveloper', null, 0, '1d25e7e5ce164c95bd283f7d6c9b644a', null, null, null, 'ec0818a993014e8e9f036a0dfce2905d', '增删改');
insert into "SYS_AUTH_ROLE_V" ("ID","AUTH_ID","ROLE_ID","SIGN","IS_REVOKE","CREATE_USER","CREATE_TIME","UPDATE_TIME","REMARK","LV_ID","AUTH_NAME") values ('e651a44810bc47c8941af46025cbe4cf', '2a3c459a0c814a098bdc41cb0e4b830e', 'devdeveloper', null, 0, '1d25e7e5ce164c95bd283f7d6c9b644a', null, null, null, 'ec0818a993014e8e9f036a0dfce2905d', '模型管理');
insert into "SYS_AUTH_ROLE_V" ("ID","AUTH_ID","ROLE_ID","SIGN","IS_REVOKE","CREATE_USER","CREATE_TIME","UPDATE_TIME","REMARK","LV_ID","AUTH_NAME") values ('8a04a50c7bb8451ba15f1961cbb171da', '1ea55832fa9c40979e015f8c12c420b3', 'devdeveloper', null, 0, '1d25e7e5ce164c95bd283f7d6c9b644a', null, null, null, 'ec0818a993014e8e9f036a0dfce2905d', '增删改');
insert into "SYS_AUTH_ROLE_V" ("ID","AUTH_ID","ROLE_ID","SIGN","IS_REVOKE","CREATE_USER","CREATE_TIME","UPDATE_TIME","REMARK","LV_ID","AUTH_NAME") values ('b29fe8d9a17f4ed990f688bc76a0b068', 'e0c7623e577d4811af97dc6eab9c14d6', 'devdeveloper', null, 0, '1d25e7e5ce164c95bd283f7d6c9b644a', null, null, null, 'ec0818a993014e8e9f036a0dfce2905d', '接口管理');
insert into "SYS_AUTH_ROLE_V" ("ID","AUTH_ID","ROLE_ID","SIGN","IS_REVOKE","CREATE_USER","CREATE_TIME","UPDATE_TIME","REMARK","LV_ID","AUTH_NAME") values ('90cea634d13844a4af119f1307c1ff2d', '5373fd0c912b4c0fa4c46474199f9858', 'devdeveloper', null, 0, '1d25e7e5ce164c95bd283f7d6c9b644a', null, null, null, 'ec0818a993014e8e9f036a0dfce2905d', '增删改');
insert into "SYS_AUTH_ROLE_V" ("ID","AUTH_ID","ROLE_ID","SIGN","IS_REVOKE","CREATE_USER","CREATE_TIME","UPDATE_TIME","REMARK","LV_ID","AUTH_NAME") values ('bcb2ad89f29a433aba5720adf8fb99af', 'c6d75746103e4dc99d9d0ce27f0e1af1', 'devdeveloper', null, 0, '1d25e7e5ce164c95bd283f7d6c9b644a', null, null, null, 'ec0818a993014e8e9f036a0dfce2905d', '页面设计');
insert into "SYS_AUTH_ROLE_V" ("ID","AUTH_ID","ROLE_ID","SIGN","IS_REVOKE","CREATE_USER","CREATE_TIME","UPDATE_TIME","REMARK","LV_ID","AUTH_NAME") values ('be50571590e145c0a7f55e707d55bf65', 'd9ec0e8823c44aab931666f72bee0965', 'devdeveloper', null, 0, '1d25e7e5ce164c95bd283f7d6c9b644a', null, null, null, 'ec0818a993014e8e9f036a0dfce2905d', '增删改');
insert into "SYS_AUTH_ROLE_V" ("ID","AUTH_ID","ROLE_ID","SIGN","IS_REVOKE","CREATE_USER","CREATE_TIME","UPDATE_TIME","REMARK","LV_ID","AUTH_NAME") values ('80452d237e44470994d0d7d5c1f98d89', '227f8578d72c4cd6b78125ab97c2f17d', 'devdeveloper', null, 0, '1d25e7e5ce164c95bd283f7d6c9b644a', null, null, null, 'ec0818a993014e8e9f036a0dfce2905d', '项目管理');

insert into "SYS_AUTH_ROLE" ("ID","AUTH_ID","ROLE_ID","SIGN","IS_REVOKE","CREATE_USER","CREATE_TIME","UPDATE_TIME","REMARK","AUTH_NAME","ROLE_NAME") values ('741787a581b44b9d955f6c09ed5d3e41', 'a2c96add3b7744c3939083d5351f3828', 'devdeveloper', null, 0, '1d25e7e5ce164c95bd283f7d6c9b644a', null, null, null, '项目信息', 'devdeveloper');
insert into "SYS_AUTH_ROLE_V" ("ID","AUTH_ID","ROLE_ID","SIGN","IS_REVOKE","CREATE_USER","CREATE_TIME","UPDATE_TIME","REMARK","LV_ID","AUTH_NAME") values ('34442d237e44470994d0d7d5c1f98d89', 'a2c96add3b7744c3939083d5351f3828', 'devdeveloper', null, 0, '1d25e7e5ce164c95bd283f7d6c9b644a', null, null, null, 'ec0818a993014e8e9f036a0dfce2905d', '项目信息');


/**
建表
 */
--
-- PRO_DATASOURCE  (Table)
--
CREATE TABLE PRO_DATASOURCE
(
  ID         VARCHAR2(50 BYTE)                  NOT NULL,
  NAME       VARCHAR2(50 BYTE),
  URL        VARCHAR2(200 BYTE),
  USER_NAME  VARCHAR2(50 BYTE),
  PASSWORD   VARCHAR2(50 BYTE),
  DRIVER     VARCHAR2(50 BYTE),
  SCHEME     VARCHAR2(50 BYTE),
  REMARK     VARCHAR2(2000 BYTE),
  TYPE       VARCHAR2(50 BYTE)                  NOT NULL
);

COMMENT ON TABLE PRO_DATASOURCE IS '数据源';

COMMENT ON COLUMN PRO_DATASOURCE.ID IS '主键';

COMMENT ON COLUMN PRO_DATASOURCE.NAME IS '数据源名称';

COMMENT ON COLUMN PRO_DATASOURCE.URL IS '路径';

COMMENT ON COLUMN PRO_DATASOURCE.USER_NAME IS '数据库用户';

COMMENT ON COLUMN PRO_DATASOURCE.PASSWORD IS '密码';

COMMENT ON COLUMN PRO_DATASOURCE.DRIVER IS '驱动名称';

COMMENT ON COLUMN PRO_DATASOURCE.SCHEME IS 'SCHEME名称';

COMMENT ON COLUMN PRO_DATASOURCE.REMARK IS '备注';

COMMENT ON COLUMN PRO_DATASOURCE.TYPE IS '数据库类型';



--
-- PRO_INFO  (Table)
--
CREATE TABLE PRO_INFO
(
  ID               VARCHAR2(50 BYTE)            NOT NULL,
  NAME             VARCHAR2(50 BYTE),
  CREATE_TIME      DATE,
  MAINTAIN_STAFFS  VARCHAR2(2000 BYTE),
  CODE             VARCHAR2(50 BYTE),
  REMARK           VARCHAR2(2000 BYTE),
  IS_DELETE        INTEGER
);

COMMENT ON TABLE PRO_INFO IS '项目信息表';

COMMENT ON COLUMN PRO_INFO.ID IS '主键';

COMMENT ON COLUMN PRO_INFO.NAME IS '项目名称';

COMMENT ON COLUMN PRO_INFO.CREATE_TIME IS '创建时间';

COMMENT ON COLUMN PRO_INFO.MAINTAIN_STAFFS IS '维护人员ID(多人使用,分割)';

COMMENT ON COLUMN PRO_INFO.CODE IS '标识';

COMMENT ON COLUMN PRO_INFO.REMARK IS '备注';

COMMENT ON COLUMN PRO_INFO.IS_DELETE IS '是否删除，0否，1是';



--
-- PRO_SERVICE  (Table)
--
CREATE TABLE PRO_SERVICE
(
  ID                  VARCHAR2(50 BYTE)         NOT NULL,
  NAME                VARCHAR2(50 BYTE),
  IS_ENABLE_AUTH      INTEGER,
  IS_ENABLE_LOG       INTEGER,
  DS_ID               VARCHAR2(50 BYTE),
  APP_ID              VARCHAR2(50 BYTE),
  PACKAGE_NAME        VARCHAR2(50 BYTE),
  CREATE_SERVICE_FLG  INTEGER,
  IP_PORT             VARCHAR2(50 BYTE),
  NACOS_SERVER_ADDR   VARCHAR2(50 BYTE),
  REDIS_DATA_BASE     INTEGER,
  REDIS_HOST          VARCHAR2(50 BYTE),
  REDIS_PORT          VARCHAR2(50 BYTE),
  REDIS_PASSWORD      VARCHAR2(50 BYTE),
  PRO_INFO_ID         VARCHAR2(50 BYTE),
  IS_DELETE           INTEGER
);

COMMENT ON TABLE PRO_SERVICE IS '应用管理';

COMMENT ON COLUMN PRO_SERVICE.ID IS '主键';

COMMENT ON COLUMN PRO_SERVICE.NAME IS '应用名称';

COMMENT ON COLUMN PRO_SERVICE.IS_ENABLE_AUTH IS '启用权限 1启用0不启用';

COMMENT ON COLUMN PRO_SERVICE.IS_ENABLE_LOG IS '启用日志1启用0不启用';

COMMENT ON COLUMN PRO_SERVICE.DS_ID IS '数据源id';

COMMENT ON COLUMN PRO_SERVICE.APP_ID IS '应用标识';

COMMENT ON COLUMN PRO_SERVICE.PACKAGE_NAME IS '包名';

COMMENT ON COLUMN PRO_SERVICE.CREATE_SERVICE_FLG IS '是否生成过服务，0否，1是';

COMMENT ON COLUMN PRO_SERVICE.IP_PORT IS '应用发布服务端口';

COMMENT ON COLUMN PRO_SERVICE.NACOS_SERVER_ADDR IS 'Nacos服务地址';

COMMENT ON COLUMN PRO_SERVICE.REDIS_DATA_BASE IS 'Redis数据库索引';

COMMENT ON COLUMN PRO_SERVICE.REDIS_HOST IS 'Redis服务器地址';

COMMENT ON COLUMN PRO_SERVICE.REDIS_PORT IS 'Redis连接端口';

COMMENT ON COLUMN PRO_SERVICE.REDIS_PASSWORD IS 'Redis连接密码';

COMMENT ON COLUMN PRO_SERVICE.PRO_INFO_ID IS '项目ID';

COMMENT ON COLUMN PRO_SERVICE.IS_DELETE IS '是否删除，0否，1是';



--
-- PRO_DATASOURCE_PK  (Index)
--
CREATE UNIQUE INDEX PRO_DATASOURCE_PK ON PRO_DATASOURCE
(ID)
LOGGING;


--
-- PRO_INFO_PK  (Index)
--
CREATE UNIQUE INDEX PRO_INFO_PK ON PRO_INFO
(ID)
LOGGING;


--
-- PRO_SERVICE_PK  (Index)
--
CREATE UNIQUE INDEX PRO_SERVICE_PK ON PRO_SERVICE
(ID)
LOGGING;


--
-- PRO_CHANGELOG_HISTORY  (Table)
--
CREATE TABLE PRO_CHANGELOG_HISTORY
(
  ID               VARCHAR2(255 BYTE)            NOT NULL,
  LOG_VALUE        CLOB,
  PUBLISH_TAG      INTEGER,
  SERVICE_ID       VARCHAR2(50 BYTE),
  PUBLISH_TIME     DATE,
  CREATE_TIME      DATE,
  PUBLISH_VERSION  INTEGER
);

COMMENT ON TABLE PRO_CHANGELOG_HISTORY IS 'changlog历史信息表';

COMMENT ON COLUMN PRO_CHANGELOG_HISTORY.ID IS '主键';

COMMENT ON COLUMN PRO_CHANGELOG_HISTORY.LOG_VALUE IS 'changeset对象';

COMMENT ON COLUMN PRO_CHANGELOG_HISTORY.PUBLISH_TAG IS '是否发布过，0否1是';

COMMENT ON COLUMN PRO_CHANGELOG_HISTORY.SERVICE_ID IS '服务ID';

COMMENT ON COLUMN PRO_CHANGELOG_HISTORY.PUBLISH_TIME IS '发布时间';

COMMENT ON COLUMN PRO_CHANGELOG_HISTORY.CREATE_TIME IS '创建时间';

COMMENT ON COLUMN PRO_CHANGELOG_HISTORY.PUBLISH_VERSION IS '发布的版本';



--
-- PRO_INTERFACE_CATEGORY  (Table)
--
CREATE TABLE PRO_INTERFACE_CATEGORY
(
  ID           VARCHAR2(50 BYTE)                NOT NULL,
  NAME         VARCHAR2(50 BYTE),
  REMARK       VARCHAR2(2000 BYTE),
  CREATE_TIME  DATE,
  SERVICE_ID   VARCHAR2(50 BYTE)
);

COMMENT ON TABLE PRO_INTERFACE_CATEGORY IS '接口类别';

COMMENT ON COLUMN PRO_INTERFACE_CATEGORY.ID IS '主键';

COMMENT ON COLUMN PRO_INTERFACE_CATEGORY.NAME IS '类别名称';

COMMENT ON COLUMN PRO_INTERFACE_CATEGORY.REMARK IS '备注';

COMMENT ON COLUMN PRO_INTERFACE_CATEGORY.CREATE_TIME IS '创建时间';

COMMENT ON COLUMN PRO_INTERFACE_CATEGORY.SERVICE_ID IS '服务ID';



--
-- PRO_MODEL  (Table)
--
CREATE TABLE PRO_MODEL
(
  ID           VARCHAR2(50 BYTE)                NOT NULL,
  MODEL_NAME   VARCHAR2(100 BYTE),
  TABLE_NAME   VARCHAR2(100 BYTE),
  OBJECT_NAME  VARCHAR2(100 BYTE),
  SERVICE_ID   VARCHAR2(50 BYTE),
  REMARK       VARCHAR2(2000 BYTE),
  CREATE_TIME  DATE,
  PK_NAME      VARCHAR2(50 BYTE)
);

COMMENT ON TABLE PRO_MODEL IS '实体模型信息表';

COMMENT ON COLUMN PRO_MODEL.ID IS '主键';

COMMENT ON COLUMN PRO_MODEL.MODEL_NAME IS '模型名称';

COMMENT ON COLUMN PRO_MODEL.TABLE_NAME IS '数据库表表名';

COMMENT ON COLUMN PRO_MODEL.OBJECT_NAME IS '数据库表实体名';

COMMENT ON COLUMN PRO_MODEL.SERVICE_ID IS '服务ID';

COMMENT ON COLUMN PRO_MODEL.REMARK IS '备注';

COMMENT ON COLUMN PRO_MODEL.CREATE_TIME IS '创建时间';

COMMENT ON COLUMN PRO_MODEL.PK_NAME IS '主键名称';



--
-- PRO_MODEL_ASSOCIATION  (Table)
--
CREATE TABLE PRO_MODEL_ASSOCIATION
(
  ID             VARCHAR2(50 BYTE)              NOT NULL,
  NAME           VARCHAR2(50 BYTE),
  MODEL_ID       VARCHAR2(50 BYTE),
  COL_NAMES      VARCHAR2(2000 BYTE),
  REF_COL_NAMES  VARCHAR2(2000 BYTE),
  REF_MODEL_ID   VARCHAR2(50 BYTE),
  CREATE_TIME    DATE,
  DEL_ACTION     VARCHAR2(50 BYTE),
  UPD_ACTION     VARCHAR2(50 BYTE),
  CREATE_IDX     INTEGER,
  INDEX_NAME     VARCHAR2(50 BYTE),
  INDEX_ID       VARCHAR2(50 BYTE)
);

COMMENT ON TABLE PRO_MODEL_ASSOCIATION IS '数据关联定义';

COMMENT ON COLUMN PRO_MODEL_ASSOCIATION.ID IS '主键';

COMMENT ON COLUMN PRO_MODEL_ASSOCIATION.NAME IS '关联名';

COMMENT ON COLUMN PRO_MODEL_ASSOCIATION.MODEL_ID IS '模型ID';

COMMENT ON COLUMN PRO_MODEL_ASSOCIATION.COL_NAMES IS '数据列名S';

COMMENT ON COLUMN PRO_MODEL_ASSOCIATION.REF_COL_NAMES IS '引用外键列名S';

COMMENT ON COLUMN PRO_MODEL_ASSOCIATION.REF_MODEL_ID IS '引用表id';

COMMENT ON COLUMN PRO_MODEL_ASSOCIATION.CREATE_TIME IS '创建时间';

COMMENT ON COLUMN PRO_MODEL_ASSOCIATION.DEL_ACTION IS '删除动作';

COMMENT ON COLUMN PRO_MODEL_ASSOCIATION.UPD_ACTION IS '更新动作';

COMMENT ON COLUMN PRO_MODEL_ASSOCIATION.CREATE_IDX IS '是否同步创建索引 0否1是';

COMMENT ON COLUMN PRO_MODEL_ASSOCIATION.INDEX_NAME IS '索引名';

COMMENT ON COLUMN PRO_MODEL_ASSOCIATION.INDEX_ID IS '索引列';



--
-- PRO_MODEL_COL  (Table)
--
CREATE TABLE PRO_MODEL_COL
(
  ID              VARCHAR2(50 BYTE)             NOT NULL,
  MODEL_ID        VARCHAR2(50 BYTE),
  TAB_COL_NAME    VARCHAR2(200 BYTE),
  OBJ_COL_NAME    VARCHAR2(200 BYTE),
  CAPTION         VARCHAR2(2000 BYTE),
  DATA_TYPE       VARCHAR2(50 BYTE),
  NULLABLE        INTEGER                       DEFAULT 1,
  DEFAULT_VALUE   VARCHAR2(100 BYTE),
  IS_SYSCOL       INTEGER                       DEFAULT 0,
  CREATE_TIME     DATE,
  PK_FLG          INTEGER                       DEFAULT 0,
  DATA_PRECISION  INTEGER,
  DATA_SCALE      INTEGER                       DEFAULT 0
);

COMMENT ON TABLE PRO_MODEL_COL IS '数据列';

COMMENT ON COLUMN PRO_MODEL_COL.ID IS '主键';

COMMENT ON COLUMN PRO_MODEL_COL.MODEL_ID IS '模型ID';

COMMENT ON COLUMN PRO_MODEL_COL.TAB_COL_NAME IS '表列名';

COMMENT ON COLUMN PRO_MODEL_COL.OBJ_COL_NAME IS '实体对象列名';

COMMENT ON COLUMN PRO_MODEL_COL.CAPTION IS '列标题';

COMMENT ON COLUMN PRO_MODEL_COL.DATA_TYPE IS '数据类型';

COMMENT ON COLUMN PRO_MODEL_COL.NULLABLE IS '能否为空';

COMMENT ON COLUMN PRO_MODEL_COL.DEFAULT_VALUE IS '缺省值';

COMMENT ON COLUMN PRO_MODEL_COL.IS_SYSCOL IS '是否系统字段';

COMMENT ON COLUMN PRO_MODEL_COL.CREATE_TIME IS '创建时间';

COMMENT ON COLUMN PRO_MODEL_COL.PK_FLG IS '是否是主键，0否,1是';

COMMENT ON COLUMN PRO_MODEL_COL.DATA_PRECISION IS '精度';

COMMENT ON COLUMN PRO_MODEL_COL.DATA_SCALE IS '标度';



--
-- PRO_MODEL_INDEX  (Table)
--
CREATE TABLE PRO_MODEL_INDEX
(
  ID           VARCHAR2(50 BYTE)                NOT NULL,
  MODEL_ID     VARCHAR2(50 BYTE),
  NAME         VARCHAR2(200 BYTE),
  COLS         VARCHAR2(2000 BYTE),
  IS_UNIQUE    INTEGER,
  CREATE_TIME  DATE,
  ASS_ACTION   INTEGER                          DEFAULT 0
);

COMMENT ON TABLE PRO_MODEL_INDEX IS '索引信息';

COMMENT ON COLUMN PRO_MODEL_INDEX.ID IS '主键';

COMMENT ON COLUMN PRO_MODEL_INDEX.MODEL_ID IS '模型ID';

COMMENT ON COLUMN PRO_MODEL_INDEX.NAME IS '名称';

COMMENT ON COLUMN PRO_MODEL_INDEX.COLS IS '包含列';

COMMENT ON COLUMN PRO_MODEL_INDEX.IS_UNIQUE IS '是否唯一';

COMMENT ON COLUMN PRO_MODEL_INDEX.CREATE_TIME IS '创建时间';

COMMENT ON COLUMN PRO_MODEL_INDEX.ASS_ACTION IS '是否是外键添加的索引，0否1是';



--
-- PRO_PAGE_INFO  (Table)
--
CREATE TABLE PRO_PAGE_INFO
(
  ID           VARCHAR2(50 BYTE)                NOT NULL,
  NAME         VARCHAR2(50 BYTE),
  DES          VARCHAR2(2000 BYTE),
  JS_CODE      CLOB,
  HTML_CODE    CLOB,
  MODEL_IDS    VARCHAR2(2000 BYTE),
  CREATE_TIME  DATE,
  SERVICE_ID   VARCHAR2(50 BYTE)
);

COMMENT ON TABLE PRO_PAGE_INFO IS '页面基本信息';

COMMENT ON COLUMN PRO_PAGE_INFO.ID IS '主键';

COMMENT ON COLUMN PRO_PAGE_INFO.NAME IS '名称';

COMMENT ON COLUMN PRO_PAGE_INFO.DES IS '描述';

COMMENT ON COLUMN PRO_PAGE_INFO.JS_CODE IS 'js对象';

COMMENT ON COLUMN PRO_PAGE_INFO.HTML_CODE IS 'html对象';

COMMENT ON COLUMN PRO_PAGE_INFO.MODEL_IDS IS '已选数据模型对象ID(英文逗号分隔)';

COMMENT ON COLUMN PRO_PAGE_INFO.CREATE_TIME IS '创建时间';

COMMENT ON COLUMN PRO_PAGE_INFO.SERVICE_ID IS '服务ID';



--
-- PRO_CHANGELOG_HISTORY_PK  (Index)
--
CREATE UNIQUE INDEX PRO_CHANGELOG_HISTORY_PK ON PRO_CHANGELOG_HISTORY
(ID)
LOGGING;


--
-- PRO_INTERFACE_CATEGORY_PK  (Index)
--
CREATE UNIQUE INDEX PRO_INTERFACE_CATEGORY_PK ON PRO_INTERFACE_CATEGORY
(ID)
LOGGING;


--
-- PRO_MODEL_ASSOCIATION_PK  (Index)
--
CREATE UNIQUE INDEX PRO_MODEL_ASSOCIATION_PK ON PRO_MODEL_ASSOCIATION
(ID)
LOGGING;


--
-- PRO_MODEL_COL_PK  (Index)
--
CREATE UNIQUE INDEX PRO_MODEL_COL_PK ON PRO_MODEL_COL
(ID)
LOGGING;


--
-- PRO_MODEL_INDEX_PK  (Index)
--
CREATE UNIQUE INDEX PRO_MODEL_INDEX_PK ON PRO_MODEL_INDEX
(ID)
LOGGING;


--
-- PRO_MODEL_PK  (Index)
--
CREATE UNIQUE INDEX PRO_MODEL_PK ON PRO_MODEL
(ID)
LOGGING;


--
-- PRO_PAGE_INFO_PK  (Index)
--
CREATE UNIQUE INDEX PRO_PAGE_INFO_PK ON PRO_PAGE_INFO
(ID)
LOGGING;


--
-- PRO_INTERFACE  (Table)
--
CREATE TABLE PRO_INTERFACE
(
  ID           VARCHAR2(50 BYTE)                NOT NULL,
  NAME         VARCHAR2(50 BYTE),
  IS_PAGE_GET  INTEGER,
  SQL_CONTENT  CLOB,
  CREATE_TIME  DATE,
  DESCRIPTION  VARCHAR2(2000 BYTE),
  CODE         VARCHAR2(50 BYTE),
  CATEGORY_ID  VARCHAR2(50 BYTE)
);

COMMENT ON TABLE PRO_INTERFACE IS '应用接口';

COMMENT ON COLUMN PRO_INTERFACE.ID IS '主键';

COMMENT ON COLUMN PRO_INTERFACE.NAME IS '接口名';

COMMENT ON COLUMN PRO_INTERFACE.IS_PAGE_GET IS '是否分页方法,0否1是';

COMMENT ON COLUMN PRO_INTERFACE.SQL_CONTENT IS 'sql语句';

COMMENT ON COLUMN PRO_INTERFACE.CREATE_TIME IS '创建时间';

COMMENT ON COLUMN PRO_INTERFACE.DESCRIPTION IS '描述';

COMMENT ON COLUMN PRO_INTERFACE.CODE IS '标识';

COMMENT ON COLUMN PRO_INTERFACE.CATEGORY_ID IS '接口类别ID';



--
-- PRO_OUTPUT_PARAMS  (Table)
--
CREATE TABLE PRO_OUTPUT_PARAMS
(
  ID            VARCHAR2(50 BYTE)               NOT NULL,
  PARAM_KEY     VARCHAR2(50 BYTE),
  PARAM_TYPE    VARCHAR2(50 BYTE),
  INTERFACE_ID  VARCHAR2(50 BYTE),
  PARAM_LABEL   VARCHAR2(50 BYTE)
);

COMMENT ON TABLE PRO_OUTPUT_PARAMS IS '接口sql出参信息表';

COMMENT ON COLUMN PRO_OUTPUT_PARAMS.ID IS '主键';

COMMENT ON COLUMN PRO_OUTPUT_PARAMS.PARAM_KEY IS '键';

COMMENT ON COLUMN PRO_OUTPUT_PARAMS.PARAM_TYPE IS '参数类型';

COMMENT ON COLUMN PRO_OUTPUT_PARAMS.INTERFACE_ID IS '接口主键';

COMMENT ON COLUMN PRO_OUTPUT_PARAMS.PARAM_LABEL IS '字段注释';



--
-- PRO_INTERFACE_PK  (Index)
--
CREATE UNIQUE INDEX PRO_INTERFACE_PK ON PRO_INTERFACE
(ID)
LOGGING;


--
-- PRO_OUTPUT_PARAMS_PK  (Index)
--
CREATE UNIQUE INDEX PRO_OUTPUT_PARAMS_PK ON PRO_OUTPUT_PARAMS
(ID)
LOGGING;


--
-- PRO_INPUT_PARAMS  (Table)
--
CREATE TABLE PRO_INPUT_PARAMS
(
  ID                   VARCHAR2(50 BYTE)        NOT NULL,
  PARAM_KEY            VARCHAR2(50 BYTE),
  PARAM_DEFAULT_VALUE  VARCHAR2(100 BYTE),
  PARAM_TYPE           VARCHAR2(50 BYTE),
  INTERFACE_ID         VARCHAR2(50 BYTE)
);

COMMENT ON TABLE PRO_INPUT_PARAMS IS '应用接口';

COMMENT ON COLUMN PRO_INPUT_PARAMS.ID IS '主键';

COMMENT ON COLUMN PRO_INPUT_PARAMS.PARAM_KEY IS '键';

COMMENT ON COLUMN PRO_INPUT_PARAMS.PARAM_DEFAULT_VALUE IS '缺省值';

COMMENT ON COLUMN PRO_INPUT_PARAMS.PARAM_TYPE IS '类别';

COMMENT ON COLUMN PRO_INPUT_PARAMS.INTERFACE_ID IS '接口ID';



--
-- PRO_INPUT_PARAMS_PK  (Index)
--
CREATE UNIQUE INDEX PRO_INPUT_PARAMS_PK ON PRO_INPUT_PARAMS
(ID)
LOGGING;


--
-- Non Foreign Key Constraints for Table PRO_DATASOURCE
--
ALTER TABLE PRO_DATASOURCE ADD (
  CONSTRAINT PRO_DATASOURCE_PK
  PRIMARY KEY
  (ID)
  USING INDEX PRO_DATASOURCE_PK
  ENABLE VALIDATE);

--
-- Non Foreign Key Constraints for Table PRO_INFO
--
ALTER TABLE PRO_INFO ADD (
  CONSTRAINT PRO_INFO_PK
  PRIMARY KEY
  (ID)
  USING INDEX PRO_INFO_PK
  ENABLE VALIDATE);

--
-- Non Foreign Key Constraints for Table PRO_SERVICE
--
ALTER TABLE PRO_SERVICE ADD (
  CONSTRAINT PRO_SERVICE_PK
  PRIMARY KEY
  (ID)
  USING INDEX PRO_SERVICE_PK
  ENABLE VALIDATE);

--
-- Non Foreign Key Constraints for Table PRO_CHANGELOG_HISTORY
--
ALTER TABLE PRO_CHANGELOG_HISTORY ADD (
  CONSTRAINT PRO_CHANGELOG_HISTORY_PK
  PRIMARY KEY
  (ID)
  USING INDEX PRO_CHANGELOG_HISTORY_PK
  ENABLE VALIDATE);

--
-- Non Foreign Key Constraints for Table PRO_INTERFACE_CATEGORY
--
ALTER TABLE PRO_INTERFACE_CATEGORY ADD (
  CONSTRAINT PRO_INTERFACE_CATEGORY_PK
  PRIMARY KEY
  (ID)
  USING INDEX PRO_INTERFACE_CATEGORY_PK
  ENABLE VALIDATE);

--
-- Non Foreign Key Constraints for Table PRO_MODEL
--
ALTER TABLE PRO_MODEL ADD (
  CONSTRAINT PRO_MODEL_PK
  PRIMARY KEY
  (ID)
  USING INDEX PRO_MODEL_PK
  ENABLE VALIDATE);

--
-- Non Foreign Key Constraints for Table PRO_MODEL_ASSOCIATION
--
ALTER TABLE PRO_MODEL_ASSOCIATION ADD (
  CONSTRAINT PRO_MODEL_ASSOCIATION_PK
  PRIMARY KEY
  (ID)
  USING INDEX PRO_MODEL_ASSOCIATION_PK
  ENABLE VALIDATE);

--
-- Non Foreign Key Constraints for Table PRO_MODEL_COL
--
ALTER TABLE PRO_MODEL_COL ADD (
  CONSTRAINT PRO_MODEL_COL_PK
  PRIMARY KEY
  (ID)
  USING INDEX PRO_MODEL_COL_PK
  ENABLE VALIDATE);

--
-- Non Foreign Key Constraints for Table PRO_MODEL_INDEX
--
ALTER TABLE PRO_MODEL_INDEX ADD (
  CONSTRAINT PRO_MODEL_INDEX_PK
  PRIMARY KEY
  (ID)
  USING INDEX PRO_MODEL_INDEX_PK
  ENABLE VALIDATE);

--
-- Non Foreign Key Constraints for Table PRO_PAGE_INFO
--
ALTER TABLE PRO_PAGE_INFO ADD (
  CONSTRAINT PRO_PAGE_INFO_PK
  PRIMARY KEY
  (ID)
  USING INDEX PRO_PAGE_INFO_PK
  ENABLE VALIDATE);

--
-- Non Foreign Key Constraints for Table PRO_INTERFACE
--
ALTER TABLE PRO_INTERFACE ADD (
  CONSTRAINT PRO_INTERFACE_PK
  PRIMARY KEY
  (ID)
  USING INDEX PRO_INTERFACE_PK
  ENABLE VALIDATE);

--
-- Non Foreign Key Constraints for Table PRO_OUTPUT_PARAMS
--
ALTER TABLE PRO_OUTPUT_PARAMS ADD (
  CONSTRAINT PRO_OUTPUT_PARAMS_PK
  PRIMARY KEY
  (ID)
  USING INDEX PRO_OUTPUT_PARAMS_PK
  ENABLE VALIDATE);

--
-- Non Foreign Key Constraints for Table PRO_INPUT_PARAMS
--
ALTER TABLE PRO_INPUT_PARAMS ADD (
  CONSTRAINT PRO_INPUT_PARAMS_PK
  PRIMARY KEY
  (ID)
  USING INDEX PRO_INPUT_PARAMS_PK
  ENABLE VALIDATE);

--
-- Foreign Key Constraints for Table PRO_SERVICE
--
ALTER TABLE PRO_SERVICE ADD (
  CONSTRAINT FK_PRO_SERVIE_INFO_ID
  FOREIGN KEY (PRO_INFO_ID)
  REFERENCES PRO_INFO (ID)
  ON DELETE CASCADE
  ENABLE VALIDATE);

--
-- Foreign Key Constraints for Table PRO_CHANGELOG_HISTORY
--
ALTER TABLE PRO_CHANGELOG_HISTORY ADD (
  CONSTRAINT FK_LOG_HISTORY_SERVICE_ID
  FOREIGN KEY (SERVICE_ID)
  REFERENCES PRO_SERVICE (ID)
  ON DELETE CASCADE
  ENABLE VALIDATE);

--
-- Foreign Key Constraints for Table PRO_INTERFACE_CATEGORY
--
ALTER TABLE PRO_INTERFACE_CATEGORY ADD (
  CONSTRAINT FK_CATEGORY_SERVICE_ID
  FOREIGN KEY (SERVICE_ID)
  REFERENCES PRO_SERVICE (ID)
  ON DELETE CASCADE
  ENABLE VALIDATE);

--
-- Foreign Key Constraints for Table PRO_MODEL
--
ALTER TABLE PRO_MODEL ADD (
  CONSTRAINT FK_ENTITY_MODEL_SERVICE_ID
  FOREIGN KEY (SERVICE_ID)
  REFERENCES PRO_SERVICE (ID)
  ON DELETE CASCADE
  ENABLE VALIDATE);

--
-- Foreign Key Constraints for Table PRO_MODEL_ASSOCIATION
--
ALTER TABLE PRO_MODEL_ASSOCIATION ADD (
  CONSTRAINT FK_MODEL_ASS_MODEL_ID
  FOREIGN KEY (MODEL_ID)
  REFERENCES PRO_MODEL (ID)
  ON DELETE CASCADE
  ENABLE VALIDATE,
  CONSTRAINT FK_MODEL_ASS_REF_MODEL_ID
  FOREIGN KEY (REF_MODEL_ID)
  REFERENCES PRO_MODEL (ID)
  ON DELETE CASCADE
  ENABLE VALIDATE);

--
-- Foreign Key Constraints for Table PRO_MODEL_COL
--
ALTER TABLE PRO_MODEL_COL ADD (
  CONSTRAINT FK_PRO_MODEL_COL_MODEL_ID
  FOREIGN KEY (MODEL_ID)
  REFERENCES PRO_MODEL (ID)
  ON DELETE CASCADE
  ENABLE VALIDATE);

--
-- Foreign Key Constraints for Table PRO_MODEL_INDEX
--
ALTER TABLE PRO_MODEL_INDEX ADD (
  CONSTRAINT FK_MODEL_INDEX_MODEL_ID
  FOREIGN KEY (MODEL_ID)
  REFERENCES PRO_MODEL (ID)
  ON DELETE CASCADE
  ENABLE VALIDATE);

--
-- Foreign Key Constraints for Table PRO_PAGE_INFO
--
ALTER TABLE PRO_PAGE_INFO ADD (
  CONSTRAINT FK_PAGEINFO_SERVICE_ID
  FOREIGN KEY (SERVICE_ID)
  REFERENCES PRO_SERVICE (ID)
  ON DELETE CASCADE
  ENABLE VALIDATE);

--
-- Foreign Key Constraints for Table PRO_INTERFACE
--
ALTER TABLE PRO_INTERFACE ADD (
  CONSTRAINT FK_INTERFACE_CATEGORY_ID
  FOREIGN KEY (CATEGORY_ID)
  REFERENCES PRO_INTERFACE_CATEGORY (ID)
  ON DELETE CASCADE
  ENABLE VALIDATE);

--
-- Foreign Key Constraints for Table PRO_OUTPUT_PARAMS
--
ALTER TABLE PRO_OUTPUT_PARAMS ADD (
  CONSTRAINT FK_OUT_INTERFACE_ID
  FOREIGN KEY (INTERFACE_ID)
  REFERENCES PRO_INTERFACE (ID)
  ON DELETE CASCADE
  ENABLE VALIDATE);

--
-- Foreign Key Constraints for Table PRO_INPUT_PARAMS
--
ALTER TABLE PRO_INPUT_PARAMS ADD (
  CONSTRAINT FK_IN_INTERFACE_ID
  FOREIGN KEY (INTERFACE_ID)
  REFERENCES PRO_INTERFACE (ID)
  ON DELETE CASCADE
  ENABLE VALIDATE);
/**
 * 增加不登录查看功能
 * @author JonnyJiang
 * @date 2020/7/13 10:27
 */

ALTER TABLE FILE_CONFIGURATION
 ADD (IS_ALLOW_DLD_WITHOUT_LOGIN  NUMBER(1));
COMMENT ON COLUMN FILE_CONFIGURATION.IS_ALLOW_DLD_WITHOUT_LOGIN IS '是否允许不登录下载';

/**
 * 大屏展示
 * @param null
 * @return
 * @author zuogang
 * @date 2020/7/15 10:17
 */
CREATE TABLE BLADE_VISUAL_SHOW
(
  ID         VARCHAR2(50)                       NOT NULL,
  VISUAL_ID  VARCHAR2(50),
  TYPE       INTEGER,
  NAME       VARCHAR2(50),
  PARENT_ID  VARCHAR2(50),
  APP_ID     VARCHAR2(50),
  EXHIBITION_TYPE     VARCHAR2(50),
  CONTENT    CLOB
);

COMMENT ON TABLE BLADE_VISUAL_SHOW IS '大屏展示';

COMMENT ON COLUMN BLADE_VISUAL_SHOW.ID IS '主键';

COMMENT ON COLUMN BLADE_VISUAL_SHOW.VISUAL_ID IS '大屏ID';

COMMENT ON COLUMN BLADE_VISUAL_SHOW.TYPE IS '类型(0为看版,1为项)';

COMMENT ON COLUMN BLADE_VISUAL_SHOW.NAME IS '名称';

COMMENT ON COLUMN BLADE_VISUAL_SHOW.PARENT_ID IS '父节点';

COMMENT ON COLUMN BLADE_VISUAL_SHOW.CONTENT IS 'json对象';

COMMENT ON COLUMN BLADE_VISUAL_SHOW.APP_ID IS '应用ID';

COMMENT ON COLUMN BLADE_VISUAL_SHOW.EXHIBITION_TYPE IS '显示类型';



ALTER TABLE BLADE_VISUAL_SHOW ADD (
  CONSTRAINT BLADE_VISUAL_SHOW_PK
  PRIMARY KEY
  (ID)
  ENABLE VALIDATE);

ALTER TABLE BLADE_VISUAL_SHOW ADD (
  CONSTRAINT FK_VISUAL_SHOW_APP_ID
  FOREIGN KEY (APP_ID)
  REFERENCES SYS_GROUP_APP (ID)
  ON DELETE CASCADE
  ENABLE VALIDATE);

/**
 * 数字序列，服务编码
 * @param null
 * @return
 * @author zuogang
 * @date 2020/7/17 9:40
 */
insert into "SYS_AUTH" ("ID","NAME","APP_ID","REMARK","SORT_INDEX","PARENT_ID","CREATE_USER","CREATE_TIME","UPDATE_TIME","SORT_PATH","IS_ORG_ADMIN","IS_USER_GROUP_ADMIN","CODE","DATA_VERSION") values ('1275967ea4a4e54acdaff4yhmzq8370', '数字序列', 'platform', null,16, '11316279a4a9416a8e20019821e640af', null, null, null, '00030016', 0, 0, 'platForm.codeSequenceManage.codeSequence', 0);

insert into "SYS_MENU" ("ID","NAME","PARENT_ID","APP_ID","PARENT_NAME","URL","TYPE","ICON","AUTH_ID","BTN_AUTH","IS_LEAF","SORT_INDEX","ALL_ORDER","SORT_PATH","OPEN_STYLE","CLOSE_NOTICE","CREATE_USER","CREATE_TIME","UPDATE_TIME","LEAF","MENU_AUTH","REMARK","DATA_VERSION","IS_IFRAME") values ('1275967ea4a4e54acdaff4yhmzq8370', '数字序列', '11316279a4a9416a8e20019821e640af', 'platform', '配置管理', 'codeSequenceManage/views/codeSequence', 1, 'fa fa-sort-numeric-desc', '1275967ea4a4e54acdaff4yhmzq8370', null, null, 16, null, '00030016', null, null, null, null, null, null, null, null, 0, 0);

insert into "SYS_AUTH_ROLE" ("ID","AUTH_ID","ROLE_ID","SIGN","IS_REVOKE","CREATE_USER","CREATE_TIME","UPDATE_TIME","REMARK") values ('1275967ea4a4e54acdaff4yhmzq8370', '1275967ea4a4e54acdaff4yhmzq8370', 'appadmin', null, 0, null, null, null, null);

insert into "SYS_AUTH_ROLE_V" ("ID","AUTH_ID","ROLE_ID","SIGN","IS_REVOKE","CREATE_USER","CREATE_TIME","UPDATE_TIME","REMARK","LV_ID") values ('1275967ea4a4e54acdaff4yhmzq8370', '1275967ea4a4e54acdaff4yhmzq8370', 'appadmin', null, 0, null, null, null, null, 'appadmin');


insert into "SYS_AUTH" ("ID","NAME","APP_ID","REMARK","SORT_INDEX","PARENT_ID","CREATE_USER","CREATE_TIME","UPDATE_TIME","SORT_PATH","IS_ORG_ADMIN","IS_USER_GROUP_ADMIN","CODE","DATA_VERSION") values ('0745867ea4a4e54acdaff4yhmzq8370', '服务编码', 'platform', null,17, '11316279a4a9416a8e20019821e640af', null, null, null, '00030017', 0, 0, 'platForm.codeTemplateManage.codeTemplate', 0);

insert into "SYS_MENU" ("ID","NAME","PARENT_ID","APP_ID","PARENT_NAME","URL","TYPE","ICON","AUTH_ID","BTN_AUTH","IS_LEAF","SORT_INDEX","ALL_ORDER","SORT_PATH","OPEN_STYLE","CLOSE_NOTICE","CREATE_USER","CREATE_TIME","UPDATE_TIME","LEAF","MENU_AUTH","REMARK","DATA_VERSION","IS_IFRAME") values ('0745867ea4a4e54acdaff4yhmzq8370', '服务编码', '11316279a4a9416a8e20019821e640af', 'platform', '配置管理', 'codeTemplateManage/views/codeTemplate', 1, 'fa fa-codepen', '0745867ea4a4e54acdaff4yhmzq8370', null, null, 17, null, '00030017', null, null, null, null, null, null, null, null, 0, 0);

insert into "SYS_AUTH_ROLE" ("ID","AUTH_ID","ROLE_ID","SIGN","IS_REVOKE","CREATE_USER","CREATE_TIME","UPDATE_TIME","REMARK") values ('0745867ea4a4e54acdaff4yhmzq8370', '0745867ea4a4e54acdaff4yhmzq8370', 'appadmin', null, 0, null, null, null, null);

insert into "SYS_AUTH_ROLE_V" ("ID","AUTH_ID","ROLE_ID","SIGN","IS_REVOKE","CREATE_USER","CREATE_TIME","UPDATE_TIME","REMARK","LV_ID") values ('0745867ea4a4e54acdaff4yhmzq8370', '0745867ea4a4e54acdaff4yhmzq8370', 'appadmin', null, 0, null, null, null, null, 'appadmin');


CREATE TABLE CODE_SEQUENCE
(
  ID                  VARCHAR2(50)              NOT NULL,
  APP_ID              VARCHAR2(50)              NOT NULL,
  BIZ_TAG             VARCHAR2(100)             NOT NULL,
  PART_VALUE_TAG      VARCHAR2(100)             DEFAULT 'ACE_NULL_PART_VALUE_TAG',
  MAX_NUM             NUMBER(22)                DEFAULT 0                     NOT NULL,
  STEP                NUMBER(10)                DEFAULT 1                     NOT NULL,
  REMARK              VARCHAR2(2000),
  RESET_MODE          NUMBER(1)                 DEFAULT 0                     NOT NULL,
  LAST_RESET_TIME     DATE                      DEFAULT SYSDATE,
  DATA_VERSION        NUMBER(10)                DEFAULT 0,
  ENABLE_FIX_NUM_LEN  NUMBER(1)                 DEFAULT 1,
  NUM_LENGTH          NUMBER(1)
);

COMMENT ON TABLE CODE_SEQUENCE IS '数字序列';

COMMENT ON COLUMN CODE_SEQUENCE.ID IS '主键';

COMMENT ON COLUMN CODE_SEQUENCE.APP_ID IS '应用id';

COMMENT ON COLUMN CODE_SEQUENCE.BIZ_TAG IS '序列主要标识';

COMMENT ON COLUMN CODE_SEQUENCE.PART_VALUE_TAG IS '序列次要标识';

COMMENT ON COLUMN CODE_SEQUENCE.MAX_NUM IS '已发放的最大编号';

COMMENT ON COLUMN CODE_SEQUENCE.STEP IS '号段长度';

COMMENT ON COLUMN CODE_SEQUENCE.REMARK IS '数字序列描述';

COMMENT ON COLUMN CODE_SEQUENCE.RESET_MODE IS '序列重置模式 “0 不重置”、 “1 按年重置”、“2 按月重置”、“3 按天重置”';

COMMENT ON COLUMN CODE_SEQUENCE.LAST_RESET_TIME IS '上次重置序列时间';

COMMENT ON COLUMN CODE_SEQUENCE.DATA_VERSION IS '数据版本';

COMMENT ON COLUMN CODE_SEQUENCE.ENABLE_FIX_NUM_LEN IS '是否启用固定数字位数 0否1是';

COMMENT ON COLUMN CODE_SEQUENCE.NUM_LENGTH IS '序列固定位数长度';



ALTER TABLE CODE_SEQUENCE ADD (
  CONSTRAINT CODE_SEQUENCE_PK
  PRIMARY KEY
  (ID)
  ENABLE VALIDATE);

ALTER TABLE CODE_SEQUENCE ADD (
  CONSTRAINT FK_CODE_SEQUENCE_APP_ID
  FOREIGN KEY (APP_ID)
  REFERENCES SYS_GROUP_APP (ID)
  ON DELETE CASCADE
  ENABLE VALIDATE);

CREATE TABLE CODE_TEMPLATE
(
  ID            VARCHAR2(50)                    NOT NULL,
  APP_ID        VARCHAR2(50),
  TEMPLATE_KEY  VARCHAR2(100),
  REMARK        VARCHAR2(2000),
  DATA_VERSION  NUMBER(10)                      DEFAULT 0
);

COMMENT ON TABLE CODE_TEMPLATE IS '编码模板';

COMMENT ON COLUMN CODE_TEMPLATE.ID IS '主键';

COMMENT ON COLUMN CODE_TEMPLATE.APP_ID IS '应用id';

COMMENT ON COLUMN CODE_TEMPLATE.TEMPLATE_KEY IS '模板标识';

COMMENT ON COLUMN CODE_TEMPLATE.REMARK IS '模板描述';

COMMENT ON COLUMN CODE_TEMPLATE.DATA_VERSION IS '数据版本';



ALTER TABLE CODE_TEMPLATE ADD (
  CONSTRAINT CODE_TEMPLATE_PK
  PRIMARY KEY
  (ID)
  ENABLE VALIDATE);

ALTER TABLE CODE_TEMPLATE ADD (
  CONSTRAINT FK_CODE_TEMPLATE_APP_ID
  FOREIGN KEY (APP_ID)
  REFERENCES SYS_GROUP_APP (ID)
  ON DELETE CASCADE
  ENABLE VALIDATE);

CREATE TABLE CODE_TEMPLATE_PART
(
  ID                   VARCHAR2(50)             NOT NULL,
  SORT_INDEX           NUMBER(10)               DEFAULT 0                     NOT NULL,
  CODE_TYPE            NUMBER(1)                NOT NULL,
  EL_EXPRESS           VARCHAR2(100),
  STATIC_TEXT          VARCHAR2(100),
  PARAM_KEY            VARCHAR2(100),
  AUTO_CREATE_SEQ_DEF  NUMBER(1)                DEFAULT 0                     NOT NULL,
  SEQ_STEP             NUMBER(1),
  SEQ_RESET_MODE       NUMBER(1),
  ENABLE_FIX_NUM_LEN   NUMBER(1)                DEFAULT 0                     NOT NULL,
  SEQ_NUM_LENGTH       NUMBER(10),
  SEQUENCE_BIZ_TAG     VARCHAR2(100),
  REMARK               VARCHAR2(2000),
  TEMPLATE_ID          VARCHAR2(50)             NOT NULL,
  DYN_PART             VARCHAR2(500)
);

COMMENT ON TABLE CODE_TEMPLATE_PART IS '模板部件';

COMMENT ON COLUMN CODE_TEMPLATE_PART.ID IS '主键';

COMMENT ON COLUMN CODE_TEMPLATE_PART.SORT_INDEX IS '部件排序';

COMMENT ON COLUMN CODE_TEMPLATE_PART.CODE_TYPE IS '部件编码类型 0静态文本1el表达式2参数值3数字序列';

COMMENT ON COLUMN CODE_TEMPLATE_PART.EL_EXPRESS IS 'el表达式';

COMMENT ON COLUMN CODE_TEMPLATE_PART.STATIC_TEXT IS '静态文本';

COMMENT ON COLUMN CODE_TEMPLATE_PART.PARAM_KEY IS '参数键名';

COMMENT ON COLUMN CODE_TEMPLATE_PART.AUTO_CREATE_SEQ_DEF IS '是否自动创建数字序列';

COMMENT ON COLUMN CODE_TEMPLATE_PART.SEQ_STEP IS '序列步长';

COMMENT ON COLUMN CODE_TEMPLATE_PART.SEQ_RESET_MODE IS '序列重置模式';

COMMENT ON COLUMN CODE_TEMPLATE_PART.ENABLE_FIX_NUM_LEN IS '是否启用固定数字位数 0否1是';

COMMENT ON COLUMN CODE_TEMPLATE_PART.SEQ_NUM_LENGTH IS '规定数字位数';

COMMENT ON COLUMN CODE_TEMPLATE_PART.SEQUENCE_BIZ_TAG IS '关联数字学列主标识';

COMMENT ON COLUMN CODE_TEMPLATE_PART.REMARK IS '模板部件描述';

COMMENT ON COLUMN CODE_TEMPLATE_PART.TEMPLATE_ID IS '模板主键';

COMMENT ON COLUMN CODE_TEMPLATE_PART.DYN_PART IS '数字序列部件关联部件';



ALTER TABLE CODE_TEMPLATE_PART ADD (
  CONSTRAINT CODE_TEMPLATE_PART_PK
  PRIMARY KEY
  (ID)
  ENABLE VALIDATE);

ALTER TABLE CODE_TEMPLATE_PART ADD (
  CONSTRAINT FK_CODE_TEMPLATE_PART_TMP_ID
  FOREIGN KEY (TEMPLATE_ID)
  REFERENCES CODE_TEMPLATE (ID)
  ON DELETE CASCADE
  ENABLE VALIDATE);

/**
 * 大屏展示
 * @param null
 * @return
 * @author zuogang
 * @date 2020/7/17 9:40
 */
insert into "SYS_AUTH" ("ID","NAME","APP_ID","REMARK","SORT_INDEX","PARENT_ID","CREATE_USER","CREATE_TIME","UPDATE_TIME","SORT_PATH","IS_ORG_ADMIN","IS_USER_GROUP_ADMIN","CODE","DATA_VERSION") values ('8234ba3204344d37929abd4ad9a1dgth', '大屏展示', 'platform', null, 8, 'twerba3204344d37929abd4ad9a1dfgh', null, null, null, '00060008', 0, 0, 'screenDisplay.views.ScreenDisplayManage', 0);
insert into "SYS_MENU" ("ID","NAME","PARENT_ID","APP_ID","PARENT_NAME","URL","TYPE","ICON","AUTH_ID","BTN_AUTH","IS_LEAF","SORT_INDEX","ALL_ORDER","SORT_PATH","OPEN_STYLE","CLOSE_NOTICE","CREATE_USER","CREATE_TIME","UPDATE_TIME","LEAF","MENU_AUTH","REMARK","DATA_VERSION","IS_IFRAME") values ('8234ba3204344d37929abd4ad9a1dgth', '大屏展示', 'twerba3204344d37929abd4ad9a1dfgh', 'platform', '数据展示', 'screenDisplay/views/ScreenDisplayManage', 1, 'iconfont icon-Report', '8234ba3204344d37929abd4ad9a1dgth', null, null, 8, null, '00060008', null, null, null, null, null, null, null, null, 0, 0);
insert into "SYS_AUTH_ROLE" ("ID","AUTH_ID","ROLE_ID","SIGN","IS_REVOKE","CREATE_USER","CREATE_TIME","UPDATE_TIME","REMARK") values ('8234ba3204344d37929abd4ad9a1dgth', '8234ba3204344d37929abd4ad9a1dgth', 'appadmin', null, 0, null, null, null, null);
insert into "SYS_AUTH_ROLE_V" ("ID","AUTH_ID","ROLE_ID","SIGN","IS_REVOKE","CREATE_USER","CREATE_TIME","UPDATE_TIME","REMARK","LV_ID") values ('8234ba3204344d37929abd4ad9a1dgth', '8234ba3204344d37929abd4ad9a1dgth', 'appadmin', null, 0, null, null, null, null, 'appadmin');
/**
 * 模型管理
 * @param null
 * @return
 * @author zuogang
 * @date 2020/7/17 9:40
 */
insert into "SYS_AUTH" ("ID","NAME","APP_ID","REMARK","SORT_INDEX","PARENT_ID","CREATE_USER","CREATE_TIME","UPDATE_TIME","SORT_PATH","IS_ORG_ADMIN","IS_USER_GROUP_ADMIN","CODE","DATA_VERSION") values ('c789567ea4a4e54acdaff4yhmzq8370', '模型管理', 'platform', null,18, '11316279a4a9416a8e20019821e640af', null, null, null, '00030018', 0, 0, 'platForm.ModelManage.model', 0);

insert into "SYS_MENU" ("ID","NAME","PARENT_ID","APP_ID","PARENT_NAME","URL","TYPE","ICON","AUTH_ID","BTN_AUTH","IS_LEAF","SORT_INDEX","ALL_ORDER","SORT_PATH","OPEN_STYLE","CLOSE_NOTICE","CREATE_USER","CREATE_TIME","UPDATE_TIME","LEAF","MENU_AUTH","REMARK","DATA_VERSION","IS_IFRAME") values ('c789567ea4a4e54acdaff4yhmzq8370', '模型管理', '11316279a4a9416a8e20019821e640af', 'platform', '配置管理', 'ModelManage/views/Model', 1, 'fa fa-briefcase', 'c789567ea4a4e54acdaff4yhmzq8370', null, null, 18, null, '00030018', null, null, null, null, null, null, null, null, 0, 0);

insert into "SYS_AUTH_ROLE" ("ID","AUTH_ID","ROLE_ID","SIGN","IS_REVOKE","CREATE_USER","CREATE_TIME","UPDATE_TIME","REMARK") values ('c789567ea4a4e54acdaff4yhmzq8370', 'c789567ea4a4e54acdaff4yhmzq8370', 'appadmin', null, 0, null, null, null, null);

insert into "SYS_AUTH_ROLE_V" ("ID","AUTH_ID","ROLE_ID","SIGN","IS_REVOKE","CREATE_USER","CREATE_TIME","UPDATE_TIME","REMARK","LV_ID") values ('c789567ea4a4e54acdaff4yhmzq8370', 'c789567ea4a4e54acdaff4yhmzq8370', 'appadmin', null, 0, null, null, null, null, 'appadmin');

/**
 * 添加 trace_id
 * @param null
 * @return
 * @author zuogang
 * @date 2020/7/20 16:48
 */
-- 数据源
alter table "SYS_GROUP_DATASOURCE" add ("TRACE_ID" VARCHAR2(50));
comment on column "SYS_GROUP_DATASOURCE"."TRACE_ID" is '跟踪ID';
update "SYS_GROUP_DATASOURCE" set "TRACE_ID"="ID";
-- 权限定义
alter table "SYS_AUTH" add ("TRACE_ID" VARCHAR2(50));
comment on column "SYS_AUTH"."TRACE_ID" is '跟踪ID';
update "SYS_AUTH" set "TRACE_ID"="ID";
-- API
alter table "SYS_API_RESOURCE" add ("TRACE_ID" VARCHAR2(200));
comment on column "SYS_API_RESOURCE"."TRACE_ID" is '跟踪ID';
update "SYS_API_RESOURCE" set "TRACE_ID"="ID";
-- 权限API
alter table "SYS_AUTH_API" add ("TRACE_ID" VARCHAR2(50));
comment on column "SYS_AUTH_API"."TRACE_ID" is '跟踪ID';
update "SYS_AUTH_API" set "TRACE_ID"="ID";
-- 菜单定义
alter table "SYS_MENU" add ("TRACE_ID" VARCHAR2(50));
comment on column "SYS_MENU"."TRACE_ID" is '跟踪ID';
update "SYS_MENU" set "TRACE_ID"="ID";
-- 角色定义
alter table "SYS_ROLE" add ("TRACE_ID" VARCHAR2(50));
comment on column "SYS_ROLE"."TRACE_ID" is '跟踪ID';
update "SYS_ROLE" set "TRACE_ID"="ID";
-- 上下级角色
alter table "SYS_ROLE_RELATION" add ("TRACE_ID" VARCHAR2(50));
comment on column "SYS_ROLE_RELATION"."TRACE_ID" is '跟踪ID';
update "SYS_ROLE_RELATION" set "TRACE_ID"="ID";
-- 角色互斥
alter table "SYS_ROLE_MUTEX" add ("TRACE_ID" VARCHAR2(50));
comment on column "SYS_ROLE_MUTEX"."TRACE_ID" is '跟踪ID';
update "SYS_ROLE_MUTEX" set "TRACE_ID"="ID";
-- 角色授权
alter table "SYS_AUTH_ROLE" add ("TRACE_ID" VARCHAR2(50));
comment on column "SYS_AUTH_ROLE"."TRACE_ID" is '跟踪ID';
update "SYS_AUTH_ROLE" set "TRACE_ID"="ID";

alter table "SYS_AUTH_ROLE_LV" add ("TRACE_ID" VARCHAR2(50));
comment on column "SYS_AUTH_ROLE_LV"."TRACE_ID" is '跟踪ID';
update "SYS_AUTH_ROLE_LV" set "TRACE_ID"="ID";

alter table "SYS_AUTH_ROLE_V" add ("TRACE_ID" VARCHAR2(50));
comment on column "SYS_AUTH_ROLE_V"."TRACE_ID" is '跟踪ID';
update "SYS_AUTH_ROLE_V" set "TRACE_ID"="ID";
-- 附件配置
alter table "FILE_CONFIGURATION" add ("TRACE_ID" VARCHAR2(50));
comment on column "FILE_CONFIGURATION"."TRACE_ID" is '跟踪ID';
update "FILE_CONFIGURATION" set "TRACE_ID"="ID";
-- 定时任务
alter table "QRTZ_CONFIG" add ("TRACE_ID" VARCHAR2(50));
comment on column "QRTZ_CONFIG"."TRACE_ID" is '跟踪ID';
update "QRTZ_CONFIG" set "TRACE_ID"="ID";
-- 消息通道
alter table "SYS_MSG_SEND_TYPE" add ("TRACE_ID" VARCHAR2(50));
comment on column "SYS_MSG_SEND_TYPE"."TRACE_ID" is '跟踪ID';
update "SYS_MSG_SEND_TYPE" set "TRACE_ID"="ID";
-- 消息模板
alter table "SYS_MSG_TEMPLATE" add ("TRACE_ID" VARCHAR2(50));
comment on column "SYS_MSG_TEMPLATE"."TRACE_ID" is '跟踪ID';
update "SYS_MSG_TEMPLATE" set "TRACE_ID"="ID";
-- 信使消息模板
alter table "SYS_MSG_TEMPLATE_CONFIG" add ("TRACE_ID" VARCHAR2(50));
comment on column "SYS_MSG_TEMPLATE_CONFIG"."TRACE_ID" is '跟踪ID';
update "SYS_MSG_TEMPLATE_CONFIG" set "TRACE_ID"="ID";
-- 消息拓展
alter table "SYS_MSG_TYPE_EXTEND" add ("TRACE_ID" VARCHAR2(50));
comment on column "SYS_MSG_TYPE_EXTEND"."TRACE_ID" is '跟踪ID';
update "SYS_MSG_TYPE_EXTEND" set "TRACE_ID"="ID";
-- 数据字典
alter table "SYS_DICT" add ("TRACE_ID" VARCHAR2(50));
comment on column "SYS_DICT"."TRACE_ID" is '跟踪ID';
update "SYS_DICT" set "TRACE_ID"="ID";
alter table "SYS_DICT_VALUE" add ("TRACE_ID" VARCHAR2(50));
comment on column "SYS_DICT_VALUE"."TRACE_ID" is '跟踪ID';
update "SYS_DICT_VALUE" set "TRACE_ID"="ID";
--数据模型
alter table "PRO_SERVICE" add ("TRACE_ID" VARCHAR2(50));
comment on column "PRO_SERVICE"."TRACE_ID" is '跟踪ID';
update "PRO_SERVICE" set "TRACE_ID"="ID";

alter table "PRO_MODEL" add ("TRACE_ID" VARCHAR2(50));
comment on column "PRO_MODEL"."TRACE_ID" is '跟踪ID';
update "PRO_MODEL" set "TRACE_ID"="ID";

alter table "PRO_MODEL_ASSOCIATION" add ("TRACE_ID" VARCHAR2(50));
comment on column "PRO_MODEL_ASSOCIATION"."TRACE_ID" is '跟踪ID';
update "PRO_MODEL_ASSOCIATION" set "TRACE_ID"="ID";

alter table "PRO_MODEL_COL" add ("TRACE_ID" VARCHAR2(50));
comment on column "PRO_MODEL_COL"."TRACE_ID" is '跟踪ID';
update "PRO_MODEL_COL" set "TRACE_ID"="ID";

alter table "PRO_MODEL_INDEX" add ("TRACE_ID" VARCHAR2(50));
comment on column "PRO_MODEL_INDEX"."TRACE_ID" is '跟踪ID';
update "PRO_MODEL_INDEX" set "TRACE_ID"="ID";
-- 组件注册
alter table "SYS_COMPONENT_REGISTER" add ("TRACE_ID" VARCHAR2(50));
comment on column "SYS_COMPONENT_REGISTER"."TRACE_ID" is '跟踪ID';
update "SYS_COMPONENT_REGISTER" set "TRACE_ID"="ID";
-- 系统配置
alter table "SYS_CONFIG" add ("TRACE_ID" VARCHAR2(50));
comment on column "SYS_CONFIG"."TRACE_ID" is '跟踪ID';
update "SYS_CONFIG" set "TRACE_ID"="ID";
-- 业务类型
alter table "REPORT_TYPE" add ("TRACE_ID" VARCHAR2(50));
comment on column "REPORT_TYPE"."TRACE_ID" is '跟踪ID';
update "REPORT_TYPE" set "TRACE_ID"="ID";
-- 报表/仪表盘信息
alter table "REPORT_INFO" add ("TRACE_ID" VARCHAR2(50));
comment on column "REPORT_INFO"."TRACE_ID" is '跟踪ID';
update "REPORT_INFO" set "TRACE_ID"="ID";
-- 接口
alter table "SYS_APP_INTERFACE" add ("TRACE_ID" VARCHAR2(50));
comment on column "SYS_APP_INTERFACE"."TRACE_ID" is '跟踪ID';
update "SYS_APP_INTERFACE" set "TRACE_ID"="ID";
alter table "SYS_APP_INTERFACE_INPUT" add ("TRACE_ID" VARCHAR2(50));
comment on column "SYS_APP_INTERFACE_INPUT"."TRACE_ID" is '跟踪ID';
update "SYS_APP_INTERFACE_INPUT" set "TRACE_ID"="ID";
alter table "SYS_APP_INTERFACE_OUTPUT" add ("TRACE_ID" VARCHAR2(50));
comment on column "SYS_APP_INTERFACE_OUTPUT"."TRACE_ID" is '跟踪ID';
update "SYS_APP_INTERFACE_OUTPUT" set "TRACE_ID"="ID";
-- 大屏
alter table "BLADE_VISUAL" add ("TRACE_ID" VARCHAR2(50));
comment on column "BLADE_VISUAL"."TRACE_ID" is '跟踪ID';
update "BLADE_VISUAL" set "TRACE_ID"="ID";
-- 大屏展示
alter table "BLADE_VISUAL_SHOW" add ("TRACE_ID" VARCHAR2(50));
comment on column "BLADE_VISUAL_SHOW"."TRACE_ID" is '跟踪ID';
update "BLADE_VISUAL_SHOW" set "TRACE_ID"="ID";
-- 数字序列
alter table "CODE_SEQUENCE" add ("TRACE_ID" VARCHAR2(50));
comment on column "CODE_SEQUENCE"."TRACE_ID" is '跟踪ID';
update "CODE_SEQUENCE" set "TRACE_ID"="ID";
-- 编码模板
alter table "CODE_TEMPLATE" add ("TRACE_ID" VARCHAR2(50));
comment on column "CODE_TEMPLATE"."TRACE_ID" is '跟踪ID';
update "CODE_TEMPLATE" set "TRACE_ID"="ID";
alter table "CODE_TEMPLATE_PART" add ("TRACE_ID" VARCHAR2(50));
comment on column "CODE_TEMPLATE_PART"."TRACE_ID" is '跟踪ID';
update "CODE_TEMPLATE_PART" set "TRACE_ID"="ID";

/**
 * 模型添加字段
 * @param null
 * @return
 * @author zuogang
 * @date 2020/7/20 17:33
 */
alter table "PRO_MODEL" add ("IS_FILE_EXIST" NUMBER(1) DEFAULT 0);
comment on column "PRO_MODEL"."IS_FILE_EXIST" is '表单是否存在附件';
alter table "PRO_MODEL" add ("IS_FLOW_EXIST" NUMBER(1) DEFAULT 0);
comment on column "PRO_MODEL"."IS_FLOW_EXIST" is '是否是工作流表单';

/**
 *  审计日志菜单显示修复
 */
update sys_menu set type=1 where id='04d7893c4a4d4345b18b0789af13753f';


/**
 * 开发服务信息添加字段
 * @param null
 * @return
 * @author zuogang
 * @date 2020/7/24 17:33
 */
alter table "PRO_INFO" add ("CREATE_USER" VARCHAR2(50));
comment on column "PRO_INFO"."CREATE_USER" is '创建人';

alter table "PRO_INFO" add ("GROUP_ID" VARCHAR2(50));
comment on column "PRO_INFO"."GROUP_ID" is '集团ID';

update sys_menu set  sort_index=0,sort_path='000001000003000000' where id='3860126718034cc2a7dbd8311bfb3ff1';
update sys_auth set  sort_index=0,sort_path='000001000003000000' where id='3860126718034cc2a7dbd8311bfb3ff1';

update sys_menu set parent_id='ad2b809bf7084d2db69dd56793cb5e1c',parent_name='服务管理',sort_index=1,sort_path='000001000003000001' where id='8f9dec2ca33040e199f9e922f906dc7f';
update sys_auth set parent_id='ad2b809bf7084d2db69dd56793cb5e1c',sort_index=1,sort_path='000001000003000001' where id='8f9dec2ca33040e199f9e922f906dc7f';

alter table "PRO_SERVICE" add ("MAINTAIN_STAFFS" VARCHAR2(2000));
comment on column "PRO_SERVICE"."MAINTAIN_STAFFS" is '维护人员ID(多人使用,分割)';


/**
 * 开发平台
 * @param null
 * @return
 * @author zuogang
 * @date 2020/7/28 9:29
 */

 delete from sys_auth_role where id = '913e1e09cc9f43ac8990a36a493e2071';
 delete from sys_auth_role_v where id ='6abce43f575c4831b08f3ea30cbf4b2e';

ALTER TABLE "PRO_INFO" DROP COLUMN "MAINTAIN_STAFFS";

alter table "PRO_DATASOURCE" add ("IS_MAJOR" INTEGER);
comment on column "PRO_DATASOURCE"."IS_MAJOR" is '是否为主数据源 1是0不是';
ALTER TABLE "PRO_SERVICE" DROP COLUMN "DS_ID";
alter table "PRO_DATASOURCE" add ("SERVICE_ID" VARCHAR2(50));
comment on column "PRO_DATASOURCE"."SERVICE_ID" is '服务ID';
ALTER TABLE "PRO_DATASOURCE"
   ADD CONSTRAINT "FK_DATASOURCE_SERVICE_ID" FOREIGN KEY ("SERVICE_ID") REFERENCES "PRO_SERVICE"("ID")  ON DELETE CASCADE;

alter table "PRO_CHANGELOG_HISTORY" add ("IS_USE_LESS" INTEGER);
comment on column "PRO_CHANGELOG_HISTORY"."IS_USE_LESS" is '替换主数据源后，变为无用数据，0无效，1有效';

alter table "PRO_CHANGELOG_HISTORY" add ("DS_ID" VARCHAR2(50));
comment on column "PRO_CHANGELOG_HISTORY"."DS_ID" is '数据源ID';

alter table "PRO_INTERFACE" add ("DS_ID" VARCHAR2(50));
comment on column "PRO_INTERFACE"."DS_ID" is '数据源ID';
ALTER TABLE "PRO_INTERFACE"
   ADD CONSTRAINT "FK_INTERFACE_DS_ID" FOREIGN KEY ("DS_ID") REFERENCES "PRO_DATASOURCE"("ID")  ON DELETE CASCADE;


/**
 * 大屏消息
 * @param null
 * @return
 * @author zuogang
 * @date 2020/7/29 17:54
 */
CREATE TABLE BLADE_VISUAL_MSG
(
  ID                VARCHAR2(50)                NOT NULL,
  EVENT_NAME        VARCHAR2(50),
  NAME              VARCHAR2(50),
  CODE              VARCHAR2(50),
  DISPLAY_CONTENT   VARCHAR2(2000),
  DISPLAY_MODE      INTEGER,
  PERIOD_MODE       VARCHAR2(50),
  DISPLAY_DURATION  NUMBER(10,0),
  VISUAL_IDS        VARCHAR2(2000),
  NOTICE_MODE       INTEGER,
  APP_ID            VARCHAR2(50),
  TRACE_ID            VARCHAR2(50),
  PERIOD_DATA       VARCHAR2(100)
);

COMMENT ON TABLE BLADE_VISUAL_MSG IS '大屏消息';

COMMENT ON COLUMN BLADE_VISUAL_MSG.ID IS '主键';

COMMENT ON COLUMN BLADE_VISUAL_MSG.NAME IS '名称';

COMMENT ON COLUMN BLADE_VISUAL_MSG.CODE IS '标识';

COMMENT ON COLUMN BLADE_VISUAL_MSG.EVENT_NAME IS '事件名';

COMMENT ON COLUMN BLADE_VISUAL_MSG.DISPLAY_CONTENT IS '显示内容';

COMMENT ON COLUMN BLADE_VISUAL_MSG.DISPLAY_MODE IS '显示模式（0即时触发，1定时触发）';

COMMENT ON COLUMN BLADE_VISUAL_MSG.PERIOD_MODE IS '周期模式';

COMMENT ON COLUMN BLADE_VISUAL_MSG.DISPLAY_DURATION IS '显示时长';

COMMENT ON COLUMN BLADE_VISUAL_MSG.VISUAL_IDS IS '大屏Ids(以英文逗号分隔)';

COMMENT ON COLUMN BLADE_VISUAL_MSG.NOTICE_MODE IS '通知模式(0通知，1警告)';

COMMENT ON COLUMN BLADE_VISUAL_MSG.APP_ID IS '应用ID';

COMMENT ON COLUMN BLADE_VISUAL_MSG.TRACE_ID IS '跟踪ID';

COMMENT ON COLUMN BLADE_VISUAL_MSG.PERIOD_DATA IS '周期数据';



ALTER TABLE BLADE_VISUAL_MSG ADD (
  CONSTRAINT BLADE_VISUAL_MSG_PK
  PRIMARY KEY
  (ID)
  ENABLE VALIDATE);

ALTER TABLE BLADE_VISUAL_MSG ADD (
  CONSTRAINT FK_VISUAL_MSG_APP_ID
  FOREIGN KEY (APP_ID)
  REFERENCES SYS_GROUP_APP (ID)
  ON DELETE CASCADE
  ENABLE VALIDATE);

/**
 * 大屏通知菜单添加
 * @param null
 * @return
 * @author zuogang
 * @date 2020/7/31 9:30
 */
insert into "SYS_AUTH" ("ID","NAME","APP_ID","REMARK","SORT_INDEX","PARENT_ID","CREATE_USER","CREATE_TIME","UPDATE_TIME","SORT_PATH","IS_ORG_ADMIN","IS_USER_GROUP_ADMIN","CODE","DATA_VERSION") values ('dapingxiaoxi4d37929abd4ad9a1dgth', '大屏通知', 'platform', null, 9, 'twerba3204344d37929abd4ad9a1dfgh', null, null, null, '00060009', 0, 0, 'screenNotification.views.ScreenNotification', 0);
insert into "SYS_MENU" ("ID","NAME","PARENT_ID","APP_ID","PARENT_NAME","URL","TYPE","ICON","AUTH_ID","BTN_AUTH","IS_LEAF","SORT_INDEX","ALL_ORDER","SORT_PATH","OPEN_STYLE","CLOSE_NOTICE","CREATE_USER","CREATE_TIME","UPDATE_TIME","LEAF","MENU_AUTH","REMARK","DATA_VERSION","IS_IFRAME") values ('dapingxiaoxi4d37929abd4ad9a1dgth', '大屏通知', 'twerba3204344d37929abd4ad9a1dfgh', 'platform', '数据展示', 'screenNotification/views/ScreenNotification', 1, 'iconfont icon-message', 'dapingxiaoxi4d37929abd4ad9a1dgth', null, null, 9, null, '00060009', null, null, null, null, null, null, null, null, 0, 0);
insert into "SYS_AUTH_ROLE" ("ID","AUTH_ID","ROLE_ID","SIGN","IS_REVOKE","CREATE_USER","CREATE_TIME","UPDATE_TIME","REMARK") values ('dapingxiaoxi4d37929abd4ad9a1dgth', 'dapingxiaoxi4d37929abd4ad9a1dgth', 'appadmin', null, 0, null, null, null, null);
insert into "SYS_AUTH_ROLE_V" ("ID","AUTH_ID","ROLE_ID","SIGN","IS_REVOKE","CREATE_USER","CREATE_TIME","UPDATE_TIME","REMARK","LV_ID") values ('dapingxiaoxi4d37929abd4ad9a1dgth', 'dapingxiaoxi4d37929abd4ad9a1dgth', 'appadmin', null, 0, null, null, null, null, 'appadmin');


/**
 * 开发平台 接口管理 出参 键 实体
 * @param null
 * @return
 * @author zuogang
 * @date 2020/8/3 8:04
 */
alter table "PRO_OUTPUT_PARAMS" add ("PARAM_ITEM" VARCHAR2(50));
comment on column "PRO_OUTPUT_PARAMS"."PARAM_ITEM" is '键 实体';

alter table "SYS_APP_INTERFACE_OUTPUT" add ("PARAM_ITEM" VARCHAR2(50));
comment on column "SYS_APP_INTERFACE_OUTPUT"."PARAM_ITEM" is '键 实体';

/**
删除仪表盘设计，仪表盘浏览
 */
delete from SYS_MENU where id = '4234ba3204344d37929abd4ad9a1dgth';
delete from SYS_MENU where id = '5234ba3204344d37929abd4ad9a1dgth';
delete from SYS_AUTH where id = '4234ba3204344d37929abd4ad9a1dgth';
delete from SYS_AUTH where id = '5234ba3204344d37929abd4ad9a1dgth';

delete from sys_auth_user where auth_id not in (select id from sys_auth);
delete from sys_auth_user_v where auth_id not in (select id from sys_auth);
delete from sys_auth_role where auth_id not in (select id from sys_auth);
delete from sys_auth_role_v where auth_id not in (select id from sys_auth);


/**
修改菜单图标
 */
update sys_menu set icon=NULL where app_id='platform';
update sys_menu set icon ='aceicon aceicon-apartment' where id='bc316279a4a9416a8e20019821e640af';
update sys_menu set icon ='aceicon aceicon-desktop' where id='e3b15ac90286450fbe5a721c9f542451';
update sys_menu set icon ='aceicon aceicon-setting' where id='11316279a4a9416a8e20019821e640af';
update sys_menu set icon ='aceicon aceicon-home' where id='e3b15ac90286450fbe5a721c9f542433';
update sys_menu set icon ='aceicon aceicon-cloud-server' where id='e3b15ac90286450fbe5a721c9f542344';
update sys_menu set icon ='aceicon aceicon-branches' where id='3333ba3204344d37929abd4ad9a12222';
update sys_menu set icon ='aceicon aceicon-View' where id='twerba3204344d37929abd4ad9a1dfgh';

/**
 *  FK_SYS_USER_ID_ORG_ID，FK_SYS_USER_ID_GROUP_ID级联删除
 * @param null
 * @return
 * @author zuogang
 * @date 2020/9/28 11:50
 */
alter table "SYS_USER" DROP CONSTRAINT FK_SYS_USER_ID_GROUP_ID;
ALTER TABLE "SYS_USER"
  ADD CONSTRAINT "FK_SYS_USER_ID_GROUP_ID" FOREIGN KEY ("GROUP_ID") REFERENCES "ORG_GROUP"("ID") ON DELETE CASCADE;

alter table "SYS_USER" DROP CONSTRAINT FK_SYS_USER_ID_ORG_ID;
ALTER TABLE "SYS_USER"
  ADD CONSTRAINT "FK_SYS_USER_ID_ORG_ID" FOREIGN KEY ("ORGANIZATION_ID") REFERENCES "ORG_ORGANIZATION"("ID") ON DELETE CASCADE;


/**
 * 创建缓存数据表
 * @param null
 * @return
 * @author FourLeaves
 * @date 2020/11/16 14:55
 */
CREATE TABLE SYS_CACHE_DATA
(
ID          VARCHAR2(400 BYTE) NOT NULL,
VALUE       CLOB,
EXPIRE_TIME DATE
);
COMMENT ON TABLE SYS_CACHE_DATA IS '系统缓存数据';
COMMENT ON COLUMN SYS_CACHE_DATA.EXPIRE_TIME IS '过期时间';
COMMENT ON COLUMN SYS_CACHE_DATA.ID IS '主键';
COMMENT ON COLUMN SYS_CACHE_DATA.VALUE IS '值';

CREATE UNIQUE INDEX SYS_CACHE_DATA_PK ON SYS_CACHE_DATA
(ID)
LOGGING
;

/**
2020/12/1
 */
alter table "SYS_ROLE" add ("ROLE_CODE" VARCHAR2(200 BYTE));
comment on column "SYS_ROLE"."ROLE_CODE" is '角色标识';

/**
2020/12/1
 */
alter table "SYS_ROLE" add ("DEP_ID" VARCHAR2(200 BYTE));
comment on column "SYS_ROLE"."DEP_ID" is '关联部门主键';


/**
大屏路径修改
@data 2021/7/29
 */
update sys_menu set url='pages/bladevisual/index.html',IS_IFRAME=1 where id='7784ba3204344d37929abd4ad9a1dgth';

ALTER TABLE SYS_ROLE DROP COLUMN DEP_ID;

CREATE TABLE SYS_ROLE_DEP
(
ID VARCHAR2(200 CHAR) NOT NULL,
ROLE_ID VARCHAR2(200 CHAR),
DEP_ID VARCHAR2(200 CHAR),
CREATE_TIME DATE
);
COMMENT ON TABLE SYS_ROLE_DEP IS '角色部门关联表';
COMMENT ON COLUMN SYS_ROLE_DEP.ID IS '主键';
COMMENT ON COLUMN SYS_ROLE_DEP.DEP_ID IS '部门主键';
COMMENT ON COLUMN SYS_ROLE_DEP.ROLE_ID IS '角色主键';
COMMENT ON COLUMN SYS_ROLE_DEP.CREATE_TIME IS '创建时间';

CREATE UNIQUE INDEX SYS_ROLE_DEP_PK ON SYS_ROLE_DEP
(ID)
LOGGING
;

/*
添加回收人ID
2021/8/19
 */
alter table "FILE_INFO" add ("RECYCLER_ID" VARCHAR2(200 BYTE));
comment on column "FILE_INFO"."RECYCLER_ID" is '回收人ID';

/**
 *  roleScope添加
 * 2021.8.31
 */
alter table "SYS_ROLE" add ("ROLE_SCOPE" NUMBER(1) DEFAULT 0);
comment on column "SYS_ROLE"."ROLE_SCOPE" is '角色范围 0：本地角色 1：全局角色';
/**
 *  集团管理员添加角色管理菜单
 * 2021.8.31
 */
Insert into SYS_AUTH_ROLE
   (ID, AUTH_ID, ROLE_ID, IS_REVOKE)
 Values
   ('48753fe2ef32403dbf9dc989d0651236', '8d4d2caee7f548889988da2747dfaa4a', 'groupadmin', 0);
Insert into SYS_AUTH_ROLE_V
   (ID, AUTH_ID, ROLE_ID, IS_REVOKE, LV_ID)
 Values
   ('48453c7b6ba04f1fa8e4cc36be871232', '8d4d2caee7f548889988da2747dfaa4a', 'groupadmin', 0, 'groupadmin');
Insert into SYS_AUTH_ROLE
   (ID, AUTH_ID, ROLE_ID, IS_REVOKE)
 Values
   ('12753fe2ef32403dbf9dc989d0651236', '8d4d2caee7f548889988da2747dfaa4a', 'groupsec', 0);
Insert into SYS_AUTH_ROLE_V
   (ID, AUTH_ID, ROLE_ID, IS_REVOKE, LV_ID)
 Values
   ('yu453c7b6ba04f1fa8e4cc36be871232', '8d4d2caee7f548889988da2747dfaa4a', 'groupsec', 0, 'groupsec');


insert into SYS_AUTH (ID,NAME,APP_ID,REMARK,SORT_INDEX,PARENT_ID,CREATE_USER,CREATE_TIME,UPDATE_TIME,SORT_PATH,IS_ORG_ADMIN,IS_USER_GROUP_ADMIN,CODE,DATA_VERSION) values ('yut76279a4a9416a8e20019821e6g45t', '配置管理', 'platform', null, 29, '11316279a4a9416a8e20019821e640af', null, null, null, '00030029', 0, 0, 'platform.msgTypeExtend.MsgExtend', 0);

insert into SYS_MENU (ID,NAME,PARENT_ID,APP_ID,PARENT_NAME,URL,TYPE,ICON,AUTH_ID,BTN_AUTH,IS_LEAF,SORT_INDEX,ALL_ORDER,SORT_PATH,OPEN_STYLE,CLOSE_NOTICE,CREATE_USER,CREATE_TIME,UPDATE_TIME,LEAF,MENU_AUTH,REMARK,DATA_VERSION,IS_IFRAME) values ('yut76279a4a9416a8e20019821e6g45t', '消息拓展', '11316279a4a9416a8e20019821e640af', 'platform', '配置管理', 'msgTypeExtend/views/MsgExtend', 1, '', 'yut76279a4a9416a8e20019821e6g45t', null, null, 29, null, '00030029', null, null, null, null, null, null, null, null, 0, 0);

insert into SYS_AUTH_ROLE (ID,AUTH_ID,ROLE_ID,SIGN,IS_REVOKE,CREATE_USER,CREATE_TIME,UPDATE_TIME,REMARK) values ('12323fe2ef32403dbf9dc989d0651251', 'yut76279a4a9416a8e20019821e6g45t', 'appadmin', null, 0, null, null, null, null);

insert into SYS_AUTH_ROLE_V (ID,AUTH_ID,ROLE_ID,SIGN,IS_REVOKE,CREATE_USER,CREATE_TIME,UPDATE_TIME,REMARK,LV_ID) values ('12323fe2ef32403dbf9dc989d0651251', 'yut76279a4a9416a8e20019821e6g45t', 'appadmin', null, 0, null, null, null, null, 'appadmin');


/**
 *  判断集团应用三员去留
 * @date 2021/11/1 10:25
 */

/**集团超级管理员管理菜单权限 */
INSERT  INTO SYS_AUTH("ID","NAME","APP_ID","REMARK","SORT_INDEX","PARENT_ID","CREATE_USER","CREATE_TIME","UPDATE_TIME","SORT_PATH","IS_ORG_ADMIN","IS_USER_GROUP_ADMIN","CODE","DATA_VERSION") VALUES ('jituan842fa04faea8f39beb866fd511','集团超级管理员管理','platform',NULL,10,'e3b15ac90286450fbe5a721c9f542451',NULL,NULL,NULL,'00020010',0,0,'platForm.nothreeManage.GroupManage',0);
INSERT  INTO SYS_MENU("ID","NAME","PARENT_ID","APP_ID","PARENT_NAME","URL","TYPE","ICON","AUTH_ID","BTN_AUTH","IS_LEAF","SORT_INDEX","ALL_ORDER","SORT_PATH","OPEN_STYLE","CLOSE_NOTICE","CREATE_USER","CREATE_TIME","UPDATE_TIME","LEAF","MENU_AUTH","REMARK","DATA_VERSION","IS_IFRAME") VALUES ('jituan842fa04faea8f39beb866fd511','集团管理员维护','e3b15ac90286450fbe5a721c9f542451','platform','系统管理','nothreeManage/views/GroupManage',1,null,'jituan842fa04faea8f39beb866fd511',NULL,NULL,10,NULL,'00020010',NULL,NULL,NULL,NULL,NULL,NULL,NULL,NULL,0,0);
/** 菜单权限配给admin、sec*/
insert into SYS_AUTH_ROLE ("ID","AUTH_ID","ROLE_ID","SIGN","IS_REVOKE","CREATE_USER","CREATE_TIME","UPDATE_TIME","REMARK") values ('jituan842fa04faea8f39beb866admin', 'jituan842fa04faea8f39beb866fd511', 'admin', null, 0, null, null, null, null);
insert into SYS_AUTH_ROLE_V ("ID","AUTH_ID","ROLE_ID","SIGN","IS_REVOKE","CREATE_USER","CREATE_TIME","UPDATE_TIME","REMARK","LV_ID") values ('jituan842fa04faea8f39beb866admin', 'jituan842fa04faea8f39beb866fd511', 'admin', null, 0, null, null, null, null, 'admin');
insert into SYS_AUTH_ROLE ("ID","AUTH_ID","ROLE_ID","SIGN","IS_REVOKE","CREATE_USER","CREATE_TIME","UPDATE_TIME","REMARK") values ('jituan842fa04faea8f39beb86623sec', 'jituan842fa04faea8f39beb866fd511', 'sec', null, 0, null, null, null, null);
insert into SYS_AUTH_ROLE_V ("ID","AUTH_ID","ROLE_ID","SIGN","IS_REVOKE","CREATE_USER","CREATE_TIME","UPDATE_TIME","REMARK","LV_ID") values ('jituan842fa04faea8f39beb86623sec', 'jituan842fa04faea8f39beb866fd511', 'sec', null, 0, null, null, null, null, 'sec');

/** 添加集团应用超级管理员角色 */
INSERT  INTO SYS_ROLE("ID","NAME","ROLE_EXPLAIN","ROLE_TYPE","CREATE_TIME","CREATE_USER","UPDATE_TIME","REMARK","APP_ID","DATA_VERSION") VALUES ('groupsuperadmin','集团超级管理员',NULL,44,NULL,NULL,NULL,NULL,'platform',0);
INSERT  INTO SYS_ROLE("ID","NAME","ROLE_EXPLAIN","ROLE_TYPE","CREATE_TIME","CREATE_USER","UPDATE_TIME","REMARK","APP_ID","DATA_VERSION") VALUES ('appsuperadmin','应用超级管理员',NULL,444,NULL,NULL,NULL,NULL,'platform',0);

comment on column sys_user_admin_org."ROLE_TYPE" is '角色类型（11集团系统管理员,22集团安全保密员,33集团安全审计员,44集团超级管理员）';
comment on column SYS_ROLE."ROLE_TYPE" is '角色类型(1租户系统管理员,2租户安全保密员,3租户安全审计员)(11集团系统管理员,22集团安全保密员,33集团安全审计员,44集团超级管理员)(111应用系统管理员,222应用安全保密员,333应用安全审计员,444应用超级管理员)';

/**应用超级管理员菜单权限 */
INSERT  INTO SYS_AUTH("ID","NAME","APP_ID","REMARK","SORT_INDEX","PARENT_ID","CREATE_USER","CREATE_TIME","UPDATE_TIME","SORT_PATH","IS_ORG_ADMIN","IS_USER_GROUP_ADMIN","CODE","DATA_VERSION") VALUES ('yingyong83214aeb8a3ec0a6822fdd30','应用超级管理员管理','platform',NULL,6,'e3b15ac90286450fbe5a721c9f542451',NULL,NULL,NULL,'00020011',0,0,'platForm.nothreeManage.AppManage',0);
INSERT  INTO SYS_MENU("ID","NAME","PARENT_ID","APP_ID","PARENT_NAME","URL","TYPE","ICON","AUTH_ID","BTN_AUTH","IS_LEAF","SORT_INDEX","ALL_ORDER","SORT_PATH","OPEN_STYLE","CLOSE_NOTICE","CREATE_USER","CREATE_TIME","UPDATE_TIME","LEAF","MENU_AUTH","REMARK","DATA_VERSION","IS_IFRAME") VALUES ('yingyong83214aeb8a3ec0a6822fdd30','应用管理员维护','e3b15ac90286450fbe5a721c9f542451','platform','系统管理','nothreeManage/views/AppManage',1,null,'yingyong83214aeb8a3ec0a6822fdd30',NULL,NULL,11,NULL,'00020011',NULL,NULL,NULL,NULL,NULL,NULL,NULL,NULL,0,0);

/** 集团超级管理员菜单权限关系 */
insert into SYS_AUTH_ROLE ("ID", "AUTH_ID", "ROLE_ID", "SIGN", "IS_REVOKE", "CREATE_USER", "CREATE_TIME", "UPDATE_TIME", "REMARK", "AUTH_NAME", "ROLE_NAME", "TRACE_ID") values('grsuper2ef32403dbf9dc989d0651124','yingyong83214aeb8a3ec0a6822fdd30','groupsuperadmin',NULL,'0',NULL,NULL,NULL,NULL,'应用管理员维护','集团超级管理员','grsuper2ef32403dbf9dc989d0651124');
insert into SYS_AUTH_ROLE ("ID", "AUTH_ID", "ROLE_ID", "SIGN", "IS_REVOKE", "CREATE_USER", "CREATE_TIME", "UPDATE_TIME", "REMARK", "AUTH_NAME", "ROLE_NAME", "TRACE_ID") values('grsuper2ef32403dbf9dc989d0651129','ac2a8ce16a614324b5ed4e9c24e7e905','groupsuperadmin',NULL,'0',NULL,NULL,NULL,NULL,'应用管理','集团超级管理员','grsuper2ef32403dbf9dc989d0651129');
insert into SYS_AUTH_ROLE ("ID", "AUTH_ID", "ROLE_ID", "SIGN", "IS_REVOKE", "CREATE_USER", "CREATE_TIME", "UPDATE_TIME", "REMARK", "AUTH_NAME", "ROLE_NAME", "TRACE_ID") values('grsuper2ef32403dbf9dc989d0651130','ac2a8ce16a614324b5ed4e9c24e7e111','groupsuperadmin',NULL,'0',NULL,NULL,NULL,NULL,'应用管理维护','集团超级管理员','grsuper2ef32403dbf9dc989d0651130');
insert into SYS_AUTH_ROLE ("ID", "AUTH_ID", "ROLE_ID", "SIGN", "IS_REVOKE", "CREATE_USER", "CREATE_TIME", "UPDATE_TIME", "REMARK", "AUTH_NAME", "ROLE_NAME", "TRACE_ID") values('grsuper2ef32403dbf9dc989d0651131','a16344b1790e41e98615f6cd19587573','groupsuperadmin',NULL,'0',NULL,NULL,NULL,NULL,'业务单元','集团超级管理员','grsuper2ef32403dbf9dc989d0651131');
insert into SYS_AUTH_ROLE ("ID", "AUTH_ID", "ROLE_ID", "SIGN", "IS_REVOKE", "CREATE_USER", "CREATE_TIME", "UPDATE_TIME", "REMARK", "AUTH_NAME", "ROLE_NAME", "TRACE_ID") values('grsuper2ef32403dbf9dc989d0651132','a16344b1790e41e98615f6cd19587111','groupsuperadmin',NULL,'0',NULL,NULL,NULL,NULL,'业务单元维护','集团超级管理员','grsuper2ef32403dbf9dc989d0651132');
insert into SYS_AUTH_ROLE ("ID", "AUTH_ID", "ROLE_ID", "SIGN", "IS_REVOKE", "CREATE_USER", "CREATE_TIME", "UPDATE_TIME", "REMARK", "AUTH_NAME", "ROLE_NAME", "TRACE_ID") values('grsuper2ef32403dbf9dc989d0651133','5e80ace300d54486814ee84c1fb29a3a','groupsuperadmin',NULL,'0',NULL,NULL,NULL,NULL,'部门管理','集团超级管理员','grsuper2ef32403dbf9dc989d0651133');
insert into SYS_AUTH_ROLE ("ID", "AUTH_ID", "ROLE_ID", "SIGN", "IS_REVOKE", "CREATE_USER", "CREATE_TIME", "UPDATE_TIME", "REMARK", "AUTH_NAME", "ROLE_NAME", "TRACE_ID") values('grsuper2ef32403dbf9dc989d0651134','5e80ace300d54486814ee84c1fb29111','groupsuperadmin',NULL,'0',NULL,NULL,NULL,NULL,'部门管理维护','集团超级管理员','grsuper2ef32403dbf9dc989d0651134');
insert into SYS_AUTH_ROLE ("ID", "AUTH_ID", "ROLE_ID", "SIGN", "IS_REVOKE", "CREATE_USER", "CREATE_TIME", "UPDATE_TIME", "REMARK", "AUTH_NAME", "ROLE_NAME", "TRACE_ID") values('grsuper2ef32403dbf9dc989d0651135','a16344b1790e41e98615f6cd19587571','groupsuperadmin',NULL,'0',NULL,NULL,NULL,NULL,'人员管理','集团超级管理员','grsuper2ef32403dbf9dc989d0651135');
insert into SYS_AUTH_ROLE ("ID", "AUTH_ID", "ROLE_ID", "SIGN", "IS_REVOKE", "CREATE_USER", "CREATE_TIME", "UPDATE_TIME", "REMARK", "AUTH_NAME", "ROLE_NAME", "TRACE_ID") values('grsuper2ef32403dbf9dc989d0651136','a16344b1790e41e98615f6cd19587112','groupsuperadmin',NULL,'0',NULL,NULL,NULL,NULL,'人员管理维护','集团超级管理员','grsuper2ef32403dbf9dc989d0651136');
insert into SYS_AUTH_ROLE ("ID", "AUTH_ID", "ROLE_ID", "SIGN", "IS_REVOKE", "CREATE_USER", "CREATE_TIME", "UPDATE_TIME", "REMARK", "AUTH_NAME", "ROLE_NAME", "TRACE_ID") values('grsuper2ef32403dbf9dc989d0651137','b50cbc8a2b0645729848403093f4246f','groupsuperadmin',NULL,'0',NULL,NULL,NULL,NULL,'用户管理','集团超级管理员','grsuper2ef32403dbf9dc989d0651137');
insert into SYS_AUTH_ROLE ("ID", "AUTH_ID", "ROLE_ID", "SIGN", "IS_REVOKE", "CREATE_USER", "CREATE_TIME", "UPDATE_TIME", "REMARK", "AUTH_NAME", "ROLE_NAME", "TRACE_ID") values('grsuper2ef32403dbf9dc989d0651138','b50cbc8a2b0645729848403093f42111','groupsuperadmin',NULL,'0',NULL,NULL,NULL,NULL,'用户管理维护','集团超级管理员','grsuper2ef32403dbf9dc989d0651138');
insert into SYS_AUTH_ROLE ("ID", "AUTH_ID", "ROLE_ID", "SIGN", "IS_REVOKE", "CREATE_USER", "CREATE_TIME", "UPDATE_TIME", "REMARK", "AUTH_NAME", "ROLE_NAME", "TRACE_ID") values('grsuper2ef32403dbf9dc989d0651141','ac2a8ce16a614324b5ed4e9c24e7e904','groupsuperadmin',NULL,'0',NULL,NULL,NULL,NULL,'系统配置项管理','集团超级管理员','grsuper2ef32403dbf9dc989d0651141');
insert into SYS_AUTH_ROLE ("ID", "AUTH_ID", "ROLE_ID", "SIGN", "IS_REVOKE", "CREATE_USER", "CREATE_TIME", "UPDATE_TIME", "REMARK", "AUTH_NAME", "ROLE_NAME", "TRACE_ID") values('grsuper2ef32403dbf9dc989d0651142','ac2a8ce16a614324b5ed4e9c24e71112','groupsuperadmin',NULL,'0',NULL,NULL,NULL,NULL,'集团配置项维护','集团超级管理员','grsuper2ef32403dbf9dc989d0651142');
insert into SYS_AUTH_ROLE ("ID", "AUTH_ID", "ROLE_ID", "SIGN", "IS_REVOKE", "CREATE_USER", "CREATE_TIME", "UPDATE_TIME", "REMARK", "AUTH_NAME", "ROLE_NAME", "TRACE_ID") values('grsuper2ef32403dbf9dc989d0651184','bc316279a4a9416a8e20019821e640af','groupsuperadmin',NULL,'0',NULL,NULL,NULL,NULL,'组织架构管理','集团超级管理员','grsuper2ef32403dbf9dc989d0651184');
insert into SYS_AUTH_ROLE ("ID", "AUTH_ID", "ROLE_ID", "SIGN", "IS_REVOKE", "CREATE_USER", "CREATE_TIME", "UPDATE_TIME", "REMARK", "AUTH_NAME", "ROLE_NAME", "TRACE_ID") values('grsuper2ef32403dbf9dc989d0651185','e3b15ac90286450fbe5a721c9f542451','groupsuperadmin',NULL,'0',NULL,NULL,NULL,NULL,'系统管理','集团超级管理员','grsuper2ef32403dbf9dc989d0651185');
insert into SYS_AUTH_ROLE ("ID", "AUTH_ID", "ROLE_ID", "SIGN", "IS_REVOKE", "CREATE_USER", "CREATE_TIME", "UPDATE_TIME", "REMARK", "AUTH_NAME", "ROLE_NAME", "TRACE_ID") values('grsuper2ef32403dbf9dc989d0651186','11316279a4a9416a8e20019821e640af','groupsuperadmin',NULL,'0',NULL,NULL,NULL,NULL,'配置管理','集团超级管理员','grsuper2ef32403dbf9dc989d0651186');
insert into SYS_AUTH_ROLE ("ID", "AUTH_ID", "ROLE_ID", "SIGN", "IS_REVOKE", "CREATE_USER", "CREATE_TIME", "UPDATE_TIME", "REMARK", "AUTH_NAME", "ROLE_NAME", "TRACE_ID") values('grsuper2ef32403dbf9dc989d0651202','8bc5761a4d8d49e680515bc50f4baad1','groupsuperadmin',NULL,'0',NULL,NULL,NULL,NULL,'菜单管理','集团超级管理员','grsuper2ef32403dbf9dc989d0651202');
insert into SYS_AUTH_ROLE ("ID", "AUTH_ID", "ROLE_ID", "SIGN", "IS_REVOKE", "CREATE_USER", "CREATE_TIME", "UPDATE_TIME", "REMARK", "AUTH_NAME", "ROLE_NAME", "TRACE_ID") values('grsuper2ef32403dbf9dc989d0651203','39e1b3ec3d6e483b86c4923ea64cfdd0','groupsuperadmin',NULL,'0',NULL,NULL,NULL,NULL,'权限定义','集团超级管理员','grsuper2ef32403dbf9dc989d0651203');
insert into SYS_AUTH_ROLE ("ID", "AUTH_ID", "ROLE_ID", "SIGN", "IS_REVOKE", "CREATE_USER", "CREATE_TIME", "UPDATE_TIME", "REMARK", "AUTH_NAME", "ROLE_NAME", "TRACE_ID") values('grsuper2ef32403dbf9dc989d0651204','8bc5761a4d8d49e680515bc50f4ba111','groupsuperadmin',NULL,'0',NULL,NULL,NULL,NULL,'菜单管理维护','集团超级管理员','grsuper2ef32403dbf9dc989d0651204');
insert into SYS_AUTH_ROLE ("ID", "AUTH_ID", "ROLE_ID", "SIGN", "IS_REVOKE", "CREATE_USER", "CREATE_TIME", "UPDATE_TIME", "REMARK", "AUTH_NAME", "ROLE_NAME", "TRACE_ID") values('grsuper2ef32403dbf9dc989d0651205','39e1b3ec3d6e483b86c4923ea64c1111','groupsuperadmin',NULL,'0',NULL,NULL,NULL,NULL,'权限管理维护','集团超级管理员','grsuper2ef32403dbf9dc989d0651205');
insert into SYS_AUTH_ROLE ("ID", "AUTH_ID", "ROLE_ID", "SIGN", "IS_REVOKE", "CREATE_USER", "CREATE_TIME", "UPDATE_TIME", "REMARK", "AUTH_NAME", "ROLE_NAME", "TRACE_ID") values('grsuper2ef32403dbf9dc989d0651206','39e1b3ec3d6e483b86c4923ea64c1112','groupsuperadmin',NULL,'0',NULL,NULL,NULL,NULL,'指定权限绑定api资源权限','集团超级管理员','grsuper2ef32403dbf9dc989d0651206');
insert into SYS_AUTH_ROLE ("ID", "AUTH_ID", "ROLE_ID", "SIGN", "IS_REVOKE", "CREATE_USER", "CREATE_TIME", "UPDATE_TIME", "REMARK", "AUTH_NAME", "ROLE_NAME", "TRACE_ID") values('grsuper2ef32403dbf9dc989d0651210','e3b15ac90286450fbe5a721c9f542433','groupsuperadmin',NULL,'0',NULL,NULL,NULL,NULL,'首页','集团超级管理员','grsuper2ef32403dbf9dc989d0651210');
insert into SYS_AUTH_ROLE ("ID", "AUTH_ID", "ROLE_ID", "SIGN", "IS_REVOKE", "CREATE_USER", "CREATE_TIME", "UPDATE_TIME", "REMARK", "AUTH_NAME", "ROLE_NAME", "TRACE_ID") values('grsuper2ef32403dbf9dc989d0651225','11116279a4a9416a8e20019821e61111','groupsuperadmin',NULL,'0',NULL,NULL,NULL,NULL,'工作日历','集团超级管理员','grsuper2ef32403dbf9dc989d0651225');
insert into SYS_AUTH_ROLE ("ID", "AUTH_ID", "ROLE_ID", "SIGN", "IS_REVOKE", "CREATE_USER", "CREATE_TIME", "UPDATE_TIME", "REMARK", "AUTH_NAME", "ROLE_NAME", "TRACE_ID") values('grsuper2ef32403dbf9dc989d0651241','a16344b1790e41e98615f6cd19587572','groupsuperadmin',NULL,'0',NULL,NULL,NULL,NULL,'岗位管理','集团超级管理员','grsuper2ef32403dbf9dc989d0651241');
insert into SYS_AUTH_ROLE ("ID", "AUTH_ID", "ROLE_ID", "SIGN", "IS_REVOKE", "CREATE_USER", "CREATE_TIME", "UPDATE_TIME", "REMARK", "AUTH_NAME", "ROLE_NAME", "TRACE_ID") values('grsuper2ef32403dbf9dc989d0651242','a16344b1790e41e98615f6cd1958757r','groupsuperadmin',NULL,'0',NULL,NULL,NULL,NULL,'职务管理','集团超级管理员','grsuper2ef32403dbf9dc989d0651242');
insert into SYS_AUTH_ROLE ("ID", "AUTH_ID", "ROLE_ID", "SIGN", "IS_REVOKE", "CREATE_USER", "CREATE_TIME", "UPDATE_TIME", "REMARK", "AUTH_NAME", "ROLE_NAME", "TRACE_ID") values('grsuper2ef32403dbf9dc989d0651253','131e140bc2bd4361af5ee488f92b22ad','groupsuperadmin',NULL,'0',NULL,NULL,NULL,NULL,'字典管理','集团超级管理员','grsuper2ef32403dbf9dc989d0651253');
insert into SYS_AUTH_ROLE ("ID", "AUTH_ID", "ROLE_ID", "SIGN", "IS_REVOKE", "CREATE_USER", "CREATE_TIME", "UPDATE_TIME", "REMARK", "AUTH_NAME", "ROLE_NAME", "TRACE_ID") values('grsuper07a3249d6ad180da0b4681112','1160858109884c5095eed968472c0235','groupsuperadmin',NULL,'0',NULL,NULL,NULL,NULL,'集团级字典维护','集团超级管理员','grsuper07a3249d6ad180da0b4681112');
insert into SYS_AUTH_ROLE ("ID", "AUTH_ID", "ROLE_ID", "SIGN", "IS_REVOKE", "CREATE_USER", "CREATE_TIME", "UPDATE_TIME", "REMARK", "AUTH_NAME", "ROLE_NAME", "TRACE_ID") values('grsuper2ef32403dbf9dc989d0651236','8d4d2caee7f548889988da2747dfaa4a','groupsuperadmin',NULL,'0',NULL,NULL,NULL,NULL,'角色全局管理','集团超级管理员',NULL);
insert into SYS_AUTH_ROLE ("ID", "AUTH_ID", "ROLE_ID", "SIGN", "IS_REVOKE", "CREATE_USER", "CREATE_TIME", "UPDATE_TIME", "REMARK", "AUTH_NAME", "ROLE_NAME", "TRACE_ID") values('grsuper7ea4a4e54acdaff4c84bb8371','99ea2ad7ea4a4e54acdaff4c84bb8371','groupsuperadmin',NULL,'0',NULL,NULL,NULL,NULL,'运行日志','集团超级管理员','grsuper7ea4a4e54acdaff4c84bb8371');
insert into SYS_AUTH_ROLE ("ID", "AUTH_ID", "ROLE_ID", "SIGN", "IS_REVOKE", "CREATE_USER", "CREATE_TIME", "UPDATE_TIME", "REMARK", "AUTH_NAME", "ROLE_NAME", "TRACE_ID") values('grsuperea4a4e54acdaff4yhmzq8370','vbnmhd7ea4a4e54acdaff4yhmzq8370','groupsuperadmin',NULL,'0',NULL,NULL,NULL,NULL,'小程序管理','集团超级管理员','grsuperea4a4e54acdaff4yhmzq8370');
insert into SYS_AUTH_ROLE ("ID", "AUTH_ID", "ROLE_ID", "SIGN", "IS_REVOKE", "CREATE_USER", "CREATE_TIME", "UPDATE_TIME", "REMARK", "AUTH_NAME", "ROLE_NAME", "TRACE_ID") values('grsuper2ef32403dbf9dc989d0651199','04d7893c4a4d4345b18b0789af13753f','groupsuperadmin',NULL,'0',NULL,NULL,NULL,NULL,'审计日志','集团超级管理员','grsuper2ef32403dbf9dc989d0651199');
insert into SYS_AUTH_ROLE ("ID", "AUTH_ID", "ROLE_ID", "SIGN", "IS_REVOKE", "CREATE_USER", "CREATE_TIME", "UPDATE_TIME", "REMARK", "AUTH_NAME", "ROLE_NAME", "TRACE_ID") values('grsuper7ea4a4e54acdaff4c84bb8370','19ea2ad7ea4a4e54acdaff4c84bb8370','groupsuperadmin',NULL,'0',NULL,NULL,NULL,NULL,'应用运行日志','集团超级管理员','grsuper7ea4a4e54acdaff4c84bb8370');

INSERT  INTO sys_auth_role_lv("ID","VERSION_NO","IS_LAST_VERSION","VERSION_BEGIN_TIME","VERSION_END_TIME","VERSION_BEGIN_USER_ID","VERSION_END_USER_ID","ROLE_ID") VALUES ('groupsuperadmin',1,1,NULL,NULL,NULL,NULL,'groupsuperadmin');


insert into SYS_AUTH_ROLE_V ("ID", "AUTH_ID", "ROLE_ID", "SIGN", "IS_REVOKE", "CREATE_USER", "CREATE_TIME", "UPDATE_TIME", "REMARK", "LV_ID", "AUTH_NAME",  "TRACE_ID") values('grsuper2ef32403dbf9dc989d0651124','yingyong83214aeb8a3ec0a6822fdd30','groupsuperadmin',NULL,'0',NULL,NULL,NULL,NULL,'groupsuperadmin','应用管理员维护','grsuper2ef32403dbf9dc989d0651124');
insert into SYS_AUTH_ROLE_V ("ID", "AUTH_ID", "ROLE_ID", "SIGN", "IS_REVOKE", "CREATE_USER", "CREATE_TIME", "UPDATE_TIME", "REMARK", "LV_ID", "AUTH_NAME",  "TRACE_ID") values('grsuper2ef32403dbf9dc989d0651129','ac2a8ce16a614324b5ed4e9c24e7e905','groupsuperadmin',NULL,'0',NULL,NULL,NULL,NULL,'groupsuperadmin','应用管理','grsuper2ef32403dbf9dc989d0651129');
insert into SYS_AUTH_ROLE_V ("ID", "AUTH_ID", "ROLE_ID", "SIGN", "IS_REVOKE", "CREATE_USER", "CREATE_TIME", "UPDATE_TIME", "REMARK", "LV_ID", "AUTH_NAME",  "TRACE_ID") values('grsuper2ef32403dbf9dc989d0651130','ac2a8ce16a614324b5ed4e9c24e7e111','groupsuperadmin',NULL,'0',NULL,NULL,NULL,NULL,'groupsuperadmin','应用管理维护','grsuper2ef32403dbf9dc989d0651130');
insert into SYS_AUTH_ROLE_V ("ID", "AUTH_ID", "ROLE_ID", "SIGN", "IS_REVOKE", "CREATE_USER", "CREATE_TIME", "UPDATE_TIME", "REMARK", "LV_ID", "AUTH_NAME",  "TRACE_ID") values('grsuper2ef32403dbf9dc989d0651131','a16344b1790e41e98615f6cd19587573','groupsuperadmin',NULL,'0',NULL,NULL,NULL,NULL,'groupsuperadmin','业务单元','grsuper2ef32403dbf9dc989d0651131');
insert into SYS_AUTH_ROLE_V ("ID", "AUTH_ID", "ROLE_ID", "SIGN", "IS_REVOKE", "CREATE_USER", "CREATE_TIME", "UPDATE_TIME", "REMARK", "LV_ID", "AUTH_NAME",  "TRACE_ID") values('grsuper2ef32403dbf9dc989d0651132','a16344b1790e41e98615f6cd19587111','groupsuperadmin',NULL,'0',NULL,NULL,NULL,NULL,'groupsuperadmin','业务单元维护','grsuper2ef32403dbf9dc989d0651132');
insert into SYS_AUTH_ROLE_V ("ID", "AUTH_ID", "ROLE_ID", "SIGN", "IS_REVOKE", "CREATE_USER", "CREATE_TIME", "UPDATE_TIME", "REMARK", "LV_ID", "AUTH_NAME",  "TRACE_ID") values('grsuper2ef32403dbf9dc989d0651133','5e80ace300d54486814ee84c1fb29a3a','groupsuperadmin',NULL,'0',NULL,NULL,NULL,NULL,'groupsuperadmin','部门管理','grsuper2ef32403dbf9dc989d0651133');
insert into SYS_AUTH_ROLE_V ("ID", "AUTH_ID", "ROLE_ID", "SIGN", "IS_REVOKE", "CREATE_USER", "CREATE_TIME", "UPDATE_TIME", "REMARK", "LV_ID", "AUTH_NAME",  "TRACE_ID") values('grsuper2ef32403dbf9dc989d0651134','5e80ace300d54486814ee84c1fb29111','groupsuperadmin',NULL,'0',NULL,NULL,NULL,NULL,'groupsuperadmin','部门管理维护','grsuper2ef32403dbf9dc989d0651134');
insert into SYS_AUTH_ROLE_V ("ID", "AUTH_ID", "ROLE_ID", "SIGN", "IS_REVOKE", "CREATE_USER", "CREATE_TIME", "UPDATE_TIME", "REMARK", "LV_ID", "AUTH_NAME",  "TRACE_ID") values('grsuper2ef32403dbf9dc989d0651135','a16344b1790e41e98615f6cd19587571','groupsuperadmin',NULL,'0',NULL,NULL,NULL,NULL,'groupsuperadmin','人员管理','grsuper2ef32403dbf9dc989d0651135');
insert into SYS_AUTH_ROLE_V ("ID", "AUTH_ID", "ROLE_ID", "SIGN", "IS_REVOKE", "CREATE_USER", "CREATE_TIME", "UPDATE_TIME", "REMARK", "LV_ID", "AUTH_NAME",  "TRACE_ID") values('grsuper2ef32403dbf9dc989d0651136','a16344b1790e41e98615f6cd19587112','groupsuperadmin',NULL,'0',NULL,NULL,NULL,NULL,'groupsuperadmin','人员管理维护','grsuper2ef32403dbf9dc989d0651136');
insert into SYS_AUTH_ROLE_V ("ID", "AUTH_ID", "ROLE_ID", "SIGN", "IS_REVOKE", "CREATE_USER", "CREATE_TIME", "UPDATE_TIME", "REMARK", "LV_ID", "AUTH_NAME",  "TRACE_ID") values('grsuper2ef32403dbf9dc989d0651137','b50cbc8a2b0645729848403093f4246f','groupsuperadmin',NULL,'0',NULL,NULL,NULL,NULL,'groupsuperadmin','用户管理','grsuper2ef32403dbf9dc989d0651137');
insert into SYS_AUTH_ROLE_V ("ID", "AUTH_ID", "ROLE_ID", "SIGN", "IS_REVOKE", "CREATE_USER", "CREATE_TIME", "UPDATE_TIME", "REMARK", "LV_ID", "AUTH_NAME",  "TRACE_ID") values('grsuper2ef32403dbf9dc989d0651138','b50cbc8a2b0645729848403093f42111','groupsuperadmin',NULL,'0',NULL,NULL,NULL,NULL,'groupsuperadmin','用户管理维护','grsuper2ef32403dbf9dc989d0651138');
insert into SYS_AUTH_ROLE_V ("ID", "AUTH_ID", "ROLE_ID", "SIGN", "IS_REVOKE", "CREATE_USER", "CREATE_TIME", "UPDATE_TIME", "REMARK", "LV_ID", "AUTH_NAME",  "TRACE_ID") values('grsuper2ef32403dbf9dc989d0651141','ac2a8ce16a614324b5ed4e9c24e7e904','groupsuperadmin',NULL,'0',NULL,NULL,NULL,NULL,'groupsuperadmin','系统配置项管理','grsuper2ef32403dbf9dc989d0651141');
insert into SYS_AUTH_ROLE_V ("ID", "AUTH_ID", "ROLE_ID", "SIGN", "IS_REVOKE", "CREATE_USER", "CREATE_TIME", "UPDATE_TIME", "REMARK", "LV_ID", "AUTH_NAME",  "TRACE_ID") values('grsuper2ef32403dbf9dc989d0651142','ac2a8ce16a614324b5ed4e9c24e71112','groupsuperadmin',NULL,'0',NULL,NULL,NULL,NULL,'groupsuperadmin','集团配置项维护','grsuper2ef32403dbf9dc989d0651142');
insert into SYS_AUTH_ROLE_V ("ID", "AUTH_ID", "ROLE_ID", "SIGN", "IS_REVOKE", "CREATE_USER", "CREATE_TIME", "UPDATE_TIME", "REMARK", "LV_ID", "AUTH_NAME",  "TRACE_ID") values('grsuper2ef32403dbf9dc989d0651184','bc316279a4a9416a8e20019821e640af','groupsuperadmin',NULL,'0',NULL,NULL,NULL,NULL,'groupsuperadmin','组织架构管理','grsuper2ef32403dbf9dc989d0651184');
insert into SYS_AUTH_ROLE_V ("ID", "AUTH_ID", "ROLE_ID", "SIGN", "IS_REVOKE", "CREATE_USER", "CREATE_TIME", "UPDATE_TIME", "REMARK", "LV_ID", "AUTH_NAME",  "TRACE_ID") values('grsuper2ef32403dbf9dc989d0651185','e3b15ac90286450fbe5a721c9f542451','groupsuperadmin',NULL,'0',NULL,NULL,NULL,NULL,'groupsuperadmin','系统管理','grsuper2ef32403dbf9dc989d0651185');
insert into SYS_AUTH_ROLE_V ("ID", "AUTH_ID", "ROLE_ID", "SIGN", "IS_REVOKE", "CREATE_USER", "CREATE_TIME", "UPDATE_TIME", "REMARK", "LV_ID", "AUTH_NAME",  "TRACE_ID") values('grsuper2ef32403dbf9dc989d0651186','11316279a4a9416a8e20019821e640af','groupsuperadmin',NULL,'0',NULL,NULL,NULL,NULL,'groupsuperadmin','配置管理','grsuper2ef32403dbf9dc989d0651186');
insert into SYS_AUTH_ROLE_V ("ID", "AUTH_ID", "ROLE_ID", "SIGN", "IS_REVOKE", "CREATE_USER", "CREATE_TIME", "UPDATE_TIME", "REMARK", "LV_ID", "AUTH_NAME",  "TRACE_ID") values('grsuper2ef32403dbf9dc989d0651202','8bc5761a4d8d49e680515bc50f4baad1','groupsuperadmin',NULL,'0',NULL,NULL,NULL,NULL,'groupsuperadmin','菜单管理','grsuper2ef32403dbf9dc989d0651202');
insert into SYS_AUTH_ROLE_V ("ID", "AUTH_ID", "ROLE_ID", "SIGN", "IS_REVOKE", "CREATE_USER", "CREATE_TIME", "UPDATE_TIME", "REMARK", "LV_ID", "AUTH_NAME",  "TRACE_ID") values('grsuper2ef32403dbf9dc989d0651203','39e1b3ec3d6e483b86c4923ea64cfdd0','groupsuperadmin',NULL,'0',NULL,NULL,NULL,NULL,'groupsuperadmin','权限定义','grsuper2ef32403dbf9dc989d0651203');
insert into SYS_AUTH_ROLE_V ("ID", "AUTH_ID", "ROLE_ID", "SIGN", "IS_REVOKE", "CREATE_USER", "CREATE_TIME", "UPDATE_TIME", "REMARK", "LV_ID", "AUTH_NAME",  "TRACE_ID") values('grsuper2ef32403dbf9dc989d0651204','8bc5761a4d8d49e680515bc50f4ba111','groupsuperadmin',NULL,'0',NULL,NULL,NULL,NULL,'groupsuperadmin','菜单管理维护','grsuper2ef32403dbf9dc989d0651204');
insert into SYS_AUTH_ROLE_V ("ID", "AUTH_ID", "ROLE_ID", "SIGN", "IS_REVOKE", "CREATE_USER", "CREATE_TIME", "UPDATE_TIME", "REMARK", "LV_ID", "AUTH_NAME",  "TRACE_ID") values('grsuper2ef32403dbf9dc989d0651205','39e1b3ec3d6e483b86c4923ea64c1111','groupsuperadmin',NULL,'0',NULL,NULL,NULL,NULL,'groupsuperadmin','权限管理维护','grsuper2ef32403dbf9dc989d0651205');
insert into SYS_AUTH_ROLE_V ("ID", "AUTH_ID", "ROLE_ID", "SIGN", "IS_REVOKE", "CREATE_USER", "CREATE_TIME", "UPDATE_TIME", "REMARK", "LV_ID", "AUTH_NAME",  "TRACE_ID") values('grsuper2ef32403dbf9dc989d0651206','39e1b3ec3d6e483b86c4923ea64c1112','groupsuperadmin',NULL,'0',NULL,NULL,NULL,NULL,'groupsuperadmin','指定权限绑定api资源权限','grsuper2ef32403dbf9dc989d0651206');
insert into SYS_AUTH_ROLE_V ("ID", "AUTH_ID", "ROLE_ID", "SIGN", "IS_REVOKE", "CREATE_USER", "CREATE_TIME", "UPDATE_TIME", "REMARK", "LV_ID", "AUTH_NAME",  "TRACE_ID") values('grsuper2ef32403dbf9dc989d0651210','e3b15ac90286450fbe5a721c9f542433','groupsuperadmin',NULL,'0',NULL,NULL,NULL,NULL,'groupsuperadmin','首页','grsuper2ef32403dbf9dc989d0651210');
insert into SYS_AUTH_ROLE_V ("ID", "AUTH_ID", "ROLE_ID", "SIGN", "IS_REVOKE", "CREATE_USER", "CREATE_TIME", "UPDATE_TIME", "REMARK", "LV_ID", "AUTH_NAME",  "TRACE_ID") values('grsuper2ef32403dbf9dc989d0651225','11116279a4a9416a8e20019821e61111','groupsuperadmin',NULL,'0',NULL,NULL,NULL,NULL,'groupsuperadmin','工作日历','grsuper2ef32403dbf9dc989d0651225');
insert into SYS_AUTH_ROLE_V ("ID", "AUTH_ID", "ROLE_ID", "SIGN", "IS_REVOKE", "CREATE_USER", "CREATE_TIME", "UPDATE_TIME", "REMARK", "LV_ID", "AUTH_NAME",  "TRACE_ID") values('grsuper2ef32403dbf9dc989d0651241','a16344b1790e41e98615f6cd19587572','groupsuperadmin',NULL,'0',NULL,NULL,NULL,NULL,'groupsuperadmin','岗位管理','grsuper2ef32403dbf9dc989d0651241');
insert into SYS_AUTH_ROLE_V ("ID", "AUTH_ID", "ROLE_ID", "SIGN", "IS_REVOKE", "CREATE_USER", "CREATE_TIME", "UPDATE_TIME", "REMARK", "LV_ID", "AUTH_NAME",  "TRACE_ID") values('grsuper2ef32403dbf9dc989d0651242','a16344b1790e41e98615f6cd1958757r','groupsuperadmin',NULL,'0',NULL,NULL,NULL,NULL,'groupsuperadmin','职务管理','grsuper2ef32403dbf9dc989d0651242');
insert into SYS_AUTH_ROLE_V ("ID", "AUTH_ID", "ROLE_ID", "SIGN", "IS_REVOKE", "CREATE_USER", "CREATE_TIME", "UPDATE_TIME", "REMARK", "LV_ID", "AUTH_NAME",  "TRACE_ID") values('grsuper2ef32403dbf9dc989d0651253','131e140bc2bd4361af5ee488f92b22ad','groupsuperadmin',NULL,'0',NULL,NULL,NULL,NULL,'groupsuperadmin','字典管理','grsuper2ef32403dbf9dc989d0651253');
insert into SYS_AUTH_ROLE_V ("ID", "AUTH_ID", "ROLE_ID", "SIGN", "IS_REVOKE", "CREATE_USER", "CREATE_TIME", "UPDATE_TIME", "REMARK", "LV_ID", "AUTH_NAME",  "TRACE_ID") values('grsuper07a3249d6ad180da0b4681112','1160858109884c5095eed968472c0235','groupsuperadmin',NULL,'0',NULL,NULL,NULL,NULL,'groupsuperadmin','集团级字典维护','grsuper07a3249d6ad180da0b4681112');
insert into SYS_AUTH_ROLE_V ("ID", "AUTH_ID", "ROLE_ID", "SIGN", "IS_REVOKE", "CREATE_USER", "CREATE_TIME", "UPDATE_TIME", "REMARK", "LV_ID", "AUTH_NAME",  "TRACE_ID") values('grsuper2ef32403dbf9dc989d0651236','8d4d2caee7f548889988da2747dfaa4a','groupsuperadmin',NULL,'0',NULL,NULL,NULL,NULL,'groupsuperadmin','角色全局管理',NULL);
insert into SYS_AUTH_ROLE_V ("ID", "AUTH_ID", "ROLE_ID", "SIGN", "IS_REVOKE", "CREATE_USER", "CREATE_TIME", "UPDATE_TIME", "REMARK", "LV_ID", "AUTH_NAME",  "TRACE_ID") values('grsuper7ea4a4e54acdaff4c84bb8371','99ea2ad7ea4a4e54acdaff4c84bb8371','groupsuperadmin',NULL,'0',NULL,NULL,NULL,NULL,'groupsuperadmin','运行日志','grsuper7ea4a4e54acdaff4c84bb8371');
insert into SYS_AUTH_ROLE_V ("ID", "AUTH_ID", "ROLE_ID", "SIGN", "IS_REVOKE", "CREATE_USER", "CREATE_TIME", "UPDATE_TIME", "REMARK", "LV_ID", "AUTH_NAME",  "TRACE_ID") values('grsuperea4a4e54acdaff4yhmzq8370','vbnmhd7ea4a4e54acdaff4yhmzq8370','groupsuperadmin',NULL,'0',NULL,NULL,NULL,NULL,'groupsuperadmin','小程序管理','grsuperea4a4e54acdaff4yhmzq8370');
insert into SYS_AUTH_ROLE_V ("ID", "AUTH_ID", "ROLE_ID", "SIGN", "IS_REVOKE", "CREATE_USER", "CREATE_TIME", "UPDATE_TIME", "REMARK", "LV_ID", "AUTH_NAME",  "TRACE_ID") values('grsuper2ef32403dbf9dc989d0651199','04d7893c4a4d4345b18b0789af13753f','groupsuperadmin',NULL,'0',NULL,NULL,NULL,NULL,'groupsuperadmin','审计日志','grsuper2ef32403dbf9dc989d0651199');
insert into SYS_AUTH_ROLE_V ("ID", "AUTH_ID", "ROLE_ID", "SIGN", "IS_REVOKE", "CREATE_USER", "CREATE_TIME", "UPDATE_TIME", "REMARK", "LV_ID", "AUTH_NAME",  "TRACE_ID") values('grsuper7ea4a4e54acdaff4c84bb8370','19ea2ad7ea4a4e54acdaff4c84bb8370','groupsuperadmin',NULL,'0',NULL,NULL,NULL,NULL,'groupsuperadmin','应用运行日志','grsuper7ea4a4e54acdaff4c84bb8370');


/** 应用超级管理员菜单权限关系 */
INSERT INTO SYS_AUTH_ROLE ("ID", "AUTH_ID", "ROLE_ID", "SIGN", "IS_REVOKE", "CREATE_USER", "CREATE_TIME", "UPDATE_TIME", "REMARK", "AUTH_NAME", "ROLE_NAME", "TRACE_ID") VALUES('superappa4a4e54acdaff4yhmzq8370','0745867ea4a4e54acdaff4yhmzq8370','appsuperadmin',NULL,'0',NULL,NULL,NULL,NULL,NULL,NULL,'superappa4a4e54acdaff4yhmzq8370');
INSERT INTO SYS_AUTH_ROLE ("ID", "AUTH_ID", "ROLE_ID", "SIGN", "IS_REVOKE", "CREATE_USER", "CREATE_TIME", "UPDATE_TIME", "REMARK", "AUTH_NAME", "ROLE_NAME", "TRACE_ID") VALUES('superappef32403dbf9dc989d0651139','39e1b3ec3d6e483b86c4923ea64cfeee','appsuperadmin',NULL,'0',NULL,NULL,NULL,NULL,'数据源管理',NULL,'superappef32403dbf9dc989d0651139');
INSERT INTO SYS_AUTH_ROLE ("ID", "AUTH_ID", "ROLE_ID", "SIGN", "IS_REVOKE", "CREATE_USER", "CREATE_TIME", "UPDATE_TIME", "REMARK", "AUTH_NAME", "ROLE_NAME", "TRACE_ID") VALUES('superappef32403dbf9dc989d0651140','39e1b3ec3d6e483b86c4923ea64cf111','appsuperadmin',NULL,'0',NULL,NULL,NULL,NULL,'数据源管理维护',NULL,'superappef32403dbf9dc989d0651140');
INSERT INTO SYS_AUTH_ROLE ("ID", "AUTH_ID", "ROLE_ID", "SIGN", "IS_REVOKE", "CREATE_USER", "CREATE_TIME", "UPDATE_TIME", "REMARK", "AUTH_NAME", "ROLE_NAME", "TRACE_ID") VALUES('superappef32403dbf9dc989d0651147','ac2a8ce16a614324b5ed4e9c24e7e904','appsuperadmin',NULL,'0',NULL,NULL,NULL,NULL,'系统配置项管理',NULL,'superappef32403dbf9dc989d0651147');
INSERT INTO SYS_AUTH_ROLE ("ID", "AUTH_ID", "ROLE_ID", "SIGN", "IS_REVOKE", "CREATE_USER", "CREATE_TIME", "UPDATE_TIME", "REMARK", "AUTH_NAME", "ROLE_NAME", "TRACE_ID") VALUES('superappef32403dbf9dc989d0651148','ac2a8ce16a614324b5ed4e9c24e71113','appsuperadmin',NULL,'0',NULL,NULL,NULL,NULL,'应用配置项维护',NULL,'superappef32403dbf9dc989d0651148');
INSERT INTO SYS_AUTH_ROLE ("ID", "AUTH_ID", "ROLE_ID", "SIGN", "IS_REVOKE", "CREATE_USER", "CREATE_TIME", "UPDATE_TIME", "REMARK", "AUTH_NAME", "ROLE_NAME", "TRACE_ID") VALUES('superappef32403dbf9dc989d0651149','ffc03579b06a4b7fae6c51c9ff48b311','appsuperadmin',NULL,'0',NULL,NULL,NULL,NULL,'附件配置项管理',NULL,'superappef32403dbf9dc989d0651149');
INSERT INTO SYS_AUTH_ROLE ("ID", "AUTH_ID", "ROLE_ID", "SIGN", "IS_REVOKE", "CREATE_USER", "CREATE_TIME", "UPDATE_TIME", "REMARK", "AUTH_NAME", "ROLE_NAME", "TRACE_ID") VALUES('superappef32403dbf9dc989d0651151','131e140bc2bd4361af5ee488f92b22ad','appsuperadmin',NULL,'0',NULL,NULL,NULL,NULL,'字典管理',NULL,'superappef32403dbf9dc989d0651151');
INSERT INTO SYS_AUTH_ROLE ("ID", "AUTH_ID", "ROLE_ID", "SIGN", "IS_REVOKE", "CREATE_USER", "CREATE_TIME", "UPDATE_TIME", "REMARK", "AUTH_NAME", "ROLE_NAME", "TRACE_ID") VALUES('superappef32403dbf9dc989d0651153','8bc5761a4d8d49e680515bc50f4baad1','appsuperadmin',NULL,'0',NULL,NULL,NULL,NULL,'菜单管理',NULL,'superappef32403dbf9dc989d0651153');
INSERT INTO SYS_AUTH_ROLE ("ID", "AUTH_ID", "ROLE_ID", "SIGN", "IS_REVOKE", "CREATE_USER", "CREATE_TIME", "UPDATE_TIME", "REMARK", "AUTH_NAME", "ROLE_NAME", "TRACE_ID") VALUES('superappef32403dbf9dc989d0651154','8bc5761a4d8d49e680515bc50f4ba111','appsuperadmin',NULL,'0',NULL,NULL,NULL,NULL,'菜单管理维护',NULL,'superappef32403dbf9dc989d0651154');
INSERT INTO SYS_AUTH_ROLE ("ID", "AUTH_ID", "ROLE_ID", "SIGN", "IS_REVOKE", "CREATE_USER", "CREATE_TIME", "UPDATE_TIME", "REMARK", "AUTH_NAME", "ROLE_NAME", "TRACE_ID") VALUES('superappef32403dbf9dc989d0651155','39e1b3ec3d6e483b86c4923ea64cfdd0','appsuperadmin',NULL,'0',NULL,NULL,NULL,NULL,'权限定义',NULL,'superappef32403dbf9dc989d0651155');
INSERT INTO SYS_AUTH_ROLE ("ID", "AUTH_ID", "ROLE_ID", "SIGN", "IS_REVOKE", "CREATE_USER", "CREATE_TIME", "UPDATE_TIME", "REMARK", "AUTH_NAME", "ROLE_NAME", "TRACE_ID") VALUES('superappef32403dbf9dc989d0651156','39e1b3ec3d6e483b86c4923ea64c1111','appsuperadmin',NULL,'0',NULL,NULL,NULL,NULL,'权限管理维护',NULL,'superappef32403dbf9dc989d0651156');
INSERT INTO SYS_AUTH_ROLE ("ID", "AUTH_ID", "ROLE_ID", "SIGN", "IS_REVOKE", "CREATE_USER", "CREATE_TIME", "UPDATE_TIME", "REMARK", "AUTH_NAME", "ROLE_NAME", "TRACE_ID") VALUES('superappef32403dbf9dc989d0651157','8d4d2caee7f548889988da2747dfaa4a','appsuperadmin',NULL,'0',NULL,NULL,NULL,NULL,'角色管理',NULL,'superappef32403dbf9dc989d0651157');
INSERT INTO SYS_AUTH_ROLE ("ID", "AUTH_ID", "ROLE_ID", "SIGN", "IS_REVOKE", "CREATE_USER", "CREATE_TIME", "UPDATE_TIME", "REMARK", "AUTH_NAME", "ROLE_NAME", "TRACE_ID") VALUES('superappef32403dbf9dc989d0651158','39e1b3ec3d6e483b86c4923ea64c1112','appsuperadmin',NULL,'0',NULL,NULL,NULL,NULL,'指定权限绑定api资源权限',NULL,'superappef32403dbf9dc989d0651158');
INSERT INTO SYS_AUTH_ROLE ("ID", "AUTH_ID", "ROLE_ID", "SIGN", "IS_REVOKE", "CREATE_USER", "CREATE_TIME", "UPDATE_TIME", "REMARK", "AUTH_NAME", "ROLE_NAME", "TRACE_ID") VALUES('superappef32403dbf9dc989d0651164','334qb3ec3d6e483b86c4923ea64cf112','appsuperadmin',NULL,'0',NULL,NULL,NULL,NULL,'用户授权激活',NULL,'superappef32403dbf9dc989d0651164');
INSERT INTO SYS_AUTH_ROLE ("ID", "AUTH_ID", "ROLE_ID", "SIGN", "IS_REVOKE", "CREATE_USER", "CREATE_TIME", "UPDATE_TIME", "REMARK", "AUTH_NAME", "ROLE_NAME", "TRACE_ID") VALUES('superappef32403dbf9dc989d0651170','456wb3ec3d6e483b86c4923ea64cf112','appsuperadmin',NULL,'0',NULL,NULL,NULL,NULL,'角色授权激活',NULL,'superappef32403dbf9dc989d0651170');
INSERT INTO SYS_AUTH_ROLE ("ID", "AUTH_ID", "ROLE_ID", "SIGN", "IS_REVOKE", "CREATE_USER", "CREATE_TIME", "UPDATE_TIME", "REMARK", "AUTH_NAME", "ROLE_NAME", "TRACE_ID") VALUES('superappef32403dbf9dc989d0651174','67yub3ec3d6e483b86c4923ea64cf112','appsuperadmin',NULL,'0',NULL,NULL,NULL,NULL,'权限授权激活',NULL,'superappef32403dbf9dc989d0651174');
INSERT INTO SYS_AUTH_ROLE ("ID", "AUTH_ID", "ROLE_ID", "SIGN", "IS_REVOKE", "CREATE_USER", "CREATE_TIME", "UPDATE_TIME", "REMARK", "AUTH_NAME", "ROLE_NAME", "TRACE_ID") VALUES('superappef32403dbf9dc989d0651189','11316279a4a9416a8e20019821e640af','appsuperadmin',NULL,'0',NULL,NULL,NULL,NULL,'配置管理',NULL,'superappef32403dbf9dc989d0651189');
INSERT INTO SYS_AUTH_ROLE ("ID", "AUTH_ID", "ROLE_ID", "SIGN", "IS_REVOKE", "CREATE_USER", "CREATE_TIME", "UPDATE_TIME", "REMARK", "AUTH_NAME", "ROLE_NAME", "TRACE_ID") VALUES('superappef32403dbf9dc989d0651190','e3b15ac90286450fbe5a721c9f542451','appsuperadmin',NULL,'0',NULL,NULL,NULL,NULL,'系统管理',NULL,'superappef32403dbf9dc989d0651190');
INSERT INTO SYS_AUTH_ROLE ("ID", "AUTH_ID", "ROLE_ID", "SIGN", "IS_REVOKE", "CREATE_USER", "CREATE_TIME", "UPDATE_TIME", "REMARK", "AUTH_NAME", "ROLE_NAME", "TRACE_ID") VALUES('superappef32403dbf9dc989d0651192','11erb3ec3d6e483b86c4923ea64cfdd0','appsuperadmin',NULL,'0',NULL,NULL,NULL,NULL,'授权管理',NULL,'superappef32403dbf9dc989d0651192');
INSERT INTO SYS_AUTH_ROLE ("ID", "AUTH_ID", "ROLE_ID", "SIGN", "IS_REVOKE", "CREATE_USER", "CREATE_TIME", "UPDATE_TIME", "REMARK", "AUTH_NAME", "ROLE_NAME", "TRACE_ID") VALUES('superappef32403dbf9dc989d0651213','e3b15ac90286450fbe5a721c9f542433','appsuperadmin',NULL,'0',NULL,NULL,NULL,NULL,'首页',NULL,'superappef32403dbf9dc989d0651213');
INSERT INTO SYS_AUTH_ROLE ("ID", "AUTH_ID", "ROLE_ID", "SIGN", "IS_REVOKE", "CREATE_USER", "CREATE_TIME", "UPDATE_TIME", "REMARK", "AUTH_NAME", "ROLE_NAME", "TRACE_ID") VALUES('superappef32403dbf9dc989d0651224','22316279a4a9416a8e20019821e640af','appsuperadmin',NULL,'0',NULL,NULL,NULL,NULL,'定时任务',NULL,'superappef32403dbf9dc989d0651224');
INSERT INTO SYS_AUTH_ROLE ("ID", "AUTH_ID", "ROLE_ID", "SIGN", "IS_REVOKE", "CREATE_USER", "CREATE_TIME", "UPDATE_TIME", "REMARK", "AUTH_NAME", "ROLE_NAME", "TRACE_ID") VALUES('superappef32403dbf9dc989d0651227','3333ba3204344d37929abd4ad9a12222','appsuperadmin',NULL,'0',NULL,NULL,NULL,NULL,'工作流程',NULL,'superappef32403dbf9dc989d0651227');
INSERT INTO SYS_AUTH_ROLE ("ID", "AUTH_ID", "ROLE_ID", "SIGN", "IS_REVOKE", "CREATE_USER", "CREATE_TIME", "UPDATE_TIME", "REMARK", "AUTH_NAME", "ROLE_NAME", "TRACE_ID") VALUES('superappef32403dbf9dc989d0651228','3456ba3204344d37929abd4ad9a15678','appsuperadmin',NULL,'0',NULL,NULL,NULL,NULL,'流程定义',NULL,'superappef32403dbf9dc989d0651228');
INSERT INTO SYS_AUTH_ROLE ("ID", "AUTH_ID", "ROLE_ID", "SIGN", "IS_REVOKE", "CREATE_USER", "CREATE_TIME", "UPDATE_TIME", "REMARK", "AUTH_NAME", "ROLE_NAME", "TRACE_ID") VALUES('superappef32403dbf9dc989d0651229','7756ba3204344d37929abd4ad9a15699','appsuperadmin',NULL,'0',NULL,NULL,NULL,NULL,'全局变量',NULL,'superappef32403dbf9dc989d0651229');
INSERT INTO SYS_AUTH_ROLE ("ID", "AUTH_ID", "ROLE_ID", "SIGN", "IS_REVOKE", "CREATE_USER", "CREATE_TIME", "UPDATE_TIME", "REMARK", "AUTH_NAME", "ROLE_NAME", "TRACE_ID") VALUES('superappef32403dbf9dc989d0651230','1116ba3204344d37929abd4ad9a15222','appsuperadmin',NULL,'0',NULL,NULL,NULL,NULL,'全局规则',NULL,'superappef32403dbf9dc989d0651230');
INSERT INTO SYS_AUTH_ROLE ("ID", "AUTH_ID", "ROLE_ID", "SIGN", "IS_REVOKE", "CREATE_USER", "CREATE_TIME", "UPDATE_TIME", "REMARK", "AUTH_NAME", "ROLE_NAME", "TRACE_ID") VALUES('superappef32403dbf9dc989d0651243','twerba3204344d37929abd4ad9a1dfgh','appsuperadmin',NULL,'0',NULL,NULL,NULL,NULL,'数据展示',NULL,'superappef32403dbf9dc989d0651243');
INSERT INTO SYS_AUTH_ROLE ("ID", "AUTH_ID", "ROLE_ID", "SIGN", "IS_REVOKE", "CREATE_USER", "CREATE_TIME", "UPDATE_TIME", "REMARK", "AUTH_NAME", "ROLE_NAME", "TRACE_ID") VALUES('superappef32403dbf9dc989d0651244','1234ba3204344d37929abd4ad9a1dgth','appsuperadmin',NULL,'0',NULL,NULL,NULL,NULL,'业务类型',NULL,'superappef32403dbf9dc989d0651244');
INSERT INTO SYS_AUTH_ROLE ("ID", "AUTH_ID", "ROLE_ID", "SIGN", "IS_REVOKE", "CREATE_USER", "CREATE_TIME", "UPDATE_TIME", "REMARK", "AUTH_NAME", "ROLE_NAME", "TRACE_ID") VALUES('superappef32403dbf9dc989d0651245','2234ba3204344d37929abd4ad9a1dgth','appsuperadmin',NULL,'0',NULL,NULL,NULL,NULL,'报表设计',NULL,'superappef32403dbf9dc989d0651245');
INSERT INTO SYS_AUTH_ROLE ("ID", "AUTH_ID", "ROLE_ID", "SIGN", "IS_REVOKE", "CREATE_USER", "CREATE_TIME", "UPDATE_TIME", "REMARK", "AUTH_NAME", "ROLE_NAME", "TRACE_ID") VALUES('superappef32403dbf9dc989d0651246','3234ba3204344d37929abd4ad9a1dgth','appsuperadmin',NULL,'0',NULL,NULL,NULL,NULL,'报表浏览',NULL,'superappef32403dbf9dc989d0651246');
INSERT INTO SYS_AUTH_ROLE ("ID", "AUTH_ID", "ROLE_ID", "SIGN", "IS_REVOKE", "CREATE_USER", "CREATE_TIME", "UPDATE_TIME", "REMARK", "AUTH_NAME", "ROLE_NAME", "TRACE_ID") VALUES('superappef32403dbf9dc989d0651250','45676279a4a9416a8e20019821e6ghjk','appsuperadmin',NULL,'0',NULL,NULL,NULL,NULL,'消息通道',NULL,'superappef32403dbf9dc989d0651250');
INSERT INTO SYS_AUTH_ROLE ("ID", "AUTH_ID", "ROLE_ID", "SIGN", "IS_REVOKE", "CREATE_USER", "CREATE_TIME", "UPDATE_TIME", "REMARK", "AUTH_NAME", "ROLE_NAME", "TRACE_ID") VALUES('superappef32403dbf9dc989d0651251','yut76279a4a9416a8e20019821e6g45t','appsuperadmin',NULL,'0',NULL,NULL,NULL,NULL,NULL,NULL,NULL);
INSERT INTO SYS_AUTH_ROLE ("ID", "AUTH_ID", "ROLE_ID", "SIGN", "IS_REVOKE", "CREATE_USER", "CREATE_TIME", "UPDATE_TIME", "REMARK", "AUTH_NAME", "ROLE_NAME", "TRACE_ID") VALUES('superappa4a4e54acdaff4yhmzq8371','1275967ea4a4e54acdaff4yhmzq8370','appsuperadmin',NULL,'0',NULL,NULL,NULL,NULL,NULL,NULL,'superappa4a4e54acdaff4yhmzq8371');
INSERT INTO SYS_AUTH_ROLE ("ID", "AUTH_ID", "ROLE_ID", "SIGN", "IS_REVOKE", "CREATE_USER", "CREATE_TIME", "UPDATE_TIME", "REMARK", "AUTH_NAME", "ROLE_NAME", "TRACE_ID") VALUES('superapp7a3249d6ad180da0b4681113','1160858109884c5095eed968472c0236','appsuperadmin',NULL,'0',NULL,NULL,NULL,NULL,'应用级字典维护',NULL,'superappa3249d6ad180da0b4681113');
INSERT INTO SYS_AUTH_ROLE ("ID", "AUTH_ID", "ROLE_ID", "SIGN", "IS_REVOKE", "CREATE_USER", "CREATE_TIME", "UPDATE_TIME", "REMARK", "AUTH_NAME", "ROLE_NAME", "TRACE_ID") VALUES('superappea4a4e54acdaff4c84bb8379','19ea2ad7ea4a4e54acdaff4yhmzq8370','appsuperadmin',NULL,'0',NULL,NULL,NULL,NULL,'组件注册',NULL,'superappea4a4e54acdaff4c84bb8379');
INSERT INTO SYS_AUTH_ROLE ("ID", "AUTH_ID", "ROLE_ID", "SIGN", "IS_REVOKE", "CREATE_USER", "CREATE_TIME", "UPDATE_TIME", "REMARK", "AUTH_NAME", "ROLE_NAME", "TRACE_ID") VALUES('superapp04344d37929abd4ad9a1dg12','4599ba3204344d37929abd4ad9a1dgth','appsuperadmin',NULL,'0',NULL,NULL,NULL,NULL,NULL,NULL,'superapp04344d37929abd4ad9a1dg12');
INSERT INTO SYS_AUTH_ROLE ("ID", "AUTH_ID", "ROLE_ID", "SIGN", "IS_REVOKE", "CREATE_USER", "CREATE_TIME", "UPDATE_TIME", "REMARK", "AUTH_NAME", "ROLE_NAME", "TRACE_ID") VALUES('superapp04344d37929abd4ad9a1dg32','7784ba3204344d37929abd4ad9a1dgth','appsuperadmin',NULL,'0',NULL,NULL,NULL,NULL,NULL,NULL,'superapp04344d37929abd4ad9a1dg32');
INSERT INTO SYS_AUTH_ROLE ("ID", "AUTH_ID", "ROLE_ID", "SIGN", "IS_REVOKE", "CREATE_USER", "CREATE_TIME", "UPDATE_TIME", "REMARK", "AUTH_NAME", "ROLE_NAME", "TRACE_ID") VALUES('superapp04344d37929abd4ad9a1dg43','8234ba3204344d37929abd4ad9a1dgth','appsuperadmin',NULL,'0',NULL,NULL,NULL,NULL,NULL,NULL,'superapp04344d37929abd4ad9a1dg43');
INSERT INTO SYS_AUTH_ROLE ("ID", "AUTH_ID", "ROLE_ID", "SIGN", "IS_REVOKE", "CREATE_USER", "CREATE_TIME", "UPDATE_TIME", "REMARK", "AUTH_NAME", "ROLE_NAME", "TRACE_ID") VALUES('superappa4a4e54acdaff4yhmzq8373','byasmd7ea4a4e54acdaff4yhmzq8370','appsuperadmin',NULL,'0',NULL,NULL,NULL,NULL,NULL,NULL,'superappa4a4e54acdaff4yhmzq8373');
INSERT INTO SYS_AUTH_ROLE ("ID", "AUTH_ID", "ROLE_ID", "SIGN", "IS_REVOKE", "CREATE_USER", "CREATE_TIME", "UPDATE_TIME", "REMARK", "AUTH_NAME", "ROLE_NAME", "TRACE_ID") VALUES('superappa4a4e54acdaff4yhmzq8374','c789567ea4a4e54acdaff4yhmzq8370','appsuperadmin',NULL,'0',NULL,NULL,NULL,NULL,NULL,NULL,'superappa4a4e54acdaff4yhmzq8374');
INSERT INTO SYS_AUTH_ROLE ("ID", "AUTH_ID", "ROLE_ID", "SIGN", "IS_REVOKE", "CREATE_USER", "CREATE_TIME", "UPDATE_TIME", "REMARK", "AUTH_NAME", "ROLE_NAME", "TRACE_ID") VALUES('superappaoxi4d37929abd4ad9a1dgth','dapingxiaoxi4d37929abd4ad9a1dgth','appsuperadmin',NULL,'0',NULL,NULL,NULL,NULL,NULL,NULL,NULL);
INSERT INTO SYS_AUTH_ROLE ("ID", "AUTH_ID", "ROLE_ID", "SIGN", "IS_REVOKE", "CREATE_USER", "CREATE_TIME", "UPDATE_TIME", "REMARK", "AUTH_NAME", "ROLE_NAME", "TRACE_ID") VALUES('superappa4a4e54acdaff4yhmzq8375','bnuimd7ea4a4e54acdaff4yhmzq8370','appsuperadmin',NULL,'0',NULL,NULL,NULL,NULL,'消息模板',NULL,'superappa4a4e54acdaff4yhmzq8375');
INSERT INTO SYS_AUTH_ROLE ("ID", "AUTH_ID", "ROLE_ID", "SIGN", "IS_REVOKE", "CREATE_USER", "CREATE_TIME", "UPDATE_TIME", "REMARK", "AUTH_NAME", "ROLE_NAME", "TRACE_ID") VALUES('superappef32403dbf9dc989d0651165','334qb3ec3d6e483b86c4923ea64cfdd0','appsuperadmin',NULL,'0',NULL,NULL,NULL,NULL,'用户授权',NULL,'superappef32403dbf9dc989d0651165');
INSERT INTO SYS_AUTH_ROLE ("ID", "AUTH_ID", "ROLE_ID", "SIGN", "IS_REVOKE", "CREATE_USER", "CREATE_TIME", "UPDATE_TIME", "REMARK", "AUTH_NAME", "ROLE_NAME", "TRACE_ID") VALUES('superappef32403dbf9dc989d0651166','334qb3ec3d6e483b86c4923ea64cf111','appsuperadmin',NULL,'0',NULL,NULL,NULL,NULL,'用户授权保存',NULL,'superappef32403dbf9dc989d0651166');
INSERT INTO SYS_AUTH_ROLE ("ID", "AUTH_ID", "ROLE_ID", "SIGN", "IS_REVOKE", "CREATE_USER", "CREATE_TIME", "UPDATE_TIME", "REMARK", "AUTH_NAME", "ROLE_NAME", "TRACE_ID") VALUES('superappef32403dbf9dc989d0651167','334qb3ec3d6e483b86c4923ea64cf113','appsuperadmin',NULL,'0',NULL,NULL,NULL,NULL,'指定用户权限管控的组织范围',NULL,'superappef32403dbf9dc989d0651167');
INSERT INTO SYS_AUTH_ROLE ("ID", "AUTH_ID", "ROLE_ID", "SIGN", "IS_REVOKE", "CREATE_USER", "CREATE_TIME", "UPDATE_TIME", "REMARK", "AUTH_NAME", "ROLE_NAME", "TRACE_ID") VALUES('superappef32403dbf9dc989d0651168','334qb3ec3d6e483b86c4923ea64cf114','appsuperadmin',NULL,'0',NULL,NULL,NULL,NULL,'指定用户权限管控的用户组范围',NULL,'superappef32403dbf9dc989d0651168');
INSERT INTO SYS_AUTH_ROLE ("ID", "AUTH_ID", "ROLE_ID", "SIGN", "IS_REVOKE", "CREATE_USER", "CREATE_TIME", "UPDATE_TIME", "REMARK", "AUTH_NAME", "ROLE_NAME", "TRACE_ID") VALUES('superappef32403dbf9dc989d0651171','456wb3ec3d6e483b86c4923ea64cfdd0','appsuperadmin',NULL,'0',NULL,NULL,NULL,NULL,'角色授权',NULL,'superappef32403dbf9dc989d0651171');
INSERT INTO SYS_AUTH_ROLE ("ID", "AUTH_ID", "ROLE_ID", "SIGN", "IS_REVOKE", "CREATE_USER", "CREATE_TIME", "UPDATE_TIME", "REMARK", "AUTH_NAME", "ROLE_NAME", "TRACE_ID") VALUES('superappef32403dbf9dc989d0651172','456wb3ec3d6e483b86c4923ea64cf111','appsuperadmin',NULL,'0',NULL,NULL,NULL,NULL,'角色授权保存',NULL,'superappef32403dbf9dc989d0651172');
INSERT INTO SYS_AUTH_ROLE ("ID", "AUTH_ID", "ROLE_ID", "SIGN", "IS_REVOKE", "CREATE_USER", "CREATE_TIME", "UPDATE_TIME", "REMARK", "AUTH_NAME", "ROLE_NAME", "TRACE_ID") VALUES('superappef32403dbf9dc989d0651175','67yub3ec3d6e483b86c4923ea64cfdd0','appsuperadmin',NULL,'0',NULL,NULL,NULL,NULL,'权限授权',NULL,'superappef32403dbf9dc989d0651175');
INSERT INTO SYS_AUTH_ROLE ("ID", "AUTH_ID", "ROLE_ID", "SIGN", "IS_REVOKE", "CREATE_USER", "CREATE_TIME", "UPDATE_TIME", "REMARK", "AUTH_NAME", "ROLE_NAME", "TRACE_ID") VALUES('superappef32403dbf9dc989d0651176','67yub3ec3d6e483b86c4923ea64cf111','appsuperadmin',NULL,'0',NULL,NULL,NULL,NULL,'权限授权保存',NULL,'superappef32403dbf9dc989d0651176');
INSERT INTO SYS_AUTH_ROLE ("ID", "AUTH_ID", "ROLE_ID", "SIGN", "IS_REVOKE", "CREATE_USER", "CREATE_TIME", "UPDATE_TIME", "REMARK", "AUTH_NAME", "ROLE_NAME", "TRACE_ID") VALUES('superappef32403dbf9dc989d0651193','04d7893c4a4d4345b18b0789af13753f','appsuperadmin',NULL,'0',NULL,NULL,NULL,NULL,'审计日志',NULL,'superappef32403dbf9dc989d0651193');
INSERT INTO SYS_AUTH_ROLE ("ID", "AUTH_ID", "ROLE_ID", "SIGN", "IS_REVOKE", "CREATE_USER", "CREATE_TIME", "UPDATE_TIME", "REMARK", "AUTH_NAME", "ROLE_NAME", "TRACE_ID") VALUES('superappef32403dbf9dc989d0651234','tyuub3ec3d6e483b86c4923ea64cfwe5','appsuperadmin',NULL,'0',NULL,NULL,NULL,NULL,'角色分配',NULL,'superappef32403dbf9dc989d0651234');
INSERT INTO SYS_AUTH_ROLE ("ID", "AUTH_ID", "ROLE_ID", "SIGN", "IS_REVOKE", "CREATE_USER", "CREATE_TIME", "UPDATE_TIME", "REMARK", "AUTH_NAME", "ROLE_NAME", "TRACE_ID") VALUES('superappea4a4e54acdaff4c84bb8370','19ea2ad7ea4a4e54acdaff4c84bb8370','appsuperadmin',NULL,'0',NULL,NULL,NULL,NULL,'应用运行日志',NULL,'superappea4a4e54acdaff4c84bb8370');
INSERT INTO SYS_AUTH_ROLE ("ID", "AUTH_ID", "ROLE_ID", "SIGN", "IS_REVOKE", "CREATE_USER", "CREATE_TIME", "UPDATE_TIME", "REMARK", "AUTH_NAME", "ROLE_NAME", "TRACE_ID") VALUES('superappef32403dbf9dc989d0651254','frggb3ec3d6e483b86c4923ea64cvbnu','appsuperadmin',NULL,'0',NULL,NULL,NULL,NULL,'角色审计',NULL,'superappef32403dbf9dc989d0651254');
INSERT INTO SYS_AUTH_ROLE ("ID", "AUTH_ID", "ROLE_ID", "SIGN", "IS_REVOKE", "CREATE_USER", "CREATE_TIME", "UPDATE_TIME", "REMARK", "AUTH_NAME", "ROLE_NAME", "TRACE_ID") VALUES('superappef32403dbf9dc989d0651255','hjuub3ec3d6e483b86c4923ea64cnmui','appsuperadmin',NULL,'0',NULL,NULL,NULL,NULL,'授权审计',NULL,'superappef32403dbf9dc989d0651255');

INSERT  INTO sys_auth_role_lv("ID","VERSION_NO","IS_LAST_VERSION","VERSION_BEGIN_TIME","VERSION_END_TIME","VERSION_BEGIN_USER_ID","VERSION_END_USER_ID","ROLE_ID") VALUES ('appsuperadmin',1,1,NULL,NULL,NULL,NULL,'appsuperadmin');


INSERT INTO SYS_AUTH_ROLE_V ("ID", "AUTH_ID", "ROLE_ID", "SIGN", "IS_REVOKE", "CREATE_USER", "CREATE_TIME", "UPDATE_TIME", "REMARK", "LV_ID", "AUTH_NAME",  "TRACE_ID") VALUES('superappa4a4e54acdaff4yhmzq8370','0745867ea4a4e54acdaff4yhmzq8370','appsuperadmin',NULL,'0',NULL,NULL,NULL,NULL,'appsuperadmin',NULL,'superappa4a4e54acdaff4yhmzq8370');
INSERT INTO SYS_AUTH_ROLE_V ("ID", "AUTH_ID", "ROLE_ID", "SIGN", "IS_REVOKE", "CREATE_USER", "CREATE_TIME", "UPDATE_TIME", "REMARK", "LV_ID", "AUTH_NAME",  "TRACE_ID") VALUES('superappef32403dbf9dc989d0651139','39e1b3ec3d6e483b86c4923ea64cfeee','appsuperadmin',NULL,'0',NULL,NULL,NULL,NULL,'appsuperadmin','数据源管理','superappef32403dbf9dc989d0651139');
INSERT INTO SYS_AUTH_ROLE_V ("ID", "AUTH_ID", "ROLE_ID", "SIGN", "IS_REVOKE", "CREATE_USER", "CREATE_TIME", "UPDATE_TIME", "REMARK", "LV_ID", "AUTH_NAME",  "TRACE_ID") VALUES('superappef32403dbf9dc989d0651140','39e1b3ec3d6e483b86c4923ea64cf111','appsuperadmin',NULL,'0',NULL,NULL,NULL,NULL,'appsuperadmin','数据源管理维护','superappef32403dbf9dc989d0651140');
INSERT INTO SYS_AUTH_ROLE_V ("ID", "AUTH_ID", "ROLE_ID", "SIGN", "IS_REVOKE", "CREATE_USER", "CREATE_TIME", "UPDATE_TIME", "REMARK", "LV_ID", "AUTH_NAME",  "TRACE_ID") VALUES('superappef32403dbf9dc989d0651147','ac2a8ce16a614324b5ed4e9c24e7e904','appsuperadmin',NULL,'0',NULL,NULL,NULL,NULL,'appsuperadmin','系统配置项管理','superappef32403dbf9dc989d0651147');
INSERT INTO SYS_AUTH_ROLE_V ("ID", "AUTH_ID", "ROLE_ID", "SIGN", "IS_REVOKE", "CREATE_USER", "CREATE_TIME", "UPDATE_TIME", "REMARK", "LV_ID", "AUTH_NAME",  "TRACE_ID") VALUES('superappef32403dbf9dc989d0651148','ac2a8ce16a614324b5ed4e9c24e71113','appsuperadmin',NULL,'0',NULL,NULL,NULL,NULL,'appsuperadmin','应用配置项维护','superappef32403dbf9dc989d0651148');
INSERT INTO SYS_AUTH_ROLE_V ("ID", "AUTH_ID", "ROLE_ID", "SIGN", "IS_REVOKE", "CREATE_USER", "CREATE_TIME", "UPDATE_TIME", "REMARK", "LV_ID", "AUTH_NAME",  "TRACE_ID") VALUES('superappef32403dbf9dc989d0651149','ffc03579b06a4b7fae6c51c9ff48b311','appsuperadmin',NULL,'0',NULL,NULL,NULL,NULL,'appsuperadmin','附件配置项管理','superappef32403dbf9dc989d0651149');
INSERT INTO SYS_AUTH_ROLE_V ("ID", "AUTH_ID", "ROLE_ID", "SIGN", "IS_REVOKE", "CREATE_USER", "CREATE_TIME", "UPDATE_TIME", "REMARK", "LV_ID", "AUTH_NAME",  "TRACE_ID") VALUES('superappef32403dbf9dc989d0651151','131e140bc2bd4361af5ee488f92b22ad','appsuperadmin',NULL,'0',NULL,NULL,NULL,NULL,'appsuperadmin','字典管理','superappef32403dbf9dc989d0651151');
INSERT INTO SYS_AUTH_ROLE_V ("ID", "AUTH_ID", "ROLE_ID", "SIGN", "IS_REVOKE", "CREATE_USER", "CREATE_TIME", "UPDATE_TIME", "REMARK", "LV_ID", "AUTH_NAME",  "TRACE_ID") VALUES('superappef32403dbf9dc989d0651153','8bc5761a4d8d49e680515bc50f4baad1','appsuperadmin',NULL,'0',NULL,NULL,NULL,NULL,'appsuperadmin','菜单管理','superappef32403dbf9dc989d0651153');
INSERT INTO SYS_AUTH_ROLE_V ("ID", "AUTH_ID", "ROLE_ID", "SIGN", "IS_REVOKE", "CREATE_USER", "CREATE_TIME", "UPDATE_TIME", "REMARK", "LV_ID", "AUTH_NAME",  "TRACE_ID") VALUES('superappef32403dbf9dc989d0651154','8bc5761a4d8d49e680515bc50f4ba111','appsuperadmin',NULL,'0',NULL,NULL,NULL,NULL,'appsuperadmin','菜单管理维护','superappef32403dbf9dc989d0651154');
INSERT INTO SYS_AUTH_ROLE_V ("ID", "AUTH_ID", "ROLE_ID", "SIGN", "IS_REVOKE", "CREATE_USER", "CREATE_TIME", "UPDATE_TIME", "REMARK", "LV_ID", "AUTH_NAME",  "TRACE_ID") VALUES('superappef32403dbf9dc989d0651155','39e1b3ec3d6e483b86c4923ea64cfdd0','appsuperadmin',NULL,'0',NULL,NULL,NULL,NULL,'appsuperadmin','权限定义','superappef32403dbf9dc989d0651155');
INSERT INTO SYS_AUTH_ROLE_V ("ID", "AUTH_ID", "ROLE_ID", "SIGN", "IS_REVOKE", "CREATE_USER", "CREATE_TIME", "UPDATE_TIME", "REMARK", "LV_ID", "AUTH_NAME",  "TRACE_ID") VALUES('superappef32403dbf9dc989d0651156','39e1b3ec3d6e483b86c4923ea64c1111','appsuperadmin',NULL,'0',NULL,NULL,NULL,NULL,'appsuperadmin','权限管理维护','superappef32403dbf9dc989d0651156');
INSERT INTO SYS_AUTH_ROLE_V ("ID", "AUTH_ID", "ROLE_ID", "SIGN", "IS_REVOKE", "CREATE_USER", "CREATE_TIME", "UPDATE_TIME", "REMARK", "LV_ID", "AUTH_NAME",  "TRACE_ID") VALUES('superappef32403dbf9dc989d0651157','8d4d2caee7f548889988da2747dfaa4a','appsuperadmin',NULL,'0',NULL,NULL,NULL,NULL,'appsuperadmin','角色管理','superappef32403dbf9dc989d0651157');
INSERT INTO SYS_AUTH_ROLE_V ("ID", "AUTH_ID", "ROLE_ID", "SIGN", "IS_REVOKE", "CREATE_USER", "CREATE_TIME", "UPDATE_TIME", "REMARK", "LV_ID", "AUTH_NAME",  "TRACE_ID") VALUES('superappef32403dbf9dc989d0651158','39e1b3ec3d6e483b86c4923ea64c1112','appsuperadmin',NULL,'0',NULL,NULL,NULL,NULL,'appsuperadmin','指定权限绑定api资源权限','superappef32403dbf9dc989d0651158');
INSERT INTO SYS_AUTH_ROLE_V ("ID", "AUTH_ID", "ROLE_ID", "SIGN", "IS_REVOKE", "CREATE_USER", "CREATE_TIME", "UPDATE_TIME", "REMARK", "LV_ID", "AUTH_NAME",  "TRACE_ID") VALUES('superappef32403dbf9dc989d0651164','334qb3ec3d6e483b86c4923ea64cf112','appsuperadmin',NULL,'0',NULL,NULL,NULL,NULL,'appsuperadmin','用户授权激活','superappef32403dbf9dc989d0651164');
INSERT INTO SYS_AUTH_ROLE_V ("ID", "AUTH_ID", "ROLE_ID", "SIGN", "IS_REVOKE", "CREATE_USER", "CREATE_TIME", "UPDATE_TIME", "REMARK", "LV_ID", "AUTH_NAME",  "TRACE_ID") VALUES('superappef32403dbf9dc989d0651170','456wb3ec3d6e483b86c4923ea64cf112','appsuperadmin',NULL,'0',NULL,NULL,NULL,NULL,'appsuperadmin','角色授权激活','superappef32403dbf9dc989d0651170');
INSERT INTO SYS_AUTH_ROLE_V ("ID", "AUTH_ID", "ROLE_ID", "SIGN", "IS_REVOKE", "CREATE_USER", "CREATE_TIME", "UPDATE_TIME", "REMARK", "LV_ID", "AUTH_NAME",  "TRACE_ID") VALUES('superappef32403dbf9dc989d0651174','67yub3ec3d6e483b86c4923ea64cf112','appsuperadmin',NULL,'0',NULL,NULL,NULL,NULL,'appsuperadmin','权限授权激活','superappef32403dbf9dc989d0651174');
INSERT INTO SYS_AUTH_ROLE_V ("ID", "AUTH_ID", "ROLE_ID", "SIGN", "IS_REVOKE", "CREATE_USER", "CREATE_TIME", "UPDATE_TIME", "REMARK", "LV_ID", "AUTH_NAME",  "TRACE_ID") VALUES('superappef32403dbf9dc989d0651189','11316279a4a9416a8e20019821e640af','appsuperadmin',NULL,'0',NULL,NULL,NULL,NULL,'appsuperadmin','配置管理','superappef32403dbf9dc989d0651189');
INSERT INTO SYS_AUTH_ROLE_V ("ID", "AUTH_ID", "ROLE_ID", "SIGN", "IS_REVOKE", "CREATE_USER", "CREATE_TIME", "UPDATE_TIME", "REMARK", "LV_ID", "AUTH_NAME",  "TRACE_ID") VALUES('superappef32403dbf9dc989d0651190','e3b15ac90286450fbe5a721c9f542451','appsuperadmin',NULL,'0',NULL,NULL,NULL,NULL,'appsuperadmin','系统管理','superappef32403dbf9dc989d0651190');
INSERT INTO SYS_AUTH_ROLE_V ("ID", "AUTH_ID", "ROLE_ID", "SIGN", "IS_REVOKE", "CREATE_USER", "CREATE_TIME", "UPDATE_TIME", "REMARK", "LV_ID", "AUTH_NAME",  "TRACE_ID") VALUES('superappef32403dbf9dc989d0651192','11erb3ec3d6e483b86c4923ea64cfdd0','appsuperadmin',NULL,'0',NULL,NULL,NULL,NULL,'appsuperadmin','授权管理','superappef32403dbf9dc989d0651192');
INSERT INTO SYS_AUTH_ROLE_V ("ID", "AUTH_ID", "ROLE_ID", "SIGN", "IS_REVOKE", "CREATE_USER", "CREATE_TIME", "UPDATE_TIME", "REMARK", "LV_ID", "AUTH_NAME",  "TRACE_ID") VALUES('superappef32403dbf9dc989d0651213','e3b15ac90286450fbe5a721c9f542433','appsuperadmin',NULL,'0',NULL,NULL,NULL,NULL,'appsuperadmin','首页','superappef32403dbf9dc989d0651213');
INSERT INTO SYS_AUTH_ROLE_V ("ID", "AUTH_ID", "ROLE_ID", "SIGN", "IS_REVOKE", "CREATE_USER", "CREATE_TIME", "UPDATE_TIME", "REMARK", "LV_ID", "AUTH_NAME",  "TRACE_ID") VALUES('superappef32403dbf9dc989d0651224','22316279a4a9416a8e20019821e640af','appsuperadmin',NULL,'0',NULL,NULL,NULL,NULL,'appsuperadmin','定时任务','superappef32403dbf9dc989d0651224');
INSERT INTO SYS_AUTH_ROLE_V ("ID", "AUTH_ID", "ROLE_ID", "SIGN", "IS_REVOKE", "CREATE_USER", "CREATE_TIME", "UPDATE_TIME", "REMARK", "LV_ID", "AUTH_NAME",  "TRACE_ID") VALUES('superappef32403dbf9dc989d0651227','3333ba3204344d37929abd4ad9a12222','appsuperadmin',NULL,'0',NULL,NULL,NULL,NULL,'appsuperadmin','工作流程','superappef32403dbf9dc989d0651227');
INSERT INTO SYS_AUTH_ROLE_V ("ID", "AUTH_ID", "ROLE_ID", "SIGN", "IS_REVOKE", "CREATE_USER", "CREATE_TIME", "UPDATE_TIME", "REMARK", "LV_ID", "AUTH_NAME",  "TRACE_ID") VALUES('superappef32403dbf9dc989d0651228','3456ba3204344d37929abd4ad9a15678','appsuperadmin',NULL,'0',NULL,NULL,NULL,NULL,'appsuperadmin','流程定义','superappef32403dbf9dc989d0651228');
INSERT INTO SYS_AUTH_ROLE_V ("ID", "AUTH_ID", "ROLE_ID", "SIGN", "IS_REVOKE", "CREATE_USER", "CREATE_TIME", "UPDATE_TIME", "REMARK", "LV_ID", "AUTH_NAME",  "TRACE_ID") VALUES('superappef32403dbf9dc989d0651229','7756ba3204344d37929abd4ad9a15699','appsuperadmin',NULL,'0',NULL,NULL,NULL,NULL,'appsuperadmin','全局变量','superappef32403dbf9dc989d0651229');
INSERT INTO SYS_AUTH_ROLE_V ("ID", "AUTH_ID", "ROLE_ID", "SIGN", "IS_REVOKE", "CREATE_USER", "CREATE_TIME", "UPDATE_TIME", "REMARK", "LV_ID", "AUTH_NAME",  "TRACE_ID") VALUES('superappef32403dbf9dc989d0651230','1116ba3204344d37929abd4ad9a15222','appsuperadmin',NULL,'0',NULL,NULL,NULL,NULL,'appsuperadmin','全局规则','superappef32403dbf9dc989d0651230');
INSERT INTO SYS_AUTH_ROLE_V ("ID", "AUTH_ID", "ROLE_ID", "SIGN", "IS_REVOKE", "CREATE_USER", "CREATE_TIME", "UPDATE_TIME", "REMARK", "LV_ID", "AUTH_NAME",  "TRACE_ID") VALUES('superappef32403dbf9dc989d0651243','twerba3204344d37929abd4ad9a1dfgh','appsuperadmin',NULL,'0',NULL,NULL,NULL,NULL,'appsuperadmin','数据展示','superappef32403dbf9dc989d0651243');
INSERT INTO SYS_AUTH_ROLE_V ("ID", "AUTH_ID", "ROLE_ID", "SIGN", "IS_REVOKE", "CREATE_USER", "CREATE_TIME", "UPDATE_TIME", "REMARK", "LV_ID", "AUTH_NAME",  "TRACE_ID") VALUES('superappef32403dbf9dc989d0651244','1234ba3204344d37929abd4ad9a1dgth','appsuperadmin',NULL,'0',NULL,NULL,NULL,NULL,'appsuperadmin','业务类型','superappef32403dbf9dc989d0651244');
INSERT INTO SYS_AUTH_ROLE_V ("ID", "AUTH_ID", "ROLE_ID", "SIGN", "IS_REVOKE", "CREATE_USER", "CREATE_TIME", "UPDATE_TIME", "REMARK", "LV_ID", "AUTH_NAME",  "TRACE_ID") VALUES('superappef32403dbf9dc989d0651245','2234ba3204344d37929abd4ad9a1dgth','appsuperadmin',NULL,'0',NULL,NULL,NULL,NULL,'appsuperadmin','报表设计','superappef32403dbf9dc989d0651245');
INSERT INTO SYS_AUTH_ROLE_V ("ID", "AUTH_ID", "ROLE_ID", "SIGN", "IS_REVOKE", "CREATE_USER", "CREATE_TIME", "UPDATE_TIME", "REMARK", "LV_ID", "AUTH_NAME",  "TRACE_ID") VALUES('superappef32403dbf9dc989d0651246','3234ba3204344d37929abd4ad9a1dgth','appsuperadmin',NULL,'0',NULL,NULL,NULL,NULL,'appsuperadmin','报表浏览','superappef32403dbf9dc989d0651246');
INSERT INTO SYS_AUTH_ROLE_V ("ID", "AUTH_ID", "ROLE_ID", "SIGN", "IS_REVOKE", "CREATE_USER", "CREATE_TIME", "UPDATE_TIME", "REMARK", "LV_ID", "AUTH_NAME",  "TRACE_ID") VALUES('superappef32403dbf9dc989d0651250','45676279a4a9416a8e20019821e6ghjk','appsuperadmin',NULL,'0',NULL,NULL,NULL,NULL,'appsuperadmin','消息通道','superappef32403dbf9dc989d0651250');
INSERT INTO SYS_AUTH_ROLE_V ("ID", "AUTH_ID", "ROLE_ID", "SIGN", "IS_REVOKE", "CREATE_USER", "CREATE_TIME", "UPDATE_TIME", "REMARK", "LV_ID", "AUTH_NAME",  "TRACE_ID") VALUES('superappef32403dbf9dc989d0651251','yut76279a4a9416a8e20019821e6g45t','appsuperadmin',NULL,'0',NULL,NULL,NULL,NULL,'appsuperadmin',NULL,NULL);
INSERT INTO SYS_AUTH_ROLE_V ("ID", "AUTH_ID", "ROLE_ID", "SIGN", "IS_REVOKE", "CREATE_USER", "CREATE_TIME", "UPDATE_TIME", "REMARK", "LV_ID", "AUTH_NAME",  "TRACE_ID") VALUES('superappa4a4e54acdaff4yhmzq8376','1275967ea4a4e54acdaff4yhmzq8370','appsuperadmin',NULL,'0',NULL,NULL,NULL,NULL,'appsuperadmin',NULL,'superappa4a4e54acdaff4yhmzq8376');
INSERT INTO SYS_AUTH_ROLE_V ("ID", "AUTH_ID", "ROLE_ID", "SIGN", "IS_REVOKE", "CREATE_USER", "CREATE_TIME", "UPDATE_TIME", "REMARK", "LV_ID", "AUTH_NAME",  "TRACE_ID") VALUES('superapp7a3249d6ad180da0b4681113','1160858109884c5095eed968472c0236','appsuperadmin',NULL,'0',NULL,NULL,NULL,NULL,'appsuperadmin','应用级字典维护','superappa3249d6ad180da0b4681113');
INSERT INTO SYS_AUTH_ROLE_V ("ID", "AUTH_ID", "ROLE_ID", "SIGN", "IS_REVOKE", "CREATE_USER", "CREATE_TIME", "UPDATE_TIME", "REMARK", "LV_ID", "AUTH_NAME",  "TRACE_ID") VALUES('superappea4a4e54acdaff4c84bb8379','19ea2ad7ea4a4e54acdaff4yhmzq8370','appsuperadmin',NULL,'0',NULL,NULL,NULL,NULL,'appsuperadmin','组件注册','superappea4a4e54acdaff4c84bb8379');
INSERT INTO SYS_AUTH_ROLE_V ("ID", "AUTH_ID", "ROLE_ID", "SIGN", "IS_REVOKE", "CREATE_USER", "CREATE_TIME", "UPDATE_TIME", "REMARK", "LV_ID", "AUTH_NAME",  "TRACE_ID") VALUES('superapp04344d37929abd4ad9a1dg12','4599ba3204344d37929abd4ad9a1dgth','appsuperadmin',NULL,'0',NULL,NULL,NULL,NULL,'appsuperadmin',NULL,'superapp04344d37929abd4ad9a1dg12');
INSERT INTO SYS_AUTH_ROLE_V ("ID", "AUTH_ID", "ROLE_ID", "SIGN", "IS_REVOKE", "CREATE_USER", "CREATE_TIME", "UPDATE_TIME", "REMARK", "LV_ID", "AUTH_NAME",  "TRACE_ID") VALUES('superapp04344d37929abd4ad9a1dg32','7784ba3204344d37929abd4ad9a1dgth','appsuperadmin',NULL,'0',NULL,NULL,NULL,NULL,'appsuperadmin',NULL,'superapp04344d37929abd4ad9a1dg32');
INSERT INTO SYS_AUTH_ROLE_V ("ID", "AUTH_ID", "ROLE_ID", "SIGN", "IS_REVOKE", "CREATE_USER", "CREATE_TIME", "UPDATE_TIME", "REMARK", "LV_ID", "AUTH_NAME",  "TRACE_ID") VALUES('superapp04344d37929abd4ad9a1dg43','8234ba3204344d37929abd4ad9a1dgth','appsuperadmin',NULL,'0',NULL,NULL,NULL,NULL,'appsuperadmin',NULL,'superapp04344d37929abd4ad9a1dg43');
INSERT INTO SYS_AUTH_ROLE_V ("ID", "AUTH_ID", "ROLE_ID", "SIGN", "IS_REVOKE", "CREATE_USER", "CREATE_TIME", "UPDATE_TIME", "REMARK", "LV_ID", "AUTH_NAME",  "TRACE_ID") VALUES('superappa4a4e54acdaff4yhmzq8373','byasmd7ea4a4e54acdaff4yhmzq8370','appsuperadmin',NULL,'0',NULL,NULL,NULL,NULL,'appsuperadmin',NULL,'superappa4a4e54acdaff4yhmzq8373');
INSERT INTO SYS_AUTH_ROLE_V ("ID", "AUTH_ID", "ROLE_ID", "SIGN", "IS_REVOKE", "CREATE_USER", "CREATE_TIME", "UPDATE_TIME", "REMARK", "LV_ID", "AUTH_NAME",  "TRACE_ID") VALUES('superappa4a4e54acdaff4yhmzq8374','c789567ea4a4e54acdaff4yhmzq8370','appsuperadmin',NULL,'0',NULL,NULL,NULL,NULL,'appsuperadmin',NULL,'superappa4a4e54acdaff4yhmzq8374');
INSERT INTO SYS_AUTH_ROLE_V ("ID", "AUTH_ID", "ROLE_ID", "SIGN", "IS_REVOKE", "CREATE_USER", "CREATE_TIME", "UPDATE_TIME", "REMARK", "LV_ID", "AUTH_NAME",  "TRACE_ID") VALUES('superappaoxi4d37929abd4ad9a1dgth','dapingxiaoxi4d37929abd4ad9a1dgth','appsuperadmin',NULL,'0',NULL,NULL,NULL,NULL,'appsuperadmin',NULL,NULL);
INSERT INTO SYS_AUTH_ROLE_V ("ID", "AUTH_ID", "ROLE_ID", "SIGN", "IS_REVOKE", "CREATE_USER", "CREATE_TIME", "UPDATE_TIME", "REMARK", "LV_ID", "AUTH_NAME",  "TRACE_ID") VALUES('superappa4a4e54acdaff4yhmzq8375','bnuimd7ea4a4e54acdaff4yhmzq8370','appsuperadmin',NULL,'0',NULL,NULL,NULL,NULL,'appsuperadmin','消息模板','superappa4a4e54acdaff4yhmzq8375');
INSERT INTO SYS_AUTH_ROLE_V ("ID", "AUTH_ID", "ROLE_ID", "SIGN", "IS_REVOKE", "CREATE_USER", "CREATE_TIME", "UPDATE_TIME", "REMARK", "LV_ID", "AUTH_NAME",  "TRACE_ID") VALUES('superappef32403dbf9dc989d0651165','334qb3ec3d6e483b86c4923ea64cfdd0','appsuperadmin',NULL,'0',NULL,NULL,NULL,NULL,'appsuperadmin','用户授权','superappef32403dbf9dc989d0651165');
INSERT INTO SYS_AUTH_ROLE_V ("ID", "AUTH_ID", "ROLE_ID", "SIGN", "IS_REVOKE", "CREATE_USER", "CREATE_TIME", "UPDATE_TIME", "REMARK", "LV_ID", "AUTH_NAME",  "TRACE_ID") VALUES('superappef32403dbf9dc989d0651166','334qb3ec3d6e483b86c4923ea64cf111','appsuperadmin',NULL,'0',NULL,NULL,NULL,NULL,'appsuperadmin','用户授权保存','superappef32403dbf9dc989d0651166');
INSERT INTO SYS_AUTH_ROLE_V ("ID", "AUTH_ID", "ROLE_ID", "SIGN", "IS_REVOKE", "CREATE_USER", "CREATE_TIME", "UPDATE_TIME", "REMARK", "LV_ID", "AUTH_NAME",  "TRACE_ID") VALUES('superappef32403dbf9dc989d0651167','334qb3ec3d6e483b86c4923ea64cf113','appsuperadmin',NULL,'0',NULL,NULL,NULL,NULL,'appsuperadmin','指定用户权限管控的组织范围','superappef32403dbf9dc989d0651167');
INSERT INTO SYS_AUTH_ROLE_V ("ID", "AUTH_ID", "ROLE_ID", "SIGN", "IS_REVOKE", "CREATE_USER", "CREATE_TIME", "UPDATE_TIME", "REMARK", "LV_ID", "AUTH_NAME",  "TRACE_ID") VALUES('superappef32403dbf9dc989d0651168','334qb3ec3d6e483b86c4923ea64cf114','appsuperadmin',NULL,'0',NULL,NULL,NULL,NULL,'appsuperadmin','指定用户权限管控的用户组范围','superappef32403dbf9dc989d0651168');
INSERT INTO SYS_AUTH_ROLE_V ("ID", "AUTH_ID", "ROLE_ID", "SIGN", "IS_REVOKE", "CREATE_USER", "CREATE_TIME", "UPDATE_TIME", "REMARK", "LV_ID", "AUTH_NAME",  "TRACE_ID") VALUES('superappef32403dbf9dc989d0651171','456wb3ec3d6e483b86c4923ea64cfdd0','appsuperadmin',NULL,'0',NULL,NULL,NULL,NULL,'appsuperadmin','角色授权','superappef32403dbf9dc989d0651171');
INSERT INTO SYS_AUTH_ROLE_V ("ID", "AUTH_ID", "ROLE_ID", "SIGN", "IS_REVOKE", "CREATE_USER", "CREATE_TIME", "UPDATE_TIME", "REMARK", "LV_ID", "AUTH_NAME",  "TRACE_ID") VALUES('superappef32403dbf9dc989d0651172','456wb3ec3d6e483b86c4923ea64cf111','appsuperadmin',NULL,'0',NULL,NULL,NULL,NULL,'appsuperadmin','角色授权保存','superappef32403dbf9dc989d0651172');
INSERT INTO SYS_AUTH_ROLE_V ("ID", "AUTH_ID", "ROLE_ID", "SIGN", "IS_REVOKE", "CREATE_USER", "CREATE_TIME", "UPDATE_TIME", "REMARK", "LV_ID", "AUTH_NAME",  "TRACE_ID") VALUES('superappef32403dbf9dc989d0651175','67yub3ec3d6e483b86c4923ea64cfdd0','appsuperadmin',NULL,'0',NULL,NULL,NULL,NULL,'appsuperadmin','权限授权','superappef32403dbf9dc989d0651175');
INSERT INTO SYS_AUTH_ROLE_V ("ID", "AUTH_ID", "ROLE_ID", "SIGN", "IS_REVOKE", "CREATE_USER", "CREATE_TIME", "UPDATE_TIME", "REMARK", "LV_ID", "AUTH_NAME",  "TRACE_ID") VALUES('superappef32403dbf9dc989d0651176','67yub3ec3d6e483b86c4923ea64cf111','appsuperadmin',NULL,'0',NULL,NULL,NULL,NULL,'appsuperadmin','权限授权保存','superappef32403dbf9dc989d0651176');
INSERT INTO SYS_AUTH_ROLE_V ("ID", "AUTH_ID", "ROLE_ID", "SIGN", "IS_REVOKE", "CREATE_USER", "CREATE_TIME", "UPDATE_TIME", "REMARK", "LV_ID", "AUTH_NAME",  "TRACE_ID") VALUES('superappef32403dbf9dc989d0651193','04d7893c4a4d4345b18b0789af13753f','appsuperadmin',NULL,'0',NULL,NULL,NULL,NULL,'appsuperadmin','审计日志','superappef32403dbf9dc989d0651193');
INSERT INTO SYS_AUTH_ROLE_V ("ID", "AUTH_ID", "ROLE_ID", "SIGN", "IS_REVOKE", "CREATE_USER", "CREATE_TIME", "UPDATE_TIME", "REMARK", "LV_ID", "AUTH_NAME",  "TRACE_ID") VALUES('superappef32403dbf9dc989d0651234','tyuub3ec3d6e483b86c4923ea64cfwe5','appsuperadmin',NULL,'0',NULL,NULL,NULL,NULL,'appsuperadmin','角色分配','superappef32403dbf9dc989d0651234');
INSERT INTO SYS_AUTH_ROLE_V ("ID", "AUTH_ID", "ROLE_ID", "SIGN", "IS_REVOKE", "CREATE_USER", "CREATE_TIME", "UPDATE_TIME", "REMARK", "LV_ID", "AUTH_NAME",  "TRACE_ID") VALUES('superappea4a4e54acdaff4c84bb8370','19ea2ad7ea4a4e54acdaff4c84bb8370','appsuperadmin',NULL,'0',NULL,NULL,NULL,NULL,'appsuperadmin','应用运行日志','superappea4a4e54acdaff4c84bb8370');
INSERT INTO SYS_AUTH_ROLE_V ("ID", "AUTH_ID", "ROLE_ID", "SIGN", "IS_REVOKE", "CREATE_USER", "CREATE_TIME", "UPDATE_TIME", "REMARK", "LV_ID", "AUTH_NAME",  "TRACE_ID") VALUES('superappef32403dbf9dc989d0651254','frggb3ec3d6e483b86c4923ea64cvbnu','appsuperadmin',NULL,'0',NULL,NULL,NULL,NULL,'appsuperadmin','角色审计','superappef32403dbf9dc989d0651254');
INSERT INTO SYS_AUTH_ROLE_V ("ID", "AUTH_ID", "ROLE_ID", "SIGN", "IS_REVOKE", "CREATE_USER", "CREATE_TIME", "UPDATE_TIME", "REMARK", "LV_ID", "AUTH_NAME",  "TRACE_ID") VALUES('superappef32403dbf9dc989d0651255','hjuub3ec3d6e483b86c4923ea64cnmui','appsuperadmin',NULL,'0',NULL,NULL,NULL,NULL,'appsuperadmin','授权审计','superappef32403dbf9dc989d0651255');


-- 附件配置
alter table "FILE_INFO" add ("FLOW_CODE" VARCHAR2(50));
comment on column "FILE_INFO"."FLOW_CODE" is '流程标识';

-- 附件配置
alter table "FILE_INFO" add ("FLOW_NAME" VARCHAR2(50));
comment on column "FILE_INFO"."FLOW_NAME" is '流程名称';

UPDATE sys_auth_role_v SET role_id='appsuperadmin' WHERE lv_id='appsuperadmin';

alter table FILE_CHUNK_INFO modify  CHUNK_PATH varchar2(2000);

/**
 * 添加单一业务管理员
 * @author zuogang
 * @date 2021/11/15 17:25
 */

INSERT  INTO sys_auth("ID","NAME","APP_ID","REMARK","SORT_INDEX","PARENT_ID","CREATE_USER","CREATE_TIME","UPDATE_TIME","SORT_PATH","IS_ORG_ADMIN","IS_USER_GROUP_ADMIN","CODE","DATA_VERSION") VALUES ('business2fa04faea8f39beb866fd511','单一业务管理员管理','platform',NULL,12,'e3b15ac90286450fbe5a721c9f542451',NULL,NULL,NULL,'00020012',0,0,'platForm.nothreeManage.BusinessManage',0);
INSERT  INTO sys_menu("ID","NAME","PARENT_ID","APP_ID","PARENT_NAME","URL","TYPE","ICON","AUTH_ID","BTN_AUTH","IS_LEAF","SORT_INDEX","ALL_ORDER","SORT_PATH","OPEN_STYLE","CLOSE_NOTICE","CREATE_USER","CREATE_TIME","UPDATE_TIME","LEAF","MENU_AUTH","REMARK","DATA_VERSION","IS_IFRAME") VALUES ('business2fa04faea8f39beb866fd511','业务管理员维护','e3b15ac90286450fbe5a721c9f542451','platform','系统管理','nothreeManage/views/BusinessManage',1,null,'business2fa04faea8f39beb866fd511',NULL,NULL,12,NULL,'00020012',NULL,NULL,NULL,NULL,NULL,NULL,NULL,NULL,0,0);
/** 菜单权限配给admin、sec*/
insert into SYS_AUTH_ROLE ("ID","AUTH_ID","ROLE_ID","SIGN","IS_REVOKE","CREATE_USER","CREATE_TIME","UPDATE_TIME","REMARK") values ('business2fa04faea8f39beb866admin', 'business2fa04faea8f39beb866fd511', 'admin', null, 0, null, null, null, null);
insert into SYS_AUTH_ROLE_V ("ID","AUTH_ID","ROLE_ID","SIGN","IS_REVOKE","CREATE_USER","CREATE_TIME","UPDATE_TIME","REMARK","LV_ID") values ('business2fa04faea8f39beb866admin', 'business2fa04faea8f39beb866fd511', 'admin', null, 0, null, null, null, null, 'admin');
insert into SYS_AUTH_ROLE ("ID","AUTH_ID","ROLE_ID","SIGN","IS_REVOKE","CREATE_USER","CREATE_TIME","UPDATE_TIME","REMARK") values ('business2fa04faea8f39beb86623sec', 'business2fa04faea8f39beb866fd511', 'sec', null, 0, null, null, null, null);
insert into SYS_AUTH_ROLE_V ("ID","AUTH_ID","ROLE_ID","SIGN","IS_REVOKE","CREATE_USER","CREATE_TIME","UPDATE_TIME","REMARK","LV_ID") values ('business2fa04faea8f39beb86623sec', 'business2fa04faea8f39beb866fd511', 'sec', null, 0, null, null, null, null, 'sec');

 /** 添加集团应用超级管理员角色 */
INSERT  INTO sys_role("ID","NAME","ROLE_EXPLAIN","ROLE_TYPE","CREATE_TIME","CREATE_USER","UPDATE_TIME","REMARK","APP_ID","DATA_VERSION") VALUES ('businessadmin','单一业务管理员',NULL,4,NULL,NULL,NULL,NULL,'platform',0);

comment on column SYS_ROLE."ROLE_TYPE" is '角色类型(1租户系统管理员,2租户安全保密员,3租户安全审计员,4单一业务管理员)(11集团系统管理员,22集团安全保密员,33集团安全审计员,44集团超级管理员)(111应用系统管理员,222应用安全保密员,333应用安全审计员,444应用超级管理员)';

comment on column sys_user."USER_TYPE" is '用户类型（0租户管理员,1集团管理员,11待激活的集团管理员,111未分配的集团管理员,2应用管理员,22待激活的应用管理员,222未分配的应用管理员,3普通用户,4开发平台管理员，5单一业务管理员,55待激活的单一业务管理员,555未分配的单一业务管理员）';



insert into SYS_AUTH_ROLE ("ID", "AUTH_ID", "ROLE_ID", "SIGN", "IS_REVOKE", "CREATE_USER", "CREATE_TIME", "UPDATE_TIME", "REMARK", "AUTH_NAME", "ROLE_NAME", "TRACE_ID") values('businessef32403dbf9dc989d0651129','ac2a8ce16a614324b5ed4e9c24e7e905','businessadmin',NULL,'0',NULL,NULL,NULL,NULL,'应用管理','单一业务管理员',NULL);
insert into SYS_AUTH_ROLE ("ID", "AUTH_ID", "ROLE_ID", "SIGN", "IS_REVOKE", "CREATE_USER", "CREATE_TIME", "UPDATE_TIME", "REMARK", "AUTH_NAME", "ROLE_NAME", "TRACE_ID") values('businessef32403dbf9dc989d0651130','ac2a8ce16a614324b5ed4e9c24e7e111','businessadmin',NULL,'0',NULL,NULL,NULL,NULL,'应用管理维护','单一业务管理员',NULL);
insert into SYS_AUTH_ROLE ("ID", "AUTH_ID", "ROLE_ID", "SIGN", "IS_REVOKE", "CREATE_USER", "CREATE_TIME", "UPDATE_TIME", "REMARK", "AUTH_NAME", "ROLE_NAME", "TRACE_ID") values('businessef32403dbf9dc989d0651131','a16344b1790e41e98615f6cd19587573','businessadmin',NULL,'0',NULL,NULL,NULL,NULL,'业务单元','单一业务管理员',NULL);
insert into SYS_AUTH_ROLE ("ID", "AUTH_ID", "ROLE_ID", "SIGN", "IS_REVOKE", "CREATE_USER", "CREATE_TIME", "UPDATE_TIME", "REMARK", "AUTH_NAME", "ROLE_NAME", "TRACE_ID") values('businessef32403dbf9dc989d0651132','a16344b1790e41e98615f6cd19587111','businessadmin',NULL,'0',NULL,NULL,NULL,NULL,'业务单元维护','单一业务管理员',NULL);
insert into SYS_AUTH_ROLE ("ID", "AUTH_ID", "ROLE_ID", "SIGN", "IS_REVOKE", "CREATE_USER", "CREATE_TIME", "UPDATE_TIME", "REMARK", "AUTH_NAME", "ROLE_NAME", "TRACE_ID") values('businessef32403dbf9dc989d0651133','5e80ace300d54486814ee84c1fb29a3a','businessadmin',NULL,'0',NULL,NULL,NULL,NULL,'部门管理','单一业务管理员',NULL);
insert into SYS_AUTH_ROLE ("ID", "AUTH_ID", "ROLE_ID", "SIGN", "IS_REVOKE", "CREATE_USER", "CREATE_TIME", "UPDATE_TIME", "REMARK", "AUTH_NAME", "ROLE_NAME", "TRACE_ID") values('businessef32403dbf9dc989d0651134','5e80ace300d54486814ee84c1fb29111','businessadmin',NULL,'0',NULL,NULL,NULL,NULL,'部门管理维护','单一业务管理员',NULL);
insert into SYS_AUTH_ROLE ("ID", "AUTH_ID", "ROLE_ID", "SIGN", "IS_REVOKE", "CREATE_USER", "CREATE_TIME", "UPDATE_TIME", "REMARK", "AUTH_NAME", "ROLE_NAME", "TRACE_ID") values('businessef32403dbf9dc989d0651135','a16344b1790e41e98615f6cd19587571','businessadmin',NULL,'0',NULL,NULL,NULL,NULL,'人员管理','单一业务管理员',NULL);
insert into SYS_AUTH_ROLE ("ID", "AUTH_ID", "ROLE_ID", "SIGN", "IS_REVOKE", "CREATE_USER", "CREATE_TIME", "UPDATE_TIME", "REMARK", "AUTH_NAME", "ROLE_NAME", "TRACE_ID") values('businessef32403dbf9dc989d0651136','a16344b1790e41e98615f6cd19587112','businessadmin',NULL,'0',NULL,NULL,NULL,NULL,'人员管理维护','单一业务管理员',NULL);
insert into SYS_AUTH_ROLE ("ID", "AUTH_ID", "ROLE_ID", "SIGN", "IS_REVOKE", "CREATE_USER", "CREATE_TIME", "UPDATE_TIME", "REMARK", "AUTH_NAME", "ROLE_NAME", "TRACE_ID") values('businessef32403dbf9dc989d0651137','b50cbc8a2b0645729848403093f4246f','businessadmin',NULL,'0',NULL,NULL,NULL,NULL,'用户管理','单一业务管理员',NULL);
insert into SYS_AUTH_ROLE ("ID", "AUTH_ID", "ROLE_ID", "SIGN", "IS_REVOKE", "CREATE_USER", "CREATE_TIME", "UPDATE_TIME", "REMARK", "AUTH_NAME", "ROLE_NAME", "TRACE_ID") values('businessef32403dbf9dc989d0651138','b50cbc8a2b0645729848403093f42111','businessadmin',NULL,'0',NULL,NULL,NULL,NULL,'用户管理维护','单一业务管理员',NULL);
insert into SYS_AUTH_ROLE ("ID", "AUTH_ID", "ROLE_ID", "SIGN", "IS_REVOKE", "CREATE_USER", "CREATE_TIME", "UPDATE_TIME", "REMARK", "AUTH_NAME", "ROLE_NAME", "TRACE_ID") values('businessef32403dbf9dc989d0651184','bc316279a4a9416a8e20019821e640af','businessadmin',NULL,'0',NULL,NULL,NULL,NULL,'组织架构管理','单一业务管理员',NULL);
insert into SYS_AUTH_ROLE ("ID", "AUTH_ID", "ROLE_ID", "SIGN", "IS_REVOKE", "CREATE_USER", "CREATE_TIME", "UPDATE_TIME", "REMARK", "AUTH_NAME", "ROLE_NAME", "TRACE_ID") values('businessef32403dbf9dc989d0651199','04d7893c4a4d4345b18b0789af13753f','businessadmin',NULL,'0',NULL,NULL,NULL,NULL,'审计日志','单一业务管理员',NULL);
insert into SYS_AUTH_ROLE ("ID", "AUTH_ID", "ROLE_ID", "SIGN", "IS_REVOKE", "CREATE_USER", "CREATE_TIME", "UPDATE_TIME", "REMARK", "AUTH_NAME", "ROLE_NAME", "TRACE_ID") values('businessef32403dbf9dc989d0651225','11116279a4a9416a8e20019821e61111','businessadmin',NULL,'0',NULL,NULL,NULL,NULL,'工作日历','单一业务管理员',NULL);
insert into SYS_AUTH_ROLE ("ID", "AUTH_ID", "ROLE_ID", "SIGN", "IS_REVOKE", "CREATE_USER", "CREATE_TIME", "UPDATE_TIME", "REMARK", "AUTH_NAME", "ROLE_NAME", "TRACE_ID") values('businessef32403dbf9dc989d0651241','a16344b1790e41e98615f6cd19587572','businessadmin',NULL,'0',NULL,NULL,NULL,NULL,'岗位管理','单一业务管理员',NULL);
insert into SYS_AUTH_ROLE ("ID", "AUTH_ID", "ROLE_ID", "SIGN", "IS_REVOKE", "CREATE_USER", "CREATE_TIME", "UPDATE_TIME", "REMARK", "AUTH_NAME", "ROLE_NAME", "TRACE_ID") values('businessef32403dbf9dc989d0651242','a16344b1790e41e98615f6cd1958757r','businessadmin',NULL,'0',NULL,NULL,NULL,NULL,'职务管理','单一业务管理员',NULL);
insert into SYS_AUTH_ROLE ("ID", "AUTH_ID", "ROLE_ID", "SIGN", "IS_REVOKE", "CREATE_USER", "CREATE_TIME", "UPDATE_TIME", "REMARK", "AUTH_NAME", "ROLE_NAME", "TRACE_ID") values('businessea4a4e54acdaff4c84bb8370','19ea2ad7ea4a4e54acdaff4c84bb8370','businessadmin',NULL,'0',NULL,NULL,NULL,NULL,'应用运行日志','单一业务管理员',NULL);
insert into SYS_AUTH_ROLE ("ID", "AUTH_ID", "ROLE_ID", "SIGN", "IS_REVOKE", "CREATE_USER", "CREATE_TIME", "UPDATE_TIME", "REMARK", "AUTH_NAME", "ROLE_NAME", "TRACE_ID") values('businessea4a4e54acdaff4c84bb8371','99ea2ad7ea4a4e54acdaff4c84bb8371','businessadmin',NULL,'0',NULL,NULL,NULL,NULL,'运行日志','单一业务管理员',NULL);
insert into SYS_AUTH_ROLE ("ID", "AUTH_ID", "ROLE_ID", "SIGN", "IS_REVOKE", "CREATE_USER", "CREATE_TIME", "UPDATE_TIME", "REMARK", "AUTH_NAME", "ROLE_NAME", "TRACE_ID") values('businessa4a4e54acdaff4yhmzq8370','vbnmhd7ea4a4e54acdaff4yhmzq8370','businessadmin',NULL,'0',NULL,NULL,NULL,NULL,'小程序管理','单一业务管理员',NULL);
insert into SYS_AUTH_ROLE ("ID", "AUTH_ID", "ROLE_ID", "SIGN", "IS_REVOKE", "CREATE_USER", "CREATE_TIME", "UPDATE_TIME", "REMARK", "AUTH_NAME", "ROLE_NAME", "TRACE_ID") values('business04344d37929abd4ad9a1dg12','4599ba3204344d37929abd4ad9a1dgth','businessadmin',NULL,'0',NULL,NULL,NULL,NULL,NULL,'单一业务管理员',NULL);
insert into SYS_AUTH_ROLE ("ID", "AUTH_ID", "ROLE_ID", "SIGN", "IS_REVOKE", "CREATE_USER", "CREATE_TIME", "UPDATE_TIME", "REMARK", "AUTH_NAME", "ROLE_NAME", "TRACE_ID") values('business04344d37929abd4ad9a1dg32','7784ba3204344d37929abd4ad9a1dgth','businessadmin',NULL,'0',NULL,NULL,NULL,NULL,NULL,'单一业务管理员',NULL);
insert into SYS_AUTH_ROLE ("ID", "AUTH_ID", "ROLE_ID", "SIGN", "IS_REVOKE", "CREATE_USER", "CREATE_TIME", "UPDATE_TIME", "REMARK", "AUTH_NAME", "ROLE_NAME", "TRACE_ID") values('business04344d37929abd4ad9a1dg43','8234ba3204344d37929abd4ad9a1dgth','businessadmin',NULL,'0',NULL,NULL,NULL,NULL,NULL,'单一业务管理员',NULL);
insert into SYS_AUTH_ROLE ("ID", "AUTH_ID", "ROLE_ID", "SIGN", "IS_REVOKE", "CREATE_USER", "CREATE_TIME", "UPDATE_TIME", "REMARK", "AUTH_NAME", "ROLE_NAME", "TRACE_ID") values('business04344d37929abd4ad9a1dgth','4599ba3204344d37929abd4ad9a1dgth','businessadmin',NULL,'0',NULL,NULL,NULL,NULL,NULL,'单一业务管理员',NULL);
insert into SYS_AUTH_ROLE ("ID", "AUTH_ID", "ROLE_ID", "SIGN", "IS_REVOKE", "CREATE_USER", "CREATE_TIME", "UPDATE_TIME", "REMARK", "AUTH_NAME", "ROLE_NAME", "TRACE_ID") values('business7a3249d6ad180da0b4681113','1160858109884c5095eed968472c0236','businessadmin',NULL,'0',NULL,NULL,NULL,NULL,'应用级字典维护','单一业务管理员',NULL);
insert into SYS_AUTH_ROLE ("ID", "AUTH_ID", "ROLE_ID", "SIGN", "IS_REVOKE", "CREATE_USER", "CREATE_TIME", "UPDATE_TIME", "REMARK", "AUTH_NAME", "ROLE_NAME", "TRACE_ID") values('businessa4a4e54acdaff4yhmzq83cc','0745867ea4a4e54acdaff4yhmzq8370','businessadmin',NULL,'0',NULL,NULL,NULL,NULL,NULL,'单一业务管理员',NULL);
insert into SYS_AUTH_ROLE ("ID", "AUTH_ID", "ROLE_ID", "SIGN", "IS_REVOKE", "CREATE_USER", "CREATE_TIME", "UPDATE_TIME", "REMARK", "AUTH_NAME", "ROLE_NAME", "TRACE_ID") values('businessa4a4e54acdaff4yhmzq8371','1275967ea4a4e54acdaff4yhmzq8370','businessadmin',NULL,'0',NULL,NULL,NULL,NULL,NULL,'单一业务管理员',NULL);
insert into SYS_AUTH_ROLE ("ID", "AUTH_ID", "ROLE_ID", "SIGN", "IS_REVOKE", "CREATE_USER", "CREATE_TIME", "UPDATE_TIME", "REMARK", "AUTH_NAME", "ROLE_NAME", "TRACE_ID") values('businessa4a4e54acdaff4yhmzq8373','byasmd7ea4a4e54acdaff4yhmzq8370','businessadmin',NULL,'0',NULL,NULL,NULL,NULL,NULL,'单一业务管理员',NULL);
insert into SYS_AUTH_ROLE ("ID", "AUTH_ID", "ROLE_ID", "SIGN", "IS_REVOKE", "CREATE_USER", "CREATE_TIME", "UPDATE_TIME", "REMARK", "AUTH_NAME", "ROLE_NAME", "TRACE_ID") values('businessa4a4e54acdaff4yhmzq8374','c789567ea4a4e54acdaff4yhmzq8370','businessadmin',NULL,'0',NULL,NULL,NULL,NULL,NULL,'单一业务管理员',NULL);
insert into SYS_AUTH_ROLE ("ID", "AUTH_ID", "ROLE_ID", "SIGN", "IS_REVOKE", "CREATE_USER", "CREATE_TIME", "UPDATE_TIME", "REMARK", "AUTH_NAME", "ROLE_NAME", "TRACE_ID") values('businessa4a4e54acdaff4yhmzq8375','bnuimd7ea4a4e54acdaff4yhmzq8370','businessadmin',NULL,'0',NULL,NULL,NULL,NULL,'消息模板','单一业务管理员',NULL);
insert into SYS_AUTH_ROLE ("ID", "AUTH_ID", "ROLE_ID", "SIGN", "IS_REVOKE", "CREATE_USER", "CREATE_TIME", "UPDATE_TIME", "REMARK", "AUTH_NAME", "ROLE_NAME", "TRACE_ID") values('businessaoxi4d37929abd4ad9a1dgth','dapingxiaoxi4d37929abd4ad9a1dgth','businessadmin',NULL,'0',NULL,NULL,NULL,NULL,NULL,'单一业务管理员',NULL);
insert into SYS_AUTH_ROLE ("ID", "AUTH_ID", "ROLE_ID", "SIGN", "IS_REVOKE", "CREATE_USER", "CREATE_TIME", "UPDATE_TIME", "REMARK", "AUTH_NAME", "ROLE_NAME", "TRACE_ID") values('businessea4a4e54acdaff4c84bb83qq','19ea2ad7ea4a4e54acdaff4yhmzq8370','businessadmin',NULL,'0',NULL,NULL,NULL,NULL,'组件注册','单一业务管理员',NULL);
insert into SYS_AUTH_ROLE ("ID", "AUTH_ID", "ROLE_ID", "SIGN", "IS_REVOKE", "CREATE_USER", "CREATE_TIME", "UPDATE_TIME", "REMARK", "AUTH_NAME", "ROLE_NAME", "TRACE_ID") values('businessea4a4e54acdaff4c84bb8379','19ea2ad7ea4a4e54acdaff4yhmzq8370','businessadmin',NULL,'0',NULL,NULL,NULL,NULL,'组件注册','单一业务管理员',NULL);
insert into SYS_AUTH_ROLE ("ID", "AUTH_ID", "ROLE_ID", "SIGN", "IS_REVOKE", "CREATE_USER", "CREATE_TIME", "UPDATE_TIME", "REMARK", "AUTH_NAME", "ROLE_NAME", "TRACE_ID") values('businessef32403dbf9dc989d0651139','39e1b3ec3d6e483b86c4923ea64cfeee','businessadmin',NULL,'0',NULL,NULL,NULL,NULL,'数据源管理','单一业务管理员',NULL);
insert into SYS_AUTH_ROLE ("ID", "AUTH_ID", "ROLE_ID", "SIGN", "IS_REVOKE", "CREATE_USER", "CREATE_TIME", "UPDATE_TIME", "REMARK", "AUTH_NAME", "ROLE_NAME", "TRACE_ID") values('businessef32403dbf9dc989d0651140','39e1b3ec3d6e483b86c4923ea64cf111','businessadmin',NULL,'0',NULL,NULL,NULL,NULL,'数据源管理维护','单一业务管理员',NULL);
insert into SYS_AUTH_ROLE ("ID", "AUTH_ID", "ROLE_ID", "SIGN", "IS_REVOKE", "CREATE_USER", "CREATE_TIME", "UPDATE_TIME", "REMARK", "AUTH_NAME", "ROLE_NAME", "TRACE_ID") values('businessef32403dbf9dc989d0651147','ac2a8ce16a614324b5ed4e9c24e7e904','businessadmin',NULL,'0',NULL,NULL,NULL,NULL,'系统配置项管理','单一业务管理员',NULL);
insert into SYS_AUTH_ROLE ("ID", "AUTH_ID", "ROLE_ID", "SIGN", "IS_REVOKE", "CREATE_USER", "CREATE_TIME", "UPDATE_TIME", "REMARK", "AUTH_NAME", "ROLE_NAME", "TRACE_ID") values('businessef32403dbf9dc989d0651148','ac2a8ce16a614324b5ed4e9c24e71113','businessadmin',NULL,'0',NULL,NULL,NULL,NULL,'应用配置项维护','单一业务管理员',NULL);
insert into SYS_AUTH_ROLE ("ID", "AUTH_ID", "ROLE_ID", "SIGN", "IS_REVOKE", "CREATE_USER", "CREATE_TIME", "UPDATE_TIME", "REMARK", "AUTH_NAME", "ROLE_NAME", "TRACE_ID") values('businessef32403dbf9dc989d0651149','ffc03579b06a4b7fae6c51c9ff48b311','businessadmin',NULL,'0',NULL,NULL,NULL,NULL,'附件配置项管理','单一业务管理员',NULL);
insert into SYS_AUTH_ROLE ("ID", "AUTH_ID", "ROLE_ID", "SIGN", "IS_REVOKE", "CREATE_USER", "CREATE_TIME", "UPDATE_TIME", "REMARK", "AUTH_NAME", "ROLE_NAME", "TRACE_ID") values('businessef32403dbf9dc989d0651151','131e140bc2bd4361af5ee488f92b22ad','businessadmin',NULL,'0',NULL,NULL,NULL,NULL,'字典管理','单一业务管理员',NULL);
insert into SYS_AUTH_ROLE ("ID", "AUTH_ID", "ROLE_ID", "SIGN", "IS_REVOKE", "CREATE_USER", "CREATE_TIME", "UPDATE_TIME", "REMARK", "AUTH_NAME", "ROLE_NAME", "TRACE_ID") values('businessef32403dbf9dc989d0651153','8bc5761a4d8d49e680515bc50f4baad1','businessadmin',NULL,'0',NULL,NULL,NULL,NULL,'菜单管理','单一业务管理员',NULL);
insert into SYS_AUTH_ROLE ("ID", "AUTH_ID", "ROLE_ID", "SIGN", "IS_REVOKE", "CREATE_USER", "CREATE_TIME", "UPDATE_TIME", "REMARK", "AUTH_NAME", "ROLE_NAME", "TRACE_ID") values('businessef32403dbf9dc989d0651154','8bc5761a4d8d49e680515bc50f4ba111','businessadmin',NULL,'0',NULL,NULL,NULL,NULL,'菜单管理维护','单一业务管理员',NULL);
insert into SYS_AUTH_ROLE ("ID", "AUTH_ID", "ROLE_ID", "SIGN", "IS_REVOKE", "CREATE_USER", "CREATE_TIME", "UPDATE_TIME", "REMARK", "AUTH_NAME", "ROLE_NAME", "TRACE_ID") values('businessef32403dbf9dc989d0651155','39e1b3ec3d6e483b86c4923ea64cfdd0','businessadmin',NULL,'0',NULL,NULL,NULL,NULL,'权限定义','单一业务管理员',NULL);
insert into SYS_AUTH_ROLE ("ID", "AUTH_ID", "ROLE_ID", "SIGN", "IS_REVOKE", "CREATE_USER", "CREATE_TIME", "UPDATE_TIME", "REMARK", "AUTH_NAME", "ROLE_NAME", "TRACE_ID") values('businessef32403dbf9dc989d0651156','39e1b3ec3d6e483b86c4923ea64c1111','businessadmin',NULL,'0',NULL,NULL,NULL,NULL,'权限管理维护','单一业务管理员',NULL);
insert into SYS_AUTH_ROLE ("ID", "AUTH_ID", "ROLE_ID", "SIGN", "IS_REVOKE", "CREATE_USER", "CREATE_TIME", "UPDATE_TIME", "REMARK", "AUTH_NAME", "ROLE_NAME", "TRACE_ID") values('businessef32403dbf9dc989d0651157','8d4d2caee7f548889988da2747dfaa4a','businessadmin',NULL,'0',NULL,NULL,NULL,NULL,'角色管理','单一业务管理员',NULL);
insert into SYS_AUTH_ROLE ("ID", "AUTH_ID", "ROLE_ID", "SIGN", "IS_REVOKE", "CREATE_USER", "CREATE_TIME", "UPDATE_TIME", "REMARK", "AUTH_NAME", "ROLE_NAME", "TRACE_ID") values('businessef32403dbf9dc989d0651158','39e1b3ec3d6e483b86c4923ea64c1112','businessadmin',NULL,'0',NULL,NULL,NULL,NULL,'指定权限绑定api资源权限','单一业务管理员',NULL);
insert into SYS_AUTH_ROLE ("ID", "AUTH_ID", "ROLE_ID", "SIGN", "IS_REVOKE", "CREATE_USER", "CREATE_TIME", "UPDATE_TIME", "REMARK", "AUTH_NAME", "ROLE_NAME", "TRACE_ID") values('businessef32403dbf9dc989d0651164','334qb3ec3d6e483b86c4923ea64cf112','businessadmin',NULL,'0',NULL,NULL,NULL,NULL,'用户授权激活','单一业务管理员',NULL);
insert into SYS_AUTH_ROLE ("ID", "AUTH_ID", "ROLE_ID", "SIGN", "IS_REVOKE", "CREATE_USER", "CREATE_TIME", "UPDATE_TIME", "REMARK", "AUTH_NAME", "ROLE_NAME", "TRACE_ID") values('businessef32403dbf9dc989d0651170','456wb3ec3d6e483b86c4923ea64cf112','businessadmin',NULL,'0',NULL,NULL,NULL,NULL,'角色授权激活','单一业务管理员',NULL);
insert into SYS_AUTH_ROLE ("ID", "AUTH_ID", "ROLE_ID", "SIGN", "IS_REVOKE", "CREATE_USER", "CREATE_TIME", "UPDATE_TIME", "REMARK", "AUTH_NAME", "ROLE_NAME", "TRACE_ID") values('businessef32403dbf9dc989d0651174','67yub3ec3d6e483b86c4923ea64cf112','businessadmin',NULL,'0',NULL,NULL,NULL,NULL,'权限授权激活','单一业务管理员',NULL);
insert into SYS_AUTH_ROLE ("ID", "AUTH_ID", "ROLE_ID", "SIGN", "IS_REVOKE", "CREATE_USER", "CREATE_TIME", "UPDATE_TIME", "REMARK", "AUTH_NAME", "ROLE_NAME", "TRACE_ID") values('businessef32403dbf9dc989d0651189','11316279a4a9416a8e20019821e640af','businessadmin',NULL,'0',NULL,NULL,NULL,NULL,'配置管理','单一业务管理员',NULL);
insert into SYS_AUTH_ROLE ("ID", "AUTH_ID", "ROLE_ID", "SIGN", "IS_REVOKE", "CREATE_USER", "CREATE_TIME", "UPDATE_TIME", "REMARK", "AUTH_NAME", "ROLE_NAME", "TRACE_ID") values('businessef32403dbf9dc989d0651190','e3b15ac90286450fbe5a721c9f542451','businessadmin',NULL,'0',NULL,NULL,NULL,NULL,'系统管理','单一业务管理员',NULL);
insert into SYS_AUTH_ROLE ("ID", "AUTH_ID", "ROLE_ID", "SIGN", "IS_REVOKE", "CREATE_USER", "CREATE_TIME", "UPDATE_TIME", "REMARK", "AUTH_NAME", "ROLE_NAME", "TRACE_ID") values('businessef32403dbf9dc989d0651192','11erb3ec3d6e483b86c4923ea64cfdd0','businessadmin',NULL,'0',NULL,NULL,NULL,NULL,'授权管理','单一业务管理员',NULL);
insert into SYS_AUTH_ROLE ("ID", "AUTH_ID", "ROLE_ID", "SIGN", "IS_REVOKE", "CREATE_USER", "CREATE_TIME", "UPDATE_TIME", "REMARK", "AUTH_NAME", "ROLE_NAME", "TRACE_ID") values('businessef32403dbf9dc989d0651213','e3b15ac90286450fbe5a721c9f542433','businessadmin',NULL,'0',NULL,NULL,NULL,NULL,'首页','单一业务管理员',NULL);
insert into SYS_AUTH_ROLE ("ID", "AUTH_ID", "ROLE_ID", "SIGN", "IS_REVOKE", "CREATE_USER", "CREATE_TIME", "UPDATE_TIME", "REMARK", "AUTH_NAME", "ROLE_NAME", "TRACE_ID") values('businessef32403dbf9dc989d0651224','22316279a4a9416a8e20019821e640af','businessadmin',NULL,'0',NULL,NULL,NULL,NULL,'定时任务','单一业务管理员',NULL);
insert into SYS_AUTH_ROLE ("ID", "AUTH_ID", "ROLE_ID", "SIGN", "IS_REVOKE", "CREATE_USER", "CREATE_TIME", "UPDATE_TIME", "REMARK", "AUTH_NAME", "ROLE_NAME", "TRACE_ID") values('businessef32403dbf9dc989d0651227','3333ba3204344d37929abd4ad9a12222','businessadmin',NULL,'0',NULL,NULL,NULL,NULL,'工作流程','单一业务管理员',NULL);
insert into SYS_AUTH_ROLE ("ID", "AUTH_ID", "ROLE_ID", "SIGN", "IS_REVOKE", "CREATE_USER", "CREATE_TIME", "UPDATE_TIME", "REMARK", "AUTH_NAME", "ROLE_NAME", "TRACE_ID") values('businessef32403dbf9dc989d0651228','3456ba3204344d37929abd4ad9a15678','businessadmin',NULL,'0',NULL,NULL,NULL,NULL,'流程定义','单一业务管理员',NULL);
insert into SYS_AUTH_ROLE ("ID", "AUTH_ID", "ROLE_ID", "SIGN", "IS_REVOKE", "CREATE_USER", "CREATE_TIME", "UPDATE_TIME", "REMARK", "AUTH_NAME", "ROLE_NAME", "TRACE_ID") values('businessef32403dbf9dc989d0651229','7756ba3204344d37929abd4ad9a15699','businessadmin',NULL,'0',NULL,NULL,NULL,NULL,'全局变量','单一业务管理员',NULL);
insert into SYS_AUTH_ROLE ("ID", "AUTH_ID", "ROLE_ID", "SIGN", "IS_REVOKE", "CREATE_USER", "CREATE_TIME", "UPDATE_TIME", "REMARK", "AUTH_NAME", "ROLE_NAME", "TRACE_ID") values('businessef32403dbf9dc989d0651230','1116ba3204344d37929abd4ad9a15222','businessadmin',NULL,'0',NULL,NULL,NULL,NULL,'全局规则','单一业务管理员',NULL);
insert into SYS_AUTH_ROLE ("ID", "AUTH_ID", "ROLE_ID", "SIGN", "IS_REVOKE", "CREATE_USER", "CREATE_TIME", "UPDATE_TIME", "REMARK", "AUTH_NAME", "ROLE_NAME", "TRACE_ID") values('businessef32403dbf9dc989d0651243','twerba3204344d37929abd4ad9a1dfgh','businessadmin',NULL,'0',NULL,NULL,NULL,NULL,'数据展示','单一业务管理员',NULL);
insert into SYS_AUTH_ROLE ("ID", "AUTH_ID", "ROLE_ID", "SIGN", "IS_REVOKE", "CREATE_USER", "CREATE_TIME", "UPDATE_TIME", "REMARK", "AUTH_NAME", "ROLE_NAME", "TRACE_ID") values('businessef32403dbf9dc989d0651244','1234ba3204344d37929abd4ad9a1dgth','businessadmin',NULL,'0',NULL,NULL,NULL,NULL,'业务类型','单一业务管理员',NULL);
insert into SYS_AUTH_ROLE ("ID", "AUTH_ID", "ROLE_ID", "SIGN", "IS_REVOKE", "CREATE_USER", "CREATE_TIME", "UPDATE_TIME", "REMARK", "AUTH_NAME", "ROLE_NAME", "TRACE_ID") values('businessef32403dbf9dc989d0651245','2234ba3204344d37929abd4ad9a1dgth','businessadmin',NULL,'0',NULL,NULL,NULL,NULL,'报表设计','单一业务管理员',NULL);
insert into SYS_AUTH_ROLE ("ID", "AUTH_ID", "ROLE_ID", "SIGN", "IS_REVOKE", "CREATE_USER", "CREATE_TIME", "UPDATE_TIME", "REMARK", "AUTH_NAME", "ROLE_NAME", "TRACE_ID") values('businessef32403dbf9dc989d0651246','3234ba3204344d37929abd4ad9a1dgth','businessadmin',NULL,'0',NULL,NULL,NULL,NULL,'报表浏览','单一业务管理员',NULL);
insert into SYS_AUTH_ROLE ("ID", "AUTH_ID", "ROLE_ID", "SIGN", "IS_REVOKE", "CREATE_USER", "CREATE_TIME", "UPDATE_TIME", "REMARK", "AUTH_NAME", "ROLE_NAME", "TRACE_ID") values('businessef32403dbf9dc989d0651250','45676279a4a9416a8e20019821e6ghjk','businessadmin',NULL,'0',NULL,NULL,NULL,NULL,'消息通道','单一业务管理员',NULL);
insert into SYS_AUTH_ROLE ("ID", "AUTH_ID", "ROLE_ID", "SIGN", "IS_REVOKE", "CREATE_USER", "CREATE_TIME", "UPDATE_TIME", "REMARK", "AUTH_NAME", "ROLE_NAME", "TRACE_ID") values('businessef32403dbf9dc989d0651251','yut76279a4a9416a8e20019821e6g45t','businessadmin',NULL,'0',NULL,NULL,NULL,NULL,NULL,'单一业务管理员',NULL);
INSERT INTO SYS_AUTH_ROLE ("ID", "AUTH_ID", "ROLE_ID", "SIGN", "IS_REVOKE", "CREATE_USER", "CREATE_TIME", "UPDATE_TIME", "REMARK", "AUTH_NAME", "ROLE_NAME", "TRACE_ID") VALUES('businessef32403dbf9dc989d0651165','334qb3ec3d6e483b86c4923ea64cfdd0','businessadmin',NULL,'0',NULL,NULL,NULL,NULL,'用户授权',NULL,NULL);
INSERT INTO SYS_AUTH_ROLE ("ID", "AUTH_ID", "ROLE_ID", "SIGN", "IS_REVOKE", "CREATE_USER", "CREATE_TIME", "UPDATE_TIME", "REMARK", "AUTH_NAME", "ROLE_NAME", "TRACE_ID") VALUES('businessef32403dbf9dc989d0651166','334qb3ec3d6e483b86c4923ea64cf111','businessadmin',NULL,'0',NULL,NULL,NULL,NULL,'用户授权保存',NULL,NULL);
INSERT INTO SYS_AUTH_ROLE ("ID", "AUTH_ID", "ROLE_ID", "SIGN", "IS_REVOKE", "CREATE_USER", "CREATE_TIME", "UPDATE_TIME", "REMARK", "AUTH_NAME", "ROLE_NAME", "TRACE_ID") VALUES('businessef32403dbf9dc989d0651167','334qb3ec3d6e483b86c4923ea64cf113','businessadmin',NULL,'0',NULL,NULL,NULL,NULL,'指定用户权限管控的组织范围',NULL,NULL);
INSERT INTO SYS_AUTH_ROLE ("ID", "AUTH_ID", "ROLE_ID", "SIGN", "IS_REVOKE", "CREATE_USER", "CREATE_TIME", "UPDATE_TIME", "REMARK", "AUTH_NAME", "ROLE_NAME", "TRACE_ID") VALUES('businessef32403dbf9dc989d0651168','334qb3ec3d6e483b86c4923ea64cf114','businessadmin',NULL,'0',NULL,NULL,NULL,NULL,'指定用户权限管控的用户组范围',NULL,NULL);
INSERT INTO SYS_AUTH_ROLE ("ID", "AUTH_ID", "ROLE_ID", "SIGN", "IS_REVOKE", "CREATE_USER", "CREATE_TIME", "UPDATE_TIME", "REMARK", "AUTH_NAME", "ROLE_NAME", "TRACE_ID") VALUES('businessef32403dbf9dc989d0651171','456wb3ec3d6e483b86c4923ea64cfdd0','businessadmin',NULL,'0',NULL,NULL,NULL,NULL,'角色授权',NULL,NULL);
INSERT INTO SYS_AUTH_ROLE ("ID", "AUTH_ID", "ROLE_ID", "SIGN", "IS_REVOKE", "CREATE_USER", "CREATE_TIME", "UPDATE_TIME", "REMARK", "AUTH_NAME", "ROLE_NAME", "TRACE_ID") VALUES('businessef32403dbf9dc989d0651172','456wb3ec3d6e483b86c4923ea64cf111','businessadmin',NULL,'0',NULL,NULL,NULL,NULL,'角色授权保存',NULL,NULL);
INSERT INTO SYS_AUTH_ROLE ("ID", "AUTH_ID", "ROLE_ID", "SIGN", "IS_REVOKE", "CREATE_USER", "CREATE_TIME", "UPDATE_TIME", "REMARK", "AUTH_NAME", "ROLE_NAME", "TRACE_ID") VALUES('businessef32403dbf9dc989d0651175','67yub3ec3d6e483b86c4923ea64cfdd0','businessadmin',NULL,'0',NULL,NULL,NULL,NULL,'权限授权',NULL,NULL);
INSERT INTO SYS_AUTH_ROLE ("ID", "AUTH_ID", "ROLE_ID", "SIGN", "IS_REVOKE", "CREATE_USER", "CREATE_TIME", "UPDATE_TIME", "REMARK", "AUTH_NAME", "ROLE_NAME", "TRACE_ID") VALUES('businessef32403dbf9dc989d0651176','67yub3ec3d6e483b86c4923ea64cf111','businessadmin',NULL,'0',NULL,NULL,NULL,NULL,'权限授权保存',NULL,NULL);
INSERT INTO SYS_AUTH_ROLE ("ID", "AUTH_ID", "ROLE_ID", "SIGN", "IS_REVOKE", "CREATE_USER", "CREATE_TIME", "UPDATE_TIME", "REMARK", "AUTH_NAME", "ROLE_NAME", "TRACE_ID") VALUES('businessef32403dbf9dc989d0651193','04d7893c4a4d4345b18b0789af13753f','businessadmin',NULL,'0',NULL,NULL,NULL,NULL,'审计日志',NULL,NULL);
INSERT INTO SYS_AUTH_ROLE ("ID", "AUTH_ID", "ROLE_ID", "SIGN", "IS_REVOKE", "CREATE_USER", "CREATE_TIME", "UPDATE_TIME", "REMARK", "AUTH_NAME", "ROLE_NAME", "TRACE_ID") VALUES('businessef32403dbf9dc989d0651234','tyuub3ec3d6e483b86c4923ea64cfwe5','businessadmin',NULL,'0',NULL,NULL,NULL,NULL,'角色分配',NULL,NULL);
INSERT INTO SYS_AUTH_ROLE ("ID", "AUTH_ID", "ROLE_ID", "SIGN", "IS_REVOKE", "CREATE_USER", "CREATE_TIME", "UPDATE_TIME", "REMARK", "AUTH_NAME", "ROLE_NAME", "TRACE_ID") VALUES('businessea4a4e54acdaff4c84bb83qw','19ea2ad7ea4a4e54acdaff4c84bb8370','businessadmin',NULL,'0',NULL,NULL,NULL,NULL,'应用运行日志',NULL,NULL);
INSERT INTO SYS_AUTH_ROLE ("ID", "AUTH_ID", "ROLE_ID", "SIGN", "IS_REVOKE", "CREATE_USER", "CREATE_TIME", "UPDATE_TIME", "REMARK", "AUTH_NAME", "ROLE_NAME", "TRACE_ID") VALUES('businessef32403dbf9dc989d0651254','frggb3ec3d6e483b86c4923ea64cvbnu','businessadmin',NULL,'0',NULL,NULL,NULL,NULL,'角色审计',NULL,NULL);
INSERT INTO SYS_AUTH_ROLE ("ID", "AUTH_ID", "ROLE_ID", "SIGN", "IS_REVOKE", "CREATE_USER", "CREATE_TIME", "UPDATE_TIME", "REMARK", "AUTH_NAME", "ROLE_NAME", "TRACE_ID") VALUES('businessef32403dbf9dc989d0651255','hjuub3ec3d6e483b86c4923ea64cnmui','businessadmin',NULL,'0',NULL,NULL,NULL,NULL,'授权审计',NULL,NULL);


INSERT  INTO sys_auth_role_lv("ID","VERSION_NO","IS_LAST_VERSION","VERSION_BEGIN_TIME","VERSION_END_TIME","VERSION_BEGIN_USER_ID","VERSION_END_USER_ID","ROLE_ID") VALUES ('businessadmin',1,1,NULL,NULL,NULL,NULL,'businessadmin');



insert into SYS_AUTH_ROLE_V ("ID", "AUTH_ID", "ROLE_ID", "SIGN", "IS_REVOKE", "CREATE_USER", "CREATE_TIME", "UPDATE_TIME", "REMARK", "AUTH_NAME", "LV_ID", "TRACE_ID") values('businessef32403dbf9dc989d0651129','ac2a8ce16a614324b5ed4e9c24e7e905','businessadmin',NULL,'0',NULL,NULL,NULL,NULL,'应用管理','businessadmin',NULL);
insert into SYS_AUTH_ROLE_V ("ID", "AUTH_ID", "ROLE_ID", "SIGN", "IS_REVOKE", "CREATE_USER", "CREATE_TIME", "UPDATE_TIME", "REMARK", "AUTH_NAME", "LV_ID", "TRACE_ID") values('businessef32403dbf9dc989d0651130','ac2a8ce16a614324b5ed4e9c24e7e111','businessadmin',NULL,'0',NULL,NULL,NULL,NULL,'应用管理维护','businessadmin',NULL);
insert into SYS_AUTH_ROLE_V ("ID", "AUTH_ID", "ROLE_ID", "SIGN", "IS_REVOKE", "CREATE_USER", "CREATE_TIME", "UPDATE_TIME", "REMARK", "AUTH_NAME", "LV_ID", "TRACE_ID") values('businessef32403dbf9dc989d0651131','a16344b1790e41e98615f6cd19587573','businessadmin',NULL,'0',NULL,NULL,NULL,NULL,'业务单元','businessadmin',NULL);
insert into SYS_AUTH_ROLE_V ("ID", "AUTH_ID", "ROLE_ID", "SIGN", "IS_REVOKE", "CREATE_USER", "CREATE_TIME", "UPDATE_TIME", "REMARK", "AUTH_NAME", "LV_ID", "TRACE_ID") values('businessef32403dbf9dc989d0651132','a16344b1790e41e98615f6cd19587111','businessadmin',NULL,'0',NULL,NULL,NULL,NULL,'业务单元维护','businessadmin',NULL);
insert into SYS_AUTH_ROLE_V ("ID", "AUTH_ID", "ROLE_ID", "SIGN", "IS_REVOKE", "CREATE_USER", "CREATE_TIME", "UPDATE_TIME", "REMARK", "AUTH_NAME", "LV_ID", "TRACE_ID") values('businessef32403dbf9dc989d0651133','5e80ace300d54486814ee84c1fb29a3a','businessadmin',NULL,'0',NULL,NULL,NULL,NULL,'部门管理','businessadmin',NULL);
insert into SYS_AUTH_ROLE_V ("ID", "AUTH_ID", "ROLE_ID", "SIGN", "IS_REVOKE", "CREATE_USER", "CREATE_TIME", "UPDATE_TIME", "REMARK", "AUTH_NAME", "LV_ID", "TRACE_ID") values('businessef32403dbf9dc989d0651134','5e80ace300d54486814ee84c1fb29111','businessadmin',NULL,'0',NULL,NULL,NULL,NULL,'部门管理维护','businessadmin',NULL);
insert into SYS_AUTH_ROLE_V ("ID", "AUTH_ID", "ROLE_ID", "SIGN", "IS_REVOKE", "CREATE_USER", "CREATE_TIME", "UPDATE_TIME", "REMARK", "AUTH_NAME", "LV_ID", "TRACE_ID") values('businessef32403dbf9dc989d0651135','a16344b1790e41e98615f6cd19587571','businessadmin',NULL,'0',NULL,NULL,NULL,NULL,'人员管理','businessadmin',NULL);
insert into SYS_AUTH_ROLE_V ("ID", "AUTH_ID", "ROLE_ID", "SIGN", "IS_REVOKE", "CREATE_USER", "CREATE_TIME", "UPDATE_TIME", "REMARK", "AUTH_NAME", "LV_ID", "TRACE_ID") values('businessef32403dbf9dc989d0651136','a16344b1790e41e98615f6cd19587112','businessadmin',NULL,'0',NULL,NULL,NULL,NULL,'人员管理维护','businessadmin',NULL);
insert into SYS_AUTH_ROLE_V ("ID", "AUTH_ID", "ROLE_ID", "SIGN", "IS_REVOKE", "CREATE_USER", "CREATE_TIME", "UPDATE_TIME", "REMARK", "AUTH_NAME", "LV_ID", "TRACE_ID") values('businessef32403dbf9dc989d0651137','b50cbc8a2b0645729848403093f4246f','businessadmin',NULL,'0',NULL,NULL,NULL,NULL,'用户管理','businessadmin',NULL);
insert into SYS_AUTH_ROLE_V ("ID", "AUTH_ID", "ROLE_ID", "SIGN", "IS_REVOKE", "CREATE_USER", "CREATE_TIME", "UPDATE_TIME", "REMARK", "AUTH_NAME", "LV_ID", "TRACE_ID") values('businessef32403dbf9dc989d0651138','b50cbc8a2b0645729848403093f42111','businessadmin',NULL,'0',NULL,NULL,NULL,NULL,'用户管理维护','businessadmin',NULL);
insert into SYS_AUTH_ROLE_V ("ID", "AUTH_ID", "ROLE_ID", "SIGN", "IS_REVOKE", "CREATE_USER", "CREATE_TIME", "UPDATE_TIME", "REMARK", "AUTH_NAME", "LV_ID", "TRACE_ID") values('businessef32403dbf9dc989d0651184','bc316279a4a9416a8e20019821e640af','businessadmin',NULL,'0',NULL,NULL,NULL,NULL,'组织架构管理','businessadmin',NULL);
insert into SYS_AUTH_ROLE_V ("ID", "AUTH_ID", "ROLE_ID", "SIGN", "IS_REVOKE", "CREATE_USER", "CREATE_TIME", "UPDATE_TIME", "REMARK", "AUTH_NAME", "LV_ID", "TRACE_ID") values('businessef32403dbf9dc989d0651199','04d7893c4a4d4345b18b0789af13753f','businessadmin',NULL,'0',NULL,NULL,NULL,NULL,'审计日志','businessadmin',NULL);
insert into SYS_AUTH_ROLE_V ("ID", "AUTH_ID", "ROLE_ID", "SIGN", "IS_REVOKE", "CREATE_USER", "CREATE_TIME", "UPDATE_TIME", "REMARK", "AUTH_NAME", "LV_ID", "TRACE_ID") values('businessef32403dbf9dc989d0651225','11116279a4a9416a8e20019821e61111','businessadmin',NULL,'0',NULL,NULL,NULL,NULL,'工作日历','businessadmin',NULL);
insert into SYS_AUTH_ROLE_V ("ID", "AUTH_ID", "ROLE_ID", "SIGN", "IS_REVOKE", "CREATE_USER", "CREATE_TIME", "UPDATE_TIME", "REMARK", "AUTH_NAME", "LV_ID", "TRACE_ID") values('businessef32403dbf9dc989d0651241','a16344b1790e41e98615f6cd19587572','businessadmin',NULL,'0',NULL,NULL,NULL,NULL,'岗位管理','businessadmin',NULL);
insert into SYS_AUTH_ROLE_V ("ID", "AUTH_ID", "ROLE_ID", "SIGN", "IS_REVOKE", "CREATE_USER", "CREATE_TIME", "UPDATE_TIME", "REMARK", "AUTH_NAME", "LV_ID", "TRACE_ID") values('businessef32403dbf9dc989d0651242','a16344b1790e41e98615f6cd1958757r','businessadmin',NULL,'0',NULL,NULL,NULL,NULL,'职务管理','businessadmin',NULL);
insert into SYS_AUTH_ROLE_V ("ID", "AUTH_ID", "ROLE_ID", "SIGN", "IS_REVOKE", "CREATE_USER", "CREATE_TIME", "UPDATE_TIME", "REMARK", "AUTH_NAME", "LV_ID", "TRACE_ID") values('businessea4a4e54acdaff4c84bb8370','19ea2ad7ea4a4e54acdaff4c84bb8370','businessadmin',NULL,'0',NULL,NULL,NULL,NULL,'应用运行日志','businessadmin',NULL);
insert into SYS_AUTH_ROLE_V ("ID", "AUTH_ID", "ROLE_ID", "SIGN", "IS_REVOKE", "CREATE_USER", "CREATE_TIME", "UPDATE_TIME", "REMARK", "AUTH_NAME", "LV_ID", "TRACE_ID") values('businessea4a4e54acdaff4c84bb8371','99ea2ad7ea4a4e54acdaff4c84bb8371','businessadmin',NULL,'0',NULL,NULL,NULL,NULL,'运行日志','businessadmin',NULL);
insert into SYS_AUTH_ROLE_V ("ID", "AUTH_ID", "ROLE_ID", "SIGN", "IS_REVOKE", "CREATE_USER", "CREATE_TIME", "UPDATE_TIME", "REMARK", "AUTH_NAME", "LV_ID", "TRACE_ID") values('businessa4a4e54acdaff4yhmzq8370','vbnmhd7ea4a4e54acdaff4yhmzq8370','businessadmin',NULL,'0',NULL,NULL,NULL,NULL,'小程序管理','businessadmin',NULL);
insert into SYS_AUTH_ROLE_V ("ID", "AUTH_ID", "ROLE_ID", "SIGN", "IS_REVOKE", "CREATE_USER", "CREATE_TIME", "UPDATE_TIME", "REMARK", "AUTH_NAME", "LV_ID", "TRACE_ID") values('business04344d37929abd4ad9a1dg12','4599ba3204344d37929abd4ad9a1dgth','businessadmin',NULL,'0',NULL,NULL,NULL,NULL,NULL,'businessadmin',NULL);
insert into SYS_AUTH_ROLE_V ("ID", "AUTH_ID", "ROLE_ID", "SIGN", "IS_REVOKE", "CREATE_USER", "CREATE_TIME", "UPDATE_TIME", "REMARK", "AUTH_NAME", "LV_ID", "TRACE_ID") values('business04344d37929abd4ad9a1dg32','7784ba3204344d37929abd4ad9a1dgth','businessadmin',NULL,'0',NULL,NULL,NULL,NULL,NULL,'businessadmin',NULL);
insert into SYS_AUTH_ROLE_V ("ID", "AUTH_ID", "ROLE_ID", "SIGN", "IS_REVOKE", "CREATE_USER", "CREATE_TIME", "UPDATE_TIME", "REMARK", "AUTH_NAME", "LV_ID", "TRACE_ID") values('business04344d37929abd4ad9a1dg43','8234ba3204344d37929abd4ad9a1dgth','businessadmin',NULL,'0',NULL,NULL,NULL,NULL,NULL,'businessadmin',NULL);
insert into SYS_AUTH_ROLE_V ("ID", "AUTH_ID", "ROLE_ID", "SIGN", "IS_REVOKE", "CREATE_USER", "CREATE_TIME", "UPDATE_TIME", "REMARK", "AUTH_NAME", "LV_ID", "TRACE_ID") values('business04344d37929abd4ad9a1dgth','4599ba3204344d37929abd4ad9a1dgth','businessadmin',NULL,'0',NULL,NULL,NULL,NULL,NULL,'businessadmin',NULL);
insert into SYS_AUTH_ROLE_V ("ID", "AUTH_ID", "ROLE_ID", "SIGN", "IS_REVOKE", "CREATE_USER", "CREATE_TIME", "UPDATE_TIME", "REMARK", "AUTH_NAME", "LV_ID", "TRACE_ID") values('business7a3249d6ad180da0b4681113','1160858109884c5095eed968472c0236','businessadmin',NULL,'0',NULL,NULL,NULL,NULL,'应用级字典维护','businessadmin',NULL);
insert into SYS_AUTH_ROLE_V ("ID", "AUTH_ID", "ROLE_ID", "SIGN", "IS_REVOKE", "CREATE_USER", "CREATE_TIME", "UPDATE_TIME", "REMARK", "AUTH_NAME", "LV_ID", "TRACE_ID") values('businessa4a4e54acdaff4yhmzq83cc','0745867ea4a4e54acdaff4yhmzq8370','businessadmin',NULL,'0',NULL,NULL,NULL,NULL,NULL,'businessadmin',NULL);
insert into SYS_AUTH_ROLE_V ("ID", "AUTH_ID", "ROLE_ID", "SIGN", "IS_REVOKE", "CREATE_USER", "CREATE_TIME", "UPDATE_TIME", "REMARK", "AUTH_NAME", "LV_ID", "TRACE_ID") values('businessa4a4e54acdaff4yhmzq8371','1275967ea4a4e54acdaff4yhmzq8370','businessadmin',NULL,'0',NULL,NULL,NULL,NULL,NULL,'businessadmin',NULL);
insert into SYS_AUTH_ROLE_V ("ID", "AUTH_ID", "ROLE_ID", "SIGN", "IS_REVOKE", "CREATE_USER", "CREATE_TIME", "UPDATE_TIME", "REMARK", "AUTH_NAME", "LV_ID", "TRACE_ID") values('businessa4a4e54acdaff4yhmzq8373','byasmd7ea4a4e54acdaff4yhmzq8370','businessadmin',NULL,'0',NULL,NULL,NULL,NULL,NULL,'businessadmin',NULL);
insert into SYS_AUTH_ROLE_V ("ID", "AUTH_ID", "ROLE_ID", "SIGN", "IS_REVOKE", "CREATE_USER", "CREATE_TIME", "UPDATE_TIME", "REMARK", "AUTH_NAME", "LV_ID", "TRACE_ID") values('businessa4a4e54acdaff4yhmzq8374','c789567ea4a4e54acdaff4yhmzq8370','businessadmin',NULL,'0',NULL,NULL,NULL,NULL,NULL,'businessadmin',NULL);
insert into SYS_AUTH_ROLE_V ("ID", "AUTH_ID", "ROLE_ID", "SIGN", "IS_REVOKE", "CREATE_USER", "CREATE_TIME", "UPDATE_TIME", "REMARK", "AUTH_NAME", "LV_ID", "TRACE_ID") values('businessa4a4e54acdaff4yhmzq8375','bnuimd7ea4a4e54acdaff4yhmzq8370','businessadmin',NULL,'0',NULL,NULL,NULL,NULL,'消息模板','businessadmin',NULL);
insert into SYS_AUTH_ROLE_V ("ID", "AUTH_ID", "ROLE_ID", "SIGN", "IS_REVOKE", "CREATE_USER", "CREATE_TIME", "UPDATE_TIME", "REMARK", "AUTH_NAME", "LV_ID", "TRACE_ID") values('businessaoxi4d37929abd4ad9a1dgth','dapingxiaoxi4d37929abd4ad9a1dgth','businessadmin',NULL,'0',NULL,NULL,NULL,NULL,NULL,'businessadmin',NULL);
insert into SYS_AUTH_ROLE_V ("ID", "AUTH_ID", "ROLE_ID", "SIGN", "IS_REVOKE", "CREATE_USER", "CREATE_TIME", "UPDATE_TIME", "REMARK", "AUTH_NAME", "LV_ID", "TRACE_ID") values('businessea4a4e54acdaff4c84bb83qq','19ea2ad7ea4a4e54acdaff4yhmzq8370','businessadmin',NULL,'0',NULL,NULL,NULL,NULL,'组件注册','businessadmin',NULL);
insert into SYS_AUTH_ROLE_V ("ID", "AUTH_ID", "ROLE_ID", "SIGN", "IS_REVOKE", "CREATE_USER", "CREATE_TIME", "UPDATE_TIME", "REMARK", "AUTH_NAME", "LV_ID", "TRACE_ID") values('businessea4a4e54acdaff4c84bb8379','19ea2ad7ea4a4e54acdaff4yhmzq8370','businessadmin',NULL,'0',NULL,NULL,NULL,NULL,'组件注册','businessadmin',NULL);
insert into SYS_AUTH_ROLE_V ("ID", "AUTH_ID", "ROLE_ID", "SIGN", "IS_REVOKE", "CREATE_USER", "CREATE_TIME", "UPDATE_TIME", "REMARK", "AUTH_NAME", "LV_ID", "TRACE_ID") values('businessef32403dbf9dc989d0651139','39e1b3ec3d6e483b86c4923ea64cfeee','businessadmin',NULL,'0',NULL,NULL,NULL,NULL,'数据源管理','businessadmin',NULL);
insert into SYS_AUTH_ROLE_V ("ID", "AUTH_ID", "ROLE_ID", "SIGN", "IS_REVOKE", "CREATE_USER", "CREATE_TIME", "UPDATE_TIME", "REMARK", "AUTH_NAME", "LV_ID", "TRACE_ID") values('businessef32403dbf9dc989d0651140','39e1b3ec3d6e483b86c4923ea64cf111','businessadmin',NULL,'0',NULL,NULL,NULL,NULL,'数据源管理维护','businessadmin',NULL);
insert into SYS_AUTH_ROLE_V ("ID", "AUTH_ID", "ROLE_ID", "SIGN", "IS_REVOKE", "CREATE_USER", "CREATE_TIME", "UPDATE_TIME", "REMARK", "AUTH_NAME", "LV_ID", "TRACE_ID") values('businessef32403dbf9dc989d0651147','ac2a8ce16a614324b5ed4e9c24e7e904','businessadmin',NULL,'0',NULL,NULL,NULL,NULL,'系统配置项管理','businessadmin',NULL);
insert into SYS_AUTH_ROLE_V ("ID", "AUTH_ID", "ROLE_ID", "SIGN", "IS_REVOKE", "CREATE_USER", "CREATE_TIME", "UPDATE_TIME", "REMARK", "AUTH_NAME", "LV_ID", "TRACE_ID") values('businessef32403dbf9dc989d0651148','ac2a8ce16a614324b5ed4e9c24e71113','businessadmin',NULL,'0',NULL,NULL,NULL,NULL,'应用配置项维护','businessadmin',NULL);
insert into SYS_AUTH_ROLE_V ("ID", "AUTH_ID", "ROLE_ID", "SIGN", "IS_REVOKE", "CREATE_USER", "CREATE_TIME", "UPDATE_TIME", "REMARK", "AUTH_NAME", "LV_ID", "TRACE_ID") values('businessef32403dbf9dc989d0651149','ffc03579b06a4b7fae6c51c9ff48b311','businessadmin',NULL,'0',NULL,NULL,NULL,NULL,'附件配置项管理','businessadmin',NULL);
insert into SYS_AUTH_ROLE_V ("ID", "AUTH_ID", "ROLE_ID", "SIGN", "IS_REVOKE", "CREATE_USER", "CREATE_TIME", "UPDATE_TIME", "REMARK", "AUTH_NAME", "LV_ID", "TRACE_ID") values('businessef32403dbf9dc989d0651151','131e140bc2bd4361af5ee488f92b22ad','businessadmin',NULL,'0',NULL,NULL,NULL,NULL,'字典管理','businessadmin',NULL);
insert into SYS_AUTH_ROLE_V ("ID", "AUTH_ID", "ROLE_ID", "SIGN", "IS_REVOKE", "CREATE_USER", "CREATE_TIME", "UPDATE_TIME", "REMARK", "AUTH_NAME", "LV_ID", "TRACE_ID") values('businessef32403dbf9dc989d0651153','8bc5761a4d8d49e680515bc50f4baad1','businessadmin',NULL,'0',NULL,NULL,NULL,NULL,'菜单管理','businessadmin',NULL);
insert into SYS_AUTH_ROLE_V ("ID", "AUTH_ID", "ROLE_ID", "SIGN", "IS_REVOKE", "CREATE_USER", "CREATE_TIME", "UPDATE_TIME", "REMARK", "AUTH_NAME", "LV_ID", "TRACE_ID") values('businessef32403dbf9dc989d0651154','8bc5761a4d8d49e680515bc50f4ba111','businessadmin',NULL,'0',NULL,NULL,NULL,NULL,'菜单管理维护','businessadmin',NULL);
insert into SYS_AUTH_ROLE_V ("ID", "AUTH_ID", "ROLE_ID", "SIGN", "IS_REVOKE", "CREATE_USER", "CREATE_TIME", "UPDATE_TIME", "REMARK", "AUTH_NAME", "LV_ID", "TRACE_ID") values('businessef32403dbf9dc989d0651155','39e1b3ec3d6e483b86c4923ea64cfdd0','businessadmin',NULL,'0',NULL,NULL,NULL,NULL,'权限定义','businessadmin',NULL);
insert into SYS_AUTH_ROLE_V ("ID", "AUTH_ID", "ROLE_ID", "SIGN", "IS_REVOKE", "CREATE_USER", "CREATE_TIME", "UPDATE_TIME", "REMARK", "AUTH_NAME", "LV_ID", "TRACE_ID") values('businessef32403dbf9dc989d0651156','39e1b3ec3d6e483b86c4923ea64c1111','businessadmin',NULL,'0',NULL,NULL,NULL,NULL,'权限管理维护','businessadmin',NULL);
insert into SYS_AUTH_ROLE_V ("ID", "AUTH_ID", "ROLE_ID", "SIGN", "IS_REVOKE", "CREATE_USER", "CREATE_TIME", "UPDATE_TIME", "REMARK", "AUTH_NAME", "LV_ID", "TRACE_ID") values('businessef32403dbf9dc989d0651157','8d4d2caee7f548889988da2747dfaa4a','businessadmin',NULL,'0',NULL,NULL,NULL,NULL,'角色管理','businessadmin',NULL);
insert into SYS_AUTH_ROLE_V ("ID", "AUTH_ID", "ROLE_ID", "SIGN", "IS_REVOKE", "CREATE_USER", "CREATE_TIME", "UPDATE_TIME", "REMARK", "AUTH_NAME", "LV_ID", "TRACE_ID") values('businessef32403dbf9dc989d0651158','39e1b3ec3d6e483b86c4923ea64c1112','businessadmin',NULL,'0',NULL,NULL,NULL,NULL,'指定权限绑定api资源权限','businessadmin',NULL);
insert into SYS_AUTH_ROLE_V ("ID", "AUTH_ID", "ROLE_ID", "SIGN", "IS_REVOKE", "CREATE_USER", "CREATE_TIME", "UPDATE_TIME", "REMARK", "AUTH_NAME", "LV_ID", "TRACE_ID") values('businessef32403dbf9dc989d0651164','334qb3ec3d6e483b86c4923ea64cf112','businessadmin',NULL,'0',NULL,NULL,NULL,NULL,'用户授权激活','businessadmin',NULL);
insert into SYS_AUTH_ROLE_V ("ID", "AUTH_ID", "ROLE_ID", "SIGN", "IS_REVOKE", "CREATE_USER", "CREATE_TIME", "UPDATE_TIME", "REMARK", "AUTH_NAME", "LV_ID", "TRACE_ID") values('businessef32403dbf9dc989d0651170','456wb3ec3d6e483b86c4923ea64cf112','businessadmin',NULL,'0',NULL,NULL,NULL,NULL,'角色授权激活','businessadmin',NULL);
insert into SYS_AUTH_ROLE_V ("ID", "AUTH_ID", "ROLE_ID", "SIGN", "IS_REVOKE", "CREATE_USER", "CREATE_TIME", "UPDATE_TIME", "REMARK", "AUTH_NAME", "LV_ID", "TRACE_ID") values('businessef32403dbf9dc989d0651174','67yub3ec3d6e483b86c4923ea64cf112','businessadmin',NULL,'0',NULL,NULL,NULL,NULL,'权限授权激活','businessadmin',NULL);
insert into SYS_AUTH_ROLE_V ("ID", "AUTH_ID", "ROLE_ID", "SIGN", "IS_REVOKE", "CREATE_USER", "CREATE_TIME", "UPDATE_TIME", "REMARK", "AUTH_NAME", "LV_ID", "TRACE_ID") values('businessef32403dbf9dc989d0651189','11316279a4a9416a8e20019821e640af','businessadmin',NULL,'0',NULL,NULL,NULL,NULL,'配置管理','businessadmin',NULL);
insert into SYS_AUTH_ROLE_V ("ID", "AUTH_ID", "ROLE_ID", "SIGN", "IS_REVOKE", "CREATE_USER", "CREATE_TIME", "UPDATE_TIME", "REMARK", "AUTH_NAME", "LV_ID", "TRACE_ID") values('businessef32403dbf9dc989d0651190','e3b15ac90286450fbe5a721c9f542451','businessadmin',NULL,'0',NULL,NULL,NULL,NULL,'系统管理','businessadmin',NULL);
insert into SYS_AUTH_ROLE_V ("ID", "AUTH_ID", "ROLE_ID", "SIGN", "IS_REVOKE", "CREATE_USER", "CREATE_TIME", "UPDATE_TIME", "REMARK", "AUTH_NAME", "LV_ID", "TRACE_ID") values('businessef32403dbf9dc989d0651192','11erb3ec3d6e483b86c4923ea64cfdd0','businessadmin',NULL,'0',NULL,NULL,NULL,NULL,'授权管理','businessadmin',NULL);
insert into SYS_AUTH_ROLE_V ("ID", "AUTH_ID", "ROLE_ID", "SIGN", "IS_REVOKE", "CREATE_USER", "CREATE_TIME", "UPDATE_TIME", "REMARK", "AUTH_NAME", "LV_ID", "TRACE_ID") values('businessef32403dbf9dc989d0651213','e3b15ac90286450fbe5a721c9f542433','businessadmin',NULL,'0',NULL,NULL,NULL,NULL,'首页','businessadmin',NULL);
insert into SYS_AUTH_ROLE_V ("ID", "AUTH_ID", "ROLE_ID", "SIGN", "IS_REVOKE", "CREATE_USER", "CREATE_TIME", "UPDATE_TIME", "REMARK", "AUTH_NAME", "LV_ID", "TRACE_ID") values('businessef32403dbf9dc989d0651224','22316279a4a9416a8e20019821e640af','businessadmin',NULL,'0',NULL,NULL,NULL,NULL,'定时任务','businessadmin',NULL);
insert into SYS_AUTH_ROLE_V ("ID", "AUTH_ID", "ROLE_ID", "SIGN", "IS_REVOKE", "CREATE_USER", "CREATE_TIME", "UPDATE_TIME", "REMARK", "AUTH_NAME", "LV_ID", "TRACE_ID") values('businessef32403dbf9dc989d0651227','3333ba3204344d37929abd4ad9a12222','businessadmin',NULL,'0',NULL,NULL,NULL,NULL,'工作流程','businessadmin',NULL);
insert into SYS_AUTH_ROLE_V ("ID", "AUTH_ID", "ROLE_ID", "SIGN", "IS_REVOKE", "CREATE_USER", "CREATE_TIME", "UPDATE_TIME", "REMARK", "AUTH_NAME", "LV_ID", "TRACE_ID") values('businessef32403dbf9dc989d0651228','3456ba3204344d37929abd4ad9a15678','businessadmin',NULL,'0',NULL,NULL,NULL,NULL,'流程定义','businessadmin',NULL);
insert into SYS_AUTH_ROLE_V ("ID", "AUTH_ID", "ROLE_ID", "SIGN", "IS_REVOKE", "CREATE_USER", "CREATE_TIME", "UPDATE_TIME", "REMARK", "AUTH_NAME", "LV_ID", "TRACE_ID") values('businessef32403dbf9dc989d0651229','7756ba3204344d37929abd4ad9a15699','businessadmin',NULL,'0',NULL,NULL,NULL,NULL,'全局变量','businessadmin',NULL);
insert into SYS_AUTH_ROLE_V ("ID", "AUTH_ID", "ROLE_ID", "SIGN", "IS_REVOKE", "CREATE_USER", "CREATE_TIME", "UPDATE_TIME", "REMARK", "AUTH_NAME", "LV_ID", "TRACE_ID") values('businessef32403dbf9dc989d0651230','1116ba3204344d37929abd4ad9a15222','businessadmin',NULL,'0',NULL,NULL,NULL,NULL,'全局规则','businessadmin',NULL);
insert into SYS_AUTH_ROLE_V ("ID", "AUTH_ID", "ROLE_ID", "SIGN", "IS_REVOKE", "CREATE_USER", "CREATE_TIME", "UPDATE_TIME", "REMARK", "AUTH_NAME", "LV_ID", "TRACE_ID") values('businessef32403dbf9dc989d0651243','twerba3204344d37929abd4ad9a1dfgh','businessadmin',NULL,'0',NULL,NULL,NULL,NULL,'数据展示','businessadmin',NULL);
insert into SYS_AUTH_ROLE_V ("ID", "AUTH_ID", "ROLE_ID", "SIGN", "IS_REVOKE", "CREATE_USER", "CREATE_TIME", "UPDATE_TIME", "REMARK", "AUTH_NAME", "LV_ID", "TRACE_ID") values('businessef32403dbf9dc989d0651244','1234ba3204344d37929abd4ad9a1dgth','businessadmin',NULL,'0',NULL,NULL,NULL,NULL,'业务类型','businessadmin',NULL);
insert into SYS_AUTH_ROLE_V ("ID", "AUTH_ID", "ROLE_ID", "SIGN", "IS_REVOKE", "CREATE_USER", "CREATE_TIME", "UPDATE_TIME", "REMARK", "AUTH_NAME", "LV_ID", "TRACE_ID") values('businessef32403dbf9dc989d0651245','2234ba3204344d37929abd4ad9a1dgth','businessadmin',NULL,'0',NULL,NULL,NULL,NULL,'报表设计','businessadmin',NULL);
insert into SYS_AUTH_ROLE_V ("ID", "AUTH_ID", "ROLE_ID", "SIGN", "IS_REVOKE", "CREATE_USER", "CREATE_TIME", "UPDATE_TIME", "REMARK", "AUTH_NAME", "LV_ID", "TRACE_ID") values('businessef32403dbf9dc989d0651246','3234ba3204344d37929abd4ad9a1dgth','businessadmin',NULL,'0',NULL,NULL,NULL,NULL,'报表浏览','businessadmin',NULL);
insert into SYS_AUTH_ROLE_V ("ID", "AUTH_ID", "ROLE_ID", "SIGN", "IS_REVOKE", "CREATE_USER", "CREATE_TIME", "UPDATE_TIME", "REMARK", "AUTH_NAME", "LV_ID", "TRACE_ID") values('businessef32403dbf9dc989d0651250','45676279a4a9416a8e20019821e6ghjk','businessadmin',NULL,'0',NULL,NULL,NULL,NULL,'消息通道','businessadmin',NULL);
insert into SYS_AUTH_ROLE_V ("ID", "AUTH_ID", "ROLE_ID", "SIGN", "IS_REVOKE", "CREATE_USER", "CREATE_TIME", "UPDATE_TIME", "REMARK", "AUTH_NAME", "LV_ID", "TRACE_ID") values('businessef32403dbf9dc989d0651251','yut76279a4a9416a8e20019821e6g45t','businessadmin',NULL,'0',NULL,NULL,NULL,NULL,NULL,'businessadmin',NULL);
INSERT INTO SYS_AUTH_ROLE_V ("ID", "AUTH_ID", "ROLE_ID", "SIGN", "IS_REVOKE", "CREATE_USER", "CREATE_TIME", "UPDATE_TIME", "REMARK", "LV_ID", "AUTH_NAME",  "TRACE_ID") VALUES('businessef32403dbf9dc989d0651165','334qb3ec3d6e483b86c4923ea64cfdd0','businessadmin',NULL,'0',NULL,NULL,NULL,NULL,'businessadmin','用户授权',NULL);
INSERT INTO SYS_AUTH_ROLE_V ("ID", "AUTH_ID", "ROLE_ID", "SIGN", "IS_REVOKE", "CREATE_USER", "CREATE_TIME", "UPDATE_TIME", "REMARK", "LV_ID", "AUTH_NAME",  "TRACE_ID") VALUES('businessef32403dbf9dc989d0651166','334qb3ec3d6e483b86c4923ea64cf111','businessadmin',NULL,'0',NULL,NULL,NULL,NULL,'businessadmin','用户授权保存',NULL);
INSERT INTO SYS_AUTH_ROLE_V ("ID", "AUTH_ID", "ROLE_ID", "SIGN", "IS_REVOKE", "CREATE_USER", "CREATE_TIME", "UPDATE_TIME", "REMARK", "LV_ID", "AUTH_NAME",  "TRACE_ID") VALUES('businessef32403dbf9dc989d0651167','334qb3ec3d6e483b86c4923ea64cf113','businessadmin',NULL,'0',NULL,NULL,NULL,NULL,'businessadmin','指定用户权限管控的组织范围',NULL);
INSERT INTO SYS_AUTH_ROLE_V ("ID", "AUTH_ID", "ROLE_ID", "SIGN", "IS_REVOKE", "CREATE_USER", "CREATE_TIME", "UPDATE_TIME", "REMARK", "LV_ID", "AUTH_NAME",  "TRACE_ID") VALUES('businessef32403dbf9dc989d0651168','334qb3ec3d6e483b86c4923ea64cf114','businessadmin',NULL,'0',NULL,NULL,NULL,NULL,'businessadmin','指定用户权限管控的用户组范围',NULL);
INSERT INTO SYS_AUTH_ROLE_V ("ID", "AUTH_ID", "ROLE_ID", "SIGN", "IS_REVOKE", "CREATE_USER", "CREATE_TIME", "UPDATE_TIME", "REMARK", "LV_ID", "AUTH_NAME",  "TRACE_ID") VALUES('businessef32403dbf9dc989d0651171','456wb3ec3d6e483b86c4923ea64cfdd0','businessadmin',NULL,'0',NULL,NULL,NULL,NULL,'businessadmin','角色授权',NULL);
INSERT INTO SYS_AUTH_ROLE_V ("ID", "AUTH_ID", "ROLE_ID", "SIGN", "IS_REVOKE", "CREATE_USER", "CREATE_TIME", "UPDATE_TIME", "REMARK", "LV_ID", "AUTH_NAME",  "TRACE_ID") VALUES('businessef32403dbf9dc989d0651172','456wb3ec3d6e483b86c4923ea64cf111','businessadmin',NULL,'0',NULL,NULL,NULL,NULL,'businessadmin','角色授权保存',NULL);
INSERT INTO SYS_AUTH_ROLE_V ("ID", "AUTH_ID", "ROLE_ID", "SIGN", "IS_REVOKE", "CREATE_USER", "CREATE_TIME", "UPDATE_TIME", "REMARK", "LV_ID", "AUTH_NAME",  "TRACE_ID") VALUES('businessef32403dbf9dc989d0651175','67yub3ec3d6e483b86c4923ea64cfdd0','businessadmin',NULL,'0',NULL,NULL,NULL,NULL,'businessadmin','权限授权',NULL);
INSERT INTO SYS_AUTH_ROLE_V ("ID", "AUTH_ID", "ROLE_ID", "SIGN", "IS_REVOKE", "CREATE_USER", "CREATE_TIME", "UPDATE_TIME", "REMARK", "LV_ID", "AUTH_NAME",  "TRACE_ID") VALUES('businessef32403dbf9dc989d0651176','67yub3ec3d6e483b86c4923ea64cf111','businessadmin',NULL,'0',NULL,NULL,NULL,NULL,'businessadmin','权限授权保存',NULL);
INSERT INTO SYS_AUTH_ROLE_V ("ID", "AUTH_ID", "ROLE_ID", "SIGN", "IS_REVOKE", "CREATE_USER", "CREATE_TIME", "UPDATE_TIME", "REMARK", "LV_ID", "AUTH_NAME",  "TRACE_ID") VALUES('businessef32403dbf9dc989d0651193','04d7893c4a4d4345b18b0789af13753f','businessadmin',NULL,'0',NULL,NULL,NULL,NULL,'businessadmin','审计日志',NULL);
INSERT INTO SYS_AUTH_ROLE_V ("ID", "AUTH_ID", "ROLE_ID", "SIGN", "IS_REVOKE", "CREATE_USER", "CREATE_TIME", "UPDATE_TIME", "REMARK", "LV_ID", "AUTH_NAME",  "TRACE_ID") VALUES('businessef32403dbf9dc989d0651234','tyuub3ec3d6e483b86c4923ea64cfwe5','businessadmin',NULL,'0',NULL,NULL,NULL,NULL,'businessadmin','角色分配',NULL);
INSERT INTO SYS_AUTH_ROLE_V ("ID", "AUTH_ID", "ROLE_ID", "SIGN", "IS_REVOKE", "CREATE_USER", "CREATE_TIME", "UPDATE_TIME", "REMARK", "LV_ID", "AUTH_NAME",  "TRACE_ID") VALUES('businessea4a4e54acdaff4c84bb83qw','19ea2ad7ea4a4e54acdaff4c84bb8370','businessadmin',NULL,'0',NULL,NULL,NULL,NULL,'businessadmin','应用运行日志',NULL);
INSERT INTO SYS_AUTH_ROLE_V ("ID", "AUTH_ID", "ROLE_ID", "SIGN", "IS_REVOKE", "CREATE_USER", "CREATE_TIME", "UPDATE_TIME", "REMARK", "LV_ID", "AUTH_NAME",  "TRACE_ID") VALUES('businessef32403dbf9dc989d0651254','frggb3ec3d6e483b86c4923ea64cvbnu','businessadmin',NULL,'0',NULL,NULL,NULL,NULL,'businessadmin','角色审计',NULL);
INSERT INTO SYS_AUTH_ROLE_V ("ID", "AUTH_ID", "ROLE_ID", "SIGN", "IS_REVOKE", "CREATE_USER", "CREATE_TIME", "UPDATE_TIME", "REMARK", "LV_ID", "AUTH_NAME",  "TRACE_ID") VALUES('businessef32403dbf9dc989d0651255','hjuub3ec3d6e483b86c4923ea64cnmui','businessadmin',NULL,'0',NULL,NULL,NULL,NULL,'businessadmin','授权审计',NULL);


/**
 *  租户字典类型
 * @author zuogang
 * @date 2021/11/29 17:12
 */
insert into "SYS_DICT" ("ID", "TYPE", "NAME", "DICT_EXPLAIN", "APP_ID", "DATA_VERSION", "GROUP_ID", "SCOPE", "TRACE_ID") values('6a973d4ce4c24cb2bed6d22fea7d82b0','USER_SECRET_TYPE','用户密级类别','','',0,'',1,NULL);

insert into "SYS_DICT_VALUE" ("ID", "TYPE_ID", "DICT_NAME", "SORT_INDEX", "APP_ID", "TYPE", "DATA_VERSION", "DICT_VALUE", "PARENT_ID", "SORT_PATH", "REMARK", "GROUP_ID", "SCOPE", "TRACE_ID") values('85c6ca40b4224458891895d68a04a16d','6a973d4ce4c24cb2bed6d22fea7d82b0','密级值列','10','','USER_SECRET_TYPE',0,'1','0','000010','值为1：5非密4内部3一般2重要1核心；值为2：5非密4内部3秘密2机密1绝密','',1,NULL);
-- 附件配置
alter table "FILE_INFO" add ("OLD_FORM_ID" VARCHAR2(50));
comment on column "FILE_INFO"."OLD_FORM_ID" is '旧表单ID';

/**
 * 业务单元改为业务机构
 * @param null
 * @return
 * @author zuogang
 * @date 2021/12/9 10:49
 */
UPDATE SYS_MENU SET NAME='业务机构' WHERE NAME='业务单元';

