/**
 *  判断集团应用三员去留
 * @date 2021/11/1 10:25
 */

/**集团超级管理员管理菜单权限 */
INSERT  INTO `sys_auth`(`ID`,`NAME`,`APP_ID`,`REMARK`,`SORT_INDEX`,`PARENT_ID`,`CREATE_USER`,`CREATE_TIME`,`UPDATE_TIME`,`SORT_PATH`,`IS_ORG_ADMIN`,`IS_USER_GROUP_ADMIN`,`CODE`,`DATA_VERSION`) VALUES ('jituan842fa04faea8f39beb866fd511','集团超级管理员管理','platform',NULL,10,'e3b15ac90286450fbe5a721c9f542451',NULL,NULL,NULL,'00020010',0,0,'platForm.nothreeManage.GroupManage',0);
INSERT  INTO `sys_menu`(`ID`,`NAME`,`PARENT_ID`,`APP_ID`,`PARENT_NAME`,`URL`,`TYPE`,`ICON`,`AUTH_ID`,`BTN_AUTH`,`IS_LEAF`,`SORT_INDEX`,`ALL_ORDER`,`SORT_PATH`,`OPEN_STYLE`,`CLOSE_NOTICE`,`CREATE_USER`,`CREATE_TIME`,`UPDATE_TIME`,`LEAF`,`MENU_AUTH`,`REMARK`,`DATA_VERSION`,`IS_IFRAME`) VALUES ('jituan842fa04faea8f39beb866fd511','集团管理员维护','e3b15ac90286450fbe5a721c9f542451','platform','系统管理','nothreeManage/views/GroupManage',1,null,'jituan842fa04faea8f39beb866fd511',NULL,NULL,10,NULL,'00020010',NULL,NULL,NULL,NULL,NULL,NULL,NULL,NULL,0,0);
/** 菜单权限配给admin、sec*/
insert into `SYS_AUTH_ROLE` (`ID`,`AUTH_ID`,`ROLE_ID`,`SIGN`,`IS_REVOKE`,`CREATE_USER`,`CREATE_TIME`,`UPDATE_TIME`,`REMARK`) values ('jituan842fa04faea8f39beb866admin', 'jituan842fa04faea8f39beb866fd511', 'admin', null, 0, null, null, null, null);
insert into `SYS_AUTH_ROLE_V` (`ID`,`AUTH_ID`,`ROLE_ID`,`SIGN`,`IS_REVOKE`,`CREATE_USER`,`CREATE_TIME`,`UPDATE_TIME`,`REMARK`,`LV_ID`) values ('jituan842fa04faea8f39beb866admin', 'jituan842fa04faea8f39beb866fd511', 'admin', null, 0, null, null, null, null, 'admin');
insert into `SYS_AUTH_ROLE` (`ID`,`AUTH_ID`,`ROLE_ID`,`SIGN`,`IS_REVOKE`,`CREATE_USER`,`CREATE_TIME`,`UPDATE_TIME`,`REMARK`) values ('jituan842fa04faea8f39beb86623sec', 'jituan842fa04faea8f39beb866fd511', 'sec', null, 0, null, null, null, null);
insert into `SYS_AUTH_ROLE_V` (`ID`,`AUTH_ID`,`ROLE_ID`,`SIGN`,`IS_REVOKE`,`CREATE_USER`,`CREATE_TIME`,`UPDATE_TIME`,`REMARK`,`LV_ID`) values ('jituan842fa04faea8f39beb86623sec', 'jituan842fa04faea8f39beb866fd511', 'sec', null, 0, null, null, null, null, 'sec');

/** 添加集团应用超级管理员角色 */
INSERT  INTO `sys_role`(`ID`,`NAME`,`ROLE_EXPLAIN`,`ROLE_TYPE`,`CREATE_TIME`,`CREATE_USER`,`UPDATE_TIME`,`REMARK`,`APP_ID`,`DATA_VERSION`) VALUES ('groupsuperadmin','集团超级管理员',NULL,44,NULL,NULL,NULL,NULL,'platform',0);
INSERT  INTO `sys_role`(`ID`,`NAME`,`ROLE_EXPLAIN`,`ROLE_TYPE`,`CREATE_TIME`,`CREATE_USER`,`UPDATE_TIME`,`REMARK`,`APP_ID`,`DATA_VERSION`) VALUES ('appsuperadmin','应用超级管理员',NULL,444,NULL,NULL,NULL,NULL,'platform',0);

ALTER TABLE `sys_user_admin_org`
  CHANGE `ROLE_TYPE` `ROLE_TYPE` INT(10) DEFAULT 0  NULL   COMMENT '角色类型（11集团系统管理员,22集团安全保密员,33集团安全审计员,44集团超级管理员）';
ALTER TABLE `sys_role`
  CHANGE `ROLE_TYPE` `ROLE_TYPE` INT(10) DEFAULT 0  NULL   COMMENT '角色类型(1租户系统管理员,2租户安全保密员,3租户安全审计员)(11集团系统管理员,22集团安全保密员,33集团安全审计员,44集团超级管理员)(111应用系统管理员,222应用安全保密员,333应用安全审计员,444应用超级管理员)';

/**应用超级管理员菜单权限 */
INSERT  INTO `sys_auth`(`ID`,`NAME`,`APP_ID`,`REMARK`,`SORT_INDEX`,`PARENT_ID`,`CREATE_USER`,`CREATE_TIME`,`UPDATE_TIME`,`SORT_PATH`,`IS_ORG_ADMIN`,`IS_USER_GROUP_ADMIN`,`CODE`,`DATA_VERSION`) VALUES ('yingyong83214aeb8a3ec0a6822fdd30','应用超级管理员管理','platform',NULL,6,'e3b15ac90286450fbe5a721c9f542451',NULL,NULL,NULL,'00020011',0,0,'platForm.nothreeManage.AppManage',0);
INSERT  INTO `sys_menu`(`ID`,`NAME`,`PARENT_ID`,`APP_ID`,`PARENT_NAME`,`URL`,`TYPE`,`ICON`,`AUTH_ID`,`BTN_AUTH`,`IS_LEAF`,`SORT_INDEX`,`ALL_ORDER`,`SORT_PATH`,`OPEN_STYLE`,`CLOSE_NOTICE`,`CREATE_USER`,`CREATE_TIME`,`UPDATE_TIME`,`LEAF`,`MENU_AUTH`,`REMARK`,`DATA_VERSION`,`IS_IFRAME`) VALUES ('yingyong83214aeb8a3ec0a6822fdd30','应用管理员维护','e3b15ac90286450fbe5a721c9f542451','platform','系统管理','nothreeManage/views/AppManage',1,null,'yingyong83214aeb8a3ec0a6822fdd30',NULL,NULL,11,NULL,'00020011',NULL,NULL,NULL,NULL,NULL,NULL,NULL,NULL,0,0);

/** 集团超级管理员菜单权限关系 */
insert into `sys_auth_role` (`ID`, `AUTH_ID`, `ROLE_ID`, `SIGN`, `IS_REVOKE`, `CREATE_USER`, `CREATE_TIME`, `UPDATE_TIME`, `REMARK`, `AUTH_NAME`, `ROLE_NAME`, `TRACE_ID`) values('grsuper2ef32403dbf9dc989d0651124','yingyong83214aeb8a3ec0a6822fdd30','groupsuperadmin',NULL,'0',NULL,NULL,NULL,NULL,'应用管理员维护','集团超级管理员','grsuper2ef32403dbf9dc989d0651124');
insert into `sys_auth_role` (`ID`, `AUTH_ID`, `ROLE_ID`, `SIGN`, `IS_REVOKE`, `CREATE_USER`, `CREATE_TIME`, `UPDATE_TIME`, `REMARK`, `AUTH_NAME`, `ROLE_NAME`, `TRACE_ID`) values('grsuper2ef32403dbf9dc989d0651129','ac2a8ce16a614324b5ed4e9c24e7e905','groupsuperadmin',NULL,'0',NULL,NULL,NULL,NULL,'应用管理','集团超级管理员','grsuper2ef32403dbf9dc989d0651129');
insert into `sys_auth_role` (`ID`, `AUTH_ID`, `ROLE_ID`, `SIGN`, `IS_REVOKE`, `CREATE_USER`, `CREATE_TIME`, `UPDATE_TIME`, `REMARK`, `AUTH_NAME`, `ROLE_NAME`, `TRACE_ID`) values('grsuper2ef32403dbf9dc989d0651130','ac2a8ce16a614324b5ed4e9c24e7e111','groupsuperadmin',NULL,'0',NULL,NULL,NULL,NULL,'应用管理维护','集团超级管理员','grsuper2ef32403dbf9dc989d0651130');
insert into `sys_auth_role` (`ID`, `AUTH_ID`, `ROLE_ID`, `SIGN`, `IS_REVOKE`, `CREATE_USER`, `CREATE_TIME`, `UPDATE_TIME`, `REMARK`, `AUTH_NAME`, `ROLE_NAME`, `TRACE_ID`) values('grsuper2ef32403dbf9dc989d0651131','a16344b1790e41e98615f6cd19587573','groupsuperadmin',NULL,'0',NULL,NULL,NULL,NULL,'业务单元','集团超级管理员','grsuper2ef32403dbf9dc989d0651131');
insert into `sys_auth_role` (`ID`, `AUTH_ID`, `ROLE_ID`, `SIGN`, `IS_REVOKE`, `CREATE_USER`, `CREATE_TIME`, `UPDATE_TIME`, `REMARK`, `AUTH_NAME`, `ROLE_NAME`, `TRACE_ID`) values('grsuper2ef32403dbf9dc989d0651132','a16344b1790e41e98615f6cd19587111','groupsuperadmin',NULL,'0',NULL,NULL,NULL,NULL,'业务单元维护','集团超级管理员','grsuper2ef32403dbf9dc989d0651132');
insert into `sys_auth_role` (`ID`, `AUTH_ID`, `ROLE_ID`, `SIGN`, `IS_REVOKE`, `CREATE_USER`, `CREATE_TIME`, `UPDATE_TIME`, `REMARK`, `AUTH_NAME`, `ROLE_NAME`, `TRACE_ID`) values('grsuper2ef32403dbf9dc989d0651133','5e80ace300d54486814ee84c1fb29a3a','groupsuperadmin',NULL,'0',NULL,NULL,NULL,NULL,'部门管理','集团超级管理员','grsuper2ef32403dbf9dc989d0651133');
insert into `sys_auth_role` (`ID`, `AUTH_ID`, `ROLE_ID`, `SIGN`, `IS_REVOKE`, `CREATE_USER`, `CREATE_TIME`, `UPDATE_TIME`, `REMARK`, `AUTH_NAME`, `ROLE_NAME`, `TRACE_ID`) values('grsuper2ef32403dbf9dc989d0651134','5e80ace300d54486814ee84c1fb29111','groupsuperadmin',NULL,'0',NULL,NULL,NULL,NULL,'部门管理维护','集团超级管理员','grsuper2ef32403dbf9dc989d0651134');
insert into `sys_auth_role` (`ID`, `AUTH_ID`, `ROLE_ID`, `SIGN`, `IS_REVOKE`, `CREATE_USER`, `CREATE_TIME`, `UPDATE_TIME`, `REMARK`, `AUTH_NAME`, `ROLE_NAME`, `TRACE_ID`) values('grsuper2ef32403dbf9dc989d0651135','a16344b1790e41e98615f6cd19587571','groupsuperadmin',NULL,'0',NULL,NULL,NULL,NULL,'人员管理','集团超级管理员','grsuper2ef32403dbf9dc989d0651135');
insert into `sys_auth_role` (`ID`, `AUTH_ID`, `ROLE_ID`, `SIGN`, `IS_REVOKE`, `CREATE_USER`, `CREATE_TIME`, `UPDATE_TIME`, `REMARK`, `AUTH_NAME`, `ROLE_NAME`, `TRACE_ID`) values('grsuper2ef32403dbf9dc989d0651136','a16344b1790e41e98615f6cd19587112','groupsuperadmin',NULL,'0',NULL,NULL,NULL,NULL,'人员管理维护','集团超级管理员','grsuper2ef32403dbf9dc989d0651136');
insert into `sys_auth_role` (`ID`, `AUTH_ID`, `ROLE_ID`, `SIGN`, `IS_REVOKE`, `CREATE_USER`, `CREATE_TIME`, `UPDATE_TIME`, `REMARK`, `AUTH_NAME`, `ROLE_NAME`, `TRACE_ID`) values('grsuper2ef32403dbf9dc989d0651137','b50cbc8a2b0645729848403093f4246f','groupsuperadmin',NULL,'0',NULL,NULL,NULL,NULL,'用户管理','集团超级管理员','grsuper2ef32403dbf9dc989d0651137');
insert into `sys_auth_role` (`ID`, `AUTH_ID`, `ROLE_ID`, `SIGN`, `IS_REVOKE`, `CREATE_USER`, `CREATE_TIME`, `UPDATE_TIME`, `REMARK`, `AUTH_NAME`, `ROLE_NAME`, `TRACE_ID`) values('grsuper2ef32403dbf9dc989d0651138','b50cbc8a2b0645729848403093f42111','groupsuperadmin',NULL,'0',NULL,NULL,NULL,NULL,'用户管理维护','集团超级管理员','grsuper2ef32403dbf9dc989d0651138');
insert into `sys_auth_role` (`ID`, `AUTH_ID`, `ROLE_ID`, `SIGN`, `IS_REVOKE`, `CREATE_USER`, `CREATE_TIME`, `UPDATE_TIME`, `REMARK`, `AUTH_NAME`, `ROLE_NAME`, `TRACE_ID`) values('grsuper2ef32403dbf9dc989d0651141','ac2a8ce16a614324b5ed4e9c24e7e904','groupsuperadmin',NULL,'0',NULL,NULL,NULL,NULL,'系统配置项管理','集团超级管理员','grsuper2ef32403dbf9dc989d0651141');
insert into `sys_auth_role` (`ID`, `AUTH_ID`, `ROLE_ID`, `SIGN`, `IS_REVOKE`, `CREATE_USER`, `CREATE_TIME`, `UPDATE_TIME`, `REMARK`, `AUTH_NAME`, `ROLE_NAME`, `TRACE_ID`) values('grsuper2ef32403dbf9dc989d0651142','ac2a8ce16a614324b5ed4e9c24e71112','groupsuperadmin',NULL,'0',NULL,NULL,NULL,NULL,'集团配置项维护','集团超级管理员','grsuper2ef32403dbf9dc989d0651142');
insert into `sys_auth_role` (`ID`, `AUTH_ID`, `ROLE_ID`, `SIGN`, `IS_REVOKE`, `CREATE_USER`, `CREATE_TIME`, `UPDATE_TIME`, `REMARK`, `AUTH_NAME`, `ROLE_NAME`, `TRACE_ID`) values('grsuper2ef32403dbf9dc989d0651184','bc316279a4a9416a8e20019821e640af','groupsuperadmin',NULL,'0',NULL,NULL,NULL,NULL,'组织架构管理','集团超级管理员','grsuper2ef32403dbf9dc989d0651184');
insert into `sys_auth_role` (`ID`, `AUTH_ID`, `ROLE_ID`, `SIGN`, `IS_REVOKE`, `CREATE_USER`, `CREATE_TIME`, `UPDATE_TIME`, `REMARK`, `AUTH_NAME`, `ROLE_NAME`, `TRACE_ID`) values('grsuper2ef32403dbf9dc989d0651185','e3b15ac90286450fbe5a721c9f542451','groupsuperadmin',NULL,'0',NULL,NULL,NULL,NULL,'系统管理','集团超级管理员','grsuper2ef32403dbf9dc989d0651185');
insert into `sys_auth_role` (`ID`, `AUTH_ID`, `ROLE_ID`, `SIGN`, `IS_REVOKE`, `CREATE_USER`, `CREATE_TIME`, `UPDATE_TIME`, `REMARK`, `AUTH_NAME`, `ROLE_NAME`, `TRACE_ID`) values('grsuper2ef32403dbf9dc989d0651186','11316279a4a9416a8e20019821e640af','groupsuperadmin',NULL,'0',NULL,NULL,NULL,NULL,'配置管理','集团超级管理员','grsuper2ef32403dbf9dc989d0651186');
insert into `sys_auth_role` (`ID`, `AUTH_ID`, `ROLE_ID`, `SIGN`, `IS_REVOKE`, `CREATE_USER`, `CREATE_TIME`, `UPDATE_TIME`, `REMARK`, `AUTH_NAME`, `ROLE_NAME`, `TRACE_ID`) values('grsuper2ef32403dbf9dc989d0651202','8bc5761a4d8d49e680515bc50f4baad1','groupsuperadmin',NULL,'0',NULL,NULL,NULL,NULL,'菜单管理','集团超级管理员','grsuper2ef32403dbf9dc989d0651202');
insert into `sys_auth_role` (`ID`, `AUTH_ID`, `ROLE_ID`, `SIGN`, `IS_REVOKE`, `CREATE_USER`, `CREATE_TIME`, `UPDATE_TIME`, `REMARK`, `AUTH_NAME`, `ROLE_NAME`, `TRACE_ID`) values('grsuper2ef32403dbf9dc989d0651203','39e1b3ec3d6e483b86c4923ea64cfdd0','groupsuperadmin',NULL,'0',NULL,NULL,NULL,NULL,'权限定义','集团超级管理员','grsuper2ef32403dbf9dc989d0651203');
insert into `sys_auth_role` (`ID`, `AUTH_ID`, `ROLE_ID`, `SIGN`, `IS_REVOKE`, `CREATE_USER`, `CREATE_TIME`, `UPDATE_TIME`, `REMARK`, `AUTH_NAME`, `ROLE_NAME`, `TRACE_ID`) values('grsuper2ef32403dbf9dc989d0651204','8bc5761a4d8d49e680515bc50f4ba111','groupsuperadmin',NULL,'0',NULL,NULL,NULL,NULL,'菜单管理维护','集团超级管理员','grsuper2ef32403dbf9dc989d0651204');
insert into `sys_auth_role` (`ID`, `AUTH_ID`, `ROLE_ID`, `SIGN`, `IS_REVOKE`, `CREATE_USER`, `CREATE_TIME`, `UPDATE_TIME`, `REMARK`, `AUTH_NAME`, `ROLE_NAME`, `TRACE_ID`) values('grsuper2ef32403dbf9dc989d0651205','39e1b3ec3d6e483b86c4923ea64c1111','groupsuperadmin',NULL,'0',NULL,NULL,NULL,NULL,'权限管理维护','集团超级管理员','grsuper2ef32403dbf9dc989d0651205');
insert into `sys_auth_role` (`ID`, `AUTH_ID`, `ROLE_ID`, `SIGN`, `IS_REVOKE`, `CREATE_USER`, `CREATE_TIME`, `UPDATE_TIME`, `REMARK`, `AUTH_NAME`, `ROLE_NAME`, `TRACE_ID`) values('grsuper2ef32403dbf9dc989d0651206','39e1b3ec3d6e483b86c4923ea64c1112','groupsuperadmin',NULL,'0',NULL,NULL,NULL,NULL,'指定权限绑定api资源权限','集团超级管理员','grsuper2ef32403dbf9dc989d0651206');
insert into `sys_auth_role` (`ID`, `AUTH_ID`, `ROLE_ID`, `SIGN`, `IS_REVOKE`, `CREATE_USER`, `CREATE_TIME`, `UPDATE_TIME`, `REMARK`, `AUTH_NAME`, `ROLE_NAME`, `TRACE_ID`) values('grsuper2ef32403dbf9dc989d0651210','e3b15ac90286450fbe5a721c9f542433','groupsuperadmin',NULL,'0',NULL,NULL,NULL,NULL,'首页','集团超级管理员','grsuper2ef32403dbf9dc989d0651210');
insert into `sys_auth_role` (`ID`, `AUTH_ID`, `ROLE_ID`, `SIGN`, `IS_REVOKE`, `CREATE_USER`, `CREATE_TIME`, `UPDATE_TIME`, `REMARK`, `AUTH_NAME`, `ROLE_NAME`, `TRACE_ID`) values('grsuper2ef32403dbf9dc989d0651225','11116279a4a9416a8e20019821e61111','groupsuperadmin',NULL,'0',NULL,NULL,NULL,NULL,'工作日历','集团超级管理员','grsuper2ef32403dbf9dc989d0651225');
insert into `sys_auth_role` (`ID`, `AUTH_ID`, `ROLE_ID`, `SIGN`, `IS_REVOKE`, `CREATE_USER`, `CREATE_TIME`, `UPDATE_TIME`, `REMARK`, `AUTH_NAME`, `ROLE_NAME`, `TRACE_ID`) values('grsuper2ef32403dbf9dc989d0651241','a16344b1790e41e98615f6cd19587572','groupsuperadmin',NULL,'0',NULL,NULL,NULL,NULL,'岗位管理','集团超级管理员','grsuper2ef32403dbf9dc989d0651241');
insert into `sys_auth_role` (`ID`, `AUTH_ID`, `ROLE_ID`, `SIGN`, `IS_REVOKE`, `CREATE_USER`, `CREATE_TIME`, `UPDATE_TIME`, `REMARK`, `AUTH_NAME`, `ROLE_NAME`, `TRACE_ID`) values('grsuper2ef32403dbf9dc989d0651242','a16344b1790e41e98615f6cd1958757r','groupsuperadmin',NULL,'0',NULL,NULL,NULL,NULL,'职务管理','集团超级管理员','grsuper2ef32403dbf9dc989d0651242');
insert into `sys_auth_role` (`ID`, `AUTH_ID`, `ROLE_ID`, `SIGN`, `IS_REVOKE`, `CREATE_USER`, `CREATE_TIME`, `UPDATE_TIME`, `REMARK`, `AUTH_NAME`, `ROLE_NAME`, `TRACE_ID`) values('grsuper2ef32403dbf9dc989d0651253','131e140bc2bd4361af5ee488f92b22ad','groupsuperadmin',NULL,'0',NULL,NULL,NULL,NULL,'字典管理','集团超级管理员','grsuper2ef32403dbf9dc989d0651253');
insert into `sys_auth_role` (`ID`, `AUTH_ID`, `ROLE_ID`, `SIGN`, `IS_REVOKE`, `CREATE_USER`, `CREATE_TIME`, `UPDATE_TIME`, `REMARK`, `AUTH_NAME`, `ROLE_NAME`, `TRACE_ID`) values('grsuper07a3249d6ad180da0b4681112','1160858109884c5095eed968472c0235','groupsuperadmin',NULL,'0',NULL,NULL,NULL,NULL,'集团级字典维护','集团超级管理员','grsuper07a3249d6ad180da0b4681112');
insert into `sys_auth_role` (`ID`, `AUTH_ID`, `ROLE_ID`, `SIGN`, `IS_REVOKE`, `CREATE_USER`, `CREATE_TIME`, `UPDATE_TIME`, `REMARK`, `AUTH_NAME`, `ROLE_NAME`, `TRACE_ID`) values('grsuper2ef32403dbf9dc989d0651236','8d4d2caee7f548889988da2747dfaa4a','groupsuperadmin',NULL,'0',NULL,NULL,NULL,NULL,'角色全局管理','集团超级管理员',NULL);
insert into `sys_auth_role` (`ID`, `AUTH_ID`, `ROLE_ID`, `SIGN`, `IS_REVOKE`, `CREATE_USER`, `CREATE_TIME`, `UPDATE_TIME`, `REMARK`, `AUTH_NAME`, `ROLE_NAME`, `TRACE_ID`) values('grsuper7ea4a4e54acdaff4c84bb8371','99ea2ad7ea4a4e54acdaff4c84bb8371','groupsuperadmin',NULL,'0',NULL,NULL,NULL,NULL,'运行日志','集团超级管理员','grsuper7ea4a4e54acdaff4c84bb8371');
insert into `sys_auth_role` (`ID`, `AUTH_ID`, `ROLE_ID`, `SIGN`, `IS_REVOKE`, `CREATE_USER`, `CREATE_TIME`, `UPDATE_TIME`, `REMARK`, `AUTH_NAME`, `ROLE_NAME`, `TRACE_ID`) values('grsuperea4a4e54acdaff4yhmzq8370','vbnmhd7ea4a4e54acdaff4yhmzq8370','groupsuperadmin',NULL,'0',NULL,NULL,NULL,NULL,'小程序管理','集团超级管理员','grsuperea4a4e54acdaff4yhmzq8370');
insert into `sys_auth_role` (`ID`, `AUTH_ID`, `ROLE_ID`, `SIGN`, `IS_REVOKE`, `CREATE_USER`, `CREATE_TIME`, `UPDATE_TIME`, `REMARK`, `AUTH_NAME`, `ROLE_NAME`, `TRACE_ID`) values('grsuper2ef32403dbf9dc989d0651199','04d7893c4a4d4345b18b0789af13753f','groupsuperadmin',NULL,'0',NULL,NULL,NULL,NULL,'审计日志','集团超级管理员','grsuper2ef32403dbf9dc989d0651199');
insert into `sys_auth_role` (`ID`, `AUTH_ID`, `ROLE_ID`, `SIGN`, `IS_REVOKE`, `CREATE_USER`, `CREATE_TIME`, `UPDATE_TIME`, `REMARK`, `AUTH_NAME`, `ROLE_NAME`, `TRACE_ID`) values('grsuper7ea4a4e54acdaff4c84bb8370','19ea2ad7ea4a4e54acdaff4c84bb8370','groupsuperadmin',NULL,'0',NULL,NULL,NULL,NULL,'应用运行日志','集团超级管理员','grsuper7ea4a4e54acdaff4c84bb8370');

INSERT  INTO `sys_auth_role_lv`(`ID`,`VERSION_NO`,`IS_LAST_VERSION`,`VERSION_BEGIN_TIME`,`VERSION_END_TIME`,`VERSION_BEGIN_USER_ID`,`VERSION_END_USER_ID`,`ROLE_ID`) VALUES ('groupsuperadmin',1,1,NULL,NULL,NULL,NULL,'groupsuperadmin');


insert into `sys_auth_role_v` (`ID`, `AUTH_ID`, `ROLE_ID`, `SIGN`, `IS_REVOKE`, `CREATE_USER`, `CREATE_TIME`, `UPDATE_TIME`, `REMARK`, `LV_ID`, `AUTH_NAME`,  `TRACE_ID`) values('grsuper2ef32403dbf9dc989d0651124','yingyong83214aeb8a3ec0a6822fdd30','groupsuperadmin',NULL,'0',NULL,NULL,NULL,NULL,'groupsuperadmin','应用管理员维护','grsuper2ef32403dbf9dc989d0651124');
insert into `sys_auth_role_v` (`ID`, `AUTH_ID`, `ROLE_ID`, `SIGN`, `IS_REVOKE`, `CREATE_USER`, `CREATE_TIME`, `UPDATE_TIME`, `REMARK`, `LV_ID`, `AUTH_NAME`,  `TRACE_ID`) values('grsuper2ef32403dbf9dc989d0651129','ac2a8ce16a614324b5ed4e9c24e7e905','groupsuperadmin',NULL,'0',NULL,NULL,NULL,NULL,'groupsuperadmin','应用管理','grsuper2ef32403dbf9dc989d0651129');
insert into `sys_auth_role_v` (`ID`, `AUTH_ID`, `ROLE_ID`, `SIGN`, `IS_REVOKE`, `CREATE_USER`, `CREATE_TIME`, `UPDATE_TIME`, `REMARK`, `LV_ID`, `AUTH_NAME`,  `TRACE_ID`) values('grsuper2ef32403dbf9dc989d0651130','ac2a8ce16a614324b5ed4e9c24e7e111','groupsuperadmin',NULL,'0',NULL,NULL,NULL,NULL,'groupsuperadmin','应用管理维护','grsuper2ef32403dbf9dc989d0651130');
insert into `sys_auth_role_v` (`ID`, `AUTH_ID`, `ROLE_ID`, `SIGN`, `IS_REVOKE`, `CREATE_USER`, `CREATE_TIME`, `UPDATE_TIME`, `REMARK`, `LV_ID`, `AUTH_NAME`,  `TRACE_ID`) values('grsuper2ef32403dbf9dc989d0651131','a16344b1790e41e98615f6cd19587573','groupsuperadmin',NULL,'0',NULL,NULL,NULL,NULL,'groupsuperadmin','业务单元','grsuper2ef32403dbf9dc989d0651131');
insert into `sys_auth_role_v` (`ID`, `AUTH_ID`, `ROLE_ID`, `SIGN`, `IS_REVOKE`, `CREATE_USER`, `CREATE_TIME`, `UPDATE_TIME`, `REMARK`, `LV_ID`, `AUTH_NAME`,  `TRACE_ID`) values('grsuper2ef32403dbf9dc989d0651132','a16344b1790e41e98615f6cd19587111','groupsuperadmin',NULL,'0',NULL,NULL,NULL,NULL,'groupsuperadmin','业务单元维护','grsuper2ef32403dbf9dc989d0651132');
insert into `sys_auth_role_v` (`ID`, `AUTH_ID`, `ROLE_ID`, `SIGN`, `IS_REVOKE`, `CREATE_USER`, `CREATE_TIME`, `UPDATE_TIME`, `REMARK`, `LV_ID`, `AUTH_NAME`,  `TRACE_ID`) values('grsuper2ef32403dbf9dc989d0651133','5e80ace300d54486814ee84c1fb29a3a','groupsuperadmin',NULL,'0',NULL,NULL,NULL,NULL,'groupsuperadmin','部门管理','grsuper2ef32403dbf9dc989d0651133');
insert into `sys_auth_role_v` (`ID`, `AUTH_ID`, `ROLE_ID`, `SIGN`, `IS_REVOKE`, `CREATE_USER`, `CREATE_TIME`, `UPDATE_TIME`, `REMARK`, `LV_ID`, `AUTH_NAME`,  `TRACE_ID`) values('grsuper2ef32403dbf9dc989d0651134','5e80ace300d54486814ee84c1fb29111','groupsuperadmin',NULL,'0',NULL,NULL,NULL,NULL,'groupsuperadmin','部门管理维护','grsuper2ef32403dbf9dc989d0651134');
insert into `sys_auth_role_v` (`ID`, `AUTH_ID`, `ROLE_ID`, `SIGN`, `IS_REVOKE`, `CREATE_USER`, `CREATE_TIME`, `UPDATE_TIME`, `REMARK`, `LV_ID`, `AUTH_NAME`,  `TRACE_ID`) values('grsuper2ef32403dbf9dc989d0651135','a16344b1790e41e98615f6cd19587571','groupsuperadmin',NULL,'0',NULL,NULL,NULL,NULL,'groupsuperadmin','人员管理','grsuper2ef32403dbf9dc989d0651135');
insert into `sys_auth_role_v` (`ID`, `AUTH_ID`, `ROLE_ID`, `SIGN`, `IS_REVOKE`, `CREATE_USER`, `CREATE_TIME`, `UPDATE_TIME`, `REMARK`, `LV_ID`, `AUTH_NAME`,  `TRACE_ID`) values('grsuper2ef32403dbf9dc989d0651136','a16344b1790e41e98615f6cd19587112','groupsuperadmin',NULL,'0',NULL,NULL,NULL,NULL,'groupsuperadmin','人员管理维护','grsuper2ef32403dbf9dc989d0651136');
insert into `sys_auth_role_v` (`ID`, `AUTH_ID`, `ROLE_ID`, `SIGN`, `IS_REVOKE`, `CREATE_USER`, `CREATE_TIME`, `UPDATE_TIME`, `REMARK`, `LV_ID`, `AUTH_NAME`,  `TRACE_ID`) values('grsuper2ef32403dbf9dc989d0651137','b50cbc8a2b0645729848403093f4246f','groupsuperadmin',NULL,'0',NULL,NULL,NULL,NULL,'groupsuperadmin','用户管理','grsuper2ef32403dbf9dc989d0651137');
insert into `sys_auth_role_v` (`ID`, `AUTH_ID`, `ROLE_ID`, `SIGN`, `IS_REVOKE`, `CREATE_USER`, `CREATE_TIME`, `UPDATE_TIME`, `REMARK`, `LV_ID`, `AUTH_NAME`,  `TRACE_ID`) values('grsuper2ef32403dbf9dc989d0651138','b50cbc8a2b0645729848403093f42111','groupsuperadmin',NULL,'0',NULL,NULL,NULL,NULL,'groupsuperadmin','用户管理维护','grsuper2ef32403dbf9dc989d0651138');
insert into `sys_auth_role_v` (`ID`, `AUTH_ID`, `ROLE_ID`, `SIGN`, `IS_REVOKE`, `CREATE_USER`, `CREATE_TIME`, `UPDATE_TIME`, `REMARK`, `LV_ID`, `AUTH_NAME`,  `TRACE_ID`) values('grsuper2ef32403dbf9dc989d0651141','ac2a8ce16a614324b5ed4e9c24e7e904','groupsuperadmin',NULL,'0',NULL,NULL,NULL,NULL,'groupsuperadmin','系统配置项管理','grsuper2ef32403dbf9dc989d0651141');
insert into `sys_auth_role_v` (`ID`, `AUTH_ID`, `ROLE_ID`, `SIGN`, `IS_REVOKE`, `CREATE_USER`, `CREATE_TIME`, `UPDATE_TIME`, `REMARK`, `LV_ID`, `AUTH_NAME`,  `TRACE_ID`) values('grsuper2ef32403dbf9dc989d0651142','ac2a8ce16a614324b5ed4e9c24e71112','groupsuperadmin',NULL,'0',NULL,NULL,NULL,NULL,'groupsuperadmin','集团配置项维护','grsuper2ef32403dbf9dc989d0651142');
insert into `sys_auth_role_v` (`ID`, `AUTH_ID`, `ROLE_ID`, `SIGN`, `IS_REVOKE`, `CREATE_USER`, `CREATE_TIME`, `UPDATE_TIME`, `REMARK`, `LV_ID`, `AUTH_NAME`,  `TRACE_ID`) values('grsuper2ef32403dbf9dc989d0651184','bc316279a4a9416a8e20019821e640af','groupsuperadmin',NULL,'0',NULL,NULL,NULL,NULL,'groupsuperadmin','组织架构管理','grsuper2ef32403dbf9dc989d0651184');
insert into `sys_auth_role_v` (`ID`, `AUTH_ID`, `ROLE_ID`, `SIGN`, `IS_REVOKE`, `CREATE_USER`, `CREATE_TIME`, `UPDATE_TIME`, `REMARK`, `LV_ID`, `AUTH_NAME`,  `TRACE_ID`) values('grsuper2ef32403dbf9dc989d0651185','e3b15ac90286450fbe5a721c9f542451','groupsuperadmin',NULL,'0',NULL,NULL,NULL,NULL,'groupsuperadmin','系统管理','grsuper2ef32403dbf9dc989d0651185');
insert into `sys_auth_role_v` (`ID`, `AUTH_ID`, `ROLE_ID`, `SIGN`, `IS_REVOKE`, `CREATE_USER`, `CREATE_TIME`, `UPDATE_TIME`, `REMARK`, `LV_ID`, `AUTH_NAME`,  `TRACE_ID`) values('grsuper2ef32403dbf9dc989d0651186','11316279a4a9416a8e20019821e640af','groupsuperadmin',NULL,'0',NULL,NULL,NULL,NULL,'groupsuperadmin','配置管理','grsuper2ef32403dbf9dc989d0651186');
insert into `sys_auth_role_v` (`ID`, `AUTH_ID`, `ROLE_ID`, `SIGN`, `IS_REVOKE`, `CREATE_USER`, `CREATE_TIME`, `UPDATE_TIME`, `REMARK`, `LV_ID`, `AUTH_NAME`,  `TRACE_ID`) values('grsuper2ef32403dbf9dc989d0651202','8bc5761a4d8d49e680515bc50f4baad1','groupsuperadmin',NULL,'0',NULL,NULL,NULL,NULL,'groupsuperadmin','菜单管理','grsuper2ef32403dbf9dc989d0651202');
insert into `sys_auth_role_v` (`ID`, `AUTH_ID`, `ROLE_ID`, `SIGN`, `IS_REVOKE`, `CREATE_USER`, `CREATE_TIME`, `UPDATE_TIME`, `REMARK`, `LV_ID`, `AUTH_NAME`,  `TRACE_ID`) values('grsuper2ef32403dbf9dc989d0651203','39e1b3ec3d6e483b86c4923ea64cfdd0','groupsuperadmin',NULL,'0',NULL,NULL,NULL,NULL,'groupsuperadmin','权限定义','grsuper2ef32403dbf9dc989d0651203');
insert into `sys_auth_role_v` (`ID`, `AUTH_ID`, `ROLE_ID`, `SIGN`, `IS_REVOKE`, `CREATE_USER`, `CREATE_TIME`, `UPDATE_TIME`, `REMARK`, `LV_ID`, `AUTH_NAME`,  `TRACE_ID`) values('grsuper2ef32403dbf9dc989d0651204','8bc5761a4d8d49e680515bc50f4ba111','groupsuperadmin',NULL,'0',NULL,NULL,NULL,NULL,'groupsuperadmin','菜单管理维护','grsuper2ef32403dbf9dc989d0651204');
insert into `sys_auth_role_v` (`ID`, `AUTH_ID`, `ROLE_ID`, `SIGN`, `IS_REVOKE`, `CREATE_USER`, `CREATE_TIME`, `UPDATE_TIME`, `REMARK`, `LV_ID`, `AUTH_NAME`,  `TRACE_ID`) values('grsuper2ef32403dbf9dc989d0651205','39e1b3ec3d6e483b86c4923ea64c1111','groupsuperadmin',NULL,'0',NULL,NULL,NULL,NULL,'groupsuperadmin','权限管理维护','grsuper2ef32403dbf9dc989d0651205');
insert into `sys_auth_role_v` (`ID`, `AUTH_ID`, `ROLE_ID`, `SIGN`, `IS_REVOKE`, `CREATE_USER`, `CREATE_TIME`, `UPDATE_TIME`, `REMARK`, `LV_ID`, `AUTH_NAME`,  `TRACE_ID`) values('grsuper2ef32403dbf9dc989d0651206','39e1b3ec3d6e483b86c4923ea64c1112','groupsuperadmin',NULL,'0',NULL,NULL,NULL,NULL,'groupsuperadmin','指定权限绑定api资源权限','grsuper2ef32403dbf9dc989d0651206');
insert into `sys_auth_role_v` (`ID`, `AUTH_ID`, `ROLE_ID`, `SIGN`, `IS_REVOKE`, `CREATE_USER`, `CREATE_TIME`, `UPDATE_TIME`, `REMARK`, `LV_ID`, `AUTH_NAME`,  `TRACE_ID`) values('grsuper2ef32403dbf9dc989d0651210','e3b15ac90286450fbe5a721c9f542433','groupsuperadmin',NULL,'0',NULL,NULL,NULL,NULL,'groupsuperadmin','首页','grsuper2ef32403dbf9dc989d0651210');
insert into `sys_auth_role_v` (`ID`, `AUTH_ID`, `ROLE_ID`, `SIGN`, `IS_REVOKE`, `CREATE_USER`, `CREATE_TIME`, `UPDATE_TIME`, `REMARK`, `LV_ID`, `AUTH_NAME`,  `TRACE_ID`) values('grsuper2ef32403dbf9dc989d0651225','11116279a4a9416a8e20019821e61111','groupsuperadmin',NULL,'0',NULL,NULL,NULL,NULL,'groupsuperadmin','工作日历','grsuper2ef32403dbf9dc989d0651225');
insert into `sys_auth_role_v` (`ID`, `AUTH_ID`, `ROLE_ID`, `SIGN`, `IS_REVOKE`, `CREATE_USER`, `CREATE_TIME`, `UPDATE_TIME`, `REMARK`, `LV_ID`, `AUTH_NAME`,  `TRACE_ID`) values('grsuper2ef32403dbf9dc989d0651241','a16344b1790e41e98615f6cd19587572','groupsuperadmin',NULL,'0',NULL,NULL,NULL,NULL,'groupsuperadmin','岗位管理','grsuper2ef32403dbf9dc989d0651241');
insert into `sys_auth_role_v` (`ID`, `AUTH_ID`, `ROLE_ID`, `SIGN`, `IS_REVOKE`, `CREATE_USER`, `CREATE_TIME`, `UPDATE_TIME`, `REMARK`, `LV_ID`, `AUTH_NAME`,  `TRACE_ID`) values('grsuper2ef32403dbf9dc989d0651242','a16344b1790e41e98615f6cd1958757r','groupsuperadmin',NULL,'0',NULL,NULL,NULL,NULL,'groupsuperadmin','职务管理','grsuper2ef32403dbf9dc989d0651242');
insert into `sys_auth_role_v` (`ID`, `AUTH_ID`, `ROLE_ID`, `SIGN`, `IS_REVOKE`, `CREATE_USER`, `CREATE_TIME`, `UPDATE_TIME`, `REMARK`, `LV_ID`, `AUTH_NAME`,  `TRACE_ID`) values('grsuper2ef32403dbf9dc989d0651253','131e140bc2bd4361af5ee488f92b22ad','groupsuperadmin',NULL,'0',NULL,NULL,NULL,NULL,'groupsuperadmin','字典管理','grsuper2ef32403dbf9dc989d0651253');
insert into `sys_auth_role_v` (`ID`, `AUTH_ID`, `ROLE_ID`, `SIGN`, `IS_REVOKE`, `CREATE_USER`, `CREATE_TIME`, `UPDATE_TIME`, `REMARK`, `LV_ID`, `AUTH_NAME`,  `TRACE_ID`) values('grsuper07a3249d6ad180da0b4681112','1160858109884c5095eed968472c0235','groupsuperadmin',NULL,'0',NULL,NULL,NULL,NULL,'groupsuperadmin','集团级字典维护','grsuper07a3249d6ad180da0b4681112');
insert into `sys_auth_role_v` (`ID`, `AUTH_ID`, `ROLE_ID`, `SIGN`, `IS_REVOKE`, `CREATE_USER`, `CREATE_TIME`, `UPDATE_TIME`, `REMARK`, `LV_ID`, `AUTH_NAME`,  `TRACE_ID`) values('grsuper2ef32403dbf9dc989d0651236','8d4d2caee7f548889988da2747dfaa4a','groupsuperadmin',NULL,'0',NULL,NULL,NULL,NULL,'groupsuperadmin','角色全局管理',NULL);
insert into `sys_auth_role_v` (`ID`, `AUTH_ID`, `ROLE_ID`, `SIGN`, `IS_REVOKE`, `CREATE_USER`, `CREATE_TIME`, `UPDATE_TIME`, `REMARK`, `LV_ID`, `AUTH_NAME`,  `TRACE_ID`) values('grsuper7ea4a4e54acdaff4c84bb8371','99ea2ad7ea4a4e54acdaff4c84bb8371','groupsuperadmin',NULL,'0',NULL,NULL,NULL,NULL,'groupsuperadmin','运行日志','grsuper7ea4a4e54acdaff4c84bb8371');
insert into `sys_auth_role_v` (`ID`, `AUTH_ID`, `ROLE_ID`, `SIGN`, `IS_REVOKE`, `CREATE_USER`, `CREATE_TIME`, `UPDATE_TIME`, `REMARK`, `LV_ID`, `AUTH_NAME`,  `TRACE_ID`) values('grsuperea4a4e54acdaff4yhmzq8370','vbnmhd7ea4a4e54acdaff4yhmzq8370','groupsuperadmin',NULL,'0',NULL,NULL,NULL,NULL,'groupsuperadmin','小程序管理','grsuperea4a4e54acdaff4yhmzq8370');
insert into `sys_auth_role_v` (`ID`, `AUTH_ID`, `ROLE_ID`, `SIGN`, `IS_REVOKE`, `CREATE_USER`, `CREATE_TIME`, `UPDATE_TIME`, `REMARK`, `LV_ID`, `AUTH_NAME`,  `TRACE_ID`) values('grsuper2ef32403dbf9dc989d0651199','04d7893c4a4d4345b18b0789af13753f','groupsuperadmin',NULL,'0',NULL,NULL,NULL,NULL,'groupsuperadmin','审计日志','grsuper2ef32403dbf9dc989d0651199');
insert into `sys_auth_role_v` (`ID`, `AUTH_ID`, `ROLE_ID`, `SIGN`, `IS_REVOKE`, `CREATE_USER`, `CREATE_TIME`, `UPDATE_TIME`, `REMARK`, `LV_ID`, `AUTH_NAME`,  `TRACE_ID`) values('grsuper7ea4a4e54acdaff4c84bb8370','19ea2ad7ea4a4e54acdaff4c84bb8370','groupsuperadmin',NULL,'0',NULL,NULL,NULL,NULL,'groupsuperadmin','应用运行日志','grsuper7ea4a4e54acdaff4c84bb8370');


/** 应用超级管理员菜单权限关系 */
INSERT INTO `sys_auth_role` (`ID`, `AUTH_ID`, `ROLE_ID`, `SIGN`, `IS_REVOKE`, `CREATE_USER`, `CREATE_TIME`, `UPDATE_TIME`, `REMARK`, `AUTH_NAME`, `ROLE_NAME`, `TRACE_ID`) VALUES('superappa4a4e54acdaff4yhmzq8370','0745867ea4a4e54acdaff4yhmzq8370','appsuperadmin',NULL,'0',NULL,NULL,NULL,NULL,NULL,NULL,'superappa4a4e54acdaff4yhmzq8370');
INSERT INTO `sys_auth_role` (`ID`, `AUTH_ID`, `ROLE_ID`, `SIGN`, `IS_REVOKE`, `CREATE_USER`, `CREATE_TIME`, `UPDATE_TIME`, `REMARK`, `AUTH_NAME`, `ROLE_NAME`, `TRACE_ID`) VALUES('superappef32403dbf9dc989d0651139','39e1b3ec3d6e483b86c4923ea64cfeee','appsuperadmin',NULL,'0',NULL,NULL,NULL,NULL,'数据源管理',NULL,'superappef32403dbf9dc989d0651139');
INSERT INTO `sys_auth_role` (`ID`, `AUTH_ID`, `ROLE_ID`, `SIGN`, `IS_REVOKE`, `CREATE_USER`, `CREATE_TIME`, `UPDATE_TIME`, `REMARK`, `AUTH_NAME`, `ROLE_NAME`, `TRACE_ID`) VALUES('superappef32403dbf9dc989d0651140','39e1b3ec3d6e483b86c4923ea64cf111','appsuperadmin',NULL,'0',NULL,NULL,NULL,NULL,'数据源管理维护',NULL,'superappef32403dbf9dc989d0651140');
INSERT INTO `sys_auth_role` (`ID`, `AUTH_ID`, `ROLE_ID`, `SIGN`, `IS_REVOKE`, `CREATE_USER`, `CREATE_TIME`, `UPDATE_TIME`, `REMARK`, `AUTH_NAME`, `ROLE_NAME`, `TRACE_ID`) VALUES('superappef32403dbf9dc989d0651147','ac2a8ce16a614324b5ed4e9c24e7e904','appsuperadmin',NULL,'0',NULL,NULL,NULL,NULL,'系统配置项管理',NULL,'superappef32403dbf9dc989d0651147');
INSERT INTO `sys_auth_role` (`ID`, `AUTH_ID`, `ROLE_ID`, `SIGN`, `IS_REVOKE`, `CREATE_USER`, `CREATE_TIME`, `UPDATE_TIME`, `REMARK`, `AUTH_NAME`, `ROLE_NAME`, `TRACE_ID`) VALUES('superappef32403dbf9dc989d0651148','ac2a8ce16a614324b5ed4e9c24e71113','appsuperadmin',NULL,'0',NULL,NULL,NULL,NULL,'应用配置项维护',NULL,'superappef32403dbf9dc989d0651148');
INSERT INTO `sys_auth_role` (`ID`, `AUTH_ID`, `ROLE_ID`, `SIGN`, `IS_REVOKE`, `CREATE_USER`, `CREATE_TIME`, `UPDATE_TIME`, `REMARK`, `AUTH_NAME`, `ROLE_NAME`, `TRACE_ID`) VALUES('superappef32403dbf9dc989d0651149','ffc03579b06a4b7fae6c51c9ff48b311','appsuperadmin',NULL,'0',NULL,NULL,NULL,NULL,'附件配置项管理',NULL,'superappef32403dbf9dc989d0651149');
INSERT INTO `sys_auth_role` (`ID`, `AUTH_ID`, `ROLE_ID`, `SIGN`, `IS_REVOKE`, `CREATE_USER`, `CREATE_TIME`, `UPDATE_TIME`, `REMARK`, `AUTH_NAME`, `ROLE_NAME`, `TRACE_ID`) VALUES('superappef32403dbf9dc989d0651151','131e140bc2bd4361af5ee488f92b22ad','appsuperadmin',NULL,'0',NULL,NULL,NULL,NULL,'字典管理',NULL,'superappef32403dbf9dc989d0651151');
INSERT INTO `sys_auth_role` (`ID`, `AUTH_ID`, `ROLE_ID`, `SIGN`, `IS_REVOKE`, `CREATE_USER`, `CREATE_TIME`, `UPDATE_TIME`, `REMARK`, `AUTH_NAME`, `ROLE_NAME`, `TRACE_ID`) VALUES('superappef32403dbf9dc989d0651153','8bc5761a4d8d49e680515bc50f4baad1','appsuperadmin',NULL,'0',NULL,NULL,NULL,NULL,'菜单管理','NULL,superappef32403dbf9dc989d0651153');
INSERT INTO `sys_auth_role` (`ID`, `AUTH_ID`, `ROLE_ID`, `SIGN`, `IS_REVOKE`, `CREATE_USER`, `CREATE_TIME`, `UPDATE_TIME`, `REMARK`, `AUTH_NAME`, `ROLE_NAME`, `TRACE_ID`) VALUES('superappef32403dbf9dc989d0651154','8bc5761a4d8d49e680515bc50f4ba111','appsuperadmin',NULL,'0',NULL,NULL,NULL,NULL,'菜单管理维护',NULL,'superappef32403dbf9dc989d0651154');
INSERT INTO `sys_auth_role` (`ID`, `AUTH_ID`, `ROLE_ID`, `SIGN`, `IS_REVOKE`, `CREATE_USER`, `CREATE_TIME`, `UPDATE_TIME`, `REMARK`, `AUTH_NAME`, `ROLE_NAME`, `TRACE_ID`) VALUES('superappef32403dbf9dc989d0651155','39e1b3ec3d6e483b86c4923ea64cfdd0','appsuperadmin',NULL,'0',NULL,NULL,NULL,NULL,'权限定义',NULL,'superappef32403dbf9dc989d0651155');
INSERT INTO `sys_auth_role` (`ID`, `AUTH_ID`, `ROLE_ID`, `SIGN`, `IS_REVOKE`, `CREATE_USER`, `CREATE_TIME`, `UPDATE_TIME`, `REMARK`, `AUTH_NAME`, `ROLE_NAME`, `TRACE_ID`) VALUES('superappef32403dbf9dc989d0651156','39e1b3ec3d6e483b86c4923ea64c1111','appsuperadmin',NULL,'0',NULL,NULL,NULL,NULL,'权限管理维护',NULL,'superappef32403dbf9dc989d0651156');
INSERT INTO `sys_auth_role` (`ID`, `AUTH_ID`, `ROLE_ID`, `SIGN`, `IS_REVOKE`, `CREATE_USER`, `CREATE_TIME`, `UPDATE_TIME`, `REMARK`, `AUTH_NAME`, `ROLE_NAME`, `TRACE_ID`) VALUES('superappef32403dbf9dc989d0651157','8d4d2caee7f548889988da2747dfaa4a','appsuperadmin',NULL,'0',NULL,NULL,NULL,NULL,'角色管理',NULL,'superappef32403dbf9dc989d0651157');
INSERT INTO `sys_auth_role` (`ID`, `AUTH_ID`, `ROLE_ID`, `SIGN`, `IS_REVOKE`, `CREATE_USER`, `CREATE_TIME`, `UPDATE_TIME`, `REMARK`, `AUTH_NAME`, `ROLE_NAME`, `TRACE_ID`) VALUES('superappef32403dbf9dc989d0651158','39e1b3ec3d6e483b86c4923ea64c1112','appsuperadmin',NULL,'0',NULL,NULL,NULL,NULL,'指定权限绑定api资源权限',NULL,'superappef32403dbf9dc989d0651158');
INSERT INTO `sys_auth_role` (`ID`, `AUTH_ID`, `ROLE_ID`, `SIGN`, `IS_REVOKE`, `CREATE_USER`, `CREATE_TIME`, `UPDATE_TIME`, `REMARK`, `AUTH_NAME`, `ROLE_NAME`, `TRACE_ID`) VALUES('superappef32403dbf9dc989d0651164','334qb3ec3d6e483b86c4923ea64cf112','appsuperadmin',NULL,'0',NULL,NULL,NULL,NULL,'用户授权激活',NULL,'superappef32403dbf9dc989d0651164');
INSERT INTO `sys_auth_role` (`ID`, `AUTH_ID`, `ROLE_ID`, `SIGN`, `IS_REVOKE`, `CREATE_USER`, `CREATE_TIME`, `UPDATE_TIME`, `REMARK`, `AUTH_NAME`, `ROLE_NAME`, `TRACE_ID`) VALUES('superappef32403dbf9dc989d0651170','456wb3ec3d6e483b86c4923ea64cf112','appsuperadmin',NULL,'0',NULL,NULL,NULL,NULL,'角色授权激活',NULL,'superappef32403dbf9dc989d0651170');
INSERT INTO `sys_auth_role` (`ID`, `AUTH_ID`, `ROLE_ID`, `SIGN`, `IS_REVOKE`, `CREATE_USER`, `CREATE_TIME`, `UPDATE_TIME`, `REMARK`, `AUTH_NAME`, `ROLE_NAME`, `TRACE_ID`) VALUES('superappef32403dbf9dc989d0651174','67yub3ec3d6e483b86c4923ea64cf112','appsuperadmin',NULL,'0',NULL,NULL,NULL,NULL,'权限授权激活',NULL,'superappef32403dbf9dc989d0651174');
INSERT INTO `sys_auth_role` (`ID`, `AUTH_ID`, `ROLE_ID`, `SIGN`, `IS_REVOKE`, `CREATE_USER`, `CREATE_TIME`, `UPDATE_TIME`, `REMARK`, `AUTH_NAME`, `ROLE_NAME`, `TRACE_ID`) VALUES('superappef32403dbf9dc989d0651189','11316279a4a9416a8e20019821e640af','appsuperadmin',NULL,'0',NULL,NULL,NULL,NULL,'配置管理',NULL,'superappef32403dbf9dc989d0651189');
INSERT INTO `sys_auth_role` (`ID`, `AUTH_ID`, `ROLE_ID`, `SIGN`, `IS_REVOKE`, `CREATE_USER`, `CREATE_TIME`, `UPDATE_TIME`, `REMARK`, `AUTH_NAME`, `ROLE_NAME`, `TRACE_ID`) VALUES('superappef32403dbf9dc989d0651190','e3b15ac90286450fbe5a721c9f542451','appsuperadmin',NULL,'0',NULL,NULL,NULL,NULL,'系统管理',NULL,'superappef32403dbf9dc989d0651190');
INSERT INTO `sys_auth_role` (`ID`, `AUTH_ID`, `ROLE_ID`, `SIGN`, `IS_REVOKE`, `CREATE_USER`, `CREATE_TIME`, `UPDATE_TIME`, `REMARK`, `AUTH_NAME`, `ROLE_NAME`, `TRACE_ID`) VALUES('superappef32403dbf9dc989d0651192','11erb3ec3d6e483b86c4923ea64cfdd0','appsuperadmin',NULL,'0',NULL,NULL,NULL,NULL,'授权管理',NULL,'superappef32403dbf9dc989d0651192');
INSERT INTO `sys_auth_role` (`ID`, `AUTH_ID`, `ROLE_ID`, `SIGN`, `IS_REVOKE`, `CREATE_USER`, `CREATE_TIME`, `UPDATE_TIME`, `REMARK`, `AUTH_NAME`, `ROLE_NAME`, `TRACE_ID`) VALUES('superappef32403dbf9dc989d0651213','e3b15ac90286450fbe5a721c9f542433','appsuperadmin',NULL,'0',NULL,NULL,NULL,NULL,'首页',NULL,'superappef32403dbf9dc989d0651213');
INSERT INTO `sys_auth_role` (`ID`, `AUTH_ID`, `ROLE_ID`, `SIGN`, `IS_REVOKE`, `CREATE_USER`, `CREATE_TIME`, `UPDATE_TIME`, `REMARK`, `AUTH_NAME`, `ROLE_NAME`, `TRACE_ID`) VALUES('superappef32403dbf9dc989d0651224','22316279a4a9416a8e20019821e640af','appsuperadmin',NULL,'0',NULL,NULL,NULL,NULL,'定时任务',NULL,'superappef32403dbf9dc989d0651224');
INSERT INTO `sys_auth_role` (`ID`, `AUTH_ID`, `ROLE_ID`, `SIGN`, `IS_REVOKE`, `CREATE_USER`, `CREATE_TIME`, `UPDATE_TIME`, `REMARK`, `AUTH_NAME`, `ROLE_NAME`, `TRACE_ID`) VALUES('superappef32403dbf9dc989d0651227','3333ba3204344d37929abd4ad9a12222','appsuperadmin',NULL,'0',NULL,NULL,NULL,NULL,'工作流程',NULL,'superappef32403dbf9dc989d0651227');
INSERT INTO `sys_auth_role` (`ID`, `AUTH_ID`, `ROLE_ID`, `SIGN`, `IS_REVOKE`, `CREATE_USER`, `CREATE_TIME`, `UPDATE_TIME`, `REMARK`, `AUTH_NAME`, `ROLE_NAME`, `TRACE_ID`) VALUES('superappef32403dbf9dc989d0651228','3456ba3204344d37929abd4ad9a15678','appsuperadmin',NULL,'0',NULL,NULL,NULL,NULL,'流程定义',NULL,'superappef32403dbf9dc989d0651228');
INSERT INTO `sys_auth_role` (`ID`, `AUTH_ID`, `ROLE_ID`, `SIGN`, `IS_REVOKE`, `CREATE_USER`, `CREATE_TIME`, `UPDATE_TIME`, `REMARK`, `AUTH_NAME`, `ROLE_NAME`, `TRACE_ID`) VALUES('superappef32403dbf9dc989d0651229','7756ba3204344d37929abd4ad9a15699','appsuperadmin',NULL,'0',NULL,NULL,NULL,NULL,'全局变量',NULL,'superappef32403dbf9dc989d0651229');
INSERT INTO `sys_auth_role` (`ID`, `AUTH_ID`, `ROLE_ID`, `SIGN`, `IS_REVOKE`, `CREATE_USER`, `CREATE_TIME`, `UPDATE_TIME`, `REMARK`, `AUTH_NAME`, `ROLE_NAME`, `TRACE_ID`) VALUES('superappef32403dbf9dc989d0651230','1116ba3204344d37929abd4ad9a15222','appsuperadmin',NULL,'0',NULL,NULL,NULL,NULL,'全局规则',NULL,'superappef32403dbf9dc989d0651230');
INSERT INTO `sys_auth_role` (`ID`, `AUTH_ID`, `ROLE_ID`, `SIGN`, `IS_REVOKE`, `CREATE_USER`, `CREATE_TIME`, `UPDATE_TIME`, `REMARK`, `AUTH_NAME`, `ROLE_NAME`, `TRACE_ID`) VALUES('superappef32403dbf9dc989d0651243','twerba3204344d37929abd4ad9a1dfgh','appsuperadmin',NULL,'0',NULL,NULL,NULL,NULL,'数据展示',NULL,'superappef32403dbf9dc989d0651243');
INSERT INTO `sys_auth_role` (`ID`, `AUTH_ID`, `ROLE_ID`, `SIGN`, `IS_REVOKE`, `CREATE_USER`, `CREATE_TIME`, `UPDATE_TIME`, `REMARK`, `AUTH_NAME`, `ROLE_NAME`, `TRACE_ID`) VALUES('superappef32403dbf9dc989d0651244','1234ba3204344d37929abd4ad9a1dgth','appsuperadmin',NULL,'0',NULL,NULL,NULL,NULL,'业务类型',NULL,'superappef32403dbf9dc989d0651244');
INSERT INTO `sys_auth_role` (`ID`, `AUTH_ID`, `ROLE_ID`, `SIGN`, `IS_REVOKE`, `CREATE_USER`, `CREATE_TIME`, `UPDATE_TIME`, `REMARK`, `AUTH_NAME`, `ROLE_NAME`, `TRACE_ID`) VALUES('superappef32403dbf9dc989d0651245','2234ba3204344d37929abd4ad9a1dgth','appsuperadmin',NULL,'0',NULL,NULL,NULL,NULL,'报表设计',NULL,'superappef32403dbf9dc989d0651245');
INSERT INTO `sys_auth_role` (`ID`, `AUTH_ID`, `ROLE_ID`, `SIGN`, `IS_REVOKE`, `CREATE_USER`, `CREATE_TIME`, `UPDATE_TIME`, `REMARK`, `AUTH_NAME`, `ROLE_NAME`, `TRACE_ID`) VALUES('superappef32403dbf9dc989d0651246','3234ba3204344d37929abd4ad9a1dgth','appsuperadmin',NULL,'0',NULL,NULL,NULL,NULL,'报表浏览',NULL,'superappef32403dbf9dc989d0651246');
INSERT INTO `sys_auth_role` (`ID`, `AUTH_ID`, `ROLE_ID`, `SIGN`, `IS_REVOKE`, `CREATE_USER`, `CREATE_TIME`, `UPDATE_TIME`, `REMARK`, `AUTH_NAME`, `ROLE_NAME`, `TRACE_ID`) VALUES('superappef32403dbf9dc989d0651250','45676279a4a9416a8e20019821e6ghjk','appsuperadmin',NULL,'0',NULL,NULL,NULL,NULL,'消息通道',NULL,'superappef32403dbf9dc989d0651250');
INSERT INTO `sys_auth_role` (`ID`, `AUTH_ID`, `ROLE_ID`, `SIGN`, `IS_REVOKE`, `CREATE_USER`, `CREATE_TIME`, `UPDATE_TIME`, `REMARK`, `AUTH_NAME`, `ROLE_NAME`, `TRACE_ID`) VALUES('superappef32403dbf9dc989d0651251','yut76279a4a9416a8e20019821e6g45t','appsuperadmin',NULL,'0',NULL,NULL,NULL,NULL,NULL,NULL,NULL);
INSERT INTO `sys_auth_role` (`ID`, `AUTH_ID`, `ROLE_ID`, `SIGN`, `IS_REVOKE`, `CREATE_USER`, `CREATE_TIME`, `UPDATE_TIME`, `REMARK`, `AUTH_NAME`, `ROLE_NAME`, `TRACE_ID`) VALUES('superappa4a4e54acdaff4yhmzq8371','1275967ea4a4e54acdaff4yhmzq8370','appsuperadmin',NULL,'0',NULL,NULL,NULL,NULL,NULL,NULL,'superappa4a4e54acdaff4yhmzq8371');
INSERT INTO `sys_auth_role` (`ID`, `AUTH_ID`, `ROLE_ID`, `SIGN`, `IS_REVOKE`, `CREATE_USER`, `CREATE_TIME`, `UPDATE_TIME`, `REMARK`, `AUTH_NAME`, `ROLE_NAME`, `TRACE_ID`) VALUES('superapp7a3249d6ad180da0b4681113','1160858109884c5095eed968472c0236','appsuperadmin',NULL,'0',NULL,NULL,NULL,NULL,'应用级字典维护',NULL,'superappa3249d6ad180da0b4681113');
INSERT INTO `sys_auth_role` (`ID`, `AUTH_ID`, `ROLE_ID`, `SIGN`, `IS_REVOKE`, `CREATE_USER`, `CREATE_TIME`, `UPDATE_TIME`, `REMARK`, `AUTH_NAME`, `ROLE_NAME`, `TRACE_ID`) VALUES('superappea4a4e54acdaff4c84bb8379','19ea2ad7ea4a4e54acdaff4yhmzq8370','appsuperadmin',NULL,'0',NULL,NULL,NULL,NULL,'组件注册',NULL,'superappea4a4e54acdaff4c84bb8379');
INSERT INTO `sys_auth_role` (`ID`, `AUTH_ID`, `ROLE_ID`, `SIGN`, `IS_REVOKE`, `CREATE_USER`, `CREATE_TIME`, `UPDATE_TIME`, `REMARK`, `AUTH_NAME`, `ROLE_NAME`, `TRACE_ID`) VALUES('superapp04344d37929abd4ad9a1dg12','4599ba3204344d37929abd4ad9a1dgth','appsuperadmin',NULL,'0',NULL,NULL,NULL,NULL,NULL,NULL,'superapp04344d37929abd4ad9a1dg12');
INSERT INTO `sys_auth_role` (`ID`, `AUTH_ID`, `ROLE_ID`, `SIGN`, `IS_REVOKE`, `CREATE_USER`, `CREATE_TIME`, `UPDATE_TIME`, `REMARK`, `AUTH_NAME`, `ROLE_NAME`, `TRACE_ID`) VALUES('superapp04344d37929abd4ad9a1dg32','7784ba3204344d37929abd4ad9a1dgth','appsuperadmin',NULL,'0',NULL,NULL,NULL,NULL,NULL,NULL,'superapp04344d37929abd4ad9a1dg32');
INSERT INTO `sys_auth_role` (`ID`, `AUTH_ID`, `ROLE_ID`, `SIGN`, `IS_REVOKE`, `CREATE_USER`, `CREATE_TIME`, `UPDATE_TIME`, `REMARK`, `AUTH_NAME`, `ROLE_NAME`, `TRACE_ID`) VALUES('superapp04344d37929abd4ad9a1dg43','8234ba3204344d37929abd4ad9a1dgth','appsuperadmin',NULL,'0',NULL,NULL,NULL,NULL,NULL,NULL,'superapp04344d37929abd4ad9a1dg43');
INSERT INTO `sys_auth_role` (`ID`, `AUTH_ID`, `ROLE_ID`, `SIGN`, `IS_REVOKE`, `CREATE_USER`, `CREATE_TIME`, `UPDATE_TIME`, `REMARK`, `AUTH_NAME`, `ROLE_NAME`, `TRACE_ID`) VALUES('superappa4a4e54acdaff4yhmzq8373','byasmd7ea4a4e54acdaff4yhmzq8370','appsuperadmin',NULL,'0',NULL,NULL,NULL,NULL,NULL,NULL,'superappa4a4e54acdaff4yhmzq8373');
INSERT INTO `sys_auth_role` (`ID`, `AUTH_ID`, `ROLE_ID`, `SIGN`, `IS_REVOKE`, `CREATE_USER`, `CREATE_TIME`, `UPDATE_TIME`, `REMARK`, `AUTH_NAME`, `ROLE_NAME`, `TRACE_ID`) VALUES('superappa4a4e54acdaff4yhmzq8374','c789567ea4a4e54acdaff4yhmzq8370','appsuperadmin',NULL,'0',NULL,NULL,NULL,NULL,NULL,NULL,'superappa4a4e54acdaff4yhmzq8374');
INSERT INTO `sys_auth_role` (`ID`, `AUTH_ID`, `ROLE_ID`, `SIGN`, `IS_REVOKE`, `CREATE_USER`, `CREATE_TIME`, `UPDATE_TIME`, `REMARK`, `AUTH_NAME`, `ROLE_NAME`, `TRACE_ID`) VALUES('superappaoxi4d37929abd4ad9a1dgth','dapingxiaoxi4d37929abd4ad9a1dgth','appsuperadmin',NULL,'0',NULL,NULL,NULL,NULL,NULL,NULL,NULL);
INSERT INTO `sys_auth_role` (`ID`, `AUTH_ID`, `ROLE_ID`, `SIGN`, `IS_REVOKE`, `CREATE_USER`, `CREATE_TIME`, `UPDATE_TIME`, `REMARK`, `AUTH_NAME`, `ROLE_NAME`, `TRACE_ID`) VALUES('superappa4a4e54acdaff4yhmzq8375','bnuimd7ea4a4e54acdaff4yhmzq8370','appsuperadmin',NULL,'0',NULL,NULL,NULL,NULL,'消息模板',NULL,'superappa4a4e54acdaff4yhmzq8375');
INSERT INTO `sys_auth_role` (`ID`, `AUTH_ID`, `ROLE_ID`, `SIGN`, `IS_REVOKE`, `CREATE_USER`, `CREATE_TIME`, `UPDATE_TIME`, `REMARK`, `AUTH_NAME`, `ROLE_NAME`, `TRACE_ID`) VALUES('superappef32403dbf9dc989d0651165','334qb3ec3d6e483b86c4923ea64cfdd0','appsuperadmin',NULL,'0',NULL,NULL,NULL,NULL,'用户授权',NULL,'superappef32403dbf9dc989d0651165');
INSERT INTO `sys_auth_role` (`ID`, `AUTH_ID`, `ROLE_ID`, `SIGN`, `IS_REVOKE`, `CREATE_USER`, `CREATE_TIME`, `UPDATE_TIME`, `REMARK`, `AUTH_NAME`, `ROLE_NAME`, `TRACE_ID`) VALUES('superappef32403dbf9dc989d0651166','334qb3ec3d6e483b86c4923ea64cf111','appsuperadmin',NULL,'0',NULL,NULL,NULL,NULL,'用户授权保存',NULL,'superappef32403dbf9dc989d0651166');
INSERT INTO `sys_auth_role` (`ID`, `AUTH_ID`, `ROLE_ID`, `SIGN`, `IS_REVOKE`, `CREATE_USER`, `CREATE_TIME`, `UPDATE_TIME`, `REMARK`, `AUTH_NAME`, `ROLE_NAME`, `TRACE_ID`) VALUES('superappef32403dbf9dc989d0651167','334qb3ec3d6e483b86c4923ea64cf113','appsuperadmin',NULL,'0',NULL,NULL,NULL,NULL,'指定用户权限管控的组织范围',NULL,'superappef32403dbf9dc989d0651167');
INSERT INTO `sys_auth_role` (`ID`, `AUTH_ID`, `ROLE_ID`, `SIGN`, `IS_REVOKE`, `CREATE_USER`, `CREATE_TIME`, `UPDATE_TIME`, `REMARK`, `AUTH_NAME`, `ROLE_NAME`, `TRACE_ID`) VALUES('superappef32403dbf9dc989d0651168','334qb3ec3d6e483b86c4923ea64cf114','appsuperadmin',NULL,'0',NULL,NULL,NULL,NULL,'指定用户权限管控的用户组范围',NULL,'superappef32403dbf9dc989d0651168');
INSERT INTO `sys_auth_role` (`ID`, `AUTH_ID`, `ROLE_ID`, `SIGN`, `IS_REVOKE`, `CREATE_USER`, `CREATE_TIME`, `UPDATE_TIME`, `REMARK`, `AUTH_NAME`, `ROLE_NAME`, `TRACE_ID`) VALUES('superappef32403dbf9dc989d0651171','456wb3ec3d6e483b86c4923ea64cfdd0','appsuperadmin',NULL,'0',NULL,NULL,NULL,NULL,'角色授权',NULL,'superappef32403dbf9dc989d0651171');
INSERT INTO `sys_auth_role` (`ID`, `AUTH_ID`, `ROLE_ID`, `SIGN`, `IS_REVOKE`, `CREATE_USER`, `CREATE_TIME`, `UPDATE_TIME`, `REMARK`, `AUTH_NAME`, `ROLE_NAME`, `TRACE_ID`) VALUES('superappef32403dbf9dc989d0651172','456wb3ec3d6e483b86c4923ea64cf111','appsuperadmin',NULL,'0',NULL,NULL,NULL,NULL,'角色授权保存',NULL,'superappef32403dbf9dc989d0651172');
INSERT INTO `sys_auth_role` (`ID`, `AUTH_ID`, `ROLE_ID`, `SIGN`, `IS_REVOKE`, `CREATE_USER`, `CREATE_TIME`, `UPDATE_TIME`, `REMARK`, `AUTH_NAME`, `ROLE_NAME`, `TRACE_ID`) VALUES('superappef32403dbf9dc989d0651175','67yub3ec3d6e483b86c4923ea64cfdd0','appsuperadmin',NULL,'0',NULL,NULL,NULL,NULL,'权限授权',NULL,'superappef32403dbf9dc989d0651175');
INSERT INTO `sys_auth_role` (`ID`, `AUTH_ID`, `ROLE_ID`, `SIGN`, `IS_REVOKE`, `CREATE_USER`, `CREATE_TIME`, `UPDATE_TIME`, `REMARK`, `AUTH_NAME`, `ROLE_NAME`, `TRACE_ID`) VALUES('superappef32403dbf9dc989d0651176','67yub3ec3d6e483b86c4923ea64cf111','appsuperadmin',NULL,'0',NULL,NULL,NULL,NULL,'权限授权保存',NULL,'superappef32403dbf9dc989d0651176');
INSERT INTO `sys_auth_role` (`ID`, `AUTH_ID`, `ROLE_ID`, `SIGN`, `IS_REVOKE`, `CREATE_USER`, `CREATE_TIME`, `UPDATE_TIME`, `REMARK`, `AUTH_NAME`, `ROLE_NAME`, `TRACE_ID`) VALUES('superappef32403dbf9dc989d0651193','04d7893c4a4d4345b18b0789af13753f','appsuperadmin',NULL,'0',NULL,NULL,NULL,NULL,'审计日志',NULL,'superappef32403dbf9dc989d0651193');
INSERT INTO `sys_auth_role` (`ID`, `AUTH_ID`, `ROLE_ID`, `SIGN`, `IS_REVOKE`, `CREATE_USER`, `CREATE_TIME`, `UPDATE_TIME`, `REMARK`, `AUTH_NAME`, `ROLE_NAME`, `TRACE_ID`) VALUES('superappef32403dbf9dc989d0651234','tyuub3ec3d6e483b86c4923ea64cfwe5','appsuperadmin',NULL,'0',NULL,NULL,NULL,NULL,'角色分配',NULL,'superappef32403dbf9dc989d0651234');
INSERT INTO `sys_auth_role` (`ID`, `AUTH_ID`, `ROLE_ID`, `SIGN`, `IS_REVOKE`, `CREATE_USER`, `CREATE_TIME`, `UPDATE_TIME`, `REMARK`, `AUTH_NAME`, `ROLE_NAME`, `TRACE_ID`) VALUES('superappea4a4e54acdaff4c84bb8370','19ea2ad7ea4a4e54acdaff4c84bb8370','appsuperadmin',NULL,'0',NULL,NULL,NULL,NULL,'应用运行日志',NULL,'superappea4a4e54acdaff4c84bb8370');
INSERT INTO `sys_auth_role` (`ID`, `AUTH_ID`, `ROLE_ID`, `SIGN`, `IS_REVOKE`, `CREATE_USER`, `CREATE_TIME`, `UPDATE_TIME`, `REMARK`, `AUTH_NAME`, `ROLE_NAME`, `TRACE_ID`) VALUES('superappef32403dbf9dc989d0651254','frggb3ec3d6e483b86c4923ea64cvbnu','appsuperadmin',NULL,'0',NULL,NULL,NULL,NULL,'角色审计',NULL,'superappef32403dbf9dc989d0651254');
INSERT INTO `sys_auth_role` (`ID`, `AUTH_ID`, `ROLE_ID`, `SIGN`, `IS_REVOKE`, `CREATE_USER`, `CREATE_TIME`, `UPDATE_TIME`, `REMARK`, `AUTH_NAME`, `ROLE_NAME`, `TRACE_ID`) VALUES('superappef32403dbf9dc989d0651255','hjuub3ec3d6e483b86c4923ea64cnmui','appsuperadmin',NULL,'0',NULL,NULL,NULL,NULL,'授权审计',NULL,'superappef32403dbf9dc989d0651255');

INSERT  INTO `sys_auth_role_lv`(`ID`,`VERSION_NO`,`IS_LAST_VERSION`,`VERSION_BEGIN_TIME`,`VERSION_END_TIME`,`VERSION_BEGIN_USER_ID`,`VERSION_END_USER_ID`,`ROLE_ID`) VALUES ('appsuperadmin',1,1,NULL,NULL,NULL,NULL,'appsuperadmin');


INSERT INTO `sys_auth_role_v` (`ID`, `AUTH_ID`, `ROLE_ID`, `SIGN`, `IS_REVOKE`, `CREATE_USER`, `CREATE_TIME`, `UPDATE_TIME`, `REMARK`, `LV_ID`, `AUTH_NAME`,  `TRACE_ID`) VALUES('superappa4a4e54acdaff4yhmzq8370','0745867ea4a4e54acdaff4yhmzq8370','appsuperadmin',NULL,'0',NULL,NULL,NULL,NULL,'appsuperadmin',NULL,'superappa4a4e54acdaff4yhmzq8370');
INSERT INTO `sys_auth_role_v` (`ID`, `AUTH_ID`, `ROLE_ID`, `SIGN`, `IS_REVOKE`, `CREATE_USER`, `CREATE_TIME`, `UPDATE_TIME`, `REMARK`, `LV_ID`, `AUTH_NAME`,  `TRACE_ID`) VALUES('superappef32403dbf9dc989d0651139','39e1b3ec3d6e483b86c4923ea64cfeee','appsuperadmin',NULL,'0',NULL,NULL,NULL,NULL,'appsuperadmin','数据源管理','superappef32403dbf9dc989d0651139');
INSERT INTO `sys_auth_role_v` (`ID`, `AUTH_ID`, `ROLE_ID`, `SIGN`, `IS_REVOKE`, `CREATE_USER`, `CREATE_TIME`, `UPDATE_TIME`, `REMARK`, `LV_ID`, `AUTH_NAME`,  `TRACE_ID`) VALUES('superappef32403dbf9dc989d0651140','39e1b3ec3d6e483b86c4923ea64cf111','appsuperadmin',NULL,'0',NULL,NULL,NULL,NULL,'appsuperadmin','数据源管理维护','superappef32403dbf9dc989d0651140');
INSERT INTO `sys_auth_role_v` (`ID`, `AUTH_ID`, `ROLE_ID`, `SIGN`, `IS_REVOKE`, `CREATE_USER`, `CREATE_TIME`, `UPDATE_TIME`, `REMARK`, `LV_ID`, `AUTH_NAME`,  `TRACE_ID`) VALUES('superappef32403dbf9dc989d0651147','ac2a8ce16a614324b5ed4e9c24e7e904','appsuperadmin',NULL,'0',NULL,NULL,NULL,NULL,'appsuperadmin','系统配置项管理','superappef32403dbf9dc989d0651147');
INSERT INTO `sys_auth_role_v` (`ID`, `AUTH_ID`, `ROLE_ID`, `SIGN`, `IS_REVOKE`, `CREATE_USER`, `CREATE_TIME`, `UPDATE_TIME`, `REMARK`, `LV_ID`, `AUTH_NAME`,  `TRACE_ID`) VALUES('superappef32403dbf9dc989d0651148','ac2a8ce16a614324b5ed4e9c24e71113','appsuperadmin',NULL,'0',NULL,NULL,NULL,NULL,'appsuperadmin','应用配置项维护','superappef32403dbf9dc989d0651148');
INSERT INTO `sys_auth_role_v` (`ID`, `AUTH_ID`, `ROLE_ID`, `SIGN`, `IS_REVOKE`, `CREATE_USER`, `CREATE_TIME`, `UPDATE_TIME`, `REMARK`, `LV_ID`, `AUTH_NAME`,  `TRACE_ID`) VALUES('superappef32403dbf9dc989d0651149','ffc03579b06a4b7fae6c51c9ff48b311','appsuperadmin',NULL,'0',NULL,NULL,NULL,NULL,'appsuperadmin','附件配置项管理','superappef32403dbf9dc989d0651149');
INSERT INTO `sys_auth_role_v` (`ID`, `AUTH_ID`, `ROLE_ID`, `SIGN`, `IS_REVOKE`, `CREATE_USER`, `CREATE_TIME`, `UPDATE_TIME`, `REMARK`, `LV_ID`, `AUTH_NAME`,  `TRACE_ID`) VALUES('superappef32403dbf9dc989d0651151','131e140bc2bd4361af5ee488f92b22ad','appsuperadmin',NULL,'0',NULL,NULL,NULL,NULL,'appsuperadmin','字典管理','superappef32403dbf9dc989d0651151');
INSERT INTO `sys_auth_role_v` (`ID`, `AUTH_ID`, `ROLE_ID`, `SIGN`, `IS_REVOKE`, `CREATE_USER`, `CREATE_TIME`, `UPDATE_TIME`, `REMARK`, `LV_ID`, `AUTH_NAME`,  `TRACE_ID`) VALUES('superappef32403dbf9dc989d0651153','8bc5761a4d8d49e680515bc50f4baad1','appsuperadmin',NULL,'0',NULL,NULL,NULL,NULL,'appsuperadmin','菜单管理','superappef32403dbf9dc989d0651153');
INSERT INTO `sys_auth_role_v` (`ID`, `AUTH_ID`, `ROLE_ID`, `SIGN`, `IS_REVOKE`, `CREATE_USER`, `CREATE_TIME`, `UPDATE_TIME`, `REMARK`, `LV_ID`, `AUTH_NAME`,  `TRACE_ID`) VALUES('superappef32403dbf9dc989d0651154','8bc5761a4d8d49e680515bc50f4ba111','appsuperadmin',NULL,'0',NULL,NULL,NULL,NULL,'appsuperadmin','菜单管理维护','superappef32403dbf9dc989d0651154');
INSERT INTO `sys_auth_role_v` (`ID`, `AUTH_ID`, `ROLE_ID`, `SIGN`, `IS_REVOKE`, `CREATE_USER`, `CREATE_TIME`, `UPDATE_TIME`, `REMARK`, `LV_ID`, `AUTH_NAME`,  `TRACE_ID`) VALUES('superappef32403dbf9dc989d0651155','39e1b3ec3d6e483b86c4923ea64cfdd0','appsuperadmin',NULL,'0',NULL,NULL,NULL,NULL,'appsuperadmin','权限定义','superappef32403dbf9dc989d0651155');
INSERT INTO `sys_auth_role_v` (`ID`, `AUTH_ID`, `ROLE_ID`, `SIGN`, `IS_REVOKE`, `CREATE_USER`, `CREATE_TIME`, `UPDATE_TIME`, `REMARK`, `LV_ID`, `AUTH_NAME`,  `TRACE_ID`) VALUES('superappef32403dbf9dc989d0651156','39e1b3ec3d6e483b86c4923ea64c1111','appsuperadmin',NULL,'0',NULL,NULL,NULL,NULL,'appsuperadmin','权限管理维护','superappef32403dbf9dc989d0651156');
INSERT INTO `sys_auth_role_v` (`ID`, `AUTH_ID`, `ROLE_ID`, `SIGN`, `IS_REVOKE`, `CREATE_USER`, `CREATE_TIME`, `UPDATE_TIME`, `REMARK`, `LV_ID`, `AUTH_NAME`,  `TRACE_ID`) VALUES('superappef32403dbf9dc989d0651157','8d4d2caee7f548889988da2747dfaa4a','appsuperadmin',NULL,'0',NULL,NULL,NULL,NULL,'appsuperadmin','角色管理','superappef32403dbf9dc989d0651157');
INSERT INTO `sys_auth_role_v` (`ID`, `AUTH_ID`, `ROLE_ID`, `SIGN`, `IS_REVOKE`, `CREATE_USER`, `CREATE_TIME`, `UPDATE_TIME`, `REMARK`, `LV_ID`, `AUTH_NAME`,  `TRACE_ID`) VALUES('superappef32403dbf9dc989d0651158','39e1b3ec3d6e483b86c4923ea64c1112','appsuperadmin',NULL,'0',NULL,NULL,NULL,NULL,'appsuperadmin','指定权限绑定api资源权限','superappef32403dbf9dc989d0651158');
INSERT INTO `sys_auth_role_v` (`ID`, `AUTH_ID`, `ROLE_ID`, `SIGN`, `IS_REVOKE`, `CREATE_USER`, `CREATE_TIME`, `UPDATE_TIME`, `REMARK`, `LV_ID`, `AUTH_NAME`,  `TRACE_ID`) VALUES('superappef32403dbf9dc989d0651164','334qb3ec3d6e483b86c4923ea64cf112','appsuperadmin',NULL,'0',NULL,NULL,NULL,NULL,'appsuperadmin','用户授权激活','superappef32403dbf9dc989d0651164');
INSERT INTO `sys_auth_role_v` (`ID`, `AUTH_ID`, `ROLE_ID`, `SIGN`, `IS_REVOKE`, `CREATE_USER`, `CREATE_TIME`, `UPDATE_TIME`, `REMARK`, `LV_ID`, `AUTH_NAME`,  `TRACE_ID`) VALUES('superappef32403dbf9dc989d0651170','456wb3ec3d6e483b86c4923ea64cf112','appsuperadmin',NULL,'0',NULL,NULL,NULL,NULL,'appsuperadmin','角色授权激活','superappef32403dbf9dc989d0651170');
INSERT INTO `sys_auth_role_v` (`ID`, `AUTH_ID`, `ROLE_ID`, `SIGN`, `IS_REVOKE`, `CREATE_USER`, `CREATE_TIME`, `UPDATE_TIME`, `REMARK`, `LV_ID`, `AUTH_NAME`,  `TRACE_ID`) VALUES('superappef32403dbf9dc989d0651174','67yub3ec3d6e483b86c4923ea64cf112','appsuperadmin',NULL,'0',NULL,NULL,NULL,NULL,'appsuperadmin','权限授权激活','superappef32403dbf9dc989d0651174');
INSERT INTO `sys_auth_role_v` (`ID`, `AUTH_ID`, `ROLE_ID`, `SIGN`, `IS_REVOKE`, `CREATE_USER`, `CREATE_TIME`, `UPDATE_TIME`, `REMARK`, `LV_ID`, `AUTH_NAME`,  `TRACE_ID`) VALUES('superappef32403dbf9dc989d0651189','11316279a4a9416a8e20019821e640af','appsuperadmin',NULL,'0',NULL,NULL,NULL,NULL,'appsuperadmin','配置管理','superappef32403dbf9dc989d0651189');
INSERT INTO `sys_auth_role_v` (`ID`, `AUTH_ID`, `ROLE_ID`, `SIGN`, `IS_REVOKE`, `CREATE_USER`, `CREATE_TIME`, `UPDATE_TIME`, `REMARK`, `LV_ID`, `AUTH_NAME`,  `TRACE_ID`) VALUES('superappef32403dbf9dc989d0651190','e3b15ac90286450fbe5a721c9f542451','appsuperadmin',NULL,'0',NULL,NULL,NULL,NULL,'appsuperadmin','系统管理','superappef32403dbf9dc989d0651190');
INSERT INTO `sys_auth_role_v` (`ID`, `AUTH_ID`, `ROLE_ID`, `SIGN`, `IS_REVOKE`, `CREATE_USER`, `CREATE_TIME`, `UPDATE_TIME`, `REMARK`, `LV_ID`, `AUTH_NAME`,  `TRACE_ID`) VALUES('superappef32403dbf9dc989d0651192','11erb3ec3d6e483b86c4923ea64cfdd0','appsuperadmin',NULL,'0',NULL,NULL,NULL,NULL,'appsuperadmin','授权管理','superappef32403dbf9dc989d0651192');
INSERT INTO `sys_auth_role_v` (`ID`, `AUTH_ID`, `ROLE_ID`, `SIGN`, `IS_REVOKE`, `CREATE_USER`, `CREATE_TIME`, `UPDATE_TIME`, `REMARK`, `LV_ID`, `AUTH_NAME`,  `TRACE_ID`) VALUES('superappef32403dbf9dc989d0651213','e3b15ac90286450fbe5a721c9f542433','appsuperadmin',NULL,'0',NULL,NULL,NULL,NULL,'appsuperadmin','首页','superappef32403dbf9dc989d0651213');
INSERT INTO `sys_auth_role_v` (`ID`, `AUTH_ID`, `ROLE_ID`, `SIGN`, `IS_REVOKE`, `CREATE_USER`, `CREATE_TIME`, `UPDATE_TIME`, `REMARK`, `LV_ID`, `AUTH_NAME`,  `TRACE_ID`) VALUES('superappef32403dbf9dc989d0651224','22316279a4a9416a8e20019821e640af','appsuperadmin',NULL,'0',NULL,NULL,NULL,NULL,'appsuperadmin','定时任务','superappef32403dbf9dc989d0651224');
INSERT INTO `sys_auth_role_v` (`ID`, `AUTH_ID`, `ROLE_ID`, `SIGN`, `IS_REVOKE`, `CREATE_USER`, `CREATE_TIME`, `UPDATE_TIME`, `REMARK`, `LV_ID`, `AUTH_NAME`,  `TRACE_ID`) VALUES('superappef32403dbf9dc989d0651227','3333ba3204344d37929abd4ad9a12222','appsuperadmin',NULL,'0',NULL,NULL,NULL,NULL,'appsuperadmin','工作流程','superappef32403dbf9dc989d0651227');
INSERT INTO `sys_auth_role_v` (`ID`, `AUTH_ID`, `ROLE_ID`, `SIGN`, `IS_REVOKE`, `CREATE_USER`, `CREATE_TIME`, `UPDATE_TIME`, `REMARK`, `LV_ID`, `AUTH_NAME`,  `TRACE_ID`) VALUES('superappef32403dbf9dc989d0651228','3456ba3204344d37929abd4ad9a15678','appsuperadmin',NULL,'0',NULL,NULL,NULL,NULL,'appsuperadmin','流程定义','superappef32403dbf9dc989d0651228');
INSERT INTO `sys_auth_role_v` (`ID`, `AUTH_ID`, `ROLE_ID`, `SIGN`, `IS_REVOKE`, `CREATE_USER`, `CREATE_TIME`, `UPDATE_TIME`, `REMARK`, `LV_ID`, `AUTH_NAME`,  `TRACE_ID`) VALUES('superappef32403dbf9dc989d0651229','7756ba3204344d37929abd4ad9a15699','appsuperadmin',NULL,'0',NULL,NULL,NULL,NULL,'appsuperadmin','全局变量','superappef32403dbf9dc989d0651229');
INSERT INTO `sys_auth_role_v` (`ID`, `AUTH_ID`, `ROLE_ID`, `SIGN`, `IS_REVOKE`, `CREATE_USER`, `CREATE_TIME`, `UPDATE_TIME`, `REMARK`, `LV_ID`, `AUTH_NAME`,  `TRACE_ID`) VALUES('superappef32403dbf9dc989d0651230','1116ba3204344d37929abd4ad9a15222','appsuperadmin',NULL,'0',NULL,NULL,NULL,NULL,'appsuperadmin','全局规则','superappef32403dbf9dc989d0651230');
INSERT INTO `sys_auth_role_v` (`ID`, `AUTH_ID`, `ROLE_ID`, `SIGN`, `IS_REVOKE`, `CREATE_USER`, `CREATE_TIME`, `UPDATE_TIME`, `REMARK`, `LV_ID`, `AUTH_NAME`,  `TRACE_ID`) VALUES('superappef32403dbf9dc989d0651243','twerba3204344d37929abd4ad9a1dfgh','appsuperadmin',NULL,'0',NULL,NULL,NULL,NULL,'appsuperadmin','数据展示','superappef32403dbf9dc989d0651243');
INSERT INTO `sys_auth_role_v` (`ID`, `AUTH_ID`, `ROLE_ID`, `SIGN`, `IS_REVOKE`, `CREATE_USER`, `CREATE_TIME`, `UPDATE_TIME`, `REMARK`, `LV_ID`, `AUTH_NAME`,  `TRACE_ID`) VALUES('superappef32403dbf9dc989d0651244','1234ba3204344d37929abd4ad9a1dgth','appsuperadmin',NULL,'0',NULL,NULL,NULL,NULL,'appsuperadmin','业务类型','superappef32403dbf9dc989d0651244');
INSERT INTO `sys_auth_role_v` (`ID`, `AUTH_ID`, `ROLE_ID`, `SIGN`, `IS_REVOKE`, `CREATE_USER`, `CREATE_TIME`, `UPDATE_TIME`, `REMARK`, `LV_ID`, `AUTH_NAME`,  `TRACE_ID`) VALUES('superappef32403dbf9dc989d0651245','2234ba3204344d37929abd4ad9a1dgth','appsuperadmin',NULL,'0',NULL,NULL,NULL,NULL,'appsuperadmin','报表设计','superappef32403dbf9dc989d0651245');
INSERT INTO `sys_auth_role_v` (`ID`, `AUTH_ID`, `ROLE_ID`, `SIGN`, `IS_REVOKE`, `CREATE_USER`, `CREATE_TIME`, `UPDATE_TIME`, `REMARK`, `LV_ID`, `AUTH_NAME`,  `TRACE_ID`) VALUES('superappef32403dbf9dc989d0651246','3234ba3204344d37929abd4ad9a1dgth','appsuperadmin',NULL,'0',NULL,NULL,NULL,NULL,'appsuperadmin','报表浏览','superappef32403dbf9dc989d0651246');
INSERT INTO `sys_auth_role_v` (`ID`, `AUTH_ID`, `ROLE_ID`, `SIGN`, `IS_REVOKE`, `CREATE_USER`, `CREATE_TIME`, `UPDATE_TIME`, `REMARK`, `LV_ID`, `AUTH_NAME`,  `TRACE_ID`) VALUES('superappef32403dbf9dc989d0651250','45676279a4a9416a8e20019821e6ghjk','appsuperadmin',NULL,'0',NULL,NULL,NULL,NULL,'appsuperadmin','消息通道','superappef32403dbf9dc989d0651250');
INSERT INTO `sys_auth_role_v` (`ID`, `AUTH_ID`, `ROLE_ID`, `SIGN`, `IS_REVOKE`, `CREATE_USER`, `CREATE_TIME`, `UPDATE_TIME`, `REMARK`, `LV_ID`, `AUTH_NAME`,  `TRACE_ID`) VALUES('superappef32403dbf9dc989d0651251','yut76279a4a9416a8e20019821e6g45t','appsuperadmin',NULL,'0',NULL,NULL,NULL,NULL,'appsuperadmin',NULL,NULL);
INSERT INTO `sys_auth_role_v` (`ID`, `AUTH_ID`, `ROLE_ID`, `SIGN`, `IS_REVOKE`, `CREATE_USER`, `CREATE_TIME`, `UPDATE_TIME`, `REMARK`, `LV_ID`, `AUTH_NAME`,  `TRACE_ID`) VALUES('superappa4a4e54acdaff4yhmzq8376','1275967ea4a4e54acdaff4yhmzq8370','appsuperadmin',NULL,'0',NULL,NULL,NULL,NULL,'appsuperadmin',NULL,'superappa4a4e54acdaff4yhmzq8376');
INSERT INTO `sys_auth_role_v` (`ID`, `AUTH_ID`, `ROLE_ID`, `SIGN`, `IS_REVOKE`, `CREATE_USER`, `CREATE_TIME`, `UPDATE_TIME`, `REMARK`, `LV_ID`, `AUTH_NAME`,  `TRACE_ID`) VALUES('superapp7a3249d6ad180da0b4681113','1160858109884c5095eed968472c0236','appsuperadmin',NULL,'0',NULL,NULL,NULL,NULL,'appsuperadmin','应用级字典维护','superappa3249d6ad180da0b4681113');
INSERT INTO `sys_auth_role_v` (`ID`, `AUTH_ID`, `ROLE_ID`, `SIGN`, `IS_REVOKE`, `CREATE_USER`, `CREATE_TIME`, `UPDATE_TIME`, `REMARK`, `LV_ID`, `AUTH_NAME`,  `TRACE_ID`) VALUES('superappea4a4e54acdaff4c84bb8379','19ea2ad7ea4a4e54acdaff4yhmzq8370','appsuperadmin',NULL,'0',NULL,NULL,NULL,NULL,'appsuperadmin','组件注册','superappea4a4e54acdaff4c84bb8379');
INSERT INTO `sys_auth_role_v` (`ID`, `AUTH_ID`, `ROLE_ID`, `SIGN`, `IS_REVOKE`, `CREATE_USER`, `CREATE_TIME`, `UPDATE_TIME`, `REMARK`, `LV_ID`, `AUTH_NAME`,  `TRACE_ID`) VALUES('superapp04344d37929abd4ad9a1dg12','4599ba3204344d37929abd4ad9a1dgth','appsuperadmin',NULL,'0',NULL,NULL,NULL,NULL,'appsuperadmin',NULL,'superapp04344d37929abd4ad9a1dg12');
INSERT INTO `sys_auth_role_v` (`ID`, `AUTH_ID`, `ROLE_ID`, `SIGN`, `IS_REVOKE`, `CREATE_USER`, `CREATE_TIME`, `UPDATE_TIME`, `REMARK`, `LV_ID`, `AUTH_NAME`,  `TRACE_ID`) VALUES('superapp04344d37929abd4ad9a1dg32','7784ba3204344d37929abd4ad9a1dgth','appsuperadmin',NULL,'0',NULL,NULL,NULL,NULL,'appsuperadmin',NULL,'superapp04344d37929abd4ad9a1dg32');
INSERT INTO `sys_auth_role_v` (`ID`, `AUTH_ID`, `ROLE_ID`, `SIGN`, `IS_REVOKE`, `CREATE_USER`, `CREATE_TIME`, `UPDATE_TIME`, `REMARK`, `LV_ID`, `AUTH_NAME`,  `TRACE_ID`) VALUES('superapp04344d37929abd4ad9a1dg43','8234ba3204344d37929abd4ad9a1dgth','appsuperadmin',NULL,'0',NULL,NULL,NULL,NULL,'appsuperadmin',NULL,'superapp04344d37929abd4ad9a1dg43');
INSERT INTO `sys_auth_role_v` (`ID`, `AUTH_ID`, `ROLE_ID`, `SIGN`, `IS_REVOKE`, `CREATE_USER`, `CREATE_TIME`, `UPDATE_TIME`, `REMARK`, `LV_ID`, `AUTH_NAME`,  `TRACE_ID`) VALUES('superappa4a4e54acdaff4yhmzq8373','byasmd7ea4a4e54acdaff4yhmzq8370','appsuperadmin',NULL,'0',NULL,NULL,NULL,NULL,'appsuperadmin',NULL,'superappa4a4e54acdaff4yhmzq8373');
INSERT INTO `sys_auth_role_v` (`ID`, `AUTH_ID`, `ROLE_ID`, `SIGN`, `IS_REVOKE`, `CREATE_USER`, `CREATE_TIME`, `UPDATE_TIME`, `REMARK`, `LV_ID`, `AUTH_NAME`,  `TRACE_ID`) VALUES('superappa4a4e54acdaff4yhmzq8374','c789567ea4a4e54acdaff4yhmzq8370','appsuperadmin',NULL,'0',NULL,NULL,NULL,NULL,'appsuperadmin',NULL,'superappa4a4e54acdaff4yhmzq8374');
INSERT INTO `sys_auth_role_v` (`ID`, `AUTH_ID`, `ROLE_ID`, `SIGN`, `IS_REVOKE`, `CREATE_USER`, `CREATE_TIME`, `UPDATE_TIME`, `REMARK`, `LV_ID`, `AUTH_NAME`,  `TRACE_ID`) VALUES('superappaoxi4d37929abd4ad9a1dgth','dapingxiaoxi4d37929abd4ad9a1dgth','appsuperadmin',NULL,'0',NULL,NULL,NULL,NULL,'appsuperadmin',NULL,NULL);
INSERT INTO `sys_auth_role_v` (`ID`, `AUTH_ID`, `ROLE_ID`, `SIGN`, `IS_REVOKE`, `CREATE_USER`, `CREATE_TIME`, `UPDATE_TIME`, `REMARK`, `LV_ID`, `AUTH_NAME`,  `TRACE_ID`) VALUES('superappa4a4e54acdaff4yhmzq8375','bnuimd7ea4a4e54acdaff4yhmzq8370','appsuperadmin',NULL,'0',NULL,NULL,NULL,NULL,'appsuperadmin','消息模板','superappa4a4e54acdaff4yhmzq8375');
INSERT INTO `sys_auth_role_v` (`ID`, `AUTH_ID`, `ROLE_ID`, `SIGN`, `IS_REVOKE`, `CREATE_USER`, `CREATE_TIME`, `UPDATE_TIME`, `REMARK`, `LV_ID`, `AUTH_NAME`,  `TRACE_ID`) VALUES('superappef32403dbf9dc989d0651165','334qb3ec3d6e483b86c4923ea64cfdd0','appsuperadmin',NULL,'0',NULL,NULL,NULL,NULL,'appsuperadmin','用户授权','superappef32403dbf9dc989d0651165');
INSERT INTO `sys_auth_role_v` (`ID`, `AUTH_ID`, `ROLE_ID`, `SIGN`, `IS_REVOKE`, `CREATE_USER`, `CREATE_TIME`, `UPDATE_TIME`, `REMARK`, `LV_ID`, `AUTH_NAME`,  `TRACE_ID`) VALUES('superappef32403dbf9dc989d0651166','334qb3ec3d6e483b86c4923ea64cf111','appsuperadmin',NULL,'0',NULL,NULL,NULL,NULL,'appsuperadmin','用户授权保存','superappef32403dbf9dc989d0651166');
INSERT INTO `sys_auth_role_v` (`ID`, `AUTH_ID`, `ROLE_ID`, `SIGN`, `IS_REVOKE`, `CREATE_USER`, `CREATE_TIME`, `UPDATE_TIME`, `REMARK`, `LV_ID`, `AUTH_NAME`,  `TRACE_ID`) VALUES('superappef32403dbf9dc989d0651167','334qb3ec3d6e483b86c4923ea64cf113','appsuperadmin',NULL,'0',NULL,NULL,NULL,NULL,'appsuperadmin','指定用户权限管控的组织范围','superappef32403dbf9dc989d0651167');
INSERT INTO `sys_auth_role_v` (`ID`, `AUTH_ID`, `ROLE_ID`, `SIGN`, `IS_REVOKE`, `CREATE_USER`, `CREATE_TIME`, `UPDATE_TIME`, `REMARK`, `LV_ID`, `AUTH_NAME`,  `TRACE_ID`) VALUES('superappef32403dbf9dc989d0651168','334qb3ec3d6e483b86c4923ea64cf114','appsuperadmin',NULL,'0',NULL,NULL,NULL,NULL,'appsuperadmin','指定用户权限管控的用户组范围','superappef32403dbf9dc989d0651168');
INSERT INTO `sys_auth_role_v` (`ID`, `AUTH_ID`, `ROLE_ID`, `SIGN`, `IS_REVOKE`, `CREATE_USER`, `CREATE_TIME`, `UPDATE_TIME`, `REMARK`, `LV_ID`, `AUTH_NAME`,  `TRACE_ID`) VALUES('superappef32403dbf9dc989d0651171','456wb3ec3d6e483b86c4923ea64cfdd0','appsuperadmin',NULL,'0',NULL,NULL,NULL,NULL,'appsuperadmin','角色授权','superappef32403dbf9dc989d0651171');
INSERT INTO `sys_auth_role_v` (`ID`, `AUTH_ID`, `ROLE_ID`, `SIGN`, `IS_REVOKE`, `CREATE_USER`, `CREATE_TIME`, `UPDATE_TIME`, `REMARK`, `LV_ID`, `AUTH_NAME`,  `TRACE_ID`) VALUES('superappef32403dbf9dc989d0651172','456wb3ec3d6e483b86c4923ea64cf111','appsuperadmin',NULL,'0',NULL,NULL,NULL,NULL,'appsuperadmin','角色授权保存','superappef32403dbf9dc989d0651172');
INSERT INTO `sys_auth_role_v` (`ID`, `AUTH_ID`, `ROLE_ID`, `SIGN`, `IS_REVOKE`, `CREATE_USER`, `CREATE_TIME`, `UPDATE_TIME`, `REMARK`, `LV_ID`, `AUTH_NAME`,  `TRACE_ID`) VALUES('superappef32403dbf9dc989d0651175','67yub3ec3d6e483b86c4923ea64cfdd0','appsuperadmin',NULL,'0',NULL,NULL,NULL,NULL,'appsuperadmin','权限授权','superappef32403dbf9dc989d0651175');
INSERT INTO `sys_auth_role_v` (`ID`, `AUTH_ID`, `ROLE_ID`, `SIGN`, `IS_REVOKE`, `CREATE_USER`, `CREATE_TIME`, `UPDATE_TIME`, `REMARK`, `LV_ID`, `AUTH_NAME`,  `TRACE_ID`) VALUES('superappef32403dbf9dc989d0651176','67yub3ec3d6e483b86c4923ea64cf111','appsuperadmin',NULL,'0',NULL,NULL,NULL,NULL,'appsuperadmin','权限授权保存','superappef32403dbf9dc989d0651176');
INSERT INTO `sys_auth_role_v` (`ID`, `AUTH_ID`, `ROLE_ID`, `SIGN`, `IS_REVOKE`, `CREATE_USER`, `CREATE_TIME`, `UPDATE_TIME`, `REMARK`, `LV_ID`, `AUTH_NAME`,  `TRACE_ID`) VALUES('superappef32403dbf9dc989d0651193','04d7893c4a4d4345b18b0789af13753f','appsuperadmin',NULL,'0',NULL,NULL,NULL,NULL,'appsuperadmin','审计日志','superappef32403dbf9dc989d0651193');
INSERT INTO `sys_auth_role_v` (`ID`, `AUTH_ID`, `ROLE_ID`, `SIGN`, `IS_REVOKE`, `CREATE_USER`, `CREATE_TIME`, `UPDATE_TIME`, `REMARK`, `LV_ID`, `AUTH_NAME`,  `TRACE_ID`) VALUES('superappef32403dbf9dc989d0651234','tyuub3ec3d6e483b86c4923ea64cfwe5','appsuperadmin',NULL,'0',NULL,NULL,NULL,NULL,'appsuperadmin','角色分配','superappef32403dbf9dc989d0651234');
INSERT INTO `sys_auth_role_v` (`ID`, `AUTH_ID`, `ROLE_ID`, `SIGN`, `IS_REVOKE`, `CREATE_USER`, `CREATE_TIME`, `UPDATE_TIME`, `REMARK`, `LV_ID`, `AUTH_NAME`,  `TRACE_ID`) VALUES('superappea4a4e54acdaff4c84bb8370','19ea2ad7ea4a4e54acdaff4c84bb8370','appsuperadmin',NULL,'0',NULL,NULL,NULL,NULL,'appsuperadmin','应用运行日志','superappea4a4e54acdaff4c84bb8370');
INSERT INTO `sys_auth_role_v` (`ID`, `AUTH_ID`, `ROLE_ID`, `SIGN`, `IS_REVOKE`, `CREATE_USER`, `CREATE_TIME`, `UPDATE_TIME`, `REMARK`, `LV_ID`, `AUTH_NAME`,  `TRACE_ID`) VALUES('superappef32403dbf9dc989d0651254','frggb3ec3d6e483b86c4923ea64cvbnu','appsuperadmin',NULL,'0',NULL,NULL,NULL,NULL,'appsuperadmin','角色审计','superappef32403dbf9dc989d0651254');
INSERT INTO `sys_auth_role_v` (`ID`, `AUTH_ID`, `ROLE_ID`, `SIGN`, `IS_REVOKE`, `CREATE_USER`, `CREATE_TIME`, `UPDATE_TIME`, `REMARK`, `LV_ID`, `AUTH_NAME`,  `TRACE_ID`) VALUES('superappef32403dbf9dc989d0651255','hjuub3ec3d6e483b86c4923ea64cnmui','appsuperadmin',NULL,'0',NULL,NULL,NULL,NULL,'appsuperadmin','授权审计','superappef32403dbf9dc989d0651255');


-- 附件配置
ALTER TABLE `FILE_INFO`
    ADD COLUMN `FLOW_CODE` VARCHAR(50)  COMMENT '流程标识';


-- 附件配置
ALTER TABLE `FILE_INFO`
    ADD COLUMN `FLOW_NAME` VARCHAR(50)  COMMENT '流程名称';

UPDATE sys_auth_role_v SET role_id='appsuperadmin' WHERE lv_id='appsuperadmin';

alter table `FILE_CHUNK_INFO` modify  `CHUNK_PATH` varchar(2000);

/** 
 * 添加单一业务管理员
 * @author zuogang
 * @date 2021/11/15 17:25
 */

INSERT  INTO `sys_auth`(`ID`,`NAME`,`APP_ID`,`REMARK`,`SORT_INDEX`,`PARENT_ID`,`CREATE_USER`,`CREATE_TIME`,`UPDATE_TIME`,`SORT_PATH`,`IS_ORG_ADMIN`,`IS_USER_GROUP_ADMIN`,`CODE`,`DATA_VERSION`) VALUES ('business2fa04faea8f39beb866fd511','单一业务管理员管理','platform',NULL,12,'e3b15ac90286450fbe5a721c9f542451',NULL,NULL,NULL,'00020012',0,0,'platForm.nothreeManage.BusinessManage',0);
INSERT  INTO `sys_menu`(`ID`,`NAME`,`PARENT_ID`,`APP_ID`,`PARENT_NAME`,`URL`,`TYPE`,`ICON`,`AUTH_ID`,`BTN_AUTH`,`IS_LEAF`,`SORT_INDEX`,`ALL_ORDER`,`SORT_PATH`,`OPEN_STYLE`,`CLOSE_NOTICE`,`CREATE_USER`,`CREATE_TIME`,`UPDATE_TIME`,`LEAF`,`MENU_AUTH`,`REMARK`,`DATA_VERSION`,`IS_IFRAME`) VALUES ('business2fa04faea8f39beb866fd511','业务管理员维护','e3b15ac90286450fbe5a721c9f542451','platform','系统管理','nothreeManage/views/BusinessManage',1,null,'business2fa04faea8f39beb866fd511',NULL,NULL,12,NULL,'00020012',NULL,NULL,NULL,NULL,NULL,NULL,NULL,NULL,0,0);
/** 菜单权限配给admin、sec*/
insert into `SYS_AUTH_ROLE` (`ID`,`AUTH_ID`,`ROLE_ID`,`SIGN`,`IS_REVOKE`,`CREATE_USER`,`CREATE_TIME`,`UPDATE_TIME`,`REMARK`) values ('business2fa04faea8f39beb866admin', 'business2fa04faea8f39beb866fd511', 'admin', null, 0, null, null, null, null);
insert into `SYS_AUTH_ROLE_V` (`ID`,`AUTH_ID`,`ROLE_ID`,`SIGN`,`IS_REVOKE`,`CREATE_USER`,`CREATE_TIME`,`UPDATE_TIME`,`REMARK`,`LV_ID`) values ('business2fa04faea8f39beb866admin', 'business2fa04faea8f39beb866fd511', 'admin', null, 0, null, null, null, null, 'admin');
insert into `SYS_AUTH_ROLE` (`ID`,`AUTH_ID`,`ROLE_ID`,`SIGN`,`IS_REVOKE`,`CREATE_USER`,`CREATE_TIME`,`UPDATE_TIME`,`REMARK`) values ('business2fa04faea8f39beb86623sec', 'business2fa04faea8f39beb866fd511', 'sec', null, 0, null, null, null, null);
insert into `SYS_AUTH_ROLE_V` (`ID`,`AUTH_ID`,`ROLE_ID`,`SIGN`,`IS_REVOKE`,`CREATE_USER`,`CREATE_TIME`,`UPDATE_TIME`,`REMARK`,`LV_ID`) values ('business2fa04faea8f39beb86623sec', 'business2fa04faea8f39beb866fd511', 'sec', null, 0, null, null, null, null, 'sec');

 /** 添加集团应用超级管理员角色 */
INSERT  INTO `sys_role`(`ID`,`NAME`,`ROLE_EXPLAIN`,`ROLE_TYPE`,`CREATE_TIME`,`CREATE_USER`,`UPDATE_TIME`,`REMARK`,`APP_ID`,`DATA_VERSION`) VALUES ('businessadmin','单一业务管理员',NULL,4,NULL,NULL,NULL,NULL,'platform',0);

ALTER TABLE `sys_role`
  CHANGE `ROLE_TYPE` `ROLE_TYPE` INT(10) DEFAULT 0  NULL   COMMENT '角色类型(1租户系统管理员,2租户安全保密员,3租户安全审计员,4单一业务管理员)(11集团系统管理员,22集团安全保密员,33集团安全审计员,44集团超级管理员)(111应用系统管理员,222应用安全保密员,333应用安全审计员,444应用超级管理员)';
ALTER TABLE `sys_user`
  CHANGE `USER_TYPE` `USER_TYPE` INT(10) DEFAULT 3  NULL   COMMENT '用户类型（0租户管理员,1集团管理员,11待激活的集团管理员,111未分配的集团管理员,2应用管理员,22待激活的应用管理员,222未分配的应用管理员,3普通用户,4开发平台管理员，5单一业务管理员,55待激活的单一业务管理员,555未分配的单一业务管理员）';


insert into `sys_auth_role` (`ID`, `AUTH_ID`, `ROLE_ID`, `SIGN`, `IS_REVOKE`, `CREATE_USER`, `CREATE_TIME`, `UPDATE_TIME`, `REMARK`, `AUTH_NAME`, `ROLE_NAME`, `TRACE_ID`) values('businessef32403dbf9dc989d0651129','ac2a8ce16a614324b5ed4e9c24e7e905','businessadmin',NULL,'0',NULL,NULL,NULL,NULL,'应用管理','单一业务管理员',NULL);
insert into `sys_auth_role` (`ID`, `AUTH_ID`, `ROLE_ID`, `SIGN`, `IS_REVOKE`, `CREATE_USER`, `CREATE_TIME`, `UPDATE_TIME`, `REMARK`, `AUTH_NAME`, `ROLE_NAME`, `TRACE_ID`) values('businessef32403dbf9dc989d0651130','ac2a8ce16a614324b5ed4e9c24e7e111','businessadmin',NULL,'0',NULL,NULL,NULL,NULL,'应用管理维护','单一业务管理员',NULL);
insert into `sys_auth_role` (`ID`, `AUTH_ID`, `ROLE_ID`, `SIGN`, `IS_REVOKE`, `CREATE_USER`, `CREATE_TIME`, `UPDATE_TIME`, `REMARK`, `AUTH_NAME`, `ROLE_NAME`, `TRACE_ID`) values('businessef32403dbf9dc989d0651131','a16344b1790e41e98615f6cd19587573','businessadmin',NULL,'0',NULL,NULL,NULL,NULL,'业务单元','单一业务管理员',NULL);
insert into `sys_auth_role` (`ID`, `AUTH_ID`, `ROLE_ID`, `SIGN`, `IS_REVOKE`, `CREATE_USER`, `CREATE_TIME`, `UPDATE_TIME`, `REMARK`, `AUTH_NAME`, `ROLE_NAME`, `TRACE_ID`) values('businessef32403dbf9dc989d0651132','a16344b1790e41e98615f6cd19587111','businessadmin',NULL,'0',NULL,NULL,NULL,NULL,'业务单元维护','单一业务管理员',NULL);
insert into `sys_auth_role` (`ID`, `AUTH_ID`, `ROLE_ID`, `SIGN`, `IS_REVOKE`, `CREATE_USER`, `CREATE_TIME`, `UPDATE_TIME`, `REMARK`, `AUTH_NAME`, `ROLE_NAME`, `TRACE_ID`) values('businessef32403dbf9dc989d0651133','5e80ace300d54486814ee84c1fb29a3a','businessadmin',NULL,'0',NULL,NULL,NULL,NULL,'部门管理','单一业务管理员',NULL);
insert into `sys_auth_role` (`ID`, `AUTH_ID`, `ROLE_ID`, `SIGN`, `IS_REVOKE`, `CREATE_USER`, `CREATE_TIME`, `UPDATE_TIME`, `REMARK`, `AUTH_NAME`, `ROLE_NAME`, `TRACE_ID`) values('businessef32403dbf9dc989d0651134','5e80ace300d54486814ee84c1fb29111','businessadmin',NULL,'0',NULL,NULL,NULL,NULL,'部门管理维护','单一业务管理员',NULL);
insert into `sys_auth_role` (`ID`, `AUTH_ID`, `ROLE_ID`, `SIGN`, `IS_REVOKE`, `CREATE_USER`, `CREATE_TIME`, `UPDATE_TIME`, `REMARK`, `AUTH_NAME`, `ROLE_NAME`, `TRACE_ID`) values('businessef32403dbf9dc989d0651135','a16344b1790e41e98615f6cd19587571','businessadmin',NULL,'0',NULL,NULL,NULL,NULL,'人员管理','单一业务管理员',NULL);
insert into `sys_auth_role` (`ID`, `AUTH_ID`, `ROLE_ID`, `SIGN`, `IS_REVOKE`, `CREATE_USER`, `CREATE_TIME`, `UPDATE_TIME`, `REMARK`, `AUTH_NAME`, `ROLE_NAME`, `TRACE_ID`) values('businessef32403dbf9dc989d0651136','a16344b1790e41e98615f6cd19587112','businessadmin',NULL,'0',NULL,NULL,NULL,NULL,'人员管理维护','单一业务管理员',NULL);
insert into `sys_auth_role` (`ID`, `AUTH_ID`, `ROLE_ID`, `SIGN`, `IS_REVOKE`, `CREATE_USER`, `CREATE_TIME`, `UPDATE_TIME`, `REMARK`, `AUTH_NAME`, `ROLE_NAME`, `TRACE_ID`) values('businessef32403dbf9dc989d0651137','b50cbc8a2b0645729848403093f4246f','businessadmin',NULL,'0',NULL,NULL,NULL,NULL,'用户管理','单一业务管理员',NULL);
insert into `sys_auth_role` (`ID`, `AUTH_ID`, `ROLE_ID`, `SIGN`, `IS_REVOKE`, `CREATE_USER`, `CREATE_TIME`, `UPDATE_TIME`, `REMARK`, `AUTH_NAME`, `ROLE_NAME`, `TRACE_ID`) values('businessef32403dbf9dc989d0651138','b50cbc8a2b0645729848403093f42111','businessadmin',NULL,'0',NULL,NULL,NULL,NULL,'用户管理维护','单一业务管理员',NULL);
insert into `sys_auth_role` (`ID`, `AUTH_ID`, `ROLE_ID`, `SIGN`, `IS_REVOKE`, `CREATE_USER`, `CREATE_TIME`, `UPDATE_TIME`, `REMARK`, `AUTH_NAME`, `ROLE_NAME`, `TRACE_ID`) values('businessef32403dbf9dc989d0651184','bc316279a4a9416a8e20019821e640af','businessadmin',NULL,'0',NULL,NULL,NULL,NULL,'组织架构管理','单一业务管理员',NULL);
insert into `sys_auth_role` (`ID`, `AUTH_ID`, `ROLE_ID`, `SIGN`, `IS_REVOKE`, `CREATE_USER`, `CREATE_TIME`, `UPDATE_TIME`, `REMARK`, `AUTH_NAME`, `ROLE_NAME`, `TRACE_ID`) values('businessef32403dbf9dc989d0651199','04d7893c4a4d4345b18b0789af13753f','businessadmin',NULL,'0',NULL,NULL,NULL,NULL,'审计日志','单一业务管理员',NULL);
insert into `sys_auth_role` (`ID`, `AUTH_ID`, `ROLE_ID`, `SIGN`, `IS_REVOKE`, `CREATE_USER`, `CREATE_TIME`, `UPDATE_TIME`, `REMARK`, `AUTH_NAME`, `ROLE_NAME`, `TRACE_ID`) values('businessef32403dbf9dc989d0651225','11116279a4a9416a8e20019821e61111','businessadmin',NULL,'0',NULL,NULL,NULL,NULL,'工作日历','单一业务管理员',NULL);
insert into `sys_auth_role` (`ID`, `AUTH_ID`, `ROLE_ID`, `SIGN`, `IS_REVOKE`, `CREATE_USER`, `CREATE_TIME`, `UPDATE_TIME`, `REMARK`, `AUTH_NAME`, `ROLE_NAME`, `TRACE_ID`) values('businessef32403dbf9dc989d0651241','a16344b1790e41e98615f6cd19587572','businessadmin',NULL,'0',NULL,NULL,NULL,NULL,'岗位管理','单一业务管理员',NULL);
insert into `sys_auth_role` (`ID`, `AUTH_ID`, `ROLE_ID`, `SIGN`, `IS_REVOKE`, `CREATE_USER`, `CREATE_TIME`, `UPDATE_TIME`, `REMARK`, `AUTH_NAME`, `ROLE_NAME`, `TRACE_ID`) values('businessef32403dbf9dc989d0651242','a16344b1790e41e98615f6cd1958757r','businessadmin',NULL,'0',NULL,NULL,NULL,NULL,'职务管理','单一业务管理员',NULL);
insert into `sys_auth_role` (`ID`, `AUTH_ID`, `ROLE_ID`, `SIGN`, `IS_REVOKE`, `CREATE_USER`, `CREATE_TIME`, `UPDATE_TIME`, `REMARK`, `AUTH_NAME`, `ROLE_NAME`, `TRACE_ID`) values('businessea4a4e54acdaff4c84bb8370','19ea2ad7ea4a4e54acdaff4c84bb8370','businessadmin',NULL,'0',NULL,NULL,NULL,NULL,'应用运行日志','单一业务管理员',NULL);
insert into `sys_auth_role` (`ID`, `AUTH_ID`, `ROLE_ID`, `SIGN`, `IS_REVOKE`, `CREATE_USER`, `CREATE_TIME`, `UPDATE_TIME`, `REMARK`, `AUTH_NAME`, `ROLE_NAME`, `TRACE_ID`) values('businessea4a4e54acdaff4c84bb8371','99ea2ad7ea4a4e54acdaff4c84bb8371','businessadmin',NULL,'0',NULL,NULL,NULL,NULL,'运行日志','单一业务管理员',NULL);
insert into `sys_auth_role` (`ID`, `AUTH_ID`, `ROLE_ID`, `SIGN`, `IS_REVOKE`, `CREATE_USER`, `CREATE_TIME`, `UPDATE_TIME`, `REMARK`, `AUTH_NAME`, `ROLE_NAME`, `TRACE_ID`) values('businessa4a4e54acdaff4yhmzq8370','vbnmhd7ea4a4e54acdaff4yhmzq8370','businessadmin',NULL,'0',NULL,NULL,NULL,NULL,'小程序管理','单一业务管理员',NULL);
insert into `sys_auth_role` (`ID`, `AUTH_ID`, `ROLE_ID`, `SIGN`, `IS_REVOKE`, `CREATE_USER`, `CREATE_TIME`, `UPDATE_TIME`, `REMARK`, `AUTH_NAME`, `ROLE_NAME`, `TRACE_ID`) values('business04344d37929abd4ad9a1dg12','4599ba3204344d37929abd4ad9a1dgth','businessadmin',NULL,'0',NULL,NULL,NULL,NULL,NULL,'单一业务管理员',NULL);
insert into `sys_auth_role` (`ID`, `AUTH_ID`, `ROLE_ID`, `SIGN`, `IS_REVOKE`, `CREATE_USER`, `CREATE_TIME`, `UPDATE_TIME`, `REMARK`, `AUTH_NAME`, `ROLE_NAME`, `TRACE_ID`) values('business04344d37929abd4ad9a1dg32','7784ba3204344d37929abd4ad9a1dgth','businessadmin',NULL,'0',NULL,NULL,NULL,NULL,NULL,'单一业务管理员',NULL);
insert into `sys_auth_role` (`ID`, `AUTH_ID`, `ROLE_ID`, `SIGN`, `IS_REVOKE`, `CREATE_USER`, `CREATE_TIME`, `UPDATE_TIME`, `REMARK`, `AUTH_NAME`, `ROLE_NAME`, `TRACE_ID`) values('business04344d37929abd4ad9a1dg43','8234ba3204344d37929abd4ad9a1dgth','businessadmin',NULL,'0',NULL,NULL,NULL,NULL,NULL,'单一业务管理员',NULL);
insert into `sys_auth_role` (`ID`, `AUTH_ID`, `ROLE_ID`, `SIGN`, `IS_REVOKE`, `CREATE_USER`, `CREATE_TIME`, `UPDATE_TIME`, `REMARK`, `AUTH_NAME`, `ROLE_NAME`, `TRACE_ID`) values('business04344d37929abd4ad9a1dgth','4599ba3204344d37929abd4ad9a1dgth','businessadmin',NULL,'0',NULL,NULL,NULL,NULL,NULL,'单一业务管理员',NULL);
insert into `sys_auth_role` (`ID`, `AUTH_ID`, `ROLE_ID`, `SIGN`, `IS_REVOKE`, `CREATE_USER`, `CREATE_TIME`, `UPDATE_TIME`, `REMARK`, `AUTH_NAME`, `ROLE_NAME`, `TRACE_ID`) values('business7a3249d6ad180da0b4681113','1160858109884c5095eed968472c0236','businessadmin',NULL,'0',NULL,NULL,NULL,NULL,'应用级字典维护','单一业务管理员',NULL);
insert into `sys_auth_role` (`ID`, `AUTH_ID`, `ROLE_ID`, `SIGN`, `IS_REVOKE`, `CREATE_USER`, `CREATE_TIME`, `UPDATE_TIME`, `REMARK`, `AUTH_NAME`, `ROLE_NAME`, `TRACE_ID`) values('businessa4a4e54acdaff4yhmzq83cc','0745867ea4a4e54acdaff4yhmzq8370','businessadmin',NULL,'0',NULL,NULL,NULL,NULL,NULL,'单一业务管理员',NULL);
insert into `sys_auth_role` (`ID`, `AUTH_ID`, `ROLE_ID`, `SIGN`, `IS_REVOKE`, `CREATE_USER`, `CREATE_TIME`, `UPDATE_TIME`, `REMARK`, `AUTH_NAME`, `ROLE_NAME`, `TRACE_ID`) values('businessa4a4e54acdaff4yhmzq8371','1275967ea4a4e54acdaff4yhmzq8370','businessadmin',NULL,'0',NULL,NULL,NULL,NULL,NULL,'单一业务管理员',NULL);
insert into `sys_auth_role` (`ID`, `AUTH_ID`, `ROLE_ID`, `SIGN`, `IS_REVOKE`, `CREATE_USER`, `CREATE_TIME`, `UPDATE_TIME`, `REMARK`, `AUTH_NAME`, `ROLE_NAME`, `TRACE_ID`) values('businessa4a4e54acdaff4yhmzq8373','byasmd7ea4a4e54acdaff4yhmzq8370','businessadmin',NULL,'0',NULL,NULL,NULL,NULL,NULL,'单一业务管理员',NULL);
insert into `sys_auth_role` (`ID`, `AUTH_ID`, `ROLE_ID`, `SIGN`, `IS_REVOKE`, `CREATE_USER`, `CREATE_TIME`, `UPDATE_TIME`, `REMARK`, `AUTH_NAME`, `ROLE_NAME`, `TRACE_ID`) values('businessa4a4e54acdaff4yhmzq8374','c789567ea4a4e54acdaff4yhmzq8370','businessadmin',NULL,'0',NULL,NULL,NULL,NULL,NULL,'单一业务管理员',NULL);
insert into `sys_auth_role` (`ID`, `AUTH_ID`, `ROLE_ID`, `SIGN`, `IS_REVOKE`, `CREATE_USER`, `CREATE_TIME`, `UPDATE_TIME`, `REMARK`, `AUTH_NAME`, `ROLE_NAME`, `TRACE_ID`) values('businessa4a4e54acdaff4yhmzq8375','bnuimd7ea4a4e54acdaff4yhmzq8370','businessadmin',NULL,'0',NULL,NULL,NULL,NULL,'消息模板','单一业务管理员',NULL);
insert into `sys_auth_role` (`ID`, `AUTH_ID`, `ROLE_ID`, `SIGN`, `IS_REVOKE`, `CREATE_USER`, `CREATE_TIME`, `UPDATE_TIME`, `REMARK`, `AUTH_NAME`, `ROLE_NAME`, `TRACE_ID`) values('businessaoxi4d37929abd4ad9a1dgth','dapingxiaoxi4d37929abd4ad9a1dgth','businessadmin',NULL,'0',NULL,NULL,NULL,NULL,NULL,'单一业务管理员',NULL);
insert into `sys_auth_role` (`ID`, `AUTH_ID`, `ROLE_ID`, `SIGN`, `IS_REVOKE`, `CREATE_USER`, `CREATE_TIME`, `UPDATE_TIME`, `REMARK`, `AUTH_NAME`, `ROLE_NAME`, `TRACE_ID`) values('businessea4a4e54acdaff4c84bb83qq','19ea2ad7ea4a4e54acdaff4yhmzq8370','businessadmin',NULL,'0',NULL,NULL,NULL,NULL,'组件注册','单一业务管理员',NULL);
insert into `sys_auth_role` (`ID`, `AUTH_ID`, `ROLE_ID`, `SIGN`, `IS_REVOKE`, `CREATE_USER`, `CREATE_TIME`, `UPDATE_TIME`, `REMARK`, `AUTH_NAME`, `ROLE_NAME`, `TRACE_ID`) values('businessea4a4e54acdaff4c84bb8379','19ea2ad7ea4a4e54acdaff4yhmzq8370','businessadmin',NULL,'0',NULL,NULL,NULL,NULL,'组件注册','单一业务管理员',NULL);
insert into `sys_auth_role` (`ID`, `AUTH_ID`, `ROLE_ID`, `SIGN`, `IS_REVOKE`, `CREATE_USER`, `CREATE_TIME`, `UPDATE_TIME`, `REMARK`, `AUTH_NAME`, `ROLE_NAME`, `TRACE_ID`) values('businessef32403dbf9dc989d0651139','39e1b3ec3d6e483b86c4923ea64cfeee','businessadmin',NULL,'0',NULL,NULL,NULL,NULL,'数据源管理','单一业务管理员',NULL);
insert into `sys_auth_role` (`ID`, `AUTH_ID`, `ROLE_ID`, `SIGN`, `IS_REVOKE`, `CREATE_USER`, `CREATE_TIME`, `UPDATE_TIME`, `REMARK`, `AUTH_NAME`, `ROLE_NAME`, `TRACE_ID`) values('businessef32403dbf9dc989d0651140','39e1b3ec3d6e483b86c4923ea64cf111','businessadmin',NULL,'0',NULL,NULL,NULL,NULL,'数据源管理维护','单一业务管理员',NULL);
insert into `sys_auth_role` (`ID`, `AUTH_ID`, `ROLE_ID`, `SIGN`, `IS_REVOKE`, `CREATE_USER`, `CREATE_TIME`, `UPDATE_TIME`, `REMARK`, `AUTH_NAME`, `ROLE_NAME`, `TRACE_ID`) values('businessef32403dbf9dc989d0651147','ac2a8ce16a614324b5ed4e9c24e7e904','businessadmin',NULL,'0',NULL,NULL,NULL,NULL,'系统配置项管理','单一业务管理员',NULL);
insert into `sys_auth_role` (`ID`, `AUTH_ID`, `ROLE_ID`, `SIGN`, `IS_REVOKE`, `CREATE_USER`, `CREATE_TIME`, `UPDATE_TIME`, `REMARK`, `AUTH_NAME`, `ROLE_NAME`, `TRACE_ID`) values('businessef32403dbf9dc989d0651148','ac2a8ce16a614324b5ed4e9c24e71113','businessadmin',NULL,'0',NULL,NULL,NULL,NULL,'应用配置项维护','单一业务管理员',NULL);
insert into `sys_auth_role` (`ID`, `AUTH_ID`, `ROLE_ID`, `SIGN`, `IS_REVOKE`, `CREATE_USER`, `CREATE_TIME`, `UPDATE_TIME`, `REMARK`, `AUTH_NAME`, `ROLE_NAME`, `TRACE_ID`) values('businessef32403dbf9dc989d0651149','ffc03579b06a4b7fae6c51c9ff48b311','businessadmin',NULL,'0',NULL,NULL,NULL,NULL,'附件配置项管理','单一业务管理员',NULL);
insert into `sys_auth_role` (`ID`, `AUTH_ID`, `ROLE_ID`, `SIGN`, `IS_REVOKE`, `CREATE_USER`, `CREATE_TIME`, `UPDATE_TIME`, `REMARK`, `AUTH_NAME`, `ROLE_NAME`, `TRACE_ID`) values('businessef32403dbf9dc989d0651151','131e140bc2bd4361af5ee488f92b22ad','businessadmin',NULL,'0',NULL,NULL,NULL,NULL,'字典管理','单一业务管理员',NULL);
insert into `sys_auth_role` (`ID`, `AUTH_ID`, `ROLE_ID`, `SIGN`, `IS_REVOKE`, `CREATE_USER`, `CREATE_TIME`, `UPDATE_TIME`, `REMARK`, `AUTH_NAME`, `ROLE_NAME`, `TRACE_ID`) values('businessef32403dbf9dc989d0651153','8bc5761a4d8d49e680515bc50f4baad1','businessadmin',NULL,'0',NULL,NULL,NULL,NULL,'菜单管理','单一业务管理员',NULL);
insert into `sys_auth_role` (`ID`, `AUTH_ID`, `ROLE_ID`, `SIGN`, `IS_REVOKE`, `CREATE_USER`, `CREATE_TIME`, `UPDATE_TIME`, `REMARK`, `AUTH_NAME`, `ROLE_NAME`, `TRACE_ID`) values('businessef32403dbf9dc989d0651154','8bc5761a4d8d49e680515bc50f4ba111','businessadmin',NULL,'0',NULL,NULL,NULL,NULL,'菜单管理维护','单一业务管理员',NULL);
insert into `sys_auth_role` (`ID`, `AUTH_ID`, `ROLE_ID`, `SIGN`, `IS_REVOKE`, `CREATE_USER`, `CREATE_TIME`, `UPDATE_TIME`, `REMARK`, `AUTH_NAME`, `ROLE_NAME`, `TRACE_ID`) values('businessef32403dbf9dc989d0651155','39e1b3ec3d6e483b86c4923ea64cfdd0','businessadmin',NULL,'0',NULL,NULL,NULL,NULL,'权限定义','单一业务管理员',NULL);
insert into `sys_auth_role` (`ID`, `AUTH_ID`, `ROLE_ID`, `SIGN`, `IS_REVOKE`, `CREATE_USER`, `CREATE_TIME`, `UPDATE_TIME`, `REMARK`, `AUTH_NAME`, `ROLE_NAME`, `TRACE_ID`) values('businessef32403dbf9dc989d0651156','39e1b3ec3d6e483b86c4923ea64c1111','businessadmin',NULL,'0',NULL,NULL,NULL,NULL,'权限管理维护','单一业务管理员',NULL);
insert into `sys_auth_role` (`ID`, `AUTH_ID`, `ROLE_ID`, `SIGN`, `IS_REVOKE`, `CREATE_USER`, `CREATE_TIME`, `UPDATE_TIME`, `REMARK`, `AUTH_NAME`, `ROLE_NAME`, `TRACE_ID`) values('businessef32403dbf9dc989d0651157','8d4d2caee7f548889988da2747dfaa4a','businessadmin',NULL,'0',NULL,NULL,NULL,NULL,'角色管理','单一业务管理员',NULL);
insert into `sys_auth_role` (`ID`, `AUTH_ID`, `ROLE_ID`, `SIGN`, `IS_REVOKE`, `CREATE_USER`, `CREATE_TIME`, `UPDATE_TIME`, `REMARK`, `AUTH_NAME`, `ROLE_NAME`, `TRACE_ID`) values('businessef32403dbf9dc989d0651158','39e1b3ec3d6e483b86c4923ea64c1112','businessadmin',NULL,'0',NULL,NULL,NULL,NULL,'指定权限绑定api资源权限','单一业务管理员',NULL);
insert into `sys_auth_role` (`ID`, `AUTH_ID`, `ROLE_ID`, `SIGN`, `IS_REVOKE`, `CREATE_USER`, `CREATE_TIME`, `UPDATE_TIME`, `REMARK`, `AUTH_NAME`, `ROLE_NAME`, `TRACE_ID`) values('businessef32403dbf9dc989d0651164','334qb3ec3d6e483b86c4923ea64cf112','businessadmin',NULL,'0',NULL,NULL,NULL,NULL,'用户授权激活','单一业务管理员',NULL);
insert into `sys_auth_role` (`ID`, `AUTH_ID`, `ROLE_ID`, `SIGN`, `IS_REVOKE`, `CREATE_USER`, `CREATE_TIME`, `UPDATE_TIME`, `REMARK`, `AUTH_NAME`, `ROLE_NAME`, `TRACE_ID`) values('businessef32403dbf9dc989d0651170','456wb3ec3d6e483b86c4923ea64cf112','businessadmin',NULL,'0',NULL,NULL,NULL,NULL,'角色授权激活','单一业务管理员',NULL);
insert into `sys_auth_role` (`ID`, `AUTH_ID`, `ROLE_ID`, `SIGN`, `IS_REVOKE`, `CREATE_USER`, `CREATE_TIME`, `UPDATE_TIME`, `REMARK`, `AUTH_NAME`, `ROLE_NAME`, `TRACE_ID`) values('businessef32403dbf9dc989d0651174','67yub3ec3d6e483b86c4923ea64cf112','businessadmin',NULL,'0',NULL,NULL,NULL,NULL,'权限授权激活','单一业务管理员',NULL);
insert into `sys_auth_role` (`ID`, `AUTH_ID`, `ROLE_ID`, `SIGN`, `IS_REVOKE`, `CREATE_USER`, `CREATE_TIME`, `UPDATE_TIME`, `REMARK`, `AUTH_NAME`, `ROLE_NAME`, `TRACE_ID`) values('businessef32403dbf9dc989d0651189','11316279a4a9416a8e20019821e640af','businessadmin',NULL,'0',NULL,NULL,NULL,NULL,'配置管理','单一业务管理员',NULL);
insert into `sys_auth_role` (`ID`, `AUTH_ID`, `ROLE_ID`, `SIGN`, `IS_REVOKE`, `CREATE_USER`, `CREATE_TIME`, `UPDATE_TIME`, `REMARK`, `AUTH_NAME`, `ROLE_NAME`, `TRACE_ID`) values('businessef32403dbf9dc989d0651190','e3b15ac90286450fbe5a721c9f542451','businessadmin',NULL,'0',NULL,NULL,NULL,NULL,'系统管理','单一业务管理员',NULL);
insert into `sys_auth_role` (`ID`, `AUTH_ID`, `ROLE_ID`, `SIGN`, `IS_REVOKE`, `CREATE_USER`, `CREATE_TIME`, `UPDATE_TIME`, `REMARK`, `AUTH_NAME`, `ROLE_NAME`, `TRACE_ID`) values('businessef32403dbf9dc989d0651192','11erb3ec3d6e483b86c4923ea64cfdd0','businessadmin',NULL,'0',NULL,NULL,NULL,NULL,'授权管理','单一业务管理员',NULL);
insert into `sys_auth_role` (`ID`, `AUTH_ID`, `ROLE_ID`, `SIGN`, `IS_REVOKE`, `CREATE_USER`, `CREATE_TIME`, `UPDATE_TIME`, `REMARK`, `AUTH_NAME`, `ROLE_NAME`, `TRACE_ID`) values('businessef32403dbf9dc989d0651213','e3b15ac90286450fbe5a721c9f542433','businessadmin',NULL,'0',NULL,NULL,NULL,NULL,'首页','单一业务管理员',NULL);
insert into `sys_auth_role` (`ID`, `AUTH_ID`, `ROLE_ID`, `SIGN`, `IS_REVOKE`, `CREATE_USER`, `CREATE_TIME`, `UPDATE_TIME`, `REMARK`, `AUTH_NAME`, `ROLE_NAME`, `TRACE_ID`) values('businessef32403dbf9dc989d0651224','22316279a4a9416a8e20019821e640af','businessadmin',NULL,'0',NULL,NULL,NULL,NULL,'定时任务','单一业务管理员',NULL);
insert into `sys_auth_role` (`ID`, `AUTH_ID`, `ROLE_ID`, `SIGN`, `IS_REVOKE`, `CREATE_USER`, `CREATE_TIME`, `UPDATE_TIME`, `REMARK`, `AUTH_NAME`, `ROLE_NAME`, `TRACE_ID`) values('businessef32403dbf9dc989d0651227','3333ba3204344d37929abd4ad9a12222','businessadmin',NULL,'0',NULL,NULL,NULL,NULL,'工作流程','单一业务管理员',NULL);
insert into `sys_auth_role` (`ID`, `AUTH_ID`, `ROLE_ID`, `SIGN`, `IS_REVOKE`, `CREATE_USER`, `CREATE_TIME`, `UPDATE_TIME`, `REMARK`, `AUTH_NAME`, `ROLE_NAME`, `TRACE_ID`) values('businessef32403dbf9dc989d0651228','3456ba3204344d37929abd4ad9a15678','businessadmin',NULL,'0',NULL,NULL,NULL,NULL,'流程定义','单一业务管理员',NULL);
insert into `sys_auth_role` (`ID`, `AUTH_ID`, `ROLE_ID`, `SIGN`, `IS_REVOKE`, `CREATE_USER`, `CREATE_TIME`, `UPDATE_TIME`, `REMARK`, `AUTH_NAME`, `ROLE_NAME`, `TRACE_ID`) values('businessef32403dbf9dc989d0651229','7756ba3204344d37929abd4ad9a15699','businessadmin',NULL,'0',NULL,NULL,NULL,NULL,'全局变量','单一业务管理员',NULL);
insert into `sys_auth_role` (`ID`, `AUTH_ID`, `ROLE_ID`, `SIGN`, `IS_REVOKE`, `CREATE_USER`, `CREATE_TIME`, `UPDATE_TIME`, `REMARK`, `AUTH_NAME`, `ROLE_NAME`, `TRACE_ID`) values('businessef32403dbf9dc989d0651230','1116ba3204344d37929abd4ad9a15222','businessadmin',NULL,'0',NULL,NULL,NULL,NULL,'全局规则','单一业务管理员',NULL);
insert into `sys_auth_role` (`ID`, `AUTH_ID`, `ROLE_ID`, `SIGN`, `IS_REVOKE`, `CREATE_USER`, `CREATE_TIME`, `UPDATE_TIME`, `REMARK`, `AUTH_NAME`, `ROLE_NAME`, `TRACE_ID`) values('businessef32403dbf9dc989d0651243','twerba3204344d37929abd4ad9a1dfgh','businessadmin',NULL,'0',NULL,NULL,NULL,NULL,'数据展示','单一业务管理员',NULL);
insert into `sys_auth_role` (`ID`, `AUTH_ID`, `ROLE_ID`, `SIGN`, `IS_REVOKE`, `CREATE_USER`, `CREATE_TIME`, `UPDATE_TIME`, `REMARK`, `AUTH_NAME`, `ROLE_NAME`, `TRACE_ID`) values('businessef32403dbf9dc989d0651244','1234ba3204344d37929abd4ad9a1dgth','businessadmin',NULL,'0',NULL,NULL,NULL,NULL,'业务类型','单一业务管理员',NULL);
insert into `sys_auth_role` (`ID`, `AUTH_ID`, `ROLE_ID`, `SIGN`, `IS_REVOKE`, `CREATE_USER`, `CREATE_TIME`, `UPDATE_TIME`, `REMARK`, `AUTH_NAME`, `ROLE_NAME`, `TRACE_ID`) values('businessef32403dbf9dc989d0651245','2234ba3204344d37929abd4ad9a1dgth','businessadmin',NULL,'0',NULL,NULL,NULL,NULL,'报表设计','单一业务管理员',NULL);
insert into `sys_auth_role` (`ID`, `AUTH_ID`, `ROLE_ID`, `SIGN`, `IS_REVOKE`, `CREATE_USER`, `CREATE_TIME`, `UPDATE_TIME`, `REMARK`, `AUTH_NAME`, `ROLE_NAME`, `TRACE_ID`) values('businessef32403dbf9dc989d0651246','3234ba3204344d37929abd4ad9a1dgth','businessadmin',NULL,'0',NULL,NULL,NULL,NULL,'报表浏览','单一业务管理员',NULL);
insert into `sys_auth_role` (`ID`, `AUTH_ID`, `ROLE_ID`, `SIGN`, `IS_REVOKE`, `CREATE_USER`, `CREATE_TIME`, `UPDATE_TIME`, `REMARK`, `AUTH_NAME`, `ROLE_NAME`, `TRACE_ID`) values('businessef32403dbf9dc989d0651250','45676279a4a9416a8e20019821e6ghjk','businessadmin',NULL,'0',NULL,NULL,NULL,NULL,'消息通道','单一业务管理员',NULL);
insert into `sys_auth_role` (`ID`, `AUTH_ID`, `ROLE_ID`, `SIGN`, `IS_REVOKE`, `CREATE_USER`, `CREATE_TIME`, `UPDATE_TIME`, `REMARK`, `AUTH_NAME`, `ROLE_NAME`, `TRACE_ID`) values('businessef32403dbf9dc989d0651251','yut76279a4a9416a8e20019821e6g45t','businessadmin',NULL,'0',NULL,NULL,NULL,NULL,NULL,'单一业务管理员',NULL);
INSERT INTO `sys_auth_role` (`ID`, `AUTH_ID`, `ROLE_ID`, `SIGN`, `IS_REVOKE`, `CREATE_USER`, `CREATE_TIME`, `UPDATE_TIME`, `REMARK`, `AUTH_NAME`, `ROLE_NAME`, `TRACE_ID`) VALUES('businessef32403dbf9dc989d0651165','334qb3ec3d6e483b86c4923ea64cfdd0','businessadmin',NULL,'0',NULL,NULL,NULL,NULL,'用户授权',NULL,NULL);
INSERT INTO `sys_auth_role` (`ID`, `AUTH_ID`, `ROLE_ID`, `SIGN`, `IS_REVOKE`, `CREATE_USER`, `CREATE_TIME`, `UPDATE_TIME`, `REMARK`, `AUTH_NAME`, `ROLE_NAME`, `TRACE_ID`) VALUES('businessef32403dbf9dc989d0651166','334qb3ec3d6e483b86c4923ea64cf111','businessadmin',NULL,'0',NULL,NULL,NULL,NULL,'用户授权保存',NULL,NULL);
INSERT INTO `sys_auth_role` (`ID`, `AUTH_ID`, `ROLE_ID`, `SIGN`, `IS_REVOKE`, `CREATE_USER`, `CREATE_TIME`, `UPDATE_TIME`, `REMARK`, `AUTH_NAME`, `ROLE_NAME`, `TRACE_ID`) VALUES('businessef32403dbf9dc989d0651167','334qb3ec3d6e483b86c4923ea64cf113','businessadmin',NULL,'0',NULL,NULL,NULL,NULL,'指定用户权限管控的组织范围',NULL,NULL);
INSERT INTO `sys_auth_role` (`ID`, `AUTH_ID`, `ROLE_ID`, `SIGN`, `IS_REVOKE`, `CREATE_USER`, `CREATE_TIME`, `UPDATE_TIME`, `REMARK`, `AUTH_NAME`, `ROLE_NAME`, `TRACE_ID`) VALUES('businessef32403dbf9dc989d0651168','334qb3ec3d6e483b86c4923ea64cf114','businessadmin',NULL,'0',NULL,NULL,NULL,NULL,'指定用户权限管控的用户组范围',NULL,NULL);
INSERT INTO `sys_auth_role` (`ID`, `AUTH_ID`, `ROLE_ID`, `SIGN`, `IS_REVOKE`, `CREATE_USER`, `CREATE_TIME`, `UPDATE_TIME`, `REMARK`, `AUTH_NAME`, `ROLE_NAME`, `TRACE_ID`) VALUES('businessef32403dbf9dc989d0651171','456wb3ec3d6e483b86c4923ea64cfdd0','businessadmin',NULL,'0',NULL,NULL,NULL,NULL,'角色授权',NULL,NULL);
INSERT INTO `sys_auth_role` (`ID`, `AUTH_ID`, `ROLE_ID`, `SIGN`, `IS_REVOKE`, `CREATE_USER`, `CREATE_TIME`, `UPDATE_TIME`, `REMARK`, `AUTH_NAME`, `ROLE_NAME`, `TRACE_ID`) VALUES('businessef32403dbf9dc989d0651172','456wb3ec3d6e483b86c4923ea64cf111','businessadmin',NULL,'0',NULL,NULL,NULL,NULL,'角色授权保存',NULL,NULL);
INSERT INTO `sys_auth_role` (`ID`, `AUTH_ID`, `ROLE_ID`, `SIGN`, `IS_REVOKE`, `CREATE_USER`, `CREATE_TIME`, `UPDATE_TIME`, `REMARK`, `AUTH_NAME`, `ROLE_NAME`, `TRACE_ID`) VALUES('businessef32403dbf9dc989d0651175','67yub3ec3d6e483b86c4923ea64cfdd0','businessadmin',NULL,'0',NULL,NULL,NULL,NULL,'权限授权',NULL,NULL);
INSERT INTO `sys_auth_role` (`ID`, `AUTH_ID`, `ROLE_ID`, `SIGN`, `IS_REVOKE`, `CREATE_USER`, `CREATE_TIME`, `UPDATE_TIME`, `REMARK`, `AUTH_NAME`, `ROLE_NAME`, `TRACE_ID`) VALUES('businessef32403dbf9dc989d0651176','67yub3ec3d6e483b86c4923ea64cf111','businessadmin',NULL,'0',NULL,NULL,NULL,NULL,'权限授权保存',NULL,NULL);
INSERT INTO `sys_auth_role` (`ID`, `AUTH_ID`, `ROLE_ID`, `SIGN`, `IS_REVOKE`, `CREATE_USER`, `CREATE_TIME`, `UPDATE_TIME`, `REMARK`, `AUTH_NAME`, `ROLE_NAME`, `TRACE_ID`) VALUES('businessef32403dbf9dc989d0651193','04d7893c4a4d4345b18b0789af13753f','businessadmin',NULL,'0',NULL,NULL,NULL,NULL,'审计日志',NULL,NULL);
INSERT INTO `sys_auth_role` (`ID`, `AUTH_ID`, `ROLE_ID`, `SIGN`, `IS_REVOKE`, `CREATE_USER`, `CREATE_TIME`, `UPDATE_TIME`, `REMARK`, `AUTH_NAME`, `ROLE_NAME`, `TRACE_ID`) VALUES('businessef32403dbf9dc989d0651234','tyuub3ec3d6e483b86c4923ea64cfwe5','businessadmin',NULL,'0',NULL,NULL,NULL,NULL,'角色分配',NULL,NULL);
INSERT INTO `sys_auth_role` (`ID`, `AUTH_ID`, `ROLE_ID`, `SIGN`, `IS_REVOKE`, `CREATE_USER`, `CREATE_TIME`, `UPDATE_TIME`, `REMARK`, `AUTH_NAME`, `ROLE_NAME`, `TRACE_ID`) VALUES('businessea4a4e54acdaff4c84bb83qw','19ea2ad7ea4a4e54acdaff4c84bb8370','businessadmin',NULL,'0',NULL,NULL,NULL,NULL,'应用运行日志',NULL,NULL);
INSERT INTO `sys_auth_role` (`ID`, `AUTH_ID`, `ROLE_ID`, `SIGN`, `IS_REVOKE`, `CREATE_USER`, `CREATE_TIME`, `UPDATE_TIME`, `REMARK`, `AUTH_NAME`, `ROLE_NAME`, `TRACE_ID`) VALUES('businessef32403dbf9dc989d0651254','frggb3ec3d6e483b86c4923ea64cvbnu','businessadmin',NULL,'0',NULL,NULL,NULL,NULL,'角色审计',NULL,NULL);
INSERT INTO `sys_auth_role` (`ID`, `AUTH_ID`, `ROLE_ID`, `SIGN`, `IS_REVOKE`, `CREATE_USER`, `CREATE_TIME`, `UPDATE_TIME`, `REMARK`, `AUTH_NAME`, `ROLE_NAME`, `TRACE_ID`) VALUES('businessef32403dbf9dc989d0651255','hjuub3ec3d6e483b86c4923ea64cnmui','businessadmin',NULL,'0',NULL,NULL,NULL,NULL,'授权审计',NULL,NULL);


INSERT  INTO `sys_auth_role_lv`(`ID`,`VERSION_NO`,`IS_LAST_VERSION`,`VERSION_BEGIN_TIME`,`VERSION_END_TIME`,`VERSION_BEGIN_USER_ID`,`VERSION_END_USER_ID`,`ROLE_ID`) VALUES ('businessadmin',1,1,NULL,NULL,NULL,NULL,'businessadmin');



insert into `sys_auth_role_v` (`ID`, `AUTH_ID`, `ROLE_ID`, `SIGN`, `IS_REVOKE`, `CREATE_USER`, `CREATE_TIME`, `UPDATE_TIME`, `REMARK`, `AUTH_NAME`, `LV_ID`, `TRACE_ID`) values('businessef32403dbf9dc989d0651129','ac2a8ce16a614324b5ed4e9c24e7e905','businessadmin',NULL,'0',NULL,NULL,NULL,NULL,'应用管理','businessadmin',NULL);
insert into `sys_auth_role_v` (`ID`, `AUTH_ID`, `ROLE_ID`, `SIGN`, `IS_REVOKE`, `CREATE_USER`, `CREATE_TIME`, `UPDATE_TIME`, `REMARK`, `AUTH_NAME`, `LV_ID`, `TRACE_ID`) values('businessef32403dbf9dc989d0651130','ac2a8ce16a614324b5ed4e9c24e7e111','businessadmin',NULL,'0',NULL,NULL,NULL,NULL,'应用管理维护','businessadmin',NULL);
insert into `sys_auth_role_v` (`ID`, `AUTH_ID`, `ROLE_ID`, `SIGN`, `IS_REVOKE`, `CREATE_USER`, `CREATE_TIME`, `UPDATE_TIME`, `REMARK`, `AUTH_NAME`, `LV_ID`, `TRACE_ID`) values('businessef32403dbf9dc989d0651131','a16344b1790e41e98615f6cd19587573','businessadmin',NULL,'0',NULL,NULL,NULL,NULL,'业务单元','businessadmin',NULL);
insert into `sys_auth_role_v` (`ID`, `AUTH_ID`, `ROLE_ID`, `SIGN`, `IS_REVOKE`, `CREATE_USER`, `CREATE_TIME`, `UPDATE_TIME`, `REMARK`, `AUTH_NAME`, `LV_ID`, `TRACE_ID`) values('businessef32403dbf9dc989d0651132','a16344b1790e41e98615f6cd19587111','businessadmin',NULL,'0',NULL,NULL,NULL,NULL,'业务单元维护','businessadmin',NULL);
insert into `sys_auth_role_v` (`ID`, `AUTH_ID`, `ROLE_ID`, `SIGN`, `IS_REVOKE`, `CREATE_USER`, `CREATE_TIME`, `UPDATE_TIME`, `REMARK`, `AUTH_NAME`, `LV_ID`, `TRACE_ID`) values('businessef32403dbf9dc989d0651133','5e80ace300d54486814ee84c1fb29a3a','businessadmin',NULL,'0',NULL,NULL,NULL,NULL,'部门管理','businessadmin',NULL);
insert into `sys_auth_role_v` (`ID`, `AUTH_ID`, `ROLE_ID`, `SIGN`, `IS_REVOKE`, `CREATE_USER`, `CREATE_TIME`, `UPDATE_TIME`, `REMARK`, `AUTH_NAME`, `LV_ID`, `TRACE_ID`) values('businessef32403dbf9dc989d0651134','5e80ace300d54486814ee84c1fb29111','businessadmin',NULL,'0',NULL,NULL,NULL,NULL,'部门管理维护','businessadmin',NULL);
insert into `sys_auth_role_v` (`ID`, `AUTH_ID`, `ROLE_ID`, `SIGN`, `IS_REVOKE`, `CREATE_USER`, `CREATE_TIME`, `UPDATE_TIME`, `REMARK`, `AUTH_NAME`, `LV_ID`, `TRACE_ID`) values('businessef32403dbf9dc989d0651135','a16344b1790e41e98615f6cd19587571','businessadmin',NULL,'0',NULL,NULL,NULL,NULL,'人员管理','businessadmin',NULL);
insert into `sys_auth_role_v` (`ID`, `AUTH_ID`, `ROLE_ID`, `SIGN`, `IS_REVOKE`, `CREATE_USER`, `CREATE_TIME`, `UPDATE_TIME`, `REMARK`, `AUTH_NAME`, `LV_ID`, `TRACE_ID`) values('businessef32403dbf9dc989d0651136','a16344b1790e41e98615f6cd19587112','businessadmin',NULL,'0',NULL,NULL,NULL,NULL,'人员管理维护','businessadmin',NULL);
insert into `sys_auth_role_v` (`ID`, `AUTH_ID`, `ROLE_ID`, `SIGN`, `IS_REVOKE`, `CREATE_USER`, `CREATE_TIME`, `UPDATE_TIME`, `REMARK`, `AUTH_NAME`, `LV_ID`, `TRACE_ID`) values('businessef32403dbf9dc989d0651137','b50cbc8a2b0645729848403093f4246f','businessadmin',NULL,'0',NULL,NULL,NULL,NULL,'用户管理','businessadmin',NULL);
insert into `sys_auth_role_v` (`ID`, `AUTH_ID`, `ROLE_ID`, `SIGN`, `IS_REVOKE`, `CREATE_USER`, `CREATE_TIME`, `UPDATE_TIME`, `REMARK`, `AUTH_NAME`, `LV_ID`, `TRACE_ID`) values('businessef32403dbf9dc989d0651138','b50cbc8a2b0645729848403093f42111','businessadmin',NULL,'0',NULL,NULL,NULL,NULL,'用户管理维护','businessadmin',NULL);
insert into `sys_auth_role_v` (`ID`, `AUTH_ID`, `ROLE_ID`, `SIGN`, `IS_REVOKE`, `CREATE_USER`, `CREATE_TIME`, `UPDATE_TIME`, `REMARK`, `AUTH_NAME`, `LV_ID`, `TRACE_ID`) values('businessef32403dbf9dc989d0651184','bc316279a4a9416a8e20019821e640af','businessadmin',NULL,'0',NULL,NULL,NULL,NULL,'组织架构管理','businessadmin',NULL);
insert into `sys_auth_role_v` (`ID`, `AUTH_ID`, `ROLE_ID`, `SIGN`, `IS_REVOKE`, `CREATE_USER`, `CREATE_TIME`, `UPDATE_TIME`, `REMARK`, `AUTH_NAME`, `LV_ID`, `TRACE_ID`) values('businessef32403dbf9dc989d0651199','04d7893c4a4d4345b18b0789af13753f','businessadmin',NULL,'0',NULL,NULL,NULL,NULL,'审计日志','businessadmin',NULL);
insert into `sys_auth_role_v` (`ID`, `AUTH_ID`, `ROLE_ID`, `SIGN`, `IS_REVOKE`, `CREATE_USER`, `CREATE_TIME`, `UPDATE_TIME`, `REMARK`, `AUTH_NAME`, `LV_ID`, `TRACE_ID`) values('businessef32403dbf9dc989d0651225','11116279a4a9416a8e20019821e61111','businessadmin',NULL,'0',NULL,NULL,NULL,NULL,'工作日历','businessadmin',NULL);
insert into `sys_auth_role_v` (`ID`, `AUTH_ID`, `ROLE_ID`, `SIGN`, `IS_REVOKE`, `CREATE_USER`, `CREATE_TIME`, `UPDATE_TIME`, `REMARK`, `AUTH_NAME`, `LV_ID`, `TRACE_ID`) values('businessef32403dbf9dc989d0651241','a16344b1790e41e98615f6cd19587572','businessadmin',NULL,'0',NULL,NULL,NULL,NULL,'岗位管理','businessadmin',NULL);
insert into `sys_auth_role_v` (`ID`, `AUTH_ID`, `ROLE_ID`, `SIGN`, `IS_REVOKE`, `CREATE_USER`, `CREATE_TIME`, `UPDATE_TIME`, `REMARK`, `AUTH_NAME`, `LV_ID`, `TRACE_ID`) values('businessef32403dbf9dc989d0651242','a16344b1790e41e98615f6cd1958757r','businessadmin',NULL,'0',NULL,NULL,NULL,NULL,'职务管理','businessadmin',NULL);
insert into `sys_auth_role_v` (`ID`, `AUTH_ID`, `ROLE_ID`, `SIGN`, `IS_REVOKE`, `CREATE_USER`, `CREATE_TIME`, `UPDATE_TIME`, `REMARK`, `AUTH_NAME`, `LV_ID`, `TRACE_ID`) values('businessea4a4e54acdaff4c84bb8370','19ea2ad7ea4a4e54acdaff4c84bb8370','businessadmin',NULL,'0',NULL,NULL,NULL,NULL,'应用运行日志','businessadmin',NULL);
insert into `sys_auth_role_v` (`ID`, `AUTH_ID`, `ROLE_ID`, `SIGN`, `IS_REVOKE`, `CREATE_USER`, `CREATE_TIME`, `UPDATE_TIME`, `REMARK`, `AUTH_NAME`, `LV_ID`, `TRACE_ID`) values('businessea4a4e54acdaff4c84bb8371','99ea2ad7ea4a4e54acdaff4c84bb8371','businessadmin',NULL,'0',NULL,NULL,NULL,NULL,'运行日志','businessadmin',NULL);
insert into `sys_auth_role_v` (`ID`, `AUTH_ID`, `ROLE_ID`, `SIGN`, `IS_REVOKE`, `CREATE_USER`, `CREATE_TIME`, `UPDATE_TIME`, `REMARK`, `AUTH_NAME`, `LV_ID`, `TRACE_ID`) values('businessa4a4e54acdaff4yhmzq8370','vbnmhd7ea4a4e54acdaff4yhmzq8370','businessadmin',NULL,'0',NULL,NULL,NULL,NULL,'小程序管理','businessadmin',NULL);
insert into `sys_auth_role_v` (`ID`, `AUTH_ID`, `ROLE_ID`, `SIGN`, `IS_REVOKE`, `CREATE_USER`, `CREATE_TIME`, `UPDATE_TIME`, `REMARK`, `AUTH_NAME`, `LV_ID`, `TRACE_ID`) values('business04344d37929abd4ad9a1dg12','4599ba3204344d37929abd4ad9a1dgth','businessadmin',NULL,'0',NULL,NULL,NULL,NULL,NULL,'businessadmin',NULL);
insert into `sys_auth_role_v` (`ID`, `AUTH_ID`, `ROLE_ID`, `SIGN`, `IS_REVOKE`, `CREATE_USER`, `CREATE_TIME`, `UPDATE_TIME`, `REMARK`, `AUTH_NAME`, `LV_ID`, `TRACE_ID`) values('business04344d37929abd4ad9a1dg32','7784ba3204344d37929abd4ad9a1dgth','businessadmin',NULL,'0',NULL,NULL,NULL,NULL,NULL,'businessadmin',NULL);
insert into `sys_auth_role_v` (`ID`, `AUTH_ID`, `ROLE_ID`, `SIGN`, `IS_REVOKE`, `CREATE_USER`, `CREATE_TIME`, `UPDATE_TIME`, `REMARK`, `AUTH_NAME`, `LV_ID`, `TRACE_ID`) values('business04344d37929abd4ad9a1dg43','8234ba3204344d37929abd4ad9a1dgth','businessadmin',NULL,'0',NULL,NULL,NULL,NULL,NULL,'businessadmin',NULL);
insert into `sys_auth_role_v` (`ID`, `AUTH_ID`, `ROLE_ID`, `SIGN`, `IS_REVOKE`, `CREATE_USER`, `CREATE_TIME`, `UPDATE_TIME`, `REMARK`, `AUTH_NAME`, `LV_ID`, `TRACE_ID`) values('business04344d37929abd4ad9a1dgth','4599ba3204344d37929abd4ad9a1dgth','businessadmin',NULL,'0',NULL,NULL,NULL,NULL,NULL,'businessadmin',NULL);
insert into `sys_auth_role_v` (`ID`, `AUTH_ID`, `ROLE_ID`, `SIGN`, `IS_REVOKE`, `CREATE_USER`, `CREATE_TIME`, `UPDATE_TIME`, `REMARK`, `AUTH_NAME`, `LV_ID`, `TRACE_ID`) values('business7a3249d6ad180da0b4681113','1160858109884c5095eed968472c0236','businessadmin',NULL,'0',NULL,NULL,NULL,NULL,'应用级字典维护','businessadmin',NULL);
insert into `sys_auth_role_v` (`ID`, `AUTH_ID`, `ROLE_ID`, `SIGN`, `IS_REVOKE`, `CREATE_USER`, `CREATE_TIME`, `UPDATE_TIME`, `REMARK`, `AUTH_NAME`, `LV_ID`, `TRACE_ID`) values('businessa4a4e54acdaff4yhmzq83cc','0745867ea4a4e54acdaff4yhmzq8370','businessadmin',NULL,'0',NULL,NULL,NULL,NULL,NULL,'businessadmin',NULL);
insert into `sys_auth_role_v` (`ID`, `AUTH_ID`, `ROLE_ID`, `SIGN`, `IS_REVOKE`, `CREATE_USER`, `CREATE_TIME`, `UPDATE_TIME`, `REMARK`, `AUTH_NAME`, `LV_ID`, `TRACE_ID`) values('businessa4a4e54acdaff4yhmzq8371','1275967ea4a4e54acdaff4yhmzq8370','businessadmin',NULL,'0',NULL,NULL,NULL,NULL,NULL,'businessadmin',NULL);
insert into `sys_auth_role_v` (`ID`, `AUTH_ID`, `ROLE_ID`, `SIGN`, `IS_REVOKE`, `CREATE_USER`, `CREATE_TIME`, `UPDATE_TIME`, `REMARK`, `AUTH_NAME`, `LV_ID`, `TRACE_ID`) values('businessa4a4e54acdaff4yhmzq8373','byasmd7ea4a4e54acdaff4yhmzq8370','businessadmin',NULL,'0',NULL,NULL,NULL,NULL,NULL,'businessadmin',NULL);
insert into `sys_auth_role_v` (`ID`, `AUTH_ID`, `ROLE_ID`, `SIGN`, `IS_REVOKE`, `CREATE_USER`, `CREATE_TIME`, `UPDATE_TIME`, `REMARK`, `AUTH_NAME`, `LV_ID`, `TRACE_ID`) values('businessa4a4e54acdaff4yhmzq8374','c789567ea4a4e54acdaff4yhmzq8370','businessadmin',NULL,'0',NULL,NULL,NULL,NULL,NULL,'businessadmin',NULL);
insert into `sys_auth_role_v` (`ID`, `AUTH_ID`, `ROLE_ID`, `SIGN`, `IS_REVOKE`, `CREATE_USER`, `CREATE_TIME`, `UPDATE_TIME`, `REMARK`, `AUTH_NAME`, `LV_ID`, `TRACE_ID`) values('businessa4a4e54acdaff4yhmzq8375','bnuimd7ea4a4e54acdaff4yhmzq8370','businessadmin',NULL,'0',NULL,NULL,NULL,NULL,'消息模板','businessadmin',NULL);
insert into `sys_auth_role_v` (`ID`, `AUTH_ID`, `ROLE_ID`, `SIGN`, `IS_REVOKE`, `CREATE_USER`, `CREATE_TIME`, `UPDATE_TIME`, `REMARK`, `AUTH_NAME`, `LV_ID`, `TRACE_ID`) values('businessaoxi4d37929abd4ad9a1dgth','dapingxiaoxi4d37929abd4ad9a1dgth','businessadmin',NULL,'0',NULL,NULL,NULL,NULL,NULL,'businessadmin',NULL);
insert into `sys_auth_role_v` (`ID`, `AUTH_ID`, `ROLE_ID`, `SIGN`, `IS_REVOKE`, `CREATE_USER`, `CREATE_TIME`, `UPDATE_TIME`, `REMARK`, `AUTH_NAME`, `LV_ID`, `TRACE_ID`) values('businessea4a4e54acdaff4c84bb83qq','19ea2ad7ea4a4e54acdaff4yhmzq8370','businessadmin',NULL,'0',NULL,NULL,NULL,NULL,'组件注册','businessadmin',NULL);
insert into `sys_auth_role_v` (`ID`, `AUTH_ID`, `ROLE_ID`, `SIGN`, `IS_REVOKE`, `CREATE_USER`, `CREATE_TIME`, `UPDATE_TIME`, `REMARK`, `AUTH_NAME`, `LV_ID`, `TRACE_ID`) values('businessea4a4e54acdaff4c84bb8379','19ea2ad7ea4a4e54acdaff4yhmzq8370','businessadmin',NULL,'0',NULL,NULL,NULL,NULL,'组件注册','businessadmin',NULL);
insert into `sys_auth_role_v` (`ID`, `AUTH_ID`, `ROLE_ID`, `SIGN`, `IS_REVOKE`, `CREATE_USER`, `CREATE_TIME`, `UPDATE_TIME`, `REMARK`, `AUTH_NAME`, `LV_ID`, `TRACE_ID`) values('businessef32403dbf9dc989d0651139','39e1b3ec3d6e483b86c4923ea64cfeee','businessadmin',NULL,'0',NULL,NULL,NULL,NULL,'数据源管理','businessadmin',NULL);
insert into `sys_auth_role_v` (`ID`, `AUTH_ID`, `ROLE_ID`, `SIGN`, `IS_REVOKE`, `CREATE_USER`, `CREATE_TIME`, `UPDATE_TIME`, `REMARK`, `AUTH_NAME`, `LV_ID`, `TRACE_ID`) values('businessef32403dbf9dc989d0651140','39e1b3ec3d6e483b86c4923ea64cf111','businessadmin',NULL,'0',NULL,NULL,NULL,NULL,'数据源管理维护','businessadmin',NULL);
insert into `sys_auth_role_v` (`ID`, `AUTH_ID`, `ROLE_ID`, `SIGN`, `IS_REVOKE`, `CREATE_USER`, `CREATE_TIME`, `UPDATE_TIME`, `REMARK`, `AUTH_NAME`, `LV_ID`, `TRACE_ID`) values('businessef32403dbf9dc989d0651147','ac2a8ce16a614324b5ed4e9c24e7e904','businessadmin',NULL,'0',NULL,NULL,NULL,NULL,'系统配置项管理','businessadmin',NULL);
insert into `sys_auth_role_v` (`ID`, `AUTH_ID`, `ROLE_ID`, `SIGN`, `IS_REVOKE`, `CREATE_USER`, `CREATE_TIME`, `UPDATE_TIME`, `REMARK`, `AUTH_NAME`, `LV_ID`, `TRACE_ID`) values('businessef32403dbf9dc989d0651148','ac2a8ce16a614324b5ed4e9c24e71113','businessadmin',NULL,'0',NULL,NULL,NULL,NULL,'应用配置项维护','businessadmin',NULL);
insert into `sys_auth_role_v` (`ID`, `AUTH_ID`, `ROLE_ID`, `SIGN`, `IS_REVOKE`, `CREATE_USER`, `CREATE_TIME`, `UPDATE_TIME`, `REMARK`, `AUTH_NAME`, `LV_ID`, `TRACE_ID`) values('businessef32403dbf9dc989d0651149','ffc03579b06a4b7fae6c51c9ff48b311','businessadmin',NULL,'0',NULL,NULL,NULL,NULL,'附件配置项管理','businessadmin',NULL);
insert into `sys_auth_role_v` (`ID`, `AUTH_ID`, `ROLE_ID`, `SIGN`, `IS_REVOKE`, `CREATE_USER`, `CREATE_TIME`, `UPDATE_TIME`, `REMARK`, `AUTH_NAME`, `LV_ID`, `TRACE_ID`) values('businessef32403dbf9dc989d0651151','131e140bc2bd4361af5ee488f92b22ad','businessadmin',NULL,'0',NULL,NULL,NULL,NULL,'字典管理','businessadmin',NULL);
insert into `sys_auth_role_v` (`ID`, `AUTH_ID`, `ROLE_ID`, `SIGN`, `IS_REVOKE`, `CREATE_USER`, `CREATE_TIME`, `UPDATE_TIME`, `REMARK`, `AUTH_NAME`, `LV_ID`, `TRACE_ID`) values('businessef32403dbf9dc989d0651153','8bc5761a4d8d49e680515bc50f4baad1','businessadmin',NULL,'0',NULL,NULL,NULL,NULL,'菜单管理','businessadmin',NULL);
insert into `sys_auth_role_v` (`ID`, `AUTH_ID`, `ROLE_ID`, `SIGN`, `IS_REVOKE`, `CREATE_USER`, `CREATE_TIME`, `UPDATE_TIME`, `REMARK`, `AUTH_NAME`, `LV_ID`, `TRACE_ID`) values('businessef32403dbf9dc989d0651154','8bc5761a4d8d49e680515bc50f4ba111','businessadmin',NULL,'0',NULL,NULL,NULL,NULL,'菜单管理维护','businessadmin',NULL);
insert into `sys_auth_role_v` (`ID`, `AUTH_ID`, `ROLE_ID`, `SIGN`, `IS_REVOKE`, `CREATE_USER`, `CREATE_TIME`, `UPDATE_TIME`, `REMARK`, `AUTH_NAME`, `LV_ID`, `TRACE_ID`) values('businessef32403dbf9dc989d0651155','39e1b3ec3d6e483b86c4923ea64cfdd0','businessadmin',NULL,'0',NULL,NULL,NULL,NULL,'权限定义','businessadmin',NULL);
insert into `sys_auth_role_v` (`ID`, `AUTH_ID`, `ROLE_ID`, `SIGN`, `IS_REVOKE`, `CREATE_USER`, `CREATE_TIME`, `UPDATE_TIME`, `REMARK`, `AUTH_NAME`, `LV_ID`, `TRACE_ID`) values('businessef32403dbf9dc989d0651156','39e1b3ec3d6e483b86c4923ea64c1111','businessadmin',NULL,'0',NULL,NULL,NULL,NULL,'权限管理维护','businessadmin',NULL);
insert into `sys_auth_role_v` (`ID`, `AUTH_ID`, `ROLE_ID`, `SIGN`, `IS_REVOKE`, `CREATE_USER`, `CREATE_TIME`, `UPDATE_TIME`, `REMARK`, `AUTH_NAME`, `LV_ID`, `TRACE_ID`) values('businessef32403dbf9dc989d0651157','8d4d2caee7f548889988da2747dfaa4a','businessadmin',NULL,'0',NULL,NULL,NULL,NULL,'角色管理','businessadmin',NULL);
insert into `sys_auth_role_v` (`ID`, `AUTH_ID`, `ROLE_ID`, `SIGN`, `IS_REVOKE`, `CREATE_USER`, `CREATE_TIME`, `UPDATE_TIME`, `REMARK`, `AUTH_NAME`, `LV_ID`, `TRACE_ID`) values('businessef32403dbf9dc989d0651158','39e1b3ec3d6e483b86c4923ea64c1112','businessadmin',NULL,'0',NULL,NULL,NULL,NULL,'指定权限绑定api资源权限','businessadmin',NULL);
insert into `sys_auth_role_v` (`ID`, `AUTH_ID`, `ROLE_ID`, `SIGN`, `IS_REVOKE`, `CREATE_USER`, `CREATE_TIME`, `UPDATE_TIME`, `REMARK`, `AUTH_NAME`, `LV_ID`, `TRACE_ID`) values('businessef32403dbf9dc989d0651164','334qb3ec3d6e483b86c4923ea64cf112','businessadmin',NULL,'0',NULL,NULL,NULL,NULL,'用户授权激活','businessadmin',NULL);
insert into `sys_auth_role_v` (`ID`, `AUTH_ID`, `ROLE_ID`, `SIGN`, `IS_REVOKE`, `CREATE_USER`, `CREATE_TIME`, `UPDATE_TIME`, `REMARK`, `AUTH_NAME`, `LV_ID`, `TRACE_ID`) values('businessef32403dbf9dc989d0651170','456wb3ec3d6e483b86c4923ea64cf112','businessadmin',NULL,'0',NULL,NULL,NULL,NULL,'角色授权激活','businessadmin',NULL);
insert into `sys_auth_role_v` (`ID`, `AUTH_ID`, `ROLE_ID`, `SIGN`, `IS_REVOKE`, `CREATE_USER`, `CREATE_TIME`, `UPDATE_TIME`, `REMARK`, `AUTH_NAME`, `LV_ID`, `TRACE_ID`) values('businessef32403dbf9dc989d0651174','67yub3ec3d6e483b86c4923ea64cf112','businessadmin',NULL,'0',NULL,NULL,NULL,NULL,'权限授权激活','businessadmin',NULL);
insert into `sys_auth_role_v` (`ID`, `AUTH_ID`, `ROLE_ID`, `SIGN`, `IS_REVOKE`, `CREATE_USER`, `CREATE_TIME`, `UPDATE_TIME`, `REMARK`, `AUTH_NAME`, `LV_ID`, `TRACE_ID`) values('businessef32403dbf9dc989d0651189','11316279a4a9416a8e20019821e640af','businessadmin',NULL,'0',NULL,NULL,NULL,NULL,'配置管理','businessadmin',NULL);
insert into `sys_auth_role_v` (`ID`, `AUTH_ID`, `ROLE_ID`, `SIGN`, `IS_REVOKE`, `CREATE_USER`, `CREATE_TIME`, `UPDATE_TIME`, `REMARK`, `AUTH_NAME`, `LV_ID`, `TRACE_ID`) values('businessef32403dbf9dc989d0651190','e3b15ac90286450fbe5a721c9f542451','businessadmin',NULL,'0',NULL,NULL,NULL,NULL,'系统管理','businessadmin',NULL);
insert into `sys_auth_role_v` (`ID`, `AUTH_ID`, `ROLE_ID`, `SIGN`, `IS_REVOKE`, `CREATE_USER`, `CREATE_TIME`, `UPDATE_TIME`, `REMARK`, `AUTH_NAME`, `LV_ID`, `TRACE_ID`) values('businessef32403dbf9dc989d0651192','11erb3ec3d6e483b86c4923ea64cfdd0','businessadmin',NULL,'0',NULL,NULL,NULL,NULL,'授权管理','businessadmin',NULL);
insert into `sys_auth_role_v` (`ID`, `AUTH_ID`, `ROLE_ID`, `SIGN`, `IS_REVOKE`, `CREATE_USER`, `CREATE_TIME`, `UPDATE_TIME`, `REMARK`, `AUTH_NAME`, `LV_ID`, `TRACE_ID`) values('businessef32403dbf9dc989d0651213','e3b15ac90286450fbe5a721c9f542433','businessadmin',NULL,'0',NULL,NULL,NULL,NULL,'首页','businessadmin',NULL);
insert into `sys_auth_role_v` (`ID`, `AUTH_ID`, `ROLE_ID`, `SIGN`, `IS_REVOKE`, `CREATE_USER`, `CREATE_TIME`, `UPDATE_TIME`, `REMARK`, `AUTH_NAME`, `LV_ID`, `TRACE_ID`) values('businessef32403dbf9dc989d0651224','22316279a4a9416a8e20019821e640af','businessadmin',NULL,'0',NULL,NULL,NULL,NULL,'定时任务','businessadmin',NULL);
insert into `sys_auth_role_v` (`ID`, `AUTH_ID`, `ROLE_ID`, `SIGN`, `IS_REVOKE`, `CREATE_USER`, `CREATE_TIME`, `UPDATE_TIME`, `REMARK`, `AUTH_NAME`, `LV_ID`, `TRACE_ID`) values('businessef32403dbf9dc989d0651227','3333ba3204344d37929abd4ad9a12222','businessadmin',NULL,'0',NULL,NULL,NULL,NULL,'工作流程','businessadmin',NULL);
insert into `sys_auth_role_v` (`ID`, `AUTH_ID`, `ROLE_ID`, `SIGN`, `IS_REVOKE`, `CREATE_USER`, `CREATE_TIME`, `UPDATE_TIME`, `REMARK`, `AUTH_NAME`, `LV_ID`, `TRACE_ID`) values('businessef32403dbf9dc989d0651228','3456ba3204344d37929abd4ad9a15678','businessadmin',NULL,'0',NULL,NULL,NULL,NULL,'流程定义','businessadmin',NULL);
insert into `sys_auth_role_v` (`ID`, `AUTH_ID`, `ROLE_ID`, `SIGN`, `IS_REVOKE`, `CREATE_USER`, `CREATE_TIME`, `UPDATE_TIME`, `REMARK`, `AUTH_NAME`, `LV_ID`, `TRACE_ID`) values('businessef32403dbf9dc989d0651229','7756ba3204344d37929abd4ad9a15699','businessadmin',NULL,'0',NULL,NULL,NULL,NULL,'全局变量','businessadmin',NULL);
insert into `sys_auth_role_v` (`ID`, `AUTH_ID`, `ROLE_ID`, `SIGN`, `IS_REVOKE`, `CREATE_USER`, `CREATE_TIME`, `UPDATE_TIME`, `REMARK`, `AUTH_NAME`, `LV_ID`, `TRACE_ID`) values('businessef32403dbf9dc989d0651230','1116ba3204344d37929abd4ad9a15222','businessadmin',NULL,'0',NULL,NULL,NULL,NULL,'全局规则','businessadmin',NULL);
insert into `sys_auth_role_v` (`ID`, `AUTH_ID`, `ROLE_ID`, `SIGN`, `IS_REVOKE`, `CREATE_USER`, `CREATE_TIME`, `UPDATE_TIME`, `REMARK`, `AUTH_NAME`, `LV_ID`, `TRACE_ID`) values('businessef32403dbf9dc989d0651243','twerba3204344d37929abd4ad9a1dfgh','businessadmin',NULL,'0',NULL,NULL,NULL,NULL,'数据展示','businessadmin',NULL);
insert into `sys_auth_role_v` (`ID`, `AUTH_ID`, `ROLE_ID`, `SIGN`, `IS_REVOKE`, `CREATE_USER`, `CREATE_TIME`, `UPDATE_TIME`, `REMARK`, `AUTH_NAME`, `LV_ID`, `TRACE_ID`) values('businessef32403dbf9dc989d0651244','1234ba3204344d37929abd4ad9a1dgth','businessadmin',NULL,'0',NULL,NULL,NULL,NULL,'业务类型','businessadmin',NULL);
insert into `sys_auth_role_v` (`ID`, `AUTH_ID`, `ROLE_ID`, `SIGN`, `IS_REVOKE`, `CREATE_USER`, `CREATE_TIME`, `UPDATE_TIME`, `REMARK`, `AUTH_NAME`, `LV_ID`, `TRACE_ID`) values('businessef32403dbf9dc989d0651245','2234ba3204344d37929abd4ad9a1dgth','businessadmin',NULL,'0',NULL,NULL,NULL,NULL,'报表设计','businessadmin',NULL);
insert into `sys_auth_role_v` (`ID`, `AUTH_ID`, `ROLE_ID`, `SIGN`, `IS_REVOKE`, `CREATE_USER`, `CREATE_TIME`, `UPDATE_TIME`, `REMARK`, `AUTH_NAME`, `LV_ID`, `TRACE_ID`) values('businessef32403dbf9dc989d0651246','3234ba3204344d37929abd4ad9a1dgth','businessadmin',NULL,'0',NULL,NULL,NULL,NULL,'报表浏览','businessadmin',NULL);
insert into `sys_auth_role_v` (`ID`, `AUTH_ID`, `ROLE_ID`, `SIGN`, `IS_REVOKE`, `CREATE_USER`, `CREATE_TIME`, `UPDATE_TIME`, `REMARK`, `AUTH_NAME`, `LV_ID`, `TRACE_ID`) values('businessef32403dbf9dc989d0651250','45676279a4a9416a8e20019821e6ghjk','businessadmin',NULL,'0',NULL,NULL,NULL,NULL,'消息通道','businessadmin',NULL);
insert into `sys_auth_role_v` (`ID`, `AUTH_ID`, `ROLE_ID`, `SIGN`, `IS_REVOKE`, `CREATE_USER`, `CREATE_TIME`, `UPDATE_TIME`, `REMARK`, `AUTH_NAME`, `LV_ID`, `TRACE_ID`) values('businessef32403dbf9dc989d0651251','yut76279a4a9416a8e20019821e6g45t','businessadmin',NULL,'0',NULL,NULL,NULL,NULL,NULL,'businessadmin',NULL);
INSERT INTO `sys_auth_role_v` (`ID`, `AUTH_ID`, `ROLE_ID`, `SIGN`, `IS_REVOKE`, `CREATE_USER`, `CREATE_TIME`, `UPDATE_TIME`, `REMARK`, `LV_ID`, `AUTH_NAME`,  `TRACE_ID`) VALUES('businessef32403dbf9dc989d0651165','334qb3ec3d6e483b86c4923ea64cfdd0','businessadmin',NULL,'0',NULL,NULL,NULL,NULL,'businessadmin','用户授权',NULL);
INSERT INTO `sys_auth_role_v` (`ID`, `AUTH_ID`, `ROLE_ID`, `SIGN`, `IS_REVOKE`, `CREATE_USER`, `CREATE_TIME`, `UPDATE_TIME`, `REMARK`, `LV_ID`, `AUTH_NAME`,  `TRACE_ID`) VALUES('businessef32403dbf9dc989d0651166','334qb3ec3d6e483b86c4923ea64cf111','businessadmin',NULL,'0',NULL,NULL,NULL,NULL,'businessadmin','用户授权保存',NULL);
INSERT INTO `sys_auth_role_v` (`ID`, `AUTH_ID`, `ROLE_ID`, `SIGN`, `IS_REVOKE`, `CREATE_USER`, `CREATE_TIME`, `UPDATE_TIME`, `REMARK`, `LV_ID`, `AUTH_NAME`,  `TRACE_ID`) VALUES('businessef32403dbf9dc989d0651167','334qb3ec3d6e483b86c4923ea64cf113','businessadmin',NULL,'0',NULL,NULL,NULL,NULL,'businessadmin','指定用户权限管控的组织范围',NULL);
INSERT INTO `sys_auth_role_v` (`ID`, `AUTH_ID`, `ROLE_ID`, `SIGN`, `IS_REVOKE`, `CREATE_USER`, `CREATE_TIME`, `UPDATE_TIME`, `REMARK`, `LV_ID`, `AUTH_NAME`,  `TRACE_ID`) VALUES('businessef32403dbf9dc989d0651168','334qb3ec3d6e483b86c4923ea64cf114','businessadmin',NULL,'0',NULL,NULL,NULL,NULL,'businessadmin','指定用户权限管控的用户组范围',NULL);
INSERT INTO `sys_auth_role_v` (`ID`, `AUTH_ID`, `ROLE_ID`, `SIGN`, `IS_REVOKE`, `CREATE_USER`, `CREATE_TIME`, `UPDATE_TIME`, `REMARK`, `LV_ID`, `AUTH_NAME`,  `TRACE_ID`) VALUES('businessef32403dbf9dc989d0651171','456wb3ec3d6e483b86c4923ea64cfdd0','businessadmin',NULL,'0',NULL,NULL,NULL,NULL,'businessadmin','角色授权',NULL);
INSERT INTO `sys_auth_role_v` (`ID`, `AUTH_ID`, `ROLE_ID`, `SIGN`, `IS_REVOKE`, `CREATE_USER`, `CREATE_TIME`, `UPDATE_TIME`, `REMARK`, `LV_ID`, `AUTH_NAME`,  `TRACE_ID`) VALUES('businessef32403dbf9dc989d0651172','456wb3ec3d6e483b86c4923ea64cf111','businessadmin',NULL,'0',NULL,NULL,NULL,NULL,'businessadmin','角色授权保存',NULL);
INSERT INTO `sys_auth_role_v` (`ID`, `AUTH_ID`, `ROLE_ID`, `SIGN`, `IS_REVOKE`, `CREATE_USER`, `CREATE_TIME`, `UPDATE_TIME`, `REMARK`, `LV_ID`, `AUTH_NAME`,  `TRACE_ID`) VALUES('businessef32403dbf9dc989d0651175','67yub3ec3d6e483b86c4923ea64cfdd0','businessadmin',NULL,'0',NULL,NULL,NULL,NULL,'businessadmin','权限授权',NULL);
INSERT INTO `sys_auth_role_v` (`ID`, `AUTH_ID`, `ROLE_ID`, `SIGN`, `IS_REVOKE`, `CREATE_USER`, `CREATE_TIME`, `UPDATE_TIME`, `REMARK`, `LV_ID`, `AUTH_NAME`,  `TRACE_ID`) VALUES('businessef32403dbf9dc989d0651176','67yub3ec3d6e483b86c4923ea64cf111','businessadmin',NULL,'0',NULL,NULL,NULL,NULL,'businessadmin','权限授权保存',NULL);
INSERT INTO `sys_auth_role_v` (`ID`, `AUTH_ID`, `ROLE_ID`, `SIGN`, `IS_REVOKE`, `CREATE_USER`, `CREATE_TIME`, `UPDATE_TIME`, `REMARK`, `LV_ID`, `AUTH_NAME`,  `TRACE_ID`) VALUES('businessef32403dbf9dc989d0651193','04d7893c4a4d4345b18b0789af13753f','businessadmin',NULL,'0',NULL,NULL,NULL,NULL,'businessadmin','审计日志',NULL);
INSERT INTO `sys_auth_role_v` (`ID`, `AUTH_ID`, `ROLE_ID`, `SIGN`, `IS_REVOKE`, `CREATE_USER`, `CREATE_TIME`, `UPDATE_TIME`, `REMARK`, `LV_ID`, `AUTH_NAME`,  `TRACE_ID`) VALUES('businessef32403dbf9dc989d0651234','tyuub3ec3d6e483b86c4923ea64cfwe5','businessadmin',NULL,'0',NULL,NULL,NULL,NULL,'businessadmin','角色分配',NULL);
INSERT INTO `sys_auth_role_v` (`ID`, `AUTH_ID`, `ROLE_ID`, `SIGN`, `IS_REVOKE`, `CREATE_USER`, `CREATE_TIME`, `UPDATE_TIME`, `REMARK`, `LV_ID`, `AUTH_NAME`,  `TRACE_ID`) VALUES('businessea4a4e54acdaff4c84bb83qw','19ea2ad7ea4a4e54acdaff4c84bb8370','businessadmin',NULL,'0',NULL,NULL,NULL,NULL,'businessadmin','应用运行日志',NULL);
INSERT INTO `sys_auth_role_v` (`ID`, `AUTH_ID`, `ROLE_ID`, `SIGN`, `IS_REVOKE`, `CREATE_USER`, `CREATE_TIME`, `UPDATE_TIME`, `REMARK`, `LV_ID`, `AUTH_NAME`,  `TRACE_ID`) VALUES('businessef32403dbf9dc989d0651254','frggb3ec3d6e483b86c4923ea64cvbnu','businessadmin',NULL,'0',NULL,NULL,NULL,NULL,'businessadmin','角色审计',NULL);
INSERT INTO `sys_auth_role_v` (`ID`, `AUTH_ID`, `ROLE_ID`, `SIGN`, `IS_REVOKE`, `CREATE_USER`, `CREATE_TIME`, `UPDATE_TIME`, `REMARK`, `LV_ID`, `AUTH_NAME`,  `TRACE_ID`) VALUES('businessef32403dbf9dc989d0651255','hjuub3ec3d6e483b86c4923ea64cnmui','businessadmin',NULL,'0',NULL,NULL,NULL,NULL,'businessadmin','授权审计',NULL);



/**
 *  租户字典类型
 * @author zuogang
 * @date 2021/11/29 17:12
 */
insert into `sys_dict` (`ID`, `TYPE`, `NAME`, `DICT_EXPLAIN`, `APP_ID`, `DATA_VERSION`, `GROUP_ID`, `SCOPE`, `TRACE_ID`) values('6a973d4ce4c24cb2bed6d22fea7d82b0','USER_SECRET_TYPE','用户密级类别','','',0,'',1,NULL);

insert into `sys_dict_value` (`ID`, `TYPE_ID`, `DICT_NAME`, `SORT_INDEX`, `APP_ID`, `TYPE`, `DATA_VERSION`, `DICT_VALUE`, `PARENT_ID`, `SORT_PATH`, `REMARK`, `GROUP_ID`, `SCOPE`, `TRACE_ID`) values('85c6ca40b4224458891895d68a04a16d','6a973d4ce4c24cb2bed6d22fea7d82b0','密级值列','10','','USER_SECRET_TYPE',0,'1','0','000010','值为1：5非密4内部3一般2重要1核心；值为2：5非密4内部3秘密2机密1绝密','',1,NULL);

-- 附件配置
ALTER TABLE `FILE_INFO`
    ADD COLUMN `OLD_FORM_ID` VARCHAR(50)  COMMENT '旧表单Id';