delete from sys_user where id in ('4c66b48a5cfa4886a4c5861cb01eae02','f0998046ae844ed4b1c1dab4e490f62e',
'dca07269fe1c4fecb667c442c3ace476','cd3947f0c7a3478e97acbec9813f66e3','262432b31fd249ce8ade25aa1df39966',
'884b9b13c26740aaa07849bec202e104','78a510f9289c4ca7b299b433078e64e6','a8026654f1054c6bb65b00c5128a770e'
,'681cead3d0764d24b261fe3d531ad775','dbe7db841eed43fdb91a594d67b4184f','4aa4aa96179147918ad14474ed1c0937');

delete from sys_user_login where id in ('4c66b48a5cfa4886a4c5861cb01eae02','f0998046ae844ed4b1c1dab4e490f62e',
'dca07269fe1c4fecb667c442c3ace476','cd3947f0c7a3478e97acbec9813f66e3','262432b31fd249ce8ade25aa1df39966',
'884b9b13c26740aaa07849bec202e104','78a510f9289c4ca7b299b433078e64e6','a8026654f1054c6bb65b00c5128a770e'
,'681cead3d0764d24b261fe3d531ad775','dbe7db841eed43fdb91a594d67b4184f','4aa4aa96179147918ad14474ed1c0937');

delete from sys_user_password_history where id in ('4c66b48a5cfa4886a4c5861cb01eae02','f0998046ae844ed4b1c1dab4e490f62e',
'dca07269fe1c4fecb667c442c3ace476','cd3947f0c7a3478e97acbec9813f66e3','262432b31fd249ce8ade25aa1df39966',
'884b9b13c26740aaa07849bec202e104','78a510f9289c4ca7b299b433078e64e6','a8026654f1054c6bb65b00c5128a770e'
,'681cead3d0764d24b261fe3d531ad775','dbe7db841eed43fdb91a594d67b4184f','4aa4aa96179147918ad14474ed1c0937');

delete from org_group where id in ('9e92cb17c7bf4af9b6072520d42ea103','0e4b26e45d0348088503efc8768afcdc','b190c25cb0234d51ab6de0bda198891b',
'af562c26e35d44dbb82c1cf3b56ec112','89a06f1243a74a9fbe20fdf08c9f27cd');

delete from sys_dict where id in ('1111b30dbda145ffa9ff847404425e2c','1rfgb30dbda145ffa9ff847404425e2c','3ertb30dbda145ffa9ff847404425e2c');

delete from sys_auth_role_lv where app_id in ('bt-ceshidemo111','bt-ceshidemo222');

delete from sys_auth_user_lv where app_id in ('bt-ceshidemo111','bt-ceshidemo222');

delete from sys_config where id in ('42w0cb06f285450da23e128d3286cf8f','fc01ce44d96c4ef1b9fd34a573346f42','1crf2f27bc734774bf966b5fd0abeb2c','abn1c34fa1414146b430306f15dc9aa5');

delete from SYS_API_RESOURCE where id in ('TestController.test1','TestController.test2','TestController.test3');

insert into "SYS_USER" ("ID","STAFF_NO","USER_NAME","REAL_NAME","EMAIL","PHONE_NUMBER","USER_TYPE","REMARK","START_FLAG","SECRET_LEVEL","SORT_INDEX","USER_POST","CREATE_TIME","UPDATE_TIME","PASSWORD","PASSWORD_UPDATE_TIME","PERSON_DOC_ID","BASE_DOC_TYPE","PINYIN","PSW_POLICY_ID","FAIL_LOGIN_TIMES","CREATE_USER","UNLOCK_TIME","IS_FIRST_LOGIN","DATA_VERSION","GROUP_ID","IS_DELETE","ORGANIZATION_ID","IS_IP_BIND","IP_ADDRESS") values ('4c66b48a5cfa4886a4c5861cb01eae02', null, 'dayuanceshiren1', '测试集团管理员', null, null, 1, null, '1', 5, 3841600, null, '2020-02-12 16:13:54.062000', '2020-02-12 16:13:54.062000', 'AvT1ej63yEDZw0fxIrO5et5jXzadvERpMxcT5aJgzyk=', '2020-02-12 16:13:54.111000', null, null, 'danyuanceshiren1', null, null, null, null, 1, 0, null, 0, null, 1, '192.168.19.99');

insert into "ORG_GROUP" ("ID","PARENT_ID","CODE","NAME","CREATE_USER","CREATE_TIME","UPDATE_TIME","SORT_INDEX","SORT_PATH","IS3_ADMIN","REMARK","SECRET_LEVEL","DATA_VERSION","IS_DELETE") values ('9e92cb17c7bf4af9b6072520d42ea103', '0', '12312', '单体测试顶级集团1', '201f6f0343de4445b96674fa913610f8', '2020-02-12 13:01:37.115000', '2020-02-12 13:01:37.115000', 3519, '003519', 1, null, 3, 0, 0);
insert into "ORG_GROUP" ("ID","PARENT_ID","CODE","NAME","CREATE_USER","CREATE_TIME","UPDATE_TIME","SORT_INDEX","SORT_PATH","IS3_ADMIN","REMARK","SECRET_LEVEL","DATA_VERSION","IS_DELETE") values ('0e4b26e45d0348088503efc8768afcdc', '9e92cb17c7bf4af9b6072520d42ea103', '31324', '单体测试一级集团1', '201f6f0343de4445b96674fa913610f8', '2020-02-12 13:03:16.057000', '2020-02-12 13:03:16.057000', 10, '003519000010', 1, null, 3, 0, 0);
insert into "ORG_GROUP" ("ID","PARENT_ID","CODE","NAME","CREATE_USER","CREATE_TIME","UPDATE_TIME","SORT_INDEX","SORT_PATH","IS3_ADMIN","REMARK","SECRET_LEVEL","DATA_VERSION","IS_DELETE") values ('b190c25cb0234d51ab6de0bda198891b', '9e92cb17c7bf4af9b6072520d42ea103', '423423', '单体测试一级集团2', '201f6f0343de4445b96674fa913610f8', '2020-02-12 13:03:29.881000', '2020-02-12 13:03:29.881000', 20, '003519000020', 1, null, 3, 0, 0);
insert into "ORG_GROUP" ("ID","PARENT_ID","CODE","NAME","CREATE_USER","CREATE_TIME","UPDATE_TIME","SORT_INDEX","SORT_PATH","IS3_ADMIN","REMARK","SECRET_LEVEL","DATA_VERSION","IS_DELETE") values ('af562c26e35d44dbb82c1cf3b56ec112', '0e4b26e45d0348088503efc8768afcdc', '4234234', '单体测试二级集团1', '201f6f0343de4445b96674fa913610f8', '2020-02-12 13:03:44.746000', '2020-02-12 13:03:44.746000', 10, '003519000010000010', 1, null, 3, 0, 0);
insert into "ORG_GROUP" ("ID","PARENT_ID","CODE","NAME","CREATE_USER","CREATE_TIME","UPDATE_TIME","SORT_INDEX","SORT_PATH","IS3_ADMIN","REMARK","SECRET_LEVEL","DATA_VERSION","IS_DELETE") values ('89a06f1243a74a9fbe20fdf08c9f27cd', 'af562c26e35d44dbb82c1cf3b56ec112', '23454', '单体测试三级集团1', '201f6f0343de4445b96674fa913610f8', '2020-02-12 13:04:08.146000', '2020-02-12 13:04:08.146000', 10, '003519000010000010000010', 1, null, 3, 0, 0);

insert into "BD_PERSON_ID_TYPE" ("ID","CODE","NAME","GROUP_ID","REGEX","COUNTRY","DESCRIPTION","NUMBER_LENGTH","CREATE_USER","CREATE_TIME","UPDATE_TIME","ENABLE_STATE","REMARK","DATA_VERSION") values ('cardno17c7bf4af9b6072520d42ea103', 'cardno', '身份证', '9e92cb17c7bf4af9b6072520d42ea103', null, null, '身份证', null, '201f6f0343de4445b96674fa913610f8', '2019-12-12 17:17:41.342000', '2019-12-12 17:17:41.342000', null, null, 0);
insert into "BD_PERSON_ID_TYPE" ("ID","CODE","NAME","GROUP_ID","REGEX","COUNTRY","DESCRIPTION","NUMBER_LENGTH","CREATE_USER","CREATE_TIME","UPDATE_TIME","ENABLE_STATE","REMARK","DATA_VERSION") values ('junguanzheng4af9b6072520d42ea103', 'junguanzheng', '军官证', '9e92cb17c7bf4af9b6072520d42ea103', null, null, '军官证', null, '201f6f0343de4445b96674fa913610f8', '2019-12-12 17:17:41.342000', '2019-12-12 17:17:41.342000', null, null, 0);
insert into "BD_PERSON_ID_TYPE" ("ID","CODE","NAME","GROUP_ID","REGEX","COUNTRY","DESCRIPTION","NUMBER_LENGTH","CREATE_USER","CREATE_TIME","UPDATE_TIME","ENABLE_STATE","REMARK","DATA_VERSION") values ('cardnoe45d0348088503efc8768afcdc', 'cardno', '身份证', '0e4b26e45d0348088503efc8768afcdc', null, null, '身份证', null, '201f6f0343de4445b96674fa913610f8', '2019-12-17 16:57:42.805000', '2019-12-17 16:57:42.806000', null, null, 0);
insert into "BD_PERSON_ID_TYPE" ("ID","CODE","NAME","GROUP_ID","REGEX","COUNTRY","DESCRIPTION","NUMBER_LENGTH","CREATE_USER","CREATE_TIME","UPDATE_TIME","ENABLE_STATE","REMARK","DATA_VERSION") values ('junguanzheng48088503efc8768afcdc', 'junguanzheng', '军官证', '0e4b26e45d0348088503efc8768afcdc', null, null, '军官证', null, '201f6f0343de4445b96674fa913610f8', '2019-12-17 16:57:42.806000', '2019-12-17 16:57:42.806000', null, null, 0);
insert into "BD_PERSON_ID_TYPE" ("ID","CODE","NAME","GROUP_ID","REGEX","COUNTRY","DESCRIPTION","NUMBER_LENGTH","CREATE_USER","CREATE_TIME","UPDATE_TIME","ENABLE_STATE","REMARK","DATA_VERSION") values ('cardno5cb0234d51ab6de0bda198891b', 'cardno', '身份证', 'b190c25cb0234d51ab6de0bda198891b', null, null, '身份证', null, '201f6f0343de4445b96674fa913610f8', '2019-12-17 17:26:54.884000', '2019-12-17 17:26:54.884000', null, null, 0);
insert into "BD_PERSON_ID_TYPE" ("ID","CODE","NAME","GROUP_ID","REGEX","COUNTRY","DESCRIPTION","NUMBER_LENGTH","CREATE_USER","CREATE_TIME","UPDATE_TIME","ENABLE_STATE","REMARK","DATA_VERSION") values ('junguanzheng4d51ab6de0bda198891b', 'junguanzheng', '军官证', 'b190c25cb0234d51ab6de0bda198891b', null, null, '军官证', null, '201f6f0343de4445b96674fa913610f8', '2019-12-17 17:26:54.884000', '2019-12-17 17:26:54.884000', null, null, 0);
insert into "BD_PERSON_ID_TYPE" ("ID","CODE","NAME","GROUP_ID","REGEX","COUNTRY","DESCRIPTION","NUMBER_LENGTH","CREATE_USER","CREATE_TIME","UPDATE_TIME","ENABLE_STATE","REMARK","DATA_VERSION") values ('cardno26e35d44dbb82c1cf3b56ec112', 'cardno', '身份证', 'af562c26e35d44dbb82c1cf3b56ec112', null, null, '身份证', null, '201f6f0343de4445b96674fa913610f8', '2019-12-25 16:27:31.137000', '2019-12-25 16:27:31.137000', null, null, 0);
insert into "BD_PERSON_ID_TYPE" ("ID","CODE","NAME","GROUP_ID","REGEX","COUNTRY","DESCRIPTION","NUMBER_LENGTH","CREATE_USER","CREATE_TIME","UPDATE_TIME","ENABLE_STATE","REMARK","DATA_VERSION") values ('junguanzheng44dbb82c1cf3b56ec112', 'junguanzheng', '军官证', 'af562c26e35d44dbb82c1cf3b56ec112', null, null, '军官证', null, '201f6f0343de4445b96674fa913610f8', '2019-12-25 16:27:31.137000', '2019-12-25 16:27:31.137000', null, null, 0);
insert into "BD_PERSON_ID_TYPE" ("ID","CODE","NAME","GROUP_ID","REGEX","COUNTRY","DESCRIPTION","NUMBER_LENGTH","CREATE_USER","CREATE_TIME","UPDATE_TIME","ENABLE_STATE","REMARK","DATA_VERSION") values ('cardno1243a74a9fbe20fdf08c9f27cd', 'cardno', '身份证', '89a06f1243a74a9fbe20fdf08c9f27cd', null, null, '身份证', null, '201f6f0343de4445b96674fa913610f8', '2020-01-07 15:45:40.187000', '2020-01-07 15:45:40.188000', null, null, 0);
insert into "BD_PERSON_ID_TYPE" ("ID","CODE","NAME","GROUP_ID","REGEX","COUNTRY","DESCRIPTION","NUMBER_LENGTH","CREATE_USER","CREATE_TIME","UPDATE_TIME","ENABLE_STATE","REMARK","DATA_VERSION") values ('junguanzheng4a9fbe20fdf08c9f27cd', 'junguanzheng', '军官证', '89a06f1243a74a9fbe20fdf08c9f27cd', null, null, '军官证', null, '201f6f0343de4445b96674fa913610f8', '2020-01-07 15:45:40.188000', '2020-01-07 15:45:40.188000', null, null, 0);

insert into "ORG_ORGANIZATION_V" ("ID","PARENT_ID","GROUP_ID","CORPORATION_ID","ORGANIZATION_ID","REMARK","NAME","SHORT_NAME","ADDRESS","COUNTRY_ZONE","ORGANIZATION_CODE","VERSION_NO","VERSION_NAME","VERSION_BEGIN_DATE","VERSION_END_DATE","IS_BUSINESS_UNIT","CODE","IS_LAST_VERSION","VERSION_BEGIN_USER_ID","VERSION_END_USER_ID","DATA_VERSION","SORT_INDEX") values ('29cc3570bf82464fa755425cc8f34925', '0', '9e92cb17c7bf4af9b6072520d42ea103', null, '9e92cb17c7bf4af9b6072520d42ea103', null, '单体测试顶级集团1', null, null, null, null, null, null, '2020-02-12', null, 0, '12312', 1, '201f6f0343de4445b96674fa913610f8', null, 0, 3519);
insert into "ORG_ORGANIZATION_V" ("ID","PARENT_ID","GROUP_ID","CORPORATION_ID","ORGANIZATION_ID","REMARK","NAME","SHORT_NAME","ADDRESS","COUNTRY_ZONE","ORGANIZATION_CODE","VERSION_NO","VERSION_NAME","VERSION_BEGIN_DATE","VERSION_END_DATE","IS_BUSINESS_UNIT","CODE","IS_LAST_VERSION","VERSION_BEGIN_USER_ID","VERSION_END_USER_ID","DATA_VERSION","SORT_INDEX") values ('e001c406197e434a85417def8dc8caf9', '9e92cb17c7bf4af9b6072520d42ea103', '0e4b26e45d0348088503efc8768afcdc', null, '0e4b26e45d0348088503efc8768afcdc', null, '单体测试一级集团1', null, null, null, null, null, null, '2020-02-12', null, 0, '31324', 1, '201f6f0343de4445b96674fa913610f8', null, 0, 10);
insert into "ORG_ORGANIZATION_V" ("ID","PARENT_ID","GROUP_ID","CORPORATION_ID","ORGANIZATION_ID","REMARK","NAME","SHORT_NAME","ADDRESS","COUNTRY_ZONE","ORGANIZATION_CODE","VERSION_NO","VERSION_NAME","VERSION_BEGIN_DATE","VERSION_END_DATE","IS_BUSINESS_UNIT","CODE","IS_LAST_VERSION","VERSION_BEGIN_USER_ID","VERSION_END_USER_ID","DATA_VERSION","SORT_INDEX") values ('120068295a2841db868a19aed3950358', '9e92cb17c7bf4af9b6072520d42ea103', 'b190c25cb0234d51ab6de0bda198891b', null, 'b190c25cb0234d51ab6de0bda198891b', null, '单体测试一级集团2', null, null, null, null, null, null, '2020-02-12', null, 0, '423423', 1, '201f6f0343de4445b96674fa913610f8', null, 0, 20);
insert into "ORG_ORGANIZATION_V" ("ID","PARENT_ID","GROUP_ID","CORPORATION_ID","ORGANIZATION_ID","REMARK","NAME","SHORT_NAME","ADDRESS","COUNTRY_ZONE","ORGANIZATION_CODE","VERSION_NO","VERSION_NAME","VERSION_BEGIN_DATE","VERSION_END_DATE","IS_BUSINESS_UNIT","CODE","IS_LAST_VERSION","VERSION_BEGIN_USER_ID","VERSION_END_USER_ID","DATA_VERSION","SORT_INDEX") values ('e70e271afb084ff0ae17ddb60e02587e', '0e4b26e45d0348088503efc8768afcdc', 'af562c26e35d44dbb82c1cf3b56ec112', null, 'af562c26e35d44dbb82c1cf3b56ec112', null, '单体测试二级集团1', null, null, null, null, null, null, '2020-02-12', null, 0, '4234234', 1, '201f6f0343de4445b96674fa913610f8', null, 0, 10);
insert into "ORG_ORGANIZATION_V" ("ID","PARENT_ID","GROUP_ID","CORPORATION_ID","ORGANIZATION_ID","REMARK","NAME","SHORT_NAME","ADDRESS","COUNTRY_ZONE","ORGANIZATION_CODE","VERSION_NO","VERSION_NAME","VERSION_BEGIN_DATE","VERSION_END_DATE","IS_BUSINESS_UNIT","CODE","IS_LAST_VERSION","VERSION_BEGIN_USER_ID","VERSION_END_USER_ID","DATA_VERSION","SORT_INDEX") values ('5f839af1962f4885a35df6dbf247576b', 'af562c26e35d44dbb82c1cf3b56ec112', '89a06f1243a74a9fbe20fdf08c9f27cd', null, '89a06f1243a74a9fbe20fdf08c9f27cd', null, '单体测试三级集团1', null, null, null, null, null, null, '2020-02-12', null, 0, '23454', 1, '201f6f0343de4445b96674fa913610f8', null, 0, 10);

insert into "ORG_ORGANIZATION" ("ID","PARENT_ID","GROUP_ID","CORPORATION_ID","VERSION_ID","CREATE_USER","CREATE_TIME","UPDATE_TIME","REMARK","NAME","SHORT_NAME","ADDRESS","COUNTRY_ZONE","ORGANIZATION_CODE","IS_BUSINESS_UNIT","CODE","DATA_VERSION","SORT_INDEX","SORT_PATH","IS_DELETE") values ('9e92cb17c7bf4af9b6072520d42ea103', '0', '9e92cb17c7bf4af9b6072520d42ea103', null, '29cc3570bf82464fa755425cc8f34925', '201f6f0343de4445b96674fa913610f8', '2020-02-12 13:01:37.123000', '2020-02-12 13:01:37.123000', null, '单体测试顶级集团1', null, null, null, null, 0, '12312', 0, 3519, '003519', 0);
insert into "ORG_ORGANIZATION" ("ID","PARENT_ID","GROUP_ID","CORPORATION_ID","VERSION_ID","CREATE_USER","CREATE_TIME","UPDATE_TIME","REMARK","NAME","SHORT_NAME","ADDRESS","COUNTRY_ZONE","ORGANIZATION_CODE","IS_BUSINESS_UNIT","CODE","DATA_VERSION","SORT_INDEX","SORT_PATH","IS_DELETE") values ('0e4b26e45d0348088503efc8768afcdc', '9e92cb17c7bf4af9b6072520d42ea103', '0e4b26e45d0348088503efc8768afcdc', null, 'e001c406197e434a85417def8dc8caf9', '201f6f0343de4445b96674fa913610f8', '2020-02-12 13:03:16.067000', '2020-02-12 13:03:16.067000', null, '单体测试一级集团1', null, null, null, null, 0, '31324', 0, 10, '003519000010', 0);
insert into "ORG_ORGANIZATION" ("ID","PARENT_ID","GROUP_ID","CORPORATION_ID","VERSION_ID","CREATE_USER","CREATE_TIME","UPDATE_TIME","REMARK","NAME","SHORT_NAME","ADDRESS","COUNTRY_ZONE","ORGANIZATION_CODE","IS_BUSINESS_UNIT","CODE","DATA_VERSION","SORT_INDEX","SORT_PATH","IS_DELETE") values ('b190c25cb0234d51ab6de0bda198891b', '9e92cb17c7bf4af9b6072520d42ea103', 'b190c25cb0234d51ab6de0bda198891b', null, '120068295a2841db868a19aed3950358', '201f6f0343de4445b96674fa913610f8', '2020-02-12 13:03:29.891000', '2020-02-12 13:03:29.891000', null, '单体测试一级集团2', null, null, null, null, 0, '423423', 0, 20, '003519000020', 0);
insert into "ORG_ORGANIZATION" ("ID","PARENT_ID","GROUP_ID","CORPORATION_ID","VERSION_ID","CREATE_USER","CREATE_TIME","UPDATE_TIME","REMARK","NAME","SHORT_NAME","ADDRESS","COUNTRY_ZONE","ORGANIZATION_CODE","IS_BUSINESS_UNIT","CODE","DATA_VERSION","SORT_INDEX","SORT_PATH","IS_DELETE") values ('af562c26e35d44dbb82c1cf3b56ec112', '0e4b26e45d0348088503efc8768afcdc', 'af562c26e35d44dbb82c1cf3b56ec112', null, 'e70e271afb084ff0ae17ddb60e02587e', '201f6f0343de4445b96674fa913610f8', '2020-02-12 13:03:44.755000', '2020-02-12 13:03:44.755000', null, '单体测试二级集团1', null, null, null, null, 0, '4234234', 0, 10, '003519000010000010', 0);
insert into "ORG_ORGANIZATION" ("ID","PARENT_ID","GROUP_ID","CORPORATION_ID","VERSION_ID","CREATE_USER","CREATE_TIME","UPDATE_TIME","REMARK","NAME","SHORT_NAME","ADDRESS","COUNTRY_ZONE","ORGANIZATION_CODE","IS_BUSINESS_UNIT","CODE","DATA_VERSION","SORT_INDEX","SORT_PATH","IS_DELETE") values ('89a06f1243a74a9fbe20fdf08c9f27cd', 'af562c26e35d44dbb82c1cf3b56ec112', '89a06f1243a74a9fbe20fdf08c9f27cd', null, '5f839af1962f4885a35df6dbf247576b', '201f6f0343de4445b96674fa913610f8', '2020-02-12 13:04:08.155000', '2020-02-12 13:04:08.156000', null, '单体测试三级集团1', null, null, null, null, 0, '23454', 0, 10, '003519000010000010000010', 0);


insert into "ORG_ORGANIZATION_TYPE" ("ID","IS_CORPORATION","IS_PROJECT","IS_ASSET","IS_SALES","IS_STOCK","IS_PURCHASE","IS_QC","IS_TRAFFIC","IS_MAINTAIN","IS_HR","IS_ADMINISTRATION","IS_FACTORY","IS_GROUP","IS_FINANCE","DATA_VERSION","IS_DEPARTMENT") values ('9e92cb17c7bf4af9b6072520d42ea103', null, null, null, null, null, null, null, null, null, null, null, null, 1, null, 0, null);
insert into "ORG_ORGANIZATION_TYPE" ("ID","IS_CORPORATION","IS_PROJECT","IS_ASSET","IS_SALES","IS_STOCK","IS_PURCHASE","IS_QC","IS_TRAFFIC","IS_MAINTAIN","IS_HR","IS_ADMINISTRATION","IS_FACTORY","IS_GROUP","IS_FINANCE","DATA_VERSION","IS_DEPARTMENT") values ('0e4b26e45d0348088503efc8768afcdc', null, null, null, null, null, null, null, null, null, null, null, null, 1, null, 0, null);
insert into "ORG_ORGANIZATION_TYPE" ("ID","IS_CORPORATION","IS_PROJECT","IS_ASSET","IS_SALES","IS_STOCK","IS_PURCHASE","IS_QC","IS_TRAFFIC","IS_MAINTAIN","IS_HR","IS_ADMINISTRATION","IS_FACTORY","IS_GROUP","IS_FINANCE","DATA_VERSION","IS_DEPARTMENT") values ('b190c25cb0234d51ab6de0bda198891b', null, null, null, null, null, null, null, null, null, null, null, null, 1, null, 0, null);
insert into "ORG_ORGANIZATION_TYPE" ("ID","IS_CORPORATION","IS_PROJECT","IS_ASSET","IS_SALES","IS_STOCK","IS_PURCHASE","IS_QC","IS_TRAFFIC","IS_MAINTAIN","IS_HR","IS_ADMINISTRATION","IS_FACTORY","IS_GROUP","IS_FINANCE","DATA_VERSION","IS_DEPARTMENT") values ('af562c26e35d44dbb82c1cf3b56ec112', null, null, null, null, null, null, null, null, null, null, null, null, 1, null, 0, null);
insert into "ORG_ORGANIZATION_TYPE" ("ID","IS_CORPORATION","IS_PROJECT","IS_ASSET","IS_SALES","IS_STOCK","IS_PURCHASE","IS_QC","IS_TRAFFIC","IS_MAINTAIN","IS_HR","IS_ADMINISTRATION","IS_FACTORY","IS_GROUP","IS_FINANCE","DATA_VERSION","IS_DEPARTMENT") values ('89a06f1243a74a9fbe20fdf08c9f27cd', null, null, null, null, null, null, null, null, null, null, null, null, 1, null, 0, null);


insert into "ORG_ORGANIZATION_V_TYPE" ("ID","IS_CORPORATION","IS_PROJECT","IS_ASSET","IS_SALES","IS_STOCK","IS_PURCHASE","IS_QC","IS_TRAFFIC","IS_MAINTAIN","IS_HR","IS_ADMINISTRATION","IS_FACTORY","IS_GROUP","IS_FINANCE","IS_DEPARTMENT","DATA_VERSION") values ('29cc3570bf82464fa755425cc8f34925', null, null, null, null, null, null, null, null, null, null, null, null, 1, null, null, 0);
insert into "ORG_ORGANIZATION_V_TYPE" ("ID","IS_CORPORATION","IS_PROJECT","IS_ASSET","IS_SALES","IS_STOCK","IS_PURCHASE","IS_QC","IS_TRAFFIC","IS_MAINTAIN","IS_HR","IS_ADMINISTRATION","IS_FACTORY","IS_GROUP","IS_FINANCE","IS_DEPARTMENT","DATA_VERSION") values ('e001c406197e434a85417def8dc8caf9', null, null, null, null, null, null, null, null, null, null, null, null, 1, null, null, 0);
insert into "ORG_ORGANIZATION_V_TYPE" ("ID","IS_CORPORATION","IS_PROJECT","IS_ASSET","IS_SALES","IS_STOCK","IS_PURCHASE","IS_QC","IS_TRAFFIC","IS_MAINTAIN","IS_HR","IS_ADMINISTRATION","IS_FACTORY","IS_GROUP","IS_FINANCE","IS_DEPARTMENT","DATA_VERSION") values ('120068295a2841db868a19aed3950358', null, null, null, null, null, null, null, null, null, null, null, null, 1, null, null, 0);
insert into "ORG_ORGANIZATION_V_TYPE" ("ID","IS_CORPORATION","IS_PROJECT","IS_ASSET","IS_SALES","IS_STOCK","IS_PURCHASE","IS_QC","IS_TRAFFIC","IS_MAINTAIN","IS_HR","IS_ADMINISTRATION","IS_FACTORY","IS_GROUP","IS_FINANCE","IS_DEPARTMENT","DATA_VERSION") values ('e70e271afb084ff0ae17ddb60e02587e', null, null, null, null, null, null, null, null, null, null, null, null, 1, null, null, 0);
insert into "ORG_ORGANIZATION_V_TYPE" ("ID","IS_CORPORATION","IS_PROJECT","IS_ASSET","IS_SALES","IS_STOCK","IS_PURCHASE","IS_QC","IS_TRAFFIC","IS_MAINTAIN","IS_HR","IS_ADMINISTRATION","IS_FACTORY","IS_GROUP","IS_FINANCE","IS_DEPARTMENT","DATA_VERSION") values ('5f839af1962f4885a35df6dbf247576b', null, null, null, null, null, null, null, null, null, null, null, null, 1, null, null, 0);


insert into "SYS_USER_ADMIN_ORG" ("ID","USER_ID","ORGANIZATION_ID","RULE_ID","RULE_PARAMS","IS_RULE","DATA_VERSION","IS_ACTIVATED","ROLE_TYPE") values ('9e92cb17c7bf4af9b6072520d42ea103', '4c66b48a5cfa4886a4c5861cb01eae02', '9e92cb17c7bf4af9b6072520d42ea103', null, null, null, null, 1, 11);
insert into "SYS_USER_ADMIN_ORG" ("ID","USER_ID","ORGANIZATION_ID","RULE_ID","RULE_PARAMS","IS_RULE","DATA_VERSION","IS_ACTIVATED","ROLE_TYPE") values ('0e4b26e45d0348088503efc8768afcdc', '4c66b48a5cfa4886a4c5861cb01eae02', '0e4b26e45d0348088503efc8768afcdc', null, null, null, null, 1, 11);

insert into "SYS_USER_ROLE" ("ID","USER_ID","ROLE_ID","CREATE_USER","CREATE_TIME","UPDATE_TIME","REMARK","DATA_VERSION","APP_ID") values ('9eb90760503b40b6ac6b6b31b44700eb', '4c66b48a5cfa4886a4c5861cb01eae02', 'groupadmin', '201f6f0343de4445b96674fa913610f8', '2020-02-12 16:16:09.236000', null, null, 0, null);

insert into "SYS_USER_ROLE_LV" ("ID","USER_ID","VERSION","CREATE_USER","CREATE_TIME","IS_LATEST","APP_ID") values ('7f19a835144c4c9fa30e6e94489dcecd', '4c66b48a5cfa4886a4c5861cb01eae02', 0, '201f6f0343de4445b96674fa913610f8', '2020-02-12 16:16:09.260000', 1, null);

insert into "SYS_USER_ROLE_V" ("ID","ROLE_ID","LV_ID","ROLE_NAME") values ('7e86fad776704f3ebfe76a4e23ace3be', 'groupadmin', '7f19a835144c4c9fa30e6e94489dcecd', '集团系统管理员');

insert into "SYS_USER" ("ID","STAFF_NO","USER_NAME","REAL_NAME","EMAIL","PHONE_NUMBER","USER_TYPE","REMARK","START_FLAG","SECRET_LEVEL","SORT_INDEX","USER_POST","CREATE_TIME","UPDATE_TIME","PASSWORD","PASSWORD_UPDATE_TIME","PERSON_DOC_ID","BASE_DOC_TYPE","PINYIN","PSW_POLICY_ID","FAIL_LOGIN_TIMES","CREATE_USER","UNLOCK_TIME","IS_FIRST_LOGIN","DATA_VERSION","GROUP_ID","IS_DELETE","ORGANIZATION_ID","IS_IP_BIND","IP_ADDRESS") values ('78a510f9289c4ca7b299b433078e64e6', null, 'dayuanceshiren2', '测试集团保密员', null, null, 1, null, '1', 5, 32349760, null, '2020-02-13 17:04:56.796000', '2020-02-13 17:04:56.796000', 'RHoYXWBoIzqKZ8XHw6oAz9hAXlmpvviuUBXAwir2SUc=', '2020-02-13 17:14:30.221000', null, null, 'ceshijituanbaomiyuan', null, 0, '201f6f0343de4445b96674fa913610f8', '2020-02-13 15:34:21.383000', 0, 0, null, 0, null, 1, '192.168.29.88');
insert into "SYS_USER" ("ID","STAFF_NO","USER_NAME","REAL_NAME","EMAIL","PHONE_NUMBER","USER_TYPE","REMARK","START_FLAG","SECRET_LEVEL","SORT_INDEX","USER_POST","CREATE_TIME","UPDATE_TIME","PASSWORD","PASSWORD_UPDATE_TIME","PERSON_DOC_ID","BASE_DOC_TYPE","PINYIN","PSW_POLICY_ID","FAIL_LOGIN_TIMES","CREATE_USER","UNLOCK_TIME","IS_FIRST_LOGIN","DATA_VERSION","GROUP_ID","IS_DELETE","ORGANIZATION_ID","IS_IP_BIND","IP_ADDRESS") values ('a8026654f1054c6bb65b00c5128a770e', null, 'dayuanceshiren3', '测试集团审计员', null, null, 1, null, '1', 5, 32874048, null, '2020-02-13 17:05:40.846000', '2020-02-13 17:05:40.846000', 'Knj5gofRMgjJ5FGy4p7CBgRvQTBjgtoOi1g2hvVhGzM=', '2020-02-13 17:05:40.867000', null, null, 'ceshijituanshenjiyuan3', null, null, '201f6f0343de4445b96674fa913610f8', null, 1, 0, null, 0, null, 1, '192.168.19.89');
insert into "SYS_USER" ("ID","STAFF_NO","USER_NAME","REAL_NAME","EMAIL","PHONE_NUMBER","USER_TYPE","REMARK","START_FLAG","SECRET_LEVEL","SORT_INDEX","USER_POST","CREATE_TIME","UPDATE_TIME","PASSWORD","PASSWORD_UPDATE_TIME","PERSON_DOC_ID","BASE_DOC_TYPE","PINYIN","PSW_POLICY_ID","FAIL_LOGIN_TIMES","CREATE_USER","UNLOCK_TIME","IS_FIRST_LOGIN","DATA_VERSION","GROUP_ID","IS_DELETE","ORGANIZATION_ID","IS_IP_BIND","IP_ADDRESS") values ('681cead3d0764d24b261fe3d531ad775', null, 'appceshiren1', '测试应用管理员', null, null, 2, null, '1', 5, 3976992, null, '2020-02-13 17:11:38.387000', '2020-02-13 17:11:38.388000', 'ryY8sn6q1buSU4eVg_s4DLlifSWk-wQnrJbxUkbtw6k=', '2020-02-13 17:11:38.407000', null, null, 'ceshiyingyongguanliyuan', null, null, '4c66b48a5cfa4886a4c5861cb01eae02', null, 1, 0, '9e92cb17c7bf4af9b6072520d42ea103', 0, null, 1, '192.168.19.99');
insert into "SYS_USER" ("ID","STAFF_NO","USER_NAME","REAL_NAME","EMAIL","PHONE_NUMBER","USER_TYPE","REMARK","START_FLAG","SECRET_LEVEL","SORT_INDEX","USER_POST","CREATE_TIME","UPDATE_TIME","PASSWORD","PASSWORD_UPDATE_TIME","PERSON_DOC_ID","BASE_DOC_TYPE","PINYIN","PSW_POLICY_ID","FAIL_LOGIN_TIMES","CREATE_USER","UNLOCK_TIME","IS_FIRST_LOGIN","DATA_VERSION","GROUP_ID","IS_DELETE","ORGANIZATION_ID","IS_IP_BIND","IP_ADDRESS") values ('dbe7db841eed43fdb91a594d67b4184f', null, 'appceshiren2', '测试应用保密员', null, null, 2, null, '1', 5, 4042528, null, '2020-02-13 17:12:12.385000', '2020-02-13 17:12:12.386000', 'NgbB3D-Ww6gpvHznbwdrUgf0WqJ4wYlAtxrkWhadFN8=', '2020-02-13 17:12:12.405000', null, null, 'ceshiyingyongshenjiyuan2', null, null, '4c66b48a5cfa4886a4c5861cb01eae02', null, 1, 0, '9e92cb17c7bf4af9b6072520d42ea103', 0, null, 1, '192.168.19.77');
insert into "SYS_USER" ("ID","STAFF_NO","USER_NAME","REAL_NAME","EMAIL","PHONE_NUMBER","USER_TYPE","REMARK","START_FLAG","SECRET_LEVEL","SORT_INDEX","USER_POST","CREATE_TIME","UPDATE_TIME","PASSWORD","PASSWORD_UPDATE_TIME","PERSON_DOC_ID","BASE_DOC_TYPE","PINYIN","PSW_POLICY_ID","FAIL_LOGIN_TIMES","CREATE_USER","UNLOCK_TIME","IS_FIRST_LOGIN","DATA_VERSION","GROUP_ID","IS_DELETE","ORGANIZATION_ID","IS_IP_BIND","IP_ADDRESS") values ('4aa4aa96179147918ad14474ed1c0937', null, 'appceshiren3', '测试应用审计员', null, null, 2, null, '1', 5, 4108064, null, '2020-02-13 17:13:15.299000', '2020-02-13 17:13:15.299000', 'QneZp6PBt6wUrLGZFcAIR8CfRWkx_0f-fZLqMDJD670=', '2020-02-13 17:13:15.320000', null, null, 'ceshiyingyongshenjiyuan', null, null, '4c66b48a5cfa4886a4c5861cb01eae02', null, 1, 0, '9e92cb17c7bf4af9b6072520d42ea103', 0, null, 1, '192.168.19.56');

insert into "SYS_GROUP_APP" ("ID","NAME","VERSION","ICON","SORT_INDEX","REMARK","CREATE_USER","CREATE_TIME","UPDATE_TIME","SECRET_LEVEL","GROUP_ID","DATASOURCE_ID","IS_3_ADMIN","DATA_VERSION","APP_LIB_ID","IS_MAIN_APP","HAS_UI","UI_NAME","IS_LOCK","LOCK_TIME") values ('bt-ceshidemo111', '单体测试应用111', null, null, 10, null, '4c66b48a5cfa4886a4c5861cb01eae02', '2020-02-13 17:08:50.973000', null, 3, '9e92cb17c7bf4af9b6072520d42ea103', null, 1, 0, null, 1, 0, null, 0, null);
insert into "SYS_MENU" ("ID","NAME","PARENT_ID","APP_ID","PARENT_NAME","URL","TYPE","ICON","AUTH_ID","BTN_AUTH","IS_LEAF","SORT_INDEX","ALL_ORDER","SORT_PATH","OPEN_STYLE","CLOSE_NOTICE","CREATE_USER","CREATE_TIME","UPDATE_TIME","LEAF","MENU_AUTH","REMARK","DATA_VERSION","IS_IFRAME") values ('b7259562c1a84c5c9bb9754ad69acb37', '首页', '0', 'bt-ceshidemo111', '一级菜单', '', 0, '', 'b7259562c1a84c5c9bb9754ad69acb37', null, null, 10, null, '000010', null, null, '4c66b48a5cfa4886a4c5861cb01eae02', '2020-02-13 17:10:59.518000', '2020-02-13 17:10:59.518000', null, null, '', 0, 0);
insert into "SYS_AUTH" ("ID","NAME","APP_ID","REMARK","SORT_INDEX","PARENT_ID","CREATE_USER","CREATE_TIME","UPDATE_TIME","SORT_PATH","IS_ORG_ADMIN","IS_USER_GROUP_ADMIN","CODE","DATA_VERSION") values ('b7259562c1a84c5c9bb9754ad69acb37', '首页', 'bt-ceshidemo111', '', 10, '0', '4c66b48a5cfa4886a4c5861cb01eae02', '2020-02-13 17:10:59.550000', '2020-02-13 17:10:59.518000', '000010', 0, 0, null, 0);

insert into "SYS_GROUP_APP" ("ID","NAME","VERSION","ICON","SORT_INDEX","REMARK","CREATE_USER","CREATE_TIME","UPDATE_TIME","SECRET_LEVEL","GROUP_ID","DATASOURCE_ID","IS_3_ADMIN","DATA_VERSION","APP_LIB_ID","IS_MAIN_APP","HAS_UI","UI_NAME","IS_LOCK","LOCK_TIME") values ('bt-ceshidemo222', '单体测试应用222', null, null, 11, null, '4c66b48a5cfa4886a4c5861cb01eae02', '2020-02-13 17:08:50.973000', null, 3, '9e92cb17c7bf4af9b6072520d42ea103', null, 1, 0, null, 0, 0, null, 0, null);
insert into "SYS_AUTH" ("ID","NAME","APP_ID","REMARK","SORT_INDEX","PARENT_ID","CREATE_USER","CREATE_TIME","UPDATE_TIME","SORT_PATH","IS_ORG_ADMIN","IS_USER_GROUP_ADMIN","CODE","DATA_VERSION") values ('myn59562c1a84c5c9bb9754ad69acb37', '首页(应用2)', 'bt-ceshidemo222', '', 10, '0', '4c66b48a5cfa4886a4c5861cb01eae02', '2020-02-13 17:10:59.550000', '2020-02-13 17:10:59.518000', '000010', 0, 0, null, 0);

insert into "SYS_USER_ADMIN_ORG" ("ID","USER_ID","ORGANIZATION_ID","RULE_ID","RULE_PARAMS","IS_RULE","DATA_VERSION","IS_ACTIVATED","ROLE_TYPE") values ('69f35f63cd464af8b590c126f0d0fe3d', '78a510f9289c4ca7b299b433078e64e6', '9e92cb17c7bf4af9b6072520d42ea103', null, null, null, null, 1, 22);
insert into "SYS_USER_ADMIN_ORG" ("ID","USER_ID","ORGANIZATION_ID","RULE_ID","RULE_PARAMS","IS_RULE","DATA_VERSION","IS_ACTIVATED","ROLE_TYPE") values ('0f5c18159647425d9fe8a417c6c3f163', '78a510f9289c4ca7b299b433078e64e6', '0e4b26e45d0348088503efc8768afcdc', null, null, null, null, 1, 22);
insert into "SYS_USER_ADMIN_ORG" ("ID","USER_ID","ORGANIZATION_ID","RULE_ID","RULE_PARAMS","IS_RULE","DATA_VERSION","IS_ACTIVATED","ROLE_TYPE") values ('5f76a78c288d4b5d9ce9c0f496ad3d78', 'a8026654f1054c6bb65b00c5128a770e', '9e92cb17c7bf4af9b6072520d42ea103', null, null, null, null, 1, 33);
insert into "SYS_USER_ADMIN_ORG" ("ID","USER_ID","ORGANIZATION_ID","RULE_ID","RULE_PARAMS","IS_RULE","DATA_VERSION","IS_ACTIVATED","ROLE_TYPE") values ('cc32ea2b48414949be7cc68965d0ad0a', 'a8026654f1054c6bb65b00c5128a770e', '0e4b26e45d0348088503efc8768afcdc', null, null, null, null, 1, 33);

insert into "SYS_USER_ROLE" ("ID","USER_ID","ROLE_ID","CREATE_USER","CREATE_TIME","UPDATE_TIME","REMARK","DATA_VERSION","APP_ID") values ('b55533cdc54a4e689e0698876b65cea9', '78a510f9289c4ca7b299b433078e64e6', 'groupsec', '201f6f0343de4445b96674fa913610f8', '2020-02-13 17:06:51.320000', null, null, 0, null);
insert into "SYS_USER_ROLE" ("ID","USER_ID","ROLE_ID","CREATE_USER","CREATE_TIME","UPDATE_TIME","REMARK","DATA_VERSION","APP_ID") values ('31a485f1cd834eae89b29072d4fdac83', 'a8026654f1054c6bb65b00c5128a770e', 'groupauditor', '201f6f0343de4445b96674fa913610f8', '2020-02-13 17:06:53.699000', null, null, 0, null);
insert into "SYS_USER_ROLE" ("ID","USER_ID","ROLE_ID","CREATE_USER","CREATE_TIME","UPDATE_TIME","REMARK","DATA_VERSION","APP_ID") values ('49b27d748f234150b2af5c0d2e904d3a', '681cead3d0764d24b261fe3d531ad775', 'appadmin', '4c66b48a5cfa4886a4c5861cb01eae02', '2020-02-13 17:16:44.024000', null, null, 0, null);
insert into "SYS_USER_ROLE" ("ID","USER_ID","ROLE_ID","CREATE_USER","CREATE_TIME","UPDATE_TIME","REMARK","DATA_VERSION","APP_ID") values ('6ef6564a24e9463b98a9132b8d101488', 'dbe7db841eed43fdb91a594d67b4184f', 'appsec', '4c66b48a5cfa4886a4c5861cb01eae02', '2020-02-13 17:16:46.584000', null, null, 0, null);
insert into "SYS_USER_ROLE" ("ID","USER_ID","ROLE_ID","CREATE_USER","CREATE_TIME","UPDATE_TIME","REMARK","DATA_VERSION","APP_ID") values ('089e30c402a44bfb9bf2c5e0211e27b8', '4aa4aa96179147918ad14474ed1c0937', 'appauditor', '4c66b48a5cfa4886a4c5861cb01eae02', '2020-02-13 17:16:49.581000', null, null, 0, null);

insert into "SYS_USER_ROLE_LV" ("ID","USER_ID","VERSION","CREATE_USER","CREATE_TIME","IS_LATEST","APP_ID") values ('182d705ca14d4439a775b8b47ae0ea6e', '78a510f9289c4ca7b299b433078e64e6', 0, '201f6f0343de4445b96674fa913610f8', '2020-02-13 17:06:51.337000', 1, null);
insert into "SYS_USER_ROLE_LV" ("ID","USER_ID","VERSION","CREATE_USER","CREATE_TIME","IS_LATEST","APP_ID") values ('9405447f7d3a475aa1bd2a53e605e146', 'a8026654f1054c6bb65b00c5128a770e', 0, '201f6f0343de4445b96674fa913610f8', '2020-02-13 17:06:53.709000', 1, null);
insert into "SYS_USER_ROLE_LV" ("ID","USER_ID","VERSION","CREATE_USER","CREATE_TIME","IS_LATEST","APP_ID") values ('7bebb75a08e044ca8c6a4c35051ff29b', '681cead3d0764d24b261fe3d531ad775', 0, '4c66b48a5cfa4886a4c5861cb01eae02', '2020-02-13 17:16:44.026000', 1, null);
insert into "SYS_USER_ROLE_LV" ("ID","USER_ID","VERSION","CREATE_USER","CREATE_TIME","IS_LATEST","APP_ID") values ('cae1878ec50d486a8495663041135715', 'dbe7db841eed43fdb91a594d67b4184f', 0, '4c66b48a5cfa4886a4c5861cb01eae02', '2020-02-13 17:16:46.588000', 1, null);
insert into "SYS_USER_ROLE_LV" ("ID","USER_ID","VERSION","CREATE_USER","CREATE_TIME","IS_LATEST","APP_ID") values ('c65960721fcb43078cd561ef59bfd7ca', '4aa4aa96179147918ad14474ed1c0937', 0, '4c66b48a5cfa4886a4c5861cb01eae02', '2020-02-13 17:16:49.584000', 1, null);

insert into "SYS_USER_ROLE_V" ("ID","ROLE_ID","LV_ID","ROLE_NAME") values ('76d1f0e4f27d485c95467f738064bf7d', 'groupsec', '182d705ca14d4439a775b8b47ae0ea6e', '集团安全保密员');
insert into "SYS_USER_ROLE_V" ("ID","ROLE_ID","LV_ID","ROLE_NAME") values ('e3f300bd059040b38ba01849401e8ca5', 'groupauditor', '9405447f7d3a475aa1bd2a53e605e146', '集团安全审计员');
insert into "SYS_USER_ROLE_V" ("ID","ROLE_ID","LV_ID","ROLE_NAME") values ('4b8f114ba10d492082e45aa9373f8ec2', 'appadmin', '7bebb75a08e044ca8c6a4c35051ff29b', '应用系统管理员');
insert into "SYS_USER_ROLE_V" ("ID","ROLE_ID","LV_ID","ROLE_NAME") values ('62c03dcdb4c34f1cba5d24d9bf4a076f', 'appsec', 'cae1878ec50d486a8495663041135715', '应用安全保密员');
insert into "SYS_USER_ROLE_V" ("ID","ROLE_ID","LV_ID","ROLE_NAME") values ('a503b40f146e4d2ea56c46da0f7d4de6', 'appauditor', 'c65960721fcb43078cd561ef59bfd7ca', '应用安全审计员');

insert into "SYS_AUTH_SCOPE_APP" ("ID","AUTH_ID","USER_ID","APP_ID","IS_ACTIVATED","ROLE_TYPE") values ('ea439dd401bb42d78ff920a2440f4d43', null, '681cead3d0764d24b261fe3d531ad775', 'bt-ceshidemo111', 1, 111);
insert into "SYS_AUTH_SCOPE_APP" ("ID","AUTH_ID","USER_ID","APP_ID","IS_ACTIVATED","ROLE_TYPE") values ('f71175dbee7e49b8893e3e53faf016e5', null, 'dbe7db841eed43fdb91a594d67b4184f', 'bt-ceshidemo111', 1, 222);
insert into "SYS_AUTH_SCOPE_APP" ("ID","AUTH_ID","USER_ID","APP_ID","IS_ACTIVATED","ROLE_TYPE") values ('45aec8ddca954f1cbeb8f81a16d02a26', null, '4aa4aa96179147918ad14474ed1c0937', 'bt-ceshidemo111', 1, 333);

insert into "SYS_AUTH_SCOPE_ORG" ("ID","AUTH_ID","USER_ID","ORGANIZATION_ID","RULE_ID","IS_RULE","RULE_PARAMS","IS_ACTIVATED","ROLE_TYPE") values ('a30cb71453a74054a7cfe83b215783d6', null, '681cead3d0764d24b261fe3d531ad775', 'b96daa08d59c467a9bd6cca17e46f53f', null, 0, null, 1, 111);
insert into "SYS_AUTH_SCOPE_ORG" ("ID","AUTH_ID","USER_ID","ORGANIZATION_ID","RULE_ID","IS_RULE","RULE_PARAMS","IS_ACTIVATED","ROLE_TYPE") values ('07b03d91962e47a0b1b9041ecc1d02dd', null, 'dbe7db841eed43fdb91a594d67b4184f', 'b96daa08d59c467a9bd6cca17e46f53f', null, 0, null, 1, 222);
insert into "SYS_AUTH_SCOPE_ORG" ("ID","AUTH_ID","USER_ID","ORGANIZATION_ID","RULE_ID","IS_RULE","RULE_PARAMS","IS_ACTIVATED","ROLE_TYPE") values ('e4b6493a1000479db03e74855b7b0064', null, '4aa4aa96179147918ad14474ed1c0937', 'b96daa08d59c467a9bd6cca17e46f53f', null, 0, null, 1, 333);


insert into "SYS_AUTH_MIX" ("ID","AUTH_ID","USER_ID","SIGN","DATA_VERSION","APP_ID") values ('0aafd256360d4f98b19f99a31cb601b9', 'e3b15ac90286450fbe5a721c9f542451', '78a510f9289c4ca7b299b433078e64e6', 'MEYCIQCBFCrHn5GjZsz13B32lY091OdTkax_HJMqbpwhjuVDJQIhAO1NyRSP53TOvLAuAaUi0igGsyhuB8ffo4ZuvgeNf5Sj', 0, 'platform');
insert into "SYS_AUTH_MIX" ("ID","AUTH_ID","USER_ID","SIGN","DATA_VERSION","APP_ID") values ('25cdfe524d274221a2f9fc81b2636b68', '04d7893c4a4d4345b18b0789af13753f', '78a510f9289c4ca7b299b433078e64e6', 'MEUCIQCjlgUd90pQp3ACd6N6-AwCVZpA91hnTEl4a_3QHDOCzwIgVNk79dZ0uO6NSryBw-V2rEQpFbYeGte8dl46NVOhmYk=', 0, 'platform');
insert into "SYS_AUTH_MIX" ("ID","AUTH_ID","USER_ID","SIGN","DATA_VERSION","APP_ID") values ('d0f80b11ffe943f098fe4415e46b3837', '19ea2ad7ea4a4e54acdaff4c84bb8370', '78a510f9289c4ca7b299b433078e64e6', 'MEUCIFL3PZRTzlGLEgmFypadLNJMCOuOlhOAdnCfS8UeOZy2AiEAlPvIZGrIVwtTeR_ezlXv5Oc9S8Ws8r6Mohz-0pzf-jQ=', 0, 'platform');
insert into "SYS_AUTH_MIX" ("ID","AUTH_ID","USER_ID","SIGN","DATA_VERSION","APP_ID") values ('7b59186fcd754920a600670519ccefff', '67e1114e83214aeb8a3ec0a6822fdd30', '78a510f9289c4ca7b299b433078e64e6', 'MEUCIQC8kgDN7Q16cEWlUjvrmamnosnIpBqsu-sndaHpOXsEDQIgXoGkPu-rJLQCSqgpjuVyst8w2Gq4_i1zTAgjvMDtxhg=', 0, 'platform');
insert into "SYS_AUTH_MIX" ("ID","AUTH_ID","USER_ID","SIGN","DATA_VERSION","APP_ID") values ('a85f82904cd54b658ee2bd56c77448c4', 'e3b15ac90286450fbe5a721c9f542433', '78a510f9289c4ca7b299b433078e64e6', 'MEQCIDPViop7KDc1BmNNIfelbCY8CukUPs10UpVT9juelGFrAiAKGtV4Z5KprfgIgsV3CKA6IgPNViesJ6lLzZo7xpMG7Q==', 0, 'platform');
insert into "SYS_AUTH_MIX" ("ID","AUTH_ID","USER_ID","SIGN","DATA_VERSION","APP_ID") values ('09ca296923514666ad7222c21929fce5', 'e3b15ac90286450fbe5a721c9f542451', 'a8026654f1054c6bb65b00c5128a770e', 'MEUCIDpzJx0XFOGPettKaN9Ok5SBGwbi3CkQw0zDLbD4ktzeAiEApPwUXYGLd75DeXqJVgbyHtwIFYBoG0vACRM1rn8AexY=', 0, 'platform');
insert into "SYS_AUTH_MIX" ("ID","AUTH_ID","USER_ID","SIGN","DATA_VERSION","APP_ID") values ('00b502d2a9e24688b5868aba9c617b77', '04d7893c4a4d4345b18b0789af13753f', 'a8026654f1054c6bb65b00c5128a770e', 'MEYCIQDEE3m7WiOFeFjjBabN73qeqqQ4LXfKYbsp29XN3FCZcwIhAN2GpmKHaf4nomT_HJirPeP-ozsxBY5VTYPD3upT6HrY', 0, 'platform');
insert into "SYS_AUTH_MIX" ("ID","AUTH_ID","USER_ID","SIGN","DATA_VERSION","APP_ID") values ('bd4299915630426597dacd11ff126b68', 'e3b15ac90286450fbe5a721c9f542433', 'a8026654f1054c6bb65b00c5128a770e', 'MEQCIDu8xc6kVHamFyryDlPW2zw9JlU0yO064b_GZrP88QFkAiADNMAgCt_0z2O_bcZjsLagHRMRfSG-v2NvP-xZglGA3g==', 0, 'platform');
insert into "SYS_AUTH_MIX" ("ID","AUTH_ID","USER_ID","SIGN","DATA_VERSION","APP_ID") values ('e3fdb0cb8a6840debe06a9ff17821275', '1116ba3204344d37929abd4ad9a15222', '681cead3d0764d24b261fe3d531ad775', 'MEQCIHuNpj-lqVFXfNDfupHpma_Qvoo6l-hI0b2NbvqnTmdNAiA_rhIF1bxC-4-XjkG1d-HcvCW-Caa55W0Mpim-xaBilg==', 0, 'platform');
insert into "SYS_AUTH_MIX" ("ID","AUTH_ID","USER_ID","SIGN","DATA_VERSION","APP_ID") values ('9cef7d02f9d14e7ea8e4719ea76f2adc', 'ac2a8ce16a614324b5ed4e9c24e7e904', '681cead3d0764d24b261fe3d531ad775', 'MEYCIQD_fopyTpynS3Ra2jGAcL_92kCDuhCBNNOOPuiraw2YxwIhAJTwMEcliNhIsKu-Nndec62443X0zK_OvUquN35jlfHB', 0, 'platform');
insert into "SYS_AUTH_MIX" ("ID","AUTH_ID","USER_ID","SIGN","DATA_VERSION","APP_ID") values ('eac06b4881e44f03b6b554cc4d978a18', '39e1b3ec3d6e483b86c4923ea64cfdd0', '681cead3d0764d24b261fe3d531ad775', 'MEYCIQC2zEH2bekUHN8_C1R4X5zkJi6hh_3LiyVKLjrK4wNtCQIhALF5FExKIHigtaou7eChAp3J6xumlH77Bna5ez43fLCs', 0, 'platform');
insert into "SYS_AUTH_MIX" ("ID","AUTH_ID","USER_ID","SIGN","DATA_VERSION","APP_ID") values ('20e14eed6ebb45d5a4fc6d6a30f3e285', '3333ba3204344d37929abd4ad9a12222', '681cead3d0764d24b261fe3d531ad775', 'MEUCIHaVqIz246l6M569v4XUW6DfexZtmPVs5pMzl0EKxOP2AiEAje0asMn6wYZfJhVleDqAPGSTBNwVqUMmPoXHhVYdMpM=', 0, 'platform');
insert into "SYS_AUTH_MIX" ("ID","AUTH_ID","USER_ID","SIGN","DATA_VERSION","APP_ID") values ('674fec0d207d462f8dd016b43149f9ea', 'twerba3204344d37929abd4ad9a1dfgh', '681cead3d0764d24b261fe3d531ad775', 'MEYCIQCuCMC0PvQw250qk3TeYMJQmCUGrj1tgOXIXLJrEUN81wIhALBdiA4-PUgUmRX5D-X09RN759JAnd_ZgpBaDTneQray', 0, 'platform');
insert into "SYS_AUTH_MIX" ("ID","AUTH_ID","USER_ID","SIGN","DATA_VERSION","APP_ID") values ('d7dd3e62eb954554a37dbd19074df48a', '1160858109884c5095eed968472c0236', '681cead3d0764d24b261fe3d531ad775', 'MEUCIQCuDgmVXgrr_704cFEAEVWpnXxw9hDY8kHohBv48XQ13gIgU-EjQZWPxTqUgisM6ugT9A-1llxNH-e8J7ZMdWkUKnU=', 0, 'platform');
insert into "SYS_AUTH_MIX" ("ID","AUTH_ID","USER_ID","SIGN","DATA_VERSION","APP_ID") values ('f469ccbd3a9347b58a191932767f55db', 'ffc03579b06a4b7fae6c51c9ff48b311', '681cead3d0764d24b261fe3d531ad775', 'MEQCIDedr5JMLhGhksylGstnEvtMpxpJUO7hsZ8xbgqQ5ReJAiALNWcNbwyemn4S-96XJPuONWeeDLZGcRrcG6ex2tXhsQ==', 0, 'platform');
insert into "SYS_AUTH_MIX" ("ID","AUTH_ID","USER_ID","SIGN","DATA_VERSION","APP_ID") values ('49129bfe1d954ab5abf827a93b870ee4', '3234ba3204344d37929abd4ad9a1dgth', '681cead3d0764d24b261fe3d531ad775', 'MEUCIQCI3fzOawwqm3JSiWvdmw6mPZJ31wR9djwOeU0ryHkytQIgAr0uK9oQ0WupvFtkef5hUD1222n-9ZuNrNXP-5hU_YY=', 0, 'platform');
insert into "SYS_AUTH_MIX" ("ID","AUTH_ID","USER_ID","SIGN","DATA_VERSION","APP_ID") values ('0019ce1799f24a7c8f4319a269d4c1ca', '39e1b3ec3d6e483b86c4923ea64c1112', '681cead3d0764d24b261fe3d531ad775', 'MEQCIC-iJ4bkStcNTensiGZQvIJw0b4st9_Xtc6wn4Zex2EXAiB48VtxWMoVgcS2-PXiCK9GhUK-UUImn85h-f8Wam2gxg==', 0, 'platform');
insert into "SYS_AUTH_MIX" ("ID","AUTH_ID","USER_ID","SIGN","DATA_VERSION","APP_ID") values ('893b20ccea3c46428f036c59b754f202', '39e1b3ec3d6e483b86c4923ea64c1111', '681cead3d0764d24b261fe3d531ad775', 'MEYCIQDQAdVeQjl8TWyq70hSdCZ09uYGsUIYeZEPSidUG1exNwIhAJMGxBcB_hECwDAmI8NywSGLxg4AYTeS8M_yGJgM5-Ok', 0, 'platform');
insert into "SYS_AUTH_MIX" ("ID","AUTH_ID","USER_ID","SIGN","DATA_VERSION","APP_ID") values ('2d1b6b4d4247426486cedb350ce9ed9e', '11316279a4a9416a8e20019821e640af', '681cead3d0764d24b261fe3d531ad775', 'MEQCIFTEhNQIvH4G_bGAtZpFu70UL4mCdQF1lCz0AXFxC9KXAiB6iKGphQRzkZ44OptE9FYxYvEmDHw8sv6Q-OJmoBcYYQ==', 0, 'platform');
insert into "SYS_AUTH_MIX" ("ID","AUTH_ID","USER_ID","SIGN","DATA_VERSION","APP_ID") values ('06e230d262dd491181c79b83f1fb3273', '334qb3ec3d6e483b86c4923ea64cf112', '681cead3d0764d24b261fe3d531ad775', 'MEYCIQDCZ64ptmAu3iG6_GMdQlPj-ubIHDSLZaywi9PDw1IxrwIhAJ_pguR4dLGcInvIFBfsJbbcO0YqJpLcjtVSSdFxS86o', 0, 'platform');
insert into "SYS_AUTH_MIX" ("ID","AUTH_ID","USER_ID","SIGN","DATA_VERSION","APP_ID") values ('7e550174658e490487516e74df9c7fa0', '22316279a4a9416a8e20019821e640af', '681cead3d0764d24b261fe3d531ad775', 'MEYCIQD08gnt-vbwBkCryVbnPGmYWKfl4GAEcy2uhDizcz_-sQIhAO40r6ThYOj_ZsX_yOO3GKVFMA6iqm_xS7c4HXMQYto4', 0, 'platform');
insert into "SYS_AUTH_MIX" ("ID","AUTH_ID","USER_ID","SIGN","DATA_VERSION","APP_ID") values ('f870fd92788a47ffa85b8c98d32caf8b', '4234ba3204344d37929abd4ad9a1dgth', '681cead3d0764d24b261fe3d531ad775', 'MEUCICJLk2s7EF17_cBt8OZKO-kdL6svjPkaMI0C1x8F34qfAiEA4pS-8OTA68x3L8JkTsIkcGRCqEVfN1pEGyeTl3W7LYo=', 0, 'platform');
insert into "SYS_AUTH_MIX" ("ID","AUTH_ID","USER_ID","SIGN","DATA_VERSION","APP_ID") values ('eb8417ad78ab470fb6fec6cfb06d9f3a', 'e3b15ac90286450fbe5a721c9f542433', '681cead3d0764d24b261fe3d531ad775', 'MEUCIGPURqo4habr1xVjjVD_EnfHcVHMF7VvRE0gddrYbBfRAiEA5ExlwFKdq-ZZbKsUh3lof5n-mnNFbecXBsmGTSYBDMw=', 0, 'platform');
insert into "SYS_AUTH_MIX" ("ID","AUTH_ID","USER_ID","SIGN","DATA_VERSION","APP_ID") values ('af7ff46aeecf4ecfb0d7af17d739a1a5', '8bc5761a4d8d49e680515bc50f4ba111', '681cead3d0764d24b261fe3d531ad775', 'MEQCIEujWi7E07fRkuS9aJaxyM7Q11t7JE0NVVpaQKwKYM_IAiBwZeLN1aEUyxLKZXBvkw2_nMfocL9bhGfPQXlzY48LwA==', 0, 'platform');
insert into "SYS_AUTH_MIX" ("ID","AUTH_ID","USER_ID","SIGN","DATA_VERSION","APP_ID") values ('70294ddd0b3c4844bb61deba3f9ce05e', 'ac2a8ce16a614324b5ed4e9c24e71113', '681cead3d0764d24b261fe3d531ad775', 'MEYCIQDG4fn-r9jqfyXS003kSjULClNj5BFyShrUbpP1jU7IiAIhAKuay8npYwIDa0-vmyLq5Vr7qEkNt_Lo-PwflpOktcTh', 0, 'platform');
insert into "SYS_AUTH_MIX" ("ID","AUTH_ID","USER_ID","SIGN","DATA_VERSION","APP_ID") values ('4ee6cf2e003145868e129212d7e10b8f', 'e3b15ac90286450fbe5a721c9f542451', '681cead3d0764d24b261fe3d531ad775', 'MEUCIQCMkpilTt7oAnDmWmBKoiHLlCWGwzK6DjGNYmvxg7DzSwIgARQa0eB7zeAQkAM16lE8mkVfwVGiY3AAHYxEnpYmtkY=', 0, 'platform');
insert into "SYS_AUTH_MIX" ("ID","AUTH_ID","USER_ID","SIGN","DATA_VERSION","APP_ID") values ('aad8f7b5e5244a61b7b06f26e36d8adf', '456wb3ec3d6e483b86c4923ea64cf112', '681cead3d0764d24b261fe3d531ad775', 'MEYCIQCTG8POvKyA-_9Av0n2iPcVl2aisLYuiZgTPmlHh0FUvQIhAOJQF3WghuVCX48C6oowp7-RP925dY0bsT1RZ0I2NjK1', 0, 'platform');
insert into "SYS_AUTH_MIX" ("ID","AUTH_ID","USER_ID","SIGN","DATA_VERSION","APP_ID") values ('db2f6c18615243728624f408d2aad77d', '131e140bc2bd4361af5ee488f92b22ad', '681cead3d0764d24b261fe3d531ad775', 'MEQCIFrEkOHJvyxFhLL4bTFGTC5FsvoFFedmCkK3ZNx37PLyAiALl5qxJTflkiFMiaYdcAUMaMG-vHHFGVnOOCOIPCJREA==', 0, 'platform');
insert into "SYS_AUTH_MIX" ("ID","AUTH_ID","USER_ID","SIGN","DATA_VERSION","APP_ID") values ('633d8c051deb4b6182eefe3c272d22ea', '5234ba3204344d37929abd4ad9a1dgth', '681cead3d0764d24b261fe3d531ad775', 'MEQCIASSJnFtJqodPUe8S1PwZ0LNY0M6KWlh2N3jESQLXiXvAiAF81BaEECzo1wKlF4BxDe-XN1FVnqr7K5SQGvMr_8P1Q==', 0, 'platform');
insert into "SYS_AUTH_MIX" ("ID","AUTH_ID","USER_ID","SIGN","DATA_VERSION","APP_ID") values ('000baa94c4af4c9cbf2eb6b392f6cdd4', '11erb3ec3d6e483b86c4923ea64cfdd0', '681cead3d0764d24b261fe3d531ad775', 'MEUCIQCP4SoP8zwK7pSrrD5UtGUN7Zt9aFXQY7tQlCifEgG0jQIgS22ksc9H-TXkbxPMdwLGkywqWJ9WFUIEulFW7sHEnAI=', 0, 'platform');
insert into "SYS_AUTH_MIX" ("ID","AUTH_ID","USER_ID","SIGN","DATA_VERSION","APP_ID") values ('622bf325129f4e0cacc1e250b47da0dd', '77yub3ec3d6e483b86c4923ea6411111', '681cead3d0764d24b261fe3d531ad775', 'MEUCIQDXTUS_JCEWqc_HPG5O_CeBV_1Cfe_HmVhvQ5iQJpU80AIgELhjjI7cnEyDbiR9z8wLpulRpn2D48I-2fB2b-3qotU=', 0, 'platform');
insert into "SYS_AUTH_MIX" ("ID","AUTH_ID","USER_ID","SIGN","DATA_VERSION","APP_ID") values ('62aabc9e5a0f4cc286fd0be2a3a987f2', '3456ba3204344d37929abd4ad9a15678', '681cead3d0764d24b261fe3d531ad775', 'MEYCIQC6nLCjDrjlF8-fzZXteNbGivSkLxeUos6YHzej5SQNpAIhAPpuMP8xu8IuJoadyrPCF-8_bJoliIBtJQg_7J7vzeJw', 0, 'platform');
insert into "SYS_AUTH_MIX" ("ID","AUTH_ID","USER_ID","SIGN","DATA_VERSION","APP_ID") values ('456518b2a2774f3e82e40bc925b07c9d', '1234ba3204344d37929abd4ad9a1dgth', '681cead3d0764d24b261fe3d531ad775', 'MEQCIFwug7d_2QApXFEbS4LmHREaQBxmUwcgCUDUhyQT9jVPAiBFdm5fNO1jl4At6ZM98wQcO3j-hMfKl13UR5NK2bxdRQ==', 0, 'platform');
insert into "SYS_AUTH_MIX" ("ID","AUTH_ID","USER_ID","SIGN","DATA_VERSION","APP_ID") values ('69a752c13721479787d629f1504b0aa2', '8d4d2caee7f548889988da2747dfaa4a', '681cead3d0764d24b261fe3d531ad775', 'MEUCIQCI7Ukc9cNo1QuSHcP4_mHTAqxCRuPQ_fWocsjwn9YL0gIgEf2O8ACZYKwLu9e0AhrF21twYDNxZYkMhweT2PHE01k=', 0, 'platform');
insert into "SYS_AUTH_MIX" ("ID","AUTH_ID","USER_ID","SIGN","DATA_VERSION","APP_ID") values ('d84d7c9f01064ec7b9d7c0d2ae4b5d57', '7756ba3204344d37929abd4ad9a15699', '681cead3d0764d24b261fe3d531ad775', 'MEYCIQCUo2P3GOh_lcSjsoKgcOEOr6LrbF3wRmPepSeJq7J-rQIhAP95WUfEm_1NDe_s71wmMteMun2dB5C3VdvgSCRZSaq4', 0, 'platform');
insert into "SYS_AUTH_MIX" ("ID","AUTH_ID","USER_ID","SIGN","DATA_VERSION","APP_ID") values ('407620cefbb541e782807f34200fe55d', 'tyuub3ec3d6e483b86c4923ea64cfwe5', '681cead3d0764d24b261fe3d531ad775', 'MEQCIB_GtHJTo4UOvjWuh3bqr01jHHilOKXez-I87UuOmLGRAiARFa7gi3qY-hGXfvF30PL5k9Ud3-avAwoRJ0LznIbpWA==', 0, 'platform');
insert into "SYS_AUTH_MIX" ("ID","AUTH_ID","USER_ID","SIGN","DATA_VERSION","APP_ID") values ('53c7dc5c92ff4f85b4e6db830dad3d13', '8bc5761a4d8d49e680515bc50f4baad1', '681cead3d0764d24b261fe3d531ad775', 'MEUCIFkAn8aWyq4blepgQn1mMwJG6NCJEZZRtxT8--I4mgR7AiEArYuaC3ZulC4LL9BqHadLq_miGjBWxXl45V-WOIDDiXQ=', 0, 'platform');
insert into "SYS_AUTH_MIX" ("ID","AUTH_ID","USER_ID","SIGN","DATA_VERSION","APP_ID") values ('84fc516cfe78404fb5746dbba874b1b7', '2234ba3204344d37929abd4ad9a1dgth', '681cead3d0764d24b261fe3d531ad775', 'MEUCIQD4IqdAcPbAV_3MJZMAH6mj41Fq0wsK3TFA62V0UDyQ-AIgN_yLefWq7Os60z2TKrYrGQlU_l-aUHz3S1AWrwSEgwk=', 0, 'platform');
insert into "SYS_AUTH_MIX" ("ID","AUTH_ID","USER_ID","SIGN","DATA_VERSION","APP_ID") values ('2d7cbeab27e444b49b495b2b0c478aaa', '456wb3ec3d6e483b86c4923ea64cfdd0', 'dbe7db841eed43fdb91a594d67b4184f', 'MEUCIQCfhohjzsHPU7z-SbnrsnBHL9--Tb0dzGo-1IfWWendCAIgcxmkBb5U3eigx6uJfX-mPgfFpjPl9E8of38XOkYy2D4=', 0, 'platform');
insert into "SYS_AUTH_MIX" ("ID","AUTH_ID","USER_ID","SIGN","DATA_VERSION","APP_ID") values ('756391eb77a54d96abe7838cc29647b6', 'e3b15ac90286450fbe5a721c9f542451', 'dbe7db841eed43fdb91a594d67b4184f', 'MEQCIEVbd7gJa25_ptNrNu-hVkfflcZna5DgwJ3ncsf0qpkXAiB0pHvjer1xwAbvqdHktEBpv4gWOo32S8JgyCkgT8hKoA==', 0, 'platform');
insert into "SYS_AUTH_MIX" ("ID","AUTH_ID","USER_ID","SIGN","DATA_VERSION","APP_ID") values ('46b7df250cef4b5ebeecf5c0cf6fec88', '456wb3ec3d6e483b86c4923ea64cf111', 'dbe7db841eed43fdb91a594d67b4184f', 'MEYCIQCC9lVj-kwB220yBgNpyOgyAnimfNJY8W5vJJRYhdndMgIhAK7nYZchM2hsNQODS5yo_sp__RldIca3trt822nqvGi3', 0, 'platform');
insert into "SYS_AUTH_MIX" ("ID","AUTH_ID","USER_ID","SIGN","DATA_VERSION","APP_ID") values ('d58a28f91fbe4efcaa1abb9e60e93183', '67yub3ec3d6e483b86c4923ea64cf111', 'dbe7db841eed43fdb91a594d67b4184f', 'MEQCIH3OgBvXWVO0nomH_mD_CVeVB6Sz63fQYnVG7i6YIVi4AiB058Bms72VuIN8maqQM1VrAegHNrwHKdtPOa65Kr50Uw==', 0, 'platform');
insert into "SYS_AUTH_MIX" ("ID","AUTH_ID","USER_ID","SIGN","DATA_VERSION","APP_ID") values ('72f902287606498daa9637b0058dc3ab', '11erb3ec3d6e483b86c4923ea64cfdd0', 'dbe7db841eed43fdb91a594d67b4184f', 'MEYCIQDgrFe3_e7CMKFObMQsLwhAEiC2zj3h2Jd290wR13tclgIhANlpDwYHzCXQGdg79FpAAB9ljn1bkB2vRV8yMhR2AQMg', 0, 'platform');
insert into "SYS_AUTH_MIX" ("ID","AUTH_ID","USER_ID","SIGN","DATA_VERSION","APP_ID") values ('8177302e2a554a729a9834e48c0b5528', '8d4d2caee7f548889988da2747dfaa4a', 'dbe7db841eed43fdb91a594d67b4184f', 'MEUCIC1IDy4_cqiLQKyyp6VZ-dltzZTBlJNtF3pDc-mN_PleAiEArzem2h_vUkQtVj_bMRd0u2oaP_t6rTxRhjls2_PUpBo=', 0, 'platform');
insert into "SYS_AUTH_MIX" ("ID","AUTH_ID","USER_ID","SIGN","DATA_VERSION","APP_ID") values ('eadad523348c4e20bdc2cc73aa96c7b6', '04d7893c4a4d4345b18b0789af13753f', 'dbe7db841eed43fdb91a594d67b4184f', 'MEYCIQDnKNHTh6zdNgj-w0TH5I4HP28fPWeVyHohtdzmDDjcDwIhAKliirfeqTlKpRV7m8I8Db1RX6pjC1RVKx4Cpj4WOqhc', 0, 'platform');
insert into "SYS_AUTH_MIX" ("ID","AUTH_ID","USER_ID","SIGN","DATA_VERSION","APP_ID") values ('6ef2303c0b8c45e48c42d05fa6693de2', '334qb3ec3d6e483b86c4923ea64cfdd0', 'dbe7db841eed43fdb91a594d67b4184f', 'MEYCIQCkBZBL-Jia1GHJkH5OxObU53nFQ_ffep5_JgmuI0FwGgIhAP-XgUtWeu2r15zc7ZQ_825Tv24Uh6AotB8XFm_iDHOf', 0, 'platform');
insert into "SYS_AUTH_MIX" ("ID","AUTH_ID","USER_ID","SIGN","DATA_VERSION","APP_ID") values ('8022af307a324cc1acce33eb78bbeda4', 'tyuub3ec3d6e483b86c4923ea64cfwe5', 'dbe7db841eed43fdb91a594d67b4184f', 'MEYCIQD3hzpsxIvtPuvGqNlzkp9NTs0TJ8mFrT3328R4ZDExzQIhAIBqynVb-ZwKPQTpVjewSV_WKdZWKHfz7x0pcIV6bMUX', 0, 'platform');
insert into "SYS_AUTH_MIX" ("ID","AUTH_ID","USER_ID","SIGN","DATA_VERSION","APP_ID") values ('8eae5e5231c4412b8d07ed4410096566', '67yub3ec3d6e483b86c4923ea64cfdd0', 'dbe7db841eed43fdb91a594d67b4184f', 'MEYCIQCHac52miiOEvpVBdC1y6N2QiRIoWptL_qq74k3RlxpsAIhAL5jAZlEErh0ucoWfBdZT7RME9Gd1EBCs_TSqKVSlTTw', 0, 'platform');
insert into "SYS_AUTH_MIX" ("ID","AUTH_ID","USER_ID","SIGN","DATA_VERSION","APP_ID") values ('3fc2a6d7db794c9b8a1f9989a497eeb7', '19ea2ad7ea4a4e54acdaff4c84bb8370', 'dbe7db841eed43fdb91a594d67b4184f', 'MEQCIDpd_VxTLaiU1Mr9dKkngNfqsPKYizJhELPGb_cOBBSoAiAIL9k1lLanhlQomBpWnk8EHHCr8qw5cMYDCiLb0wDXQQ==', 0, 'platform');
insert into "SYS_AUTH_MIX" ("ID","AUTH_ID","USER_ID","SIGN","DATA_VERSION","APP_ID") values ('1d1f6150ebd74680aba140c81b6e3559', '334qb3ec3d6e483b86c4923ea64cf111', 'dbe7db841eed43fdb91a594d67b4184f', 'MEQCIFj9JNnNJtntOPNsc5ZgaM3OGcsV2cEzNIxsqSAntEoHAiBkExpaxnjFcIWx1x0yxYgBPGJynIdV-Nf1DAhiwv8b-A==', 0, 'platform');
insert into "SYS_AUTH_MIX" ("ID","AUTH_ID","USER_ID","SIGN","DATA_VERSION","APP_ID") values ('2b0f92a93e7b416d982fefda5eed3a20', '334qb3ec3d6e483b86c4923ea64cf114', 'dbe7db841eed43fdb91a594d67b4184f', 'MEUCIQCtXKsRqnAuN5llr4_sKLx0CtWeInc_MP9VFSiKpV1WfgIgW0P8fEpoyC0f3cLQnqR0e55C9xFROCjBg33RBCdAOqk=', 0, 'platform');
insert into "SYS_AUTH_MIX" ("ID","AUTH_ID","USER_ID","SIGN","DATA_VERSION","APP_ID") values ('07d4b5e3171143b9b2259feeac2e4230', '334qb3ec3d6e483b86c4923ea64cf113', 'dbe7db841eed43fdb91a594d67b4184f', 'MEUCIQDxcYXFzSEph6A8O9PZKUb7LTADcOGpZz7NKer3UZY6qwIgOgchkXdD-Dff7O6jhaudXvrvMzXTf3ibcuDeg2Y5FF8=', 0, 'platform');
insert into "SYS_AUTH_MIX" ("ID","AUTH_ID","USER_ID","SIGN","DATA_VERSION","APP_ID") values ('87fff8aa6f7d4d33bb9bb441b300c9eb', 'e3b15ac90286450fbe5a721c9f542433', 'dbe7db841eed43fdb91a594d67b4184f', 'MEUCIQCHBIHgPYGJQRZC3gRO9Wf0W6pJoTj8F8Lb89nntl6_pgIgUOlw_DmPeRIVb_tnN6pRgeuqlCwR5BNq3rzIPbK8MmI=', 0, 'platform');
insert into "SYS_AUTH_MIX" ("ID","AUTH_ID","USER_ID","SIGN","DATA_VERSION","APP_ID") values ('1a2f9af55015451b8129c51999d2aa5a', 'e3b15ac90286450fbe5a721c9f542451', '4aa4aa96179147918ad14474ed1c0937', 'MEUCIQCU9eBTFV06SK7WswxTdzToSh_4ujpodaM2Y7dv9RcWRgIgV-Nt82vTlJDYVlvToErNQSRJOexOp-vFwlzK4U8z1kw=', 0, 'platform');
insert into "SYS_AUTH_MIX" ("ID","AUTH_ID","USER_ID","SIGN","DATA_VERSION","APP_ID") values ('b035789c709e47e1b9c2de46fcfc8d21', '04d7893c4a4d4345b18b0789af13753f', '4aa4aa96179147918ad14474ed1c0937', 'MEQCIAag6BZUabbVU-Dd07LwYObSUEk3YD4oxi0noA_s8lb5AiAOjjTJe8k2OzgnAR2HAgNHQlxZqHi4Z5IZltInWLYwNg==', 0, 'platform');
insert into "SYS_AUTH_MIX" ("ID","AUTH_ID","USER_ID","SIGN","DATA_VERSION","APP_ID") values ('7c07a7b4b08b45efad962908eb4d774c', 'hjuub3ec3d6e483b86c4923ea64cnmui', '4aa4aa96179147918ad14474ed1c0937', 'MEUCIQD9nqgSNK4Lf35HAqfvLSJMFQ2idrJGxMyzARnTK6GC9wIgCUhno6qrN5t5rYn72jB0FESXzfb-kE8a7hhqXR6z7xE=', 0, 'platform');
insert into "SYS_AUTH_MIX" ("ID","AUTH_ID","USER_ID","SIGN","DATA_VERSION","APP_ID") values ('3566badaab2e4b9f83002152eade07ff', 'frggb3ec3d6e483b86c4923ea64cvbnu', '4aa4aa96179147918ad14474ed1c0937', 'MEQCIGtBLdYtLVJXK-Ze40Tsj4rEdkbP5PzThtWeG69sivL2AiAUoQweDaj6U6RMI4ty8YNz1IKl6Je2vzhuLNrAK8TVJA==', 0, 'platform');
insert into "SYS_AUTH_MIX" ("ID","AUTH_ID","USER_ID","SIGN","DATA_VERSION","APP_ID") values ('eee16cd5ebda4b66bc98d7e64d1ee449', '11erb3ec3d6e483b86c4923ea64cfdd0', '4aa4aa96179147918ad14474ed1c0937', 'MEYCIQDYrlw_FiyFsbqpSZgR2pXxUk06XYzQy_XSdJKadoIgegIhAOR3gV2a5Du8vJY67BYGdOUV-duPwyndaWqWlmb_OYkX', 0, 'platform');
insert into "SYS_AUTH_MIX" ("ID","AUTH_ID","USER_ID","SIGN","DATA_VERSION","APP_ID") values ('0fe8692dd9c34f2a91ad7185acbcef97', 'e3b15ac90286450fbe5a721c9f542433', '4aa4aa96179147918ad14474ed1c0937', 'MEUCIAgVDQq1xQ2ZJUmVnSBYXpw-JgVgg0AeiqJb_BqaURh0AiEA45m2doRpxnH-d6Mbv_QFTY8_raLlKVmUzGQyTAtdjtI=', 0, 'platform');



insert into "SYS_AUTH_MIX" ("ID","AUTH_ID","USER_ID","SIGN","DATA_VERSION","APP_ID") values ('1213fed7951d4fe2a2a525da34c2c9fa', 'a16344b1790e41e98615f6cd19587112', '4c66b48a5cfa4886a4c5861cb01eae02', 'MEUCIQD7xMrMO3ABHlTNa3LHlDdZkVzXRjk7doNN-bOh1QHrNwIgXbEsiSI-Pgx6P_-7dGSVlDWznc_1Uqkdw7q22UnhHY8=', 0, 'platform');
insert into "SYS_AUTH_MIX" ("ID","AUTH_ID","USER_ID","SIGN","DATA_VERSION","APP_ID") values ('9cd2098e5e9d42e381cc92d6cdee7b99', 'a16344b1790e41e98615f6cd19587573', '4c66b48a5cfa4886a4c5861cb01eae02', 'MEYCIQDpTCI4xYN-YYJrPex-RiLr9twbqn2cW7mbR5iNUXh_UwIhAO6nAMitL3PR37l-EXyVBqNlTbMEK0CNKmiZOZNfVvJz', 0, 'platform');
insert into "SYS_AUTH_MIX" ("ID","AUTH_ID","USER_ID","SIGN","DATA_VERSION","APP_ID") values ('b14748f44a8f4caf9c9fd05535f53e9e', 'a16344b1790e41e98615f6cd19587111', '4c66b48a5cfa4886a4c5861cb01eae02', 'MEUCIGvxRPi5St3cJvZZS9DwIEjixfIYlCt2Icm-5AQ0IWCkAiEAyCx8uIZHGUUPk-Lmec7dVP56RX_WOnGxTAI4KKY3xOs=', 0, 'platform');
insert into "SYS_AUTH_MIX" ("ID","AUTH_ID","USER_ID","SIGN","DATA_VERSION","APP_ID") values ('5c827b40c650417f88443d7407961464', 'ac2a8ce16a614324b5ed4e9c24e7e904', '4c66b48a5cfa4886a4c5861cb01eae02', 'MEUCIQDsfl1wCaGkt-ivZ-GfU5qqMMDJcDulHp2Uhyu6-VgLFwIgGFnw9cskiySNtPIlkxxmdclkURFlccZ9jgU6wjim7qY=', 0, 'platform');
insert into "SYS_AUTH_MIX" ("ID","AUTH_ID","USER_ID","SIGN","DATA_VERSION","APP_ID") values ('ee6511ee2bda42ed91555b8567bbbc76', 'ac2a8ce16a614324b5ed4e9c24e7e905', '4c66b48a5cfa4886a4c5861cb01eae02', 'MEUCIAhU1g4WDXDVem5WeQFj14dVlMTuiyr5oEP3KpfihT2kAiEAjXVNKh6k2Q3AGCrxjZboVwHrpxZK7IbOfwYS0Yd9BsM=', 0, 'platform');
insert into "SYS_AUTH_MIX" ("ID","AUTH_ID","USER_ID","SIGN","DATA_VERSION","APP_ID") values ('5b15484d877c4de895d2485509c70d28', '39e1b3ec3d6e483b86c4923ea64cfdd0', '4c66b48a5cfa4886a4c5861cb01eae02', 'MEUCIAUoZZ3mgB-RkNTgNC5n-ZFPW_H6QTdNl3JKE1ZckHnAAiEAjmYzR3Ax0b3PS2rKnA1e-aU4vredVPaSkyw2v25B6PU=', 0, 'platform');
insert into "SYS_AUTH_MIX" ("ID","AUTH_ID","USER_ID","SIGN","DATA_VERSION","APP_ID") values ('f3e1e5426c454770b5b054627be6f35d', 'a16344b1790e41e98615f6cd19587572', '4c66b48a5cfa4886a4c5861cb01eae02', 'MEUCIQDN1v1CaC8QdaJt4bkqcWRXJEJ1MoNlS9I-Biw1pguBeQIgC84RZWiVVeStRa2BWTDBe0-x29CkERHNaMLZD1lcnZg=', 0, 'platform');
insert into "SYS_AUTH_MIX" ("ID","AUTH_ID","USER_ID","SIGN","DATA_VERSION","APP_ID") values ('becf694e83c0427bac24be3be40a122d', 'a16344b1790e41e98615f6cd1958757r', '4c66b48a5cfa4886a4c5861cb01eae02', 'MEUCIQCDJY97oSiKu0g6yPHVEeSy_yJwZL6-nenurJERa0fULAIgGzSU1sssZF3GTGPyBtsMae8ffITTBPjqDbwPuyMWfTU=', 0, 'platform');
insert into "SYS_AUTH_MIX" ("ID","AUTH_ID","USER_ID","SIGN","DATA_VERSION","APP_ID") values ('9f81310d42d14753a2271113beafad09', 'a16344b1790e41e98615f6cd19587571', '4c66b48a5cfa4886a4c5861cb01eae02', 'MEUCIQDgaQLgcvBW_1NSMLwldJDTRYZV0EcaRgmBg9v6m9CH2gIgbvBoFZfJ1RDerW918ip611Rq1dGvhpYT7lU2OaDCwMM=', 0, 'platform');
insert into "SYS_AUTH_MIX" ("ID","AUTH_ID","USER_ID","SIGN","DATA_VERSION","APP_ID") values ('d65d49c8f6054a4baf72422d7b68485e', '1160858109884c5095eed968472c0235', '4c66b48a5cfa4886a4c5861cb01eae02', 'MEYCIQDXA6Mh7shog--b6DxH_Qt31R6PHMNLeSJ5LoF4a-Mb-QIhALyTY44KuH4mUk3apO0VOR9vwMo2oBI6Lc3pJceoK_9p', 0, 'platform');
insert into "SYS_AUTH_MIX" ("ID","AUTH_ID","USER_ID","SIGN","DATA_VERSION","APP_ID") values ('f3bb27d60404486ea3260d18fa9dfad6', 'b50cbc8a2b0645729848403093f4246f', '4c66b48a5cfa4886a4c5861cb01eae02', 'MEUCIQD_EOOXc3N5tbACkDQbSF7_mMkp8Lw5TuH0jxb7quSthgIgKjmwULYa1I8uv643J0s-c3wl5UqqmKPT8dOL1CKdkW4=', 0, 'platform');
insert into "SYS_AUTH_MIX" ("ID","AUTH_ID","USER_ID","SIGN","DATA_VERSION","APP_ID") values ('fe334bb2888b4e249ab7a3822ad144f9', '11116279a4a9416a8e20019821e61111', '4c66b48a5cfa4886a4c5861cb01eae02', 'MEUCIQCis-rf0I5h81CysUzJEYZWhkYRxBDJbRd0RLcoVhp0WwIgK-rcZTZhfBR6EElikPCm7O1YEtg46OtOKNr9fFVgmhk=', 0, 'platform');
insert into "SYS_AUTH_MIX" ("ID","AUTH_ID","USER_ID","SIGN","DATA_VERSION","APP_ID") values ('1ba4a6a51b204341afa56db3dc64b3b3', '39e1b3ec3d6e483b86c4923ea64c1112', '4c66b48a5cfa4886a4c5861cb01eae02', 'MEUCIQDl08RwrEebPe3-LvzJ6EXsRTwb-JZ1Bs1ggMJeNCaN6AIgQK7CoSICpcdLx9KYAWHdRwskfsBvgREix-yW43-Tn08=', 0, 'platform');
insert into "SYS_AUTH_MIX" ("ID","AUTH_ID","USER_ID","SIGN","DATA_VERSION","APP_ID") values ('1b76afac0951461dbb46cc5df501ce21', '11316279a4a9416a8e20019821e640af', '4c66b48a5cfa4886a4c5861cb01eae02', 'MEQCIGrYd00ESUiJTNtBNraurQ0kvuJQF7sEUm5UCNplmSupAiAoqkjHR7FdQ8WrE2YuUVCDwuRYJYth3wLfKTpIDpTe0Q==', 0, 'platform');
insert into "SYS_AUTH_MIX" ("ID","AUTH_ID","USER_ID","SIGN","DATA_VERSION","APP_ID") values ('38d9bdf37c7d4499901fc7ec6680e2d7', '39e1b3ec3d6e483b86c4923ea64c1111', '4c66b48a5cfa4886a4c5861cb01eae02', 'MEUCIQCCly9GvOUI8JqpkQJ6Zd9pwqYKKTcoPmT27X01nQY6DwIgQwIFUs_lEKJ8Laly-k-iYX3GA-a2iBjfBCfH8AdKQgg=', 0, 'platform');
insert into "SYS_AUTH_MIX" ("ID","AUTH_ID","USER_ID","SIGN","DATA_VERSION","APP_ID") values ('07f59a5b1dbd4fa0bcf789262860edcd', 'ac2a8ce16a614324b5ed4e9c24e7e111', '4c66b48a5cfa4886a4c5861cb01eae02', 'MEUCIDCj3JP1vyuyT7UhHz3m94cMsNzz1r98pjApn2miqq12AiEAq920lw3u3WtIFpDGmbD9wHzcYZLcMAutAz8HihvGYAA=', 0, 'platform');
insert into "SYS_AUTH_MIX" ("ID","AUTH_ID","USER_ID","SIGN","DATA_VERSION","APP_ID") values ('7cc1989c514e4452a642a20eb94db395', 'b50cbc8a2b0645729848403093f42111', '4c66b48a5cfa4886a4c5861cb01eae02', 'MEYCIQDaj-8rwx8IaUTB1rDn3QIuASMoxGbKaRGxNh6TPbTABgIhAKRI-Otl1R5NdA2C4dEMRmO5G5VeliDb5Iu8e9xJodI1', 0, 'platform');
insert into "SYS_AUTH_MIX" ("ID","AUTH_ID","USER_ID","SIGN","DATA_VERSION","APP_ID") values ('cb486a097ec144d686adb3df43e37a8c', '5e80ace300d54486814ee84c1fb29111', '4c66b48a5cfa4886a4c5861cb01eae02', 'MEYCIQDgCgHBWK5fL001C9NvRPghugx9NG-FQSDfe4l39an8gAIhANGUQ0715QhZMTTksIBBozt5FIYKvvtRL4QO0SOLAa9q', 0, 'platform');
insert into "SYS_AUTH_MIX" ("ID","AUTH_ID","USER_ID","SIGN","DATA_VERSION","APP_ID") values ('5044e5d491c54817a3822b08d4b0c63a', 'e3b15ac90286450fbe5a721c9f542433', '4c66b48a5cfa4886a4c5861cb01eae02', 'MEYCIQDrJXqaX2jYaWpWkMyqPyqHEHid23G0qiKIdvNm27zQ2wIhAJa2ZM9wAbDfOibjZjG_PluDjzUg-GFsDKWXkDH7ZaYA', 0, 'platform');
insert into "SYS_AUTH_MIX" ("ID","AUTH_ID","USER_ID","SIGN","DATA_VERSION","APP_ID") values ('cf7f69bfe8444cc3bf69c76bf85a8358', '8bc5761a4d8d49e680515bc50f4ba111', '4c66b48a5cfa4886a4c5861cb01eae02', 'MEYCIQCZ5Pu277qhWcHM4yTVQKp_Zh5RZGwe1XgWE61csIF5wAIhAJ8WZd-Q67oIiAIzNM6hpBT0NRpZsarQQ7C1isNSfxkI', 0, 'platform');
insert into "SYS_AUTH_MIX" ("ID","AUTH_ID","USER_ID","SIGN","DATA_VERSION","APP_ID") values ('a1dc973d2e3f4e06b94aabe99ae38baa', 'bc316279a4a9416a8e20019821e640af', '4c66b48a5cfa4886a4c5861cb01eae02', 'MEYCIQDTQ3si4Opc2IfTYG4yJKKkY2qqYzSz_h8O3YLEQYod0AIhAOWnnRjFnkJ_Ts7MIb28RvJ6adxAWK-6MHeCWYh4BXen', 0, 'platform');
insert into "SYS_AUTH_MIX" ("ID","AUTH_ID","USER_ID","SIGN","DATA_VERSION","APP_ID") values ('dde776bc185c45a999b63af2946eea54', 'e3b15ac90286450fbe5a721c9f542451', '4c66b48a5cfa4886a4c5861cb01eae02', 'MEYCIQDUbI57F2_kG2757EQd728J2w_OVTjy2BQ54lfrEKYfygIhANKCDIqCK7g0Mkq2Dl2zSHLMGcqmKJXCamIxQmWGxn6F', 0, 'platform');
insert into "SYS_AUTH_MIX" ("ID","AUTH_ID","USER_ID","SIGN","DATA_VERSION","APP_ID") values ('47744e97543d477eac8a8e75b55bfcf1', 'ac2a8ce16a614324b5ed4e9c24e71112', '4c66b48a5cfa4886a4c5861cb01eae02', 'MEUCIBbYBzOb8iHSDPKh-c-0_8XGF9oAq73yrl--ltHbFqdlAiEA1ieTg1c8qJW6OLQBdUa1qIhP-rEmPh7SV-ur5fcxBuU=', 0, 'platform');
insert into "SYS_AUTH_MIX" ("ID","AUTH_ID","USER_ID","SIGN","DATA_VERSION","APP_ID") values ('12dc913c10b548e8b43cafc99826de7e', '131e140bc2bd4361af5ee488f92b22ad', '4c66b48a5cfa4886a4c5861cb01eae02', 'MEQCIHjkruusUUx0bIXe0ANnCDidKT8fm-ZJiDbV4Nt-qlXMAiACoSKy2-BLBTxhLeRhVA5L1Cmtz4VO8kLOuZJ1MOaNNA==', 0, 'platform');
insert into "SYS_AUTH_MIX" ("ID","AUTH_ID","USER_ID","SIGN","DATA_VERSION","APP_ID") values ('e8469083a3cd41b3acde2d484154bf1b', '5e80ace300d54486814ee84c1fb29a3a', '4c66b48a5cfa4886a4c5861cb01eae02', 'MEYCIQDMhcoiVokn2B5x-b53NrCyTqhnXOOINtWf4dlwA8ts_QIhANvBrflLdMJyBT4NYqFX176Eg3xL-SbCbaxma-WJJCPZ', 0, 'platform');
insert into "SYS_AUTH_MIX" ("ID","AUTH_ID","USER_ID","SIGN","DATA_VERSION","APP_ID") values ('b31fd39efbea44a982c2d7285796eb8b', '39e1b3ec3d6e483b86c4923ea64cf111', '4c66b48a5cfa4886a4c5861cb01eae02', 'MEQCIHJqehTeVDCCGiPDlO5zFYnJ-gPVpTjfuUzC1f6wlt8YAiAtLavteNz6vHKAq9Bq6Xy2MMqIQIvwRImR3vexLV5OGA==', 0, 'platform');
insert into "SYS_AUTH_MIX" ("ID","AUTH_ID","USER_ID","SIGN","DATA_VERSION","APP_ID") values ('e8c4222603c64974baa80dc2d9108f97', '39e1b3ec3d6e483b86c4923ea64cfeee', '4c66b48a5cfa4886a4c5861cb01eae02', 'MEYCIQCWF_taAiKjPWAo2kUqApj65eXhko8J0nNXl-1QJ7F5FAIhANhqliqZub-VRtF0SZsqemSiJi9JTe_cJY1MH3UNV7sL', 0, 'platform');
insert into "SYS_AUTH_MIX" ("ID","AUTH_ID","USER_ID","SIGN","DATA_VERSION","APP_ID") values ('db95e82631dc459c99431d737063b4d2', '67e1114e83214aeb8a3ec0a6822fdd30', '4c66b48a5cfa4886a4c5861cb01eae02', 'MEUCIEknQwHOTsZPakvUAPD3l5bixVGzZWHdFMC5nUpBpDhgAiEA0y2kCRL4L4306ad0O4usQGE7eDmjSDm9hfK21XY1d6Q=', 0, 'platform');
insert into "SYS_AUTH_MIX" ("ID","AUTH_ID","USER_ID","SIGN","DATA_VERSION","APP_ID") values ('0dfd8cec3f6b49d2950a58d1358b3169', '99ea2ad7ea4a4e54acdaff4c84bb8371', '4c66b48a5cfa4886a4c5861cb01eae02', 'MEUCIAiyPOIRu9S_W53VXLcKdh6IDwLWJbrYG_oCPL7hfpWfAiEApoWsyhYEjiGRnhCWCEBipRGf4NOL1sJ3bgW3DdWVPdo=', 0, 'platform');
insert into "SYS_AUTH_MIX" ("ID","AUTH_ID","USER_ID","SIGN","DATA_VERSION","APP_ID") values ('4068df61b8d34365a7e6256f431354c0', '8bc5761a4d8d49e680515bc50f4baad1', '4c66b48a5cfa4886a4c5861cb01eae02', 'MEQCIGYLthF3KM-WpB7DGcshuNs73TK8U9q73Stba_S0zqn7AiARZa0MeRoOk_GKHbc4YUpLr7UZYs5DEbSVNgSnW_lTJA==', 0, 'platform');

insert into "ORG_ORGANIZATION_V" ("ID","PARENT_ID","GROUP_ID","CORPORATION_ID","ORGANIZATION_ID","REMARK","NAME","SHORT_NAME","ADDRESS","COUNTRY_ZONE","ORGANIZATION_CODE","VERSION_NO","VERSION_NAME","VERSION_BEGIN_DATE","VERSION_END_DATE","IS_BUSINESS_UNIT","CODE","IS_LAST_VERSION","VERSION_BEGIN_USER_ID","VERSION_END_USER_ID","DATA_VERSION","SORT_INDEX") values ('e19f8f029a35466797582dd611fba4d4', '9e92cb17c7bf4af9b6072520d42ea103', '9e92cb17c7bf4af9b6072520d42ea103', null, 'b96daa08d59c467a9bd6cca17e46f53f', null, '单体测试顶级业务单元1', '顶级业务单元', '', '', '', null, null, '2020-02-12', null, 1, '13455', 1, '96ec3a8024ee4532b95618c277504628', null, 0, 200);
insert into "ORG_ORGANIZATION_V" ("ID","PARENT_ID","GROUP_ID","CORPORATION_ID","ORGANIZATION_ID","REMARK","NAME","SHORT_NAME","ADDRESS","COUNTRY_ZONE","ORGANIZATION_CODE","VERSION_NO","VERSION_NAME","VERSION_BEGIN_DATE","VERSION_END_DATE","IS_BUSINESS_UNIT","CODE","IS_LAST_VERSION","VERSION_BEGIN_USER_ID","VERSION_END_USER_ID","DATA_VERSION","SORT_INDEX") values ('7ef1b5170f0f417e99366050bcbd8139', 'b96daa08d59c467a9bd6cca17e46f53f', '9e92cb17c7bf4af9b6072520d42ea103', null, 'e48fd9d687f741e088e4a086fe8dbb77', null, '单体测试一级业务单元1', '一级单元1', '', '', '', null, null, '2020-02-12', null, 1, '24323432', 1, '96ec3a8024ee4532b95618c277504628', null, 0, 10);
insert into "ORG_ORGANIZATION_V" ("ID","PARENT_ID","GROUP_ID","CORPORATION_ID","ORGANIZATION_ID","REMARK","NAME","SHORT_NAME","ADDRESS","COUNTRY_ZONE","ORGANIZATION_CODE","VERSION_NO","VERSION_NAME","VERSION_BEGIN_DATE","VERSION_END_DATE","IS_BUSINESS_UNIT","CODE","IS_LAST_VERSION","VERSION_BEGIN_USER_ID","VERSION_END_USER_ID","DATA_VERSION","SORT_INDEX") values ('e85ed664c8264680a58783d511f75d66', 'b96daa08d59c467a9bd6cca17e46f53f', '9e92cb17c7bf4af9b6072520d42ea103', null, '54d087404f454139a0b57b9437deb1f8', null, '单体测试一级业务单元2', '一级单元2', '', '', '', null, null, '2020-02-12', null, 1, '32425', 1, '96ec3a8024ee4532b95618c277504628', null, 0, 20);
insert into "ORG_ORGANIZATION_V" ("ID","PARENT_ID","GROUP_ID","CORPORATION_ID","ORGANIZATION_ID","REMARK","NAME","SHORT_NAME","ADDRESS","COUNTRY_ZONE","ORGANIZATION_CODE","VERSION_NO","VERSION_NAME","VERSION_BEGIN_DATE","VERSION_END_DATE","IS_BUSINESS_UNIT","CODE","IS_LAST_VERSION","VERSION_BEGIN_USER_ID","VERSION_END_USER_ID","DATA_VERSION","SORT_INDEX") values ('d524f9248bf7417593aa59d4576ab7a9', 'e48fd9d687f741e088e4a086fe8dbb77', '9e92cb17c7bf4af9b6072520d42ea103', null, 'e18d9ba2bfdb4d67ab99c642ed47655a', null, '单体测试二级业务单元1', '二级单元1', '', '', '', null, null, '2020-02-12', null, 1, '464345', 1, '96ec3a8024ee4532b95618c277504628', null, 0, 10);
insert into "ORG_ORGANIZATION_V" ("ID","PARENT_ID","GROUP_ID","CORPORATION_ID","ORGANIZATION_ID","REMARK","NAME","SHORT_NAME","ADDRESS","COUNTRY_ZONE","ORGANIZATION_CODE","VERSION_NO","VERSION_NAME","VERSION_BEGIN_DATE","VERSION_END_DATE","IS_BUSINESS_UNIT","CODE","IS_LAST_VERSION","VERSION_BEGIN_USER_ID","VERSION_END_USER_ID","DATA_VERSION","SORT_INDEX") values ('38a3d8c3dbe94b3fbd625a66775860e9', 'e18d9ba2bfdb4d67ab99c642ed47655a', '9e92cb17c7bf4af9b6072520d42ea103', null, '7956981e38f44d0b8b57302307beacb8', null, '单体测试三级业务单元1', '三级单元1', '', '', '', null, null, '2020-02-12', null, 1, '46544', 1, '96ec3a8024ee4532b95618c277504628', null, 0, 10);


insert into "ORG_ORGANIZATION" ("ID","PARENT_ID","GROUP_ID","CORPORATION_ID","VERSION_ID","CREATE_USER","CREATE_TIME","UPDATE_TIME","REMARK","NAME","SHORT_NAME","ADDRESS","COUNTRY_ZONE","ORGANIZATION_CODE","IS_BUSINESS_UNIT","CODE","DATA_VERSION","SORT_INDEX","SORT_PATH","IS_DELETE") values ('b96daa08d59c467a9bd6cca17e46f53f', '9e92cb17c7bf4af9b6072520d42ea103', '9e92cb17c7bf4af9b6072520d42ea103', null, 'e19f8f029a35466797582dd611fba4d4', '96ec3a8024ee4532b95618c277504628', '2020-02-12 18:41:15.853000', '2020-02-12 18:41:15.853000', null, '单体测试顶级业务单元1', '顶级业务单元', '', '', '', 1, '13455', 0, 200, '003519000200', 0);
insert into "ORG_ORGANIZATION" ("ID","PARENT_ID","GROUP_ID","CORPORATION_ID","VERSION_ID","CREATE_USER","CREATE_TIME","UPDATE_TIME","REMARK","NAME","SHORT_NAME","ADDRESS","COUNTRY_ZONE","ORGANIZATION_CODE","IS_BUSINESS_UNIT","CODE","DATA_VERSION","SORT_INDEX","SORT_PATH","IS_DELETE") values ('e48fd9d687f741e088e4a086fe8dbb77', 'b96daa08d59c467a9bd6cca17e46f53f', '9e92cb17c7bf4af9b6072520d42ea103', null, '7ef1b5170f0f417e99366050bcbd8139', '96ec3a8024ee4532b95618c277504628', '2020-02-12 18:44:21.510000', '2020-02-12 18:44:21.510000', null, '单体测试一级业务单元1', '一级单元1', '', '', '', 1, '24323432', 0, 10, '003519000200000010', 0);
insert into "ORG_ORGANIZATION" ("ID","PARENT_ID","GROUP_ID","CORPORATION_ID","VERSION_ID","CREATE_USER","CREATE_TIME","UPDATE_TIME","REMARK","NAME","SHORT_NAME","ADDRESS","COUNTRY_ZONE","ORGANIZATION_CODE","IS_BUSINESS_UNIT","CODE","DATA_VERSION","SORT_INDEX","SORT_PATH","IS_DELETE") values ('54d087404f454139a0b57b9437deb1f8', 'b96daa08d59c467a9bd6cca17e46f53f', '9e92cb17c7bf4af9b6072520d42ea103', null, 'e85ed664c8264680a58783d511f75d66', '96ec3a8024ee4532b95618c277504628', '2020-02-12 18:44:49.254000', '2020-02-12 18:44:49.254000', null, '单体测试一级业务单元2', '一级单元2', '', '', '', 1, '32425', 0, 20, '003519000200000020', 0);
insert into "ORG_ORGANIZATION" ("ID","PARENT_ID","GROUP_ID","CORPORATION_ID","VERSION_ID","CREATE_USER","CREATE_TIME","UPDATE_TIME","REMARK","NAME","SHORT_NAME","ADDRESS","COUNTRY_ZONE","ORGANIZATION_CODE","IS_BUSINESS_UNIT","CODE","DATA_VERSION","SORT_INDEX","SORT_PATH","IS_DELETE") values ('e18d9ba2bfdb4d67ab99c642ed47655a', 'e48fd9d687f741e088e4a086fe8dbb77', '9e92cb17c7bf4af9b6072520d42ea103', null, 'd524f9248bf7417593aa59d4576ab7a9', '96ec3a8024ee4532b95618c277504628', '2020-02-12 18:45:14.128000', '2020-02-12 18:45:14.128000', null, '单体测试二级业务单元1', '二级单元1', '', '', '', 1, '464345', 0, 10, '003519000200000010000010', 0);
insert into "ORG_ORGANIZATION" ("ID","PARENT_ID","GROUP_ID","CORPORATION_ID","VERSION_ID","CREATE_USER","CREATE_TIME","UPDATE_TIME","REMARK","NAME","SHORT_NAME","ADDRESS","COUNTRY_ZONE","ORGANIZATION_CODE","IS_BUSINESS_UNIT","CODE","DATA_VERSION","SORT_INDEX","SORT_PATH","IS_DELETE") values ('7956981e38f44d0b8b57302307beacb8', 'e18d9ba2bfdb4d67ab99c642ed47655a', '9e92cb17c7bf4af9b6072520d42ea103', null, '38a3d8c3dbe94b3fbd625a66775860e9', '96ec3a8024ee4532b95618c277504628', '2020-02-12 18:45:43.924000', '2020-02-12 18:45:43.925000', null, '单体测试三级业务单元1', '三级单元1', '', '', '', 1, '46544', 0, 10, '003519000200000010000010000010', 0);


insert into "ORG_ORGANIZATION_TYPE" ("ID","IS_CORPORATION","IS_PROJECT","IS_ASSET","IS_SALES","IS_STOCK","IS_PURCHASE","IS_QC","IS_TRAFFIC","IS_MAINTAIN","IS_HR","IS_ADMINISTRATION","IS_FACTORY","IS_GROUP","IS_FINANCE","DATA_VERSION","IS_DEPARTMENT") values ('b96daa08d59c467a9bd6cca17e46f53f', 1, null, null, null, null, null, null, null, null, null, 1, null, null, null, 0, null);
insert into "ORG_ORGANIZATION_TYPE" ("ID","IS_CORPORATION","IS_PROJECT","IS_ASSET","IS_SALES","IS_STOCK","IS_PURCHASE","IS_QC","IS_TRAFFIC","IS_MAINTAIN","IS_HR","IS_ADMINISTRATION","IS_FACTORY","IS_GROUP","IS_FINANCE","DATA_VERSION","IS_DEPARTMENT") values ('e48fd9d687f741e088e4a086fe8dbb77', 1, null, null, null, null, null, null, null, null, null, 1, null, null, null, 0, null);
insert into "ORG_ORGANIZATION_TYPE" ("ID","IS_CORPORATION","IS_PROJECT","IS_ASSET","IS_SALES","IS_STOCK","IS_PURCHASE","IS_QC","IS_TRAFFIC","IS_MAINTAIN","IS_HR","IS_ADMINISTRATION","IS_FACTORY","IS_GROUP","IS_FINANCE","DATA_VERSION","IS_DEPARTMENT") values ('54d087404f454139a0b57b9437deb1f8', 1, null, null, null, null, null, null, null, null, null, null, null, null, null, 0, null);
insert into "ORG_ORGANIZATION_TYPE" ("ID","IS_CORPORATION","IS_PROJECT","IS_ASSET","IS_SALES","IS_STOCK","IS_PURCHASE","IS_QC","IS_TRAFFIC","IS_MAINTAIN","IS_HR","IS_ADMINISTRATION","IS_FACTORY","IS_GROUP","IS_FINANCE","DATA_VERSION","IS_DEPARTMENT") values ('e18d9ba2bfdb4d67ab99c642ed47655a', 1, null, null, null, null, null, null, null, null, null, 1, null, null, null, 0, null);
insert into "ORG_ORGANIZATION_TYPE" ("ID","IS_CORPORATION","IS_PROJECT","IS_ASSET","IS_SALES","IS_STOCK","IS_PURCHASE","IS_QC","IS_TRAFFIC","IS_MAINTAIN","IS_HR","IS_ADMINISTRATION","IS_FACTORY","IS_GROUP","IS_FINANCE","DATA_VERSION","IS_DEPARTMENT") values ('7956981e38f44d0b8b57302307beacb8', 1, null, null, null, null, null, null, null, null, null, 1, null, null, null, 0, null);


insert into "ORG_ORGANIZATION_V_TYPE" ("ID","IS_CORPORATION","IS_PROJECT","IS_ASSET","IS_SALES","IS_STOCK","IS_PURCHASE","IS_QC","IS_TRAFFIC","IS_MAINTAIN","IS_HR","IS_ADMINISTRATION","IS_FACTORY","IS_GROUP","IS_FINANCE","IS_DEPARTMENT","DATA_VERSION") values ('e19f8f029a35466797582dd611fba4d4', 1, null, null, null, null, null, null, null, null, null, 1, null, null, null, null, 0);
insert into "ORG_ORGANIZATION_V_TYPE" ("ID","IS_CORPORATION","IS_PROJECT","IS_ASSET","IS_SALES","IS_STOCK","IS_PURCHASE","IS_QC","IS_TRAFFIC","IS_MAINTAIN","IS_HR","IS_ADMINISTRATION","IS_FACTORY","IS_GROUP","IS_FINANCE","IS_DEPARTMENT","DATA_VERSION") values ('7ef1b5170f0f417e99366050bcbd8139', 1, null, null, null, null, null, null, null, null, null, 1, null, null, null, null, 0);
insert into "ORG_ORGANIZATION_V_TYPE" ("ID","IS_CORPORATION","IS_PROJECT","IS_ASSET","IS_SALES","IS_STOCK","IS_PURCHASE","IS_QC","IS_TRAFFIC","IS_MAINTAIN","IS_HR","IS_ADMINISTRATION","IS_FACTORY","IS_GROUP","IS_FINANCE","IS_DEPARTMENT","DATA_VERSION") values ('e85ed664c8264680a58783d511f75d66', 1, null, null, null, null, null, null, null, null, null, null, null, null, null, null, 0);
insert into "ORG_ORGANIZATION_V_TYPE" ("ID","IS_CORPORATION","IS_PROJECT","IS_ASSET","IS_SALES","IS_STOCK","IS_PURCHASE","IS_QC","IS_TRAFFIC","IS_MAINTAIN","IS_HR","IS_ADMINISTRATION","IS_FACTORY","IS_GROUP","IS_FINANCE","IS_DEPARTMENT","DATA_VERSION") values ('d524f9248bf7417593aa59d4576ab7a9', 1, null, null, null, null, null, null, null, null, null, 1, null, null, null, null, 0);
insert into "ORG_ORGANIZATION_V_TYPE" ("ID","IS_CORPORATION","IS_PROJECT","IS_ASSET","IS_SALES","IS_STOCK","IS_PURCHASE","IS_QC","IS_TRAFFIC","IS_MAINTAIN","IS_HR","IS_ADMINISTRATION","IS_FACTORY","IS_GROUP","IS_FINANCE","IS_DEPARTMENT","DATA_VERSION") values ('38a3d8c3dbe94b3fbd625a66775860e9', 1, null, null, null, null, null, null, null, null, null, 1, null, null, null, null, 0);

insert into "ORG_DEPARTMENT_V" ("ID","PARENT_ID","GROUP_ID","ORGANIZATION_ID","NAME","DEPARTMENT_ID","VERSION_NO","VERSION_NAME","VERSION_BEGIN_DATE","VERSION_END_DATE","CODE","IS_LAST_VERSION","CREATE_USER","CREATE_TIME","UPDATE_TIME","VERSION_BEGIN_USER_ID","VERSION_END_USER_ID","REMARK","DATA_VERSION","SORT_INDEX") values ('2337374ba30e4f80ab5f503541bff40d', '0', '9e92cb17c7bf4af9b6072520d42ea103', 'b96daa08d59c467a9bd6cca17e46f53f', '单体测试顶级部门1', '8c22d74d433d4828bd59b05d7059a8b7', null, null, '2020-02-12', null, '123123', 1, '96ec3a8024ee4532b95618c277504628', '2020-02-12 19:56:45.683000', '2020-02-12 19:56:45.683000', '96ec3a8024ee4532b95618c277504628', null, '', 0, 11);
insert into "ORG_DEPARTMENT_V" ("ID","PARENT_ID","GROUP_ID","ORGANIZATION_ID","NAME","DEPARTMENT_ID","VERSION_NO","VERSION_NAME","VERSION_BEGIN_DATE","VERSION_END_DATE","CODE","IS_LAST_VERSION","CREATE_USER","CREATE_TIME","UPDATE_TIME","VERSION_BEGIN_USER_ID","VERSION_END_USER_ID","REMARK","DATA_VERSION","SORT_INDEX") values ('642ee8db974742d284da7b11d127b0ce', '8c22d74d433d4828bd59b05d7059a8b7', '9e92cb17c7bf4af9b6072520d42ea103', 'b96daa08d59c467a9bd6cca17e46f53f', '单体测试一级部门1', '3373e43a15d74d97a4c9a2ebb4a5bb25', null, null, '2020-02-12', null, '423423', 1, '96ec3a8024ee4532b95618c277504628', '2020-02-12 19:57:02.905000', '2020-02-12 19:57:02.905000', '96ec3a8024ee4532b95618c277504628', null, '', 0, 10);
insert into "ORG_DEPARTMENT_V" ("ID","PARENT_ID","GROUP_ID","ORGANIZATION_ID","NAME","DEPARTMENT_ID","VERSION_NO","VERSION_NAME","VERSION_BEGIN_DATE","VERSION_END_DATE","CODE","IS_LAST_VERSION","CREATE_USER","CREATE_TIME","UPDATE_TIME","VERSION_BEGIN_USER_ID","VERSION_END_USER_ID","REMARK","DATA_VERSION","SORT_INDEX") values ('04cb1d3b64874f36bca3cc4654f248ea', '8c22d74d433d4828bd59b05d7059a8b7', '9e92cb17c7bf4af9b6072520d42ea103', 'b96daa08d59c467a9bd6cca17e46f53f', '单体测试一级部门2', 'fa08fccfe110469f87be52888b6159cd', null, null, '2020-02-12', null, '234234', 1, '96ec3a8024ee4532b95618c277504628', '2020-02-12 19:57:35.444000', '2020-02-12 19:57:35.444000', '96ec3a8024ee4532b95618c277504628', null, '', 0, 20);
insert into "ORG_DEPARTMENT_V" ("ID","PARENT_ID","GROUP_ID","ORGANIZATION_ID","NAME","DEPARTMENT_ID","VERSION_NO","VERSION_NAME","VERSION_BEGIN_DATE","VERSION_END_DATE","CODE","IS_LAST_VERSION","CREATE_USER","CREATE_TIME","UPDATE_TIME","VERSION_BEGIN_USER_ID","VERSION_END_USER_ID","REMARK","DATA_VERSION","SORT_INDEX") values ('7792b52a408d469d8bf86e4836789d8d', '3373e43a15d74d97a4c9a2ebb4a5bb25', '9e92cb17c7bf4af9b6072520d42ea103', 'b96daa08d59c467a9bd6cca17e46f53f', '单体测试二级部门1', '2eae92004a0148b39ab76d1e60012f4a', null, null, '2020-02-12', null, '545234', 1, '96ec3a8024ee4532b95618c277504628', '2020-02-12 19:57:50.690000', '2020-02-12 19:57:50.690000', '96ec3a8024ee4532b95618c277504628', null, '', 0, 10);
insert into "ORG_DEPARTMENT_V" ("ID","PARENT_ID","GROUP_ID","ORGANIZATION_ID","NAME","DEPARTMENT_ID","VERSION_NO","VERSION_NAME","VERSION_BEGIN_DATE","VERSION_END_DATE","CODE","IS_LAST_VERSION","CREATE_USER","CREATE_TIME","UPDATE_TIME","VERSION_BEGIN_USER_ID","VERSION_END_USER_ID","REMARK","DATA_VERSION","SORT_INDEX") values ('1d40bbf90bd3429491fa3b1c1ffe2f73', '2eae92004a0148b39ab76d1e60012f4a', '9e92cb17c7bf4af9b6072520d42ea103', 'b96daa08d59c467a9bd6cca17e46f53f', '单体测试三级部门1', '37af7950533b42c6a589d38ecc06f23b', null, null, '2020-02-12', null, '23423', 1, '96ec3a8024ee4532b95618c277504628', '2020-02-12 19:58:07.968000', '2020-02-12 19:58:07.968000', '96ec3a8024ee4532b95618c277504628', null, '', 0, 10);


insert into "ORG_DEPARTMENT" ("ID","PARENT_ID","GROUP_ID","VERSION_ID","ORGANIZATION_ID","NAME","CODE","CREATE_USER","CREATE_TIME","UPDATE_TIME","REMARK","DATA_VERSION","SORT_INDEX","SORT_PATH","IS_DELETE") values ('8c22d74d433d4828bd59b05d7059a8b7', '0', '9e92cb17c7bf4af9b6072520d42ea103', '2337374ba30e4f80ab5f503541bff40d', 'b96daa08d59c467a9bd6cca17e46f53f', '单体测试顶级部门1', '123123', '96ec3a8024ee4532b95618c277504628', '2020-02-12 19:56:45.683000', '2020-02-12 19:56:45.683000', '', 0, 11, '000011', 0);
insert into "ORG_DEPARTMENT" ("ID","PARENT_ID","GROUP_ID","VERSION_ID","ORGANIZATION_ID","NAME","CODE","CREATE_USER","CREATE_TIME","UPDATE_TIME","REMARK","DATA_VERSION","SORT_INDEX","SORT_PATH","IS_DELETE") values ('3373e43a15d74d97a4c9a2ebb4a5bb25', '8c22d74d433d4828bd59b05d7059a8b7', '9e92cb17c7bf4af9b6072520d42ea103', '642ee8db974742d284da7b11d127b0ce', 'b96daa08d59c467a9bd6cca17e46f53f', '单体测试一级部门1', '423423', '96ec3a8024ee4532b95618c277504628', '2020-02-12 19:57:02.905000', '2020-02-12 19:57:02.905000', '', 0, 10, '000011000010', 0);
insert into "ORG_DEPARTMENT" ("ID","PARENT_ID","GROUP_ID","VERSION_ID","ORGANIZATION_ID","NAME","CODE","CREATE_USER","CREATE_TIME","UPDATE_TIME","REMARK","DATA_VERSION","SORT_INDEX","SORT_PATH","IS_DELETE") values ('fa08fccfe110469f87be52888b6159cd', '8c22d74d433d4828bd59b05d7059a8b7', '9e92cb17c7bf4af9b6072520d42ea103', '04cb1d3b64874f36bca3cc4654f248ea', 'b96daa08d59c467a9bd6cca17e46f53f', '单体测试一级部门2', '234234', '96ec3a8024ee4532b95618c277504628', '2020-02-12 19:57:35.444000', '2020-02-12 19:57:35.444000', '', 0, 20, '000011000020', 0);
insert into "ORG_DEPARTMENT" ("ID","PARENT_ID","GROUP_ID","VERSION_ID","ORGANIZATION_ID","NAME","CODE","CREATE_USER","CREATE_TIME","UPDATE_TIME","REMARK","DATA_VERSION","SORT_INDEX","SORT_PATH","IS_DELETE") values ('2eae92004a0148b39ab76d1e60012f4a', '3373e43a15d74d97a4c9a2ebb4a5bb25', '9e92cb17c7bf4af9b6072520d42ea103', '7792b52a408d469d8bf86e4836789d8d', 'b96daa08d59c467a9bd6cca17e46f53f', '单体测试二级部门1', '545234', '96ec3a8024ee4532b95618c277504628', '2020-02-12 19:57:50.690000', '2020-02-12 19:57:50.690000', '', 0, 10, '000011000010000010', 0);
insert into "ORG_DEPARTMENT" ("ID","PARENT_ID","GROUP_ID","VERSION_ID","ORGANIZATION_ID","NAME","CODE","CREATE_USER","CREATE_TIME","UPDATE_TIME","REMARK","DATA_VERSION","SORT_INDEX","SORT_PATH","IS_DELETE") values ('37af7950533b42c6a589d38ecc06f23b', '2eae92004a0148b39ab76d1e60012f4a', '9e92cb17c7bf4af9b6072520d42ea103', '1d40bbf90bd3429491fa3b1c1ffe2f73', 'b96daa08d59c467a9bd6cca17e46f53f', '单体测试三级部门1', '23423', '96ec3a8024ee4532b95618c277504628', '2020-02-12 19:58:07.968000', '2020-02-12 19:58:07.968000', '', 0, 10, '000011000010000010000010', 0);


insert into "ORG_ORGANIZATION_V" ("ID","PARENT_ID","GROUP_ID","CORPORATION_ID","ORGANIZATION_ID","REMARK","NAME","SHORT_NAME","ADDRESS","COUNTRY_ZONE","ORGANIZATION_CODE","VERSION_NO","VERSION_NAME","VERSION_BEGIN_DATE","VERSION_END_DATE","IS_BUSINESS_UNIT","CODE","IS_LAST_VERSION","VERSION_BEGIN_USER_ID","VERSION_END_USER_ID","DATA_VERSION","SORT_INDEX") values ('8651c4426c1a4be598842cd1a0760fe0', 'b96daa08d59c467a9bd6cca17e46f53f', '9e92cb17c7bf4af9b6072520d42ea103', null, '8c22d74d433d4828bd59b05d7059a8b7', '', '单体测试顶级部门1', null, null, null, null, null, null, '2020-02-12', null, 2, '123123', 1, '96ec3a8024ee4532b95618c277504628', null, 0, 11);
insert into "ORG_ORGANIZATION_V" ("ID","PARENT_ID","GROUP_ID","CORPORATION_ID","ORGANIZATION_ID","REMARK","NAME","SHORT_NAME","ADDRESS","COUNTRY_ZONE","ORGANIZATION_CODE","VERSION_NO","VERSION_NAME","VERSION_BEGIN_DATE","VERSION_END_DATE","IS_BUSINESS_UNIT","CODE","IS_LAST_VERSION","VERSION_BEGIN_USER_ID","VERSION_END_USER_ID","DATA_VERSION","SORT_INDEX") values ('87230dbf91af42ebbc1fe1f2e6614604', '8c22d74d433d4828bd59b05d7059a8b7', '9e92cb17c7bf4af9b6072520d42ea103', null, '3373e43a15d74d97a4c9a2ebb4a5bb25', '', '单体测试一级部门1', null, null, null, null, null, null, '2020-02-12', null, 2, '423423', 1, '96ec3a8024ee4532b95618c277504628', null, 0, 10);
insert into "ORG_ORGANIZATION_V" ("ID","PARENT_ID","GROUP_ID","CORPORATION_ID","ORGANIZATION_ID","REMARK","NAME","SHORT_NAME","ADDRESS","COUNTRY_ZONE","ORGANIZATION_CODE","VERSION_NO","VERSION_NAME","VERSION_BEGIN_DATE","VERSION_END_DATE","IS_BUSINESS_UNIT","CODE","IS_LAST_VERSION","VERSION_BEGIN_USER_ID","VERSION_END_USER_ID","DATA_VERSION","SORT_INDEX") values ('2bb2d480f78b497a8e576467e804465d', '8c22d74d433d4828bd59b05d7059a8b7', '9e92cb17c7bf4af9b6072520d42ea103', null, 'fa08fccfe110469f87be52888b6159cd', '', '单体测试一级部门2', null, null, null, null, null, null, '2020-02-12', null, 2, '234234', 1, '96ec3a8024ee4532b95618c277504628', null, 0, 20);
insert into "ORG_ORGANIZATION_V" ("ID","PARENT_ID","GROUP_ID","CORPORATION_ID","ORGANIZATION_ID","REMARK","NAME","SHORT_NAME","ADDRESS","COUNTRY_ZONE","ORGANIZATION_CODE","VERSION_NO","VERSION_NAME","VERSION_BEGIN_DATE","VERSION_END_DATE","IS_BUSINESS_UNIT","CODE","IS_LAST_VERSION","VERSION_BEGIN_USER_ID","VERSION_END_USER_ID","DATA_VERSION","SORT_INDEX") values ('efee4a4c2ead41a195ea46f61208e8e8', '3373e43a15d74d97a4c9a2ebb4a5bb25', '9e92cb17c7bf4af9b6072520d42ea103', null, '2eae92004a0148b39ab76d1e60012f4a', '', '单体测试二级部门1', null, null, null, null, null, null, '2020-02-12', null, 2, '545234', 1, '96ec3a8024ee4532b95618c277504628', null, 0, 10);
insert into "ORG_ORGANIZATION_V" ("ID","PARENT_ID","GROUP_ID","CORPORATION_ID","ORGANIZATION_ID","REMARK","NAME","SHORT_NAME","ADDRESS","COUNTRY_ZONE","ORGANIZATION_CODE","VERSION_NO","VERSION_NAME","VERSION_BEGIN_DATE","VERSION_END_DATE","IS_BUSINESS_UNIT","CODE","IS_LAST_VERSION","VERSION_BEGIN_USER_ID","VERSION_END_USER_ID","DATA_VERSION","SORT_INDEX") values ('cc743b966b7e4686bf1fb802a7b47978', '2eae92004a0148b39ab76d1e60012f4a', '9e92cb17c7bf4af9b6072520d42ea103', null, '37af7950533b42c6a589d38ecc06f23b', '', '单体测试三级部门1', null, null, null, null, null, null, '2020-02-12', null, 2, '23423', 1, '96ec3a8024ee4532b95618c277504628', null, 0, 10);

insert into "ORG_ORGANIZATION" ("ID","PARENT_ID","GROUP_ID","CORPORATION_ID","VERSION_ID","CREATE_USER","CREATE_TIME","UPDATE_TIME","REMARK","NAME","SHORT_NAME","ADDRESS","COUNTRY_ZONE","ORGANIZATION_CODE","IS_BUSINESS_UNIT","CODE","DATA_VERSION","SORT_INDEX","SORT_PATH","IS_DELETE") values ('8c22d74d433d4828bd59b05d7059a8b7', 'b96daa08d59c467a9bd6cca17e46f53f', '9e92cb17c7bf4af9b6072520d42ea103', null, '8651c4426c1a4be598842cd1a0760fe0', '96ec3a8024ee4532b95618c277504628', '2020-02-12 19:56:45.707000', '2020-02-12 19:56:45.707000', '', '单体测试顶级部门1', null, null, null, null, 2, '123123', 0, 11, '003519000200000011', 0);
insert into "ORG_ORGANIZATION" ("ID","PARENT_ID","GROUP_ID","CORPORATION_ID","VERSION_ID","CREATE_USER","CREATE_TIME","UPDATE_TIME","REMARK","NAME","SHORT_NAME","ADDRESS","COUNTRY_ZONE","ORGANIZATION_CODE","IS_BUSINESS_UNIT","CODE","DATA_VERSION","SORT_INDEX","SORT_PATH","IS_DELETE") values ('3373e43a15d74d97a4c9a2ebb4a5bb25', '8c22d74d433d4828bd59b05d7059a8b7', '9e92cb17c7bf4af9b6072520d42ea103', null, '87230dbf91af42ebbc1fe1f2e6614604', '96ec3a8024ee4532b95618c277504628', '2020-02-12 19:57:02.917000', '2020-02-12 19:57:02.918000', '', '单体测试一级部门1', null, null, null, null, 2, '00677', 0, 10, '003519000200000011000010', 0);
insert into "ORG_ORGANIZATION" ("ID","PARENT_ID","GROUP_ID","CORPORATION_ID","VERSION_ID","CREATE_USER","CREATE_TIME","UPDATE_TIME","REMARK","NAME","SHORT_NAME","ADDRESS","COUNTRY_ZONE","ORGANIZATION_CODE","IS_BUSINESS_UNIT","CODE","DATA_VERSION","SORT_INDEX","SORT_PATH","IS_DELETE") values ('fa08fccfe110469f87be52888b6159cd', '8c22d74d433d4828bd59b05d7059a8b7', '9e92cb17c7bf4af9b6072520d42ea103', null, '2bb2d480f78b497a8e576467e804465d', '96ec3a8024ee4532b95618c277504628', '2020-02-12 19:57:35.457000', '2020-02-12 19:57:35.457000', '', '单体测试一级部门2', null, null, null, null, 2, '234234', 0, 20, '003519000200000011000020', 0);
insert into "ORG_ORGANIZATION" ("ID","PARENT_ID","GROUP_ID","CORPORATION_ID","VERSION_ID","CREATE_USER","CREATE_TIME","UPDATE_TIME","REMARK","NAME","SHORT_NAME","ADDRESS","COUNTRY_ZONE","ORGANIZATION_CODE","IS_BUSINESS_UNIT","CODE","DATA_VERSION","SORT_INDEX","SORT_PATH","IS_DELETE") values ('2eae92004a0148b39ab76d1e60012f4a', '3373e43a15d74d97a4c9a2ebb4a5bb25', '9e92cb17c7bf4af9b6072520d42ea103', null, 'efee4a4c2ead41a195ea46f61208e8e8', '96ec3a8024ee4532b95618c277504628', '2020-02-12 19:57:50.703000', '2020-02-12 19:57:50.703000', '', '单体测试二级部门1', null, null, null, null, 2, '545234', 0, 10, '003519000200000011000010000010', 0);
insert into "ORG_ORGANIZATION" ("ID","PARENT_ID","GROUP_ID","CORPORATION_ID","VERSION_ID","CREATE_USER","CREATE_TIME","UPDATE_TIME","REMARK","NAME","SHORT_NAME","ADDRESS","COUNTRY_ZONE","ORGANIZATION_CODE","IS_BUSINESS_UNIT","CODE","DATA_VERSION","SORT_INDEX","SORT_PATH","IS_DELETE") values ('37af7950533b42c6a589d38ecc06f23b', '2eae92004a0148b39ab76d1e60012f4a', '9e92cb17c7bf4af9b6072520d42ea103', null, 'cc743b966b7e4686bf1fb802a7b47978', '96ec3a8024ee4532b95618c277504628', '2020-02-12 19:58:07.984000', '2020-02-12 19:58:07.984000', '', '单体测试三级部门1', null, null, null, null, 2, '23423', 0, 10, '003519000200000011000010000010000010', 0);

insert into "ORG_ORGANIZATION_TYPE" ("ID","IS_CORPORATION","IS_PROJECT","IS_ASSET","IS_SALES","IS_STOCK","IS_PURCHASE","IS_QC","IS_TRAFFIC","IS_MAINTAIN","IS_HR","IS_ADMINISTRATION","IS_FACTORY","IS_GROUP","IS_FINANCE","DATA_VERSION","IS_DEPARTMENT") values ('8c22d74d433d4828bd59b05d7059a8b7', null, null, null, null, null, null, null, null, null, null, null, null, null, null, 0, 1);
insert into "ORG_ORGANIZATION_TYPE" ("ID","IS_CORPORATION","IS_PROJECT","IS_ASSET","IS_SALES","IS_STOCK","IS_PURCHASE","IS_QC","IS_TRAFFIC","IS_MAINTAIN","IS_HR","IS_ADMINISTRATION","IS_FACTORY","IS_GROUP","IS_FINANCE","DATA_VERSION","IS_DEPARTMENT") values ('3373e43a15d74d97a4c9a2ebb4a5bb25', null, null, null, null, null, null, null, null, null, null, null, null, null, null, 0, 1);
insert into "ORG_ORGANIZATION_TYPE" ("ID","IS_CORPORATION","IS_PROJECT","IS_ASSET","IS_SALES","IS_STOCK","IS_PURCHASE","IS_QC","IS_TRAFFIC","IS_MAINTAIN","IS_HR","IS_ADMINISTRATION","IS_FACTORY","IS_GROUP","IS_FINANCE","DATA_VERSION","IS_DEPARTMENT") values ('fa08fccfe110469f87be52888b6159cd', null, null, null, null, null, null, null, null, null, null, null, null, null, null, 0, 1);
insert into "ORG_ORGANIZATION_TYPE" ("ID","IS_CORPORATION","IS_PROJECT","IS_ASSET","IS_SALES","IS_STOCK","IS_PURCHASE","IS_QC","IS_TRAFFIC","IS_MAINTAIN","IS_HR","IS_ADMINISTRATION","IS_FACTORY","IS_GROUP","IS_FINANCE","DATA_VERSION","IS_DEPARTMENT") values ('2eae92004a0148b39ab76d1e60012f4a', null, null, null, null, null, null, null, null, null, null, null, null, null, null, 0, 1);
insert into "ORG_ORGANIZATION_TYPE" ("ID","IS_CORPORATION","IS_PROJECT","IS_ASSET","IS_SALES","IS_STOCK","IS_PURCHASE","IS_QC","IS_TRAFFIC","IS_MAINTAIN","IS_HR","IS_ADMINISTRATION","IS_FACTORY","IS_GROUP","IS_FINANCE","DATA_VERSION","IS_DEPARTMENT") values ('37af7950533b42c6a589d38ecc06f23b', null, null, null, null, null, null, null, null, null, null, null, null, null, null, 0, 1);

insert into "ORG_ORGANIZATION_V_TYPE" ("ID","IS_CORPORATION","IS_PROJECT","IS_ASSET","IS_SALES","IS_STOCK","IS_PURCHASE","IS_QC","IS_TRAFFIC","IS_MAINTAIN","IS_HR","IS_ADMINISTRATION","IS_FACTORY","IS_GROUP","IS_FINANCE","IS_DEPARTMENT","DATA_VERSION") values ('8651c4426c1a4be598842cd1a0760fe0', null, null, null, null, null, null, null, null, null, null, null, null, null, null, 1, 0);
insert into "ORG_ORGANIZATION_V_TYPE" ("ID","IS_CORPORATION","IS_PROJECT","IS_ASSET","IS_SALES","IS_STOCK","IS_PURCHASE","IS_QC","IS_TRAFFIC","IS_MAINTAIN","IS_HR","IS_ADMINISTRATION","IS_FACTORY","IS_GROUP","IS_FINANCE","IS_DEPARTMENT","DATA_VERSION") values ('87230dbf91af42ebbc1fe1f2e6614604', null, null, null, null, null, null, null, null, null, null, null, null, null, null, 1, 0);
insert into "ORG_ORGANIZATION_V_TYPE" ("ID","IS_CORPORATION","IS_PROJECT","IS_ASSET","IS_SALES","IS_STOCK","IS_PURCHASE","IS_QC","IS_TRAFFIC","IS_MAINTAIN","IS_HR","IS_ADMINISTRATION","IS_FACTORY","IS_GROUP","IS_FINANCE","IS_DEPARTMENT","DATA_VERSION") values ('2bb2d480f78b497a8e576467e804465d', null, null, null, null, null, null, null, null, null, null, null, null, null, null, 1, 0);
insert into "ORG_ORGANIZATION_V_TYPE" ("ID","IS_CORPORATION","IS_PROJECT","IS_ASSET","IS_SALES","IS_STOCK","IS_PURCHASE","IS_QC","IS_TRAFFIC","IS_MAINTAIN","IS_HR","IS_ADMINISTRATION","IS_FACTORY","IS_GROUP","IS_FINANCE","IS_DEPARTMENT","DATA_VERSION") values ('efee4a4c2ead41a195ea46f61208e8e8', null, null, null, null, null, null, null, null, null, null, null, null, null, null, 1, 0);
insert into "ORG_ORGANIZATION_V_TYPE" ("ID","IS_CORPORATION","IS_PROJECT","IS_ASSET","IS_SALES","IS_STOCK","IS_PURCHASE","IS_QC","IS_TRAFFIC","IS_MAINTAIN","IS_HR","IS_ADMINISTRATION","IS_FACTORY","IS_GROUP","IS_FINANCE","IS_DEPARTMENT","DATA_VERSION") values ('cc743b966b7e4686bf1fb802a7b47978', null, null, null, null, null, null, null, null, null, null, null, null, null, null, 1, 0);

insert into "SYS_DICT" ("ID","TYPE","NAME","DICT_EXPLAIN","APP_ID","DATA_VERSION","GROUP_ID","SCOPE") values ('1111b30dbda145ffa9ff847404425e2c', 'DANTI_POST_TYPE', '单体测DANTI_COUNTRY试岗位类别', '', '', 0, '', 1);

insert into "SYS_DICT_VALUE" ("ID","TYPE_ID","DICT_NAME","SORT_INDEX","APP_ID","TYPE","DATA_VERSION","DICT_VALUE","PARENT_ID","SORT_PATH","REMARK","GROUP_ID","SCOPE") values ('3347804290774390a8e38715a200c5ea', '1111b30dbda145ffa9ff847404425e2c', '研发岗', 1, '', 'DANTI_POST_TYPE', 0, '01', '0', '000001', '', '', 1);
insert into "SYS_DICT_VALUE" ("ID","TYPE_ID","DICT_NAME","SORT_INDEX","APP_ID","TYPE","DATA_VERSION","DICT_VALUE","PARENT_ID","SORT_PATH","REMARK","GROUP_ID","SCOPE") values ('85638563583f487b8ea0845ce8319774', '1111b30dbda145ffa9ff847404425e2c', '管理岗', 2, '', 'DANTI_POST_TYPE', 0, '02', '0', '000002', '', '', 1);

insert into "SYS_DICT" ("ID","TYPE","NAME","DICT_EXPLAIN","APP_ID","DATA_VERSION","GROUP_ID","SCOPE") values ('1rfgb30dbda145ffa9ff847404425e2c', 'DANTI_COUNTRY', '单体测试国家类别', '', '', 0, '9e92cb17c7bf4af9b6072520d42ea103', 2);

insert into "SYS_DICT_VALUE" ("ID","TYPE_ID","DICT_NAME","SORT_INDEX","APP_ID","TYPE","DATA_VERSION","DICT_VALUE","PARENT_ID","SORT_PATH","REMARK","GROUP_ID","SCOPE") values ('3457804290774390a8e38715a200c5ea', '1rfgb30dbda145ffa9ff847404425e2c', '中国', 1, '', 'DANTI_COUNTRY', 0, '01', '0', '000001', '', '9e92cb17c7bf4af9b6072520d42ea103', 2);
insert into "SYS_DICT_VALUE" ("ID","TYPE_ID","DICT_NAME","SORT_INDEX","APP_ID","TYPE","DATA_VERSION","DICT_VALUE","PARENT_ID","SORT_PATH","REMARK","GROUP_ID","SCOPE") values ('87hj8563583f487b8ea0845ce8319774', '1rfgb30dbda145ffa9ff847404425e2c', '美国', 2, '', 'DANTI_COUNTRY', 0, '02', '0', '000002', '', '9e92cb17c7bf4af9b6072520d42ea103', 2);

insert into "SYS_DICT" ("ID","TYPE","NAME","DICT_EXPLAIN","APP_ID","DATA_VERSION","GROUP_ID","SCOPE") values ('3ertb30dbda145ffa9ff847404425e2c', 'DANTI_GAME', '单体测试游戏类别', '', 'bt-ceshidemo111', 0, '9e92cb17c7bf4af9b6072520d42ea103', 3);

insert into "SYS_DICT_VALUE" ("ID","TYPE_ID","DICT_NAME","SORT_INDEX","APP_ID","TYPE","DATA_VERSION","DICT_VALUE","PARENT_ID","SORT_PATH","REMARK","GROUP_ID","SCOPE") values ('edrf804290774390a8e38715a200c5ea', '3ertb30dbda145ffa9ff847404425e2c', 'LOL', 1, 'bt-ceshidemo111', 'DANTI_GAME', 0, '01', '0', '000001', '', '9e92cb17c7bf4af9b6072520d42ea103', 3);
insert into "SYS_DICT_VALUE" ("ID","TYPE_ID","DICT_NAME","SORT_INDEX","APP_ID","TYPE","DATA_VERSION","DICT_VALUE","PARENT_ID","SORT_PATH","REMARK","GROUP_ID","SCOPE") values ('dvbnjul290774390a8e38715a200c5ea', '3ertb30dbda145ffa9ff847404425e2c', 'LOLPC', 12, 'bt-ceshidemo111', 'DANTI_GAME', 0, '12', 'edrf804290774390a8e38715a200c5ea', '000001000012', '', '9e92cb17c7bf4af9b6072520d42ea103', 3);
insert into "SYS_DICT_VALUE" ("ID","TYPE_ID","DICT_NAME","SORT_INDEX","APP_ID","TYPE","DATA_VERSION","DICT_VALUE","PARENT_ID","SORT_PATH","REMARK","GROUP_ID","SCOPE") values ('vhbj8563583f487b8ea0845ce8319774', '3ertb30dbda145ffa9ff847404425e2c', 'CF', 2, 'bt-ceshidemo111', 'DANTI_GAME', 0, '02', '0', '000002', '', '9e92cb17c7bf4af9b6072520d42ea103', 3);

insert into "BD_POST" ("ID","NAME","DEPARTMENT_ID","GROUP_ID","ORGANIZATION_ID","DATA_VERSION","SORT_INDEX","TYPE_ID") values ('66553ad0839e487293c4557cb40877e6', '单体测试岗位1', '8c22d74d433d4828bd59b05d7059a8b7', '9e92cb17c7bf4af9b6072520d42ea103', 'b96daa08d59c467a9bd6cca17e46f53f', '0', 36, '3347804290774390a8e38715a200c5ea');
insert into "BD_POST" ("ID","NAME","DEPARTMENT_ID","GROUP_ID","ORGANIZATION_ID","DATA_VERSION","SORT_INDEX","TYPE_ID") values ('23233ad0839e487293c4557cb40877e6', '单体测试岗位2', '8c22d74d433d4828bd59b05d7059a8b7', '9e92cb17c7bf4af9b6072520d42ea103', 'b96daa08d59c467a9bd6cca17e46f53f', '0', 24, '3347804290774390a8e38715a200c5ea');

insert into "BD_JOB" ("ID","NAME","SORT_INDEX","DATA_VERSION","GROUP_ID") values ('10d31045f5114983a5110f0915197284', '单体测试职务1', 51, '0', '9e92cb17c7bf4af9b6072520d42ea103');

insert into "BD_PERSON_DOC" ("ID","GROUP_ID","ORGANIZATION_ID","NAME","USED_NAME","HOME_ADDRESS","BIRTH_DATE","CODE","ID_NUMBER","PERSON_ID_TYPE_ID","JOIN_WORK_DATE","CELL_PHONE","NICK_NAME","OFFICE_PHONE","HOME_PHONE","GENDER","PIN_YIN","CREATE_USER","CREATE_TIME","UPDATE_TIME","REMARK","DATA_VERSION","IS_DELETE") values ('c17949cab6c441b189718f44cbd833e5', '9e92cb17c7bf4af9b6072520d42ea103', 'b96daa08d59c467a9bd6cca17e46f53f', '单体测试档案1', '', '', null, '423432', '', '', null, '', '', '', '', 0, 'danyuanceshiyonghu1', '96ec3a8024ee4532b95618c277504628', '2020-02-13 10:36:01.926000', '2020-02-13 10:36:01.926000', null, 0, 0);
insert into "BD_PERSON_DOC" ("ID","GROUP_ID","ORGANIZATION_ID","NAME","USED_NAME","HOME_ADDRESS","BIRTH_DATE","CODE","ID_NUMBER","PERSON_ID_TYPE_ID","JOIN_WORK_DATE","CELL_PHONE","NICK_NAME","OFFICE_PHONE","HOME_PHONE","GENDER","PIN_YIN","CREATE_USER","CREATE_TIME","UPDATE_TIME","REMARK","DATA_VERSION","IS_DELETE") values ('6899c92db4624a829e49165f8732bfb1', '9e92cb17c7bf4af9b6072520d42ea103', 'b96daa08d59c467a9bd6cca17e46f53f', '单体测试档案2', '', '', null, '454565', '', '', null, '', '', '', '', 0, 'danyuanceshiyonghu2', '96ec3a8024ee4532b95618c277504628', '2020-02-13 10:38:06.383000', '2020-02-13 10:38:06.383000', null, 0, 0);
insert into "BD_PERSON_DOC" ("ID","GROUP_ID","ORGANIZATION_ID","NAME","USED_NAME","HOME_ADDRESS","BIRTH_DATE","CODE","ID_NUMBER","PERSON_ID_TYPE_ID","JOIN_WORK_DATE","CELL_PHONE","NICK_NAME","OFFICE_PHONE","HOME_PHONE","GENDER","PIN_YIN","CREATE_USER","CREATE_TIME","UPDATE_TIME","REMARK","DATA_VERSION","IS_DELETE") values ('9d24ece16e3f419abe7ef6a0a678089e', '9e92cb17c7bf4af9b6072520d42ea103', 'b96daa08d59c467a9bd6cca17e46f53f', '单体测试档案3', '', '', null, '423423', '', '', null, '', '', '', '', 0, 'danyuanceshiyonghu3', '96ec3a8024ee4532b95618c277504628', '2020-02-13 10:38:25.591000', '2020-02-13 10:38:25.591000', null, 0, 0);
insert into "BD_PERSON_DOC" ("ID","GROUP_ID","ORGANIZATION_ID","NAME","USED_NAME","HOME_ADDRESS","BIRTH_DATE","CODE","ID_NUMBER","PERSON_ID_TYPE_ID","JOIN_WORK_DATE","CELL_PHONE","NICK_NAME","OFFICE_PHONE","HOME_PHONE","GENDER","PIN_YIN","CREATE_USER","CREATE_TIME","UPDATE_TIME","REMARK","DATA_VERSION","IS_DELETE") values ('56dfbc24dda8488f8de9eed87441bb99', '9e92cb17c7bf4af9b6072520d42ea103', 'b96daa08d59c467a9bd6cca17e46f53f', '单体测试档案4', '', '', null, '45656', '', '', null, '', '', '', '', 0, 'danyuanceshiyonghu4', '96ec3a8024ee4532b95618c277504628', '2020-02-13 10:38:48.898000', '2020-02-13 10:38:48.898000', null, 0, 0);
insert into "BD_PERSON_DOC" ("ID","GROUP_ID","ORGANIZATION_ID","NAME","USED_NAME","HOME_ADDRESS","BIRTH_DATE","CODE","ID_NUMBER","PERSON_ID_TYPE_ID","JOIN_WORK_DATE","CELL_PHONE","NICK_NAME","OFFICE_PHONE","HOME_PHONE","GENDER","PIN_YIN","CREATE_USER","CREATE_TIME","UPDATE_TIME","REMARK","DATA_VERSION","IS_DELETE") values ('c5264ad8fa0a4756af71007cad47876a', '9e92cb17c7bf4af9b6072520d42ea103', 'b96daa08d59c467a9bd6cca17e46f53f', '单体测试档案5', '', '', null, '45645', '', '', null, '', '', '', '', 0, 'danyuanceshiyonghu5', '96ec3a8024ee4532b95618c277504628', '2020-02-13 10:39:05.071000', '2020-02-13 10:39:05.071000', null, 0, 0);
insert into "BD_PERSON_DOC" ("ID","GROUP_ID","ORGANIZATION_ID","NAME","USED_NAME","HOME_ADDRESS","BIRTH_DATE","CODE","ID_NUMBER","PERSON_ID_TYPE_ID","JOIN_WORK_DATE","CELL_PHONE","NICK_NAME","OFFICE_PHONE","HOME_PHONE","GENDER","PIN_YIN","CREATE_USER","CREATE_TIME","UPDATE_TIME","REMARK","DATA_VERSION","IS_DELETE") values ('6fb1542175fc41f3adf1aefad04584ce', '9e92cb17c7bf4af9b6072520d42ea103', 'b96daa08d59c467a9bd6cca17e46f53f', '单体测试档案6', '', '', null, '56765', '', '', null, '', '', '', '', 0, 'danyuanceshiyonghu6', '96ec3a8024ee4532b95618c277504628', '2020-02-13 10:39:23.150000', '2020-02-13 10:39:23.150000', null, 0, 0);


insert into "BD_PERSON_JOB" ("ID","GROUP_ID","ORGANIZATION_ID","PERSON_CODE","SORT_INDEX","POST_ID","JOB_ID","DEPARTMENT_ID","JOB_NAME","IS_MAIN_JOB","IN_DUTY_DATE","END_DUTY_DATE","PERSON_DOC_ID","DATA_VERSION","CREATE_USER","CREATE_TIME","UPDATE_TIME","REMARK") values ('13a7e65cc34646ef9f7b0386912a5a7e', '9e92cb17c7bf4af9b6072520d42ea103', 'b96daa08d59c467a9bd6cca17e46f53f', '423432', 1, '66553ad0839e487293c4557cb40877e6', '10d31045f5114983a5110f0915197284', '8c22d74d433d4828bd59b05d7059a8b7', null, 1, null, null, 'c17949cab6c441b189718f44cbd833e5', 0, '96ec3a8024ee4532b95618c277504628', '2020-02-13', '2020-02-13', null);
insert into "BD_PERSON_JOB" ("ID","GROUP_ID","ORGANIZATION_ID","PERSON_CODE","SORT_INDEX","POST_ID","JOB_ID","DEPARTMENT_ID","JOB_NAME","IS_MAIN_JOB","IN_DUTY_DATE","END_DUTY_DATE","PERSON_DOC_ID","DATA_VERSION","CREATE_USER","CREATE_TIME","UPDATE_TIME","REMARK") values ('585c35903f5349dd93c073fff0d1d60d', '9e92cb17c7bf4af9b6072520d42ea103', 'b96daa08d59c467a9bd6cca17e46f53f', '454565', 1, '66553ad0839e487293c4557cb40877e6', '10d31045f5114983a5110f0915197284', '8c22d74d433d4828bd59b05d7059a8b7', null, 1, null, null, '6899c92db4624a829e49165f8732bfb1', 0, '96ec3a8024ee4532b95618c277504628', '2020-02-13', '2020-02-13', null);
insert into "BD_PERSON_JOB" ("ID","GROUP_ID","ORGANIZATION_ID","PERSON_CODE","SORT_INDEX","POST_ID","JOB_ID","DEPARTMENT_ID","JOB_NAME","IS_MAIN_JOB","IN_DUTY_DATE","END_DUTY_DATE","PERSON_DOC_ID","DATA_VERSION","CREATE_USER","CREATE_TIME","UPDATE_TIME","REMARK") values ('33220b957f4c4f3f935c162337d896de', '9e92cb17c7bf4af9b6072520d42ea103', 'b96daa08d59c467a9bd6cca17e46f53f', '423423', 1, '66553ad0839e487293c4557cb40877e6', '10d31045f5114983a5110f0915197284', '8c22d74d433d4828bd59b05d7059a8b7', null, 1, null, null, '9d24ece16e3f419abe7ef6a0a678089e', 0, '96ec3a8024ee4532b95618c277504628', '2020-02-13', '2020-02-13', null);
insert into "BD_PERSON_JOB" ("ID","GROUP_ID","ORGANIZATION_ID","PERSON_CODE","SORT_INDEX","POST_ID","JOB_ID","DEPARTMENT_ID","JOB_NAME","IS_MAIN_JOB","IN_DUTY_DATE","END_DUTY_DATE","PERSON_DOC_ID","DATA_VERSION","CREATE_USER","CREATE_TIME","UPDATE_TIME","REMARK") values ('250b126d58ff40f6b65bd17ae14dab3c', '9e92cb17c7bf4af9b6072520d42ea103', 'b96daa08d59c467a9bd6cca17e46f53f', '45656', 1, '66553ad0839e487293c4557cb40877e6', '10d31045f5114983a5110f0915197284', '8c22d74d433d4828bd59b05d7059a8b7', null, 1, null, null, '56dfbc24dda8488f8de9eed87441bb99', 0, '96ec3a8024ee4532b95618c277504628', '2020-02-13', '2020-02-13', null);
insert into "BD_PERSON_JOB" ("ID","GROUP_ID","ORGANIZATION_ID","PERSON_CODE","SORT_INDEX","POST_ID","JOB_ID","DEPARTMENT_ID","JOB_NAME","IS_MAIN_JOB","IN_DUTY_DATE","END_DUTY_DATE","PERSON_DOC_ID","DATA_VERSION","CREATE_USER","CREATE_TIME","UPDATE_TIME","REMARK") values ('36b77b92db2e4d22abc3c364f1171e18', '9e92cb17c7bf4af9b6072520d42ea103', 'b96daa08d59c467a9bd6cca17e46f53f', '45645', 1, '66553ad0839e487293c4557cb40877e6', '10d31045f5114983a5110f0915197284', '8c22d74d433d4828bd59b05d7059a8b7', null, 1, null, null, 'c5264ad8fa0a4756af71007cad47876a', 0, '96ec3a8024ee4532b95618c277504628', '2020-02-13', '2020-02-13', null);
insert into "BD_PERSON_JOB" ("ID","GROUP_ID","ORGANIZATION_ID","PERSON_CODE","SORT_INDEX","POST_ID","JOB_ID","DEPARTMENT_ID","JOB_NAME","IS_MAIN_JOB","IN_DUTY_DATE","END_DUTY_DATE","PERSON_DOC_ID","DATA_VERSION","CREATE_USER","CREATE_TIME","UPDATE_TIME","REMARK") values ('72a40f58c4f343e6b348e959595a3535', '9e92cb17c7bf4af9b6072520d42ea103', 'b96daa08d59c467a9bd6cca17e46f53f', '56765', 1, '66553ad0839e487293c4557cb40877e6', '10d31045f5114983a5110f0915197284', '8c22d74d433d4828bd59b05d7059a8b7', null, 1, null, null, '6fb1542175fc41f3adf1aefad04584ce', 0, '96ec3a8024ee4532b95618c277504628', '2020-02-13', '2020-02-13', null);


insert into "SYS_USER" ("ID","STAFF_NO","USER_NAME","REAL_NAME","EMAIL","PHONE_NUMBER","USER_TYPE","REMARK","START_FLAG","SECRET_LEVEL","SORT_INDEX","USER_POST","CREATE_TIME","UPDATE_TIME","PASSWORD","PASSWORD_UPDATE_TIME","PERSON_DOC_ID","BASE_DOC_TYPE","PINYIN","PSW_POLICY_ID","FAIL_LOGIN_TIMES","CREATE_USER","UNLOCK_TIME","IS_FIRST_LOGIN","DATA_VERSION","GROUP_ID","IS_DELETE","ORGANIZATION_ID","IS_IP_BIND","IP_ADDRESS") values ('f0998046ae844ed4b1c1dab4e490f62e', '1122', 'ceshiuser1', '单体测试用户1', null, null, 3, null, '1', 3, 29692, null, '2020-02-13 09:51:34.277000', '2020-02-13 09:51:34.278000', 'dBGuuGiu24hb4kFQY8n3KdF3gqF5bFsJLA7UkdDOgXg=', '2020-02-13 09:51:34.298000', 'c17949cab6c441b189718f44cbd833e5', null, 'danyuanceshiyonghu1', null, null, '96ec3a8024ee4532b95618c277504628', null, 1, 0, '9e92cb17c7bf4af9b6072520d42ea103', 0, 'b96daa08d59c467a9bd6cca17e46f53f', 0, null);
insert into "SYS_USER" ("ID","STAFF_NO","USER_NAME","REAL_NAME","EMAIL","PHONE_NUMBER","USER_TYPE","REMARK","START_FLAG","SECRET_LEVEL","SORT_INDEX","USER_POST","CREATE_TIME","UPDATE_TIME","PASSWORD","PASSWORD_UPDATE_TIME","PERSON_DOC_ID","BASE_DOC_TYPE","PINYIN","PSW_POLICY_ID","FAIL_LOGIN_TIMES","CREATE_USER","UNLOCK_TIME","IS_FIRST_LOGIN","DATA_VERSION","GROUP_ID","IS_DELETE","ORGANIZATION_ID","IS_IP_BIND","IP_ADDRESS") values ('dca07269fe1c4fecb667c442c3ace476', '34566', 'ceshiuser2', '单体测试用户2', null, null, 3, null, '1', 4, 29702, null, '2020-02-13 09:51:58.847000', '2020-02-13 09:51:58.847000', 'GinMcDBBLp82eAZgqaxQi4Ju0WlsW-XDfMfMA0kmjx0=', '2020-02-13 09:51:58.867000', '6899c92db4624a829e49165f8732bfb1', null, 'danyuanceshiyonghu2', null, null, '96ec3a8024ee4532b95618c277504628', null, 1, 0, '9e92cb17c7bf4af9b6072520d42ea103', 0, 'b96daa08d59c467a9bd6cca17e46f53f', 0, null);
insert into "SYS_USER" ("ID","STAFF_NO","USER_NAME","REAL_NAME","EMAIL","PHONE_NUMBER","USER_TYPE","REMARK","START_FLAG","SECRET_LEVEL","SORT_INDEX","USER_POST","CREATE_TIME","UPDATE_TIME","PASSWORD","PASSWORD_UPDATE_TIME","PERSON_DOC_ID","BASE_DOC_TYPE","PINYIN","PSW_POLICY_ID","FAIL_LOGIN_TIMES","CREATE_USER","UNLOCK_TIME","IS_FIRST_LOGIN","DATA_VERSION","GROUP_ID","IS_DELETE","ORGANIZATION_ID","IS_IP_BIND","IP_ADDRESS") values ('cd3947f0c7a3478e97acbec9813f66e3', '56755', 'ceshiuser3', '单体测试用户3', null, null, 3, null, '1', 5, 29712, null, '2020-02-13 09:52:22.690000', '2020-02-13 09:52:22.690000', 'CIvpHucTvThWHQOHDbt0-dOBxQE-3au7izDxXWaF_no=', '2020-02-13 09:52:22.715000', '9d24ece16e3f419abe7ef6a0a678089e', null, 'danyuanceshiyonghu3', null, null, '96ec3a8024ee4532b95618c277504628', null, 1, 0, '9e92cb17c7bf4af9b6072520d42ea103', 0, 'b96daa08d59c467a9bd6cca17e46f53f', 0, null);
insert into "SYS_USER" ("ID","STAFF_NO","USER_NAME","REAL_NAME","EMAIL","PHONE_NUMBER","USER_TYPE","REMARK","START_FLAG","SECRET_LEVEL","SORT_INDEX","USER_POST","CREATE_TIME","UPDATE_TIME","PASSWORD","PASSWORD_UPDATE_TIME","PERSON_DOC_ID","BASE_DOC_TYPE","PINYIN","PSW_POLICY_ID","FAIL_LOGIN_TIMES","CREATE_USER","UNLOCK_TIME","IS_FIRST_LOGIN","DATA_VERSION","GROUP_ID","IS_DELETE","ORGANIZATION_ID","IS_IP_BIND","IP_ADDRESS") values ('262432b31fd249ce8ade25aa1df39966', '68768', 'ceshiuser4', '单体测试用户4', null, null, 3, null, '1', 5, 29722, null, '2020-02-13 09:52:43.947000', '2020-02-13 09:52:43.948000', 'g50FhQ4_KhxF0DJdjFGYLSGqdeq9yj2q4TTrfGxv1FI=', '2020-02-13 09:52:43.966000', '56dfbc24dda8488f8de9eed87441bb99', null, 'danyuanceshiyonghu4', null, null, '96ec3a8024ee4532b95618c277504628', null, 1, 0, '9e92cb17c7bf4af9b6072520d42ea103', 0, 'b96daa08d59c467a9bd6cca17e46f53f', 0, null);
insert into "SYS_USER" ("ID","STAFF_NO","USER_NAME","REAL_NAME","EMAIL","PHONE_NUMBER","USER_TYPE","REMARK","START_FLAG","SECRET_LEVEL","SORT_INDEX","USER_POST","CREATE_TIME","UPDATE_TIME","PASSWORD","PASSWORD_UPDATE_TIME","PERSON_DOC_ID","BASE_DOC_TYPE","PINYIN","PSW_POLICY_ID","FAIL_LOGIN_TIMES","CREATE_USER","UNLOCK_TIME","IS_FIRST_LOGIN","DATA_VERSION","GROUP_ID","IS_DELETE","ORGANIZATION_ID","IS_IP_BIND","IP_ADDRESS") values ('884b9b13c26740aaa07849bec202e104', '321236', 'ceshiuser5', '单体测试用户5', null, null, 3, null, '1', 5, 29732, null, '2020-02-13 09:53:01.409000', '2020-02-13 09:53:01.410000', 'euf73rOa2rAEdt5lzDAZKzuRSu5LvkaqMC2Qd4xy3-A=', '2020-02-13 09:53:01.434000', 'c5264ad8fa0a4756af71007cad47876a', null, 'danyuanceshiyonghu5', null, null, '96ec3a8024ee4532b95618c277504628', null, 1, 0, '9e92cb17c7bf4af9b6072520d42ea103', 0, 'b96daa08d59c467a9bd6cca17e46f53f', 0, null);


insert into "SYS_ROLE" ("ID","NAME","ROLE_EXPLAIN","ROLE_TYPE","CREATE_TIME","CREATE_USER","UPDATE_TIME","REMARK","APP_ID","DATA_VERSION") values ('3aca40d1a6594410bc599b6d3f2821f7', '单体测试角色1', '', 0, '2020-02-13 18:13:23.903000', '4f8566cd702340579a8395b79827e75c', null, '', 'bt-ceshidemo111', 0);
insert into "SYS_ROLE" ("ID","NAME","ROLE_EXPLAIN","ROLE_TYPE","CREATE_TIME","CREATE_USER","UPDATE_TIME","REMARK","APP_ID","DATA_VERSION") values ('4aca40d1a6594410bc599b6d3f2821f8', '单体测试角色2', '', 0, '2020-02-13 18:13:23.903000', '4f8566cd702340579a8395b79827e75c', null, '', 'bt-ceshidemo111', 0);
insert into "SYS_ROLE" ("ID","NAME","ROLE_EXPLAIN","ROLE_TYPE","CREATE_TIME","CREATE_USER","UPDATE_TIME","REMARK","APP_ID","DATA_VERSION") values ('5aca40d1a6594410bc599b6d3f2821f9', '单体测试角色3', '', 0, '2020-02-13 18:13:23.903000', '4f8566cd702340579a8395b79827e75c', null, '', 'bt-ceshidemo111', 0);
insert into "SYS_ROLE" ("ID","NAME","ROLE_EXPLAIN","ROLE_TYPE","CREATE_TIME","CREATE_USER","UPDATE_TIME","REMARK","APP_ID","DATA_VERSION") values ('6aca40d1a6594410bc599b6d3f2821f1', '单体测试角色4', '', 0, '2020-02-13 18:13:23.903000', '4f8566cd702340579a8395b79827e75c', null, '', 'bt-ceshidemo111', 0);
insert into "SYS_ROLE" ("ID","NAME","ROLE_EXPLAIN","ROLE_TYPE","CREATE_TIME","CREATE_USER","UPDATE_TIME","REMARK","APP_ID","DATA_VERSION") values ('7aca40d1a6594410bc599b6d3f2821f2', '单体测试角色5', '', 0, '2020-02-13 18:13:23.903000', '4f8566cd702340579a8395b79827e75c', null, '', 'bt-ceshidemo111', 0);
insert into "SYS_ROLE" ("ID","NAME","ROLE_EXPLAIN","ROLE_TYPE","CREATE_TIME","CREATE_USER","UPDATE_TIME","REMARK","APP_ID","DATA_VERSION") values ('12ae6063aa254c358df9cf45c04790cd', '单体测试下级角色1', '', 0, '2020-02-13 18:13:41.211000', '4f8566cd702340579a8395b79827e75c', null, '', 'bt-ceshidemo111', 0);
insert into "SYS_ROLE" ("ID","NAME","ROLE_EXPLAIN","ROLE_TYPE","CREATE_TIME","CREATE_USER","UPDATE_TIME","REMARK","APP_ID","DATA_VERSION") values ('79c10fea0e1a491690931c8e6ec89a51', '单体测试下级角色2', '', 0, '2020-02-13 18:13:50.781000', '4f8566cd702340579a8395b79827e75c', null, '', 'bt-ceshidemo111', 0);
insert into "SYS_ROLE" ("ID","NAME","ROLE_EXPLAIN","ROLE_TYPE","CREATE_TIME","CREATE_USER","UPDATE_TIME","REMARK","APP_ID","DATA_VERSION") values ('33410fea0e1a491690931c8e6ec89a51', '单体测试下级角色2-下级角色1', '', 0, '2020-02-13 18:13:50.781000', '4f8566cd702340579a8395b79827e75c', null, '', 'bt-ceshidemo111', 0);
insert into "SYS_ROLE" ("ID","NAME","ROLE_EXPLAIN","ROLE_TYPE","CREATE_TIME","CREATE_USER","UPDATE_TIME","REMARK","APP_ID","DATA_VERSION") values ('758299e24b134dccb7f1d338cfab36d8', '单体测试互斥角色1', '', 0, '2020-02-13 18:13:59.607000', '4f8566cd702340579a8395b79827e75c', null, '', 'bt-ceshidemo111', 0);
insert into "SYS_ROLE" ("ID","NAME","ROLE_EXPLAIN","ROLE_TYPE","CREATE_TIME","CREATE_USER","UPDATE_TIME","REMARK","APP_ID","DATA_VERSION") values ('4a2b416aab1445cea1addf60c2bbc2a4', '单体测试互斥角色2', '', 0, '2020-02-13 18:14:07.955000', '4f8566cd702340579a8395b79827e75c', null, '', 'bt-ceshidemo111', 0);

insert into "SYS_ROLE_MUTEX" ("ID","ROLE_ID","ROLE_MUTEX_ID","CREATE_USER","CREATE_TIME","UPDATE_TIME","REMARK","DATA_VERSION") values ('6b8fe93ebae24069976bb2c6b31bbc24', '3aca40d1a6594410bc599b6d3f2821f7', '758299e24b134dccb7f1d338cfab36d8', 'c65e8cef88f94303ba888e6bce098c6b', '2020-02-13 18:17:12.586000', null, null, null);
insert into "SYS_ROLE_MUTEX" ("ID","ROLE_ID","ROLE_MUTEX_ID","CREATE_USER","CREATE_TIME","UPDATE_TIME","REMARK","DATA_VERSION") values ('e8af1c3a4f9b457f95fd3669e245d19e', '3aca40d1a6594410bc599b6d3f2821f7', '4a2b416aab1445cea1addf60c2bbc2a4', 'c65e8cef88f94303ba888e6bce098c6b', '2020-02-13 18:17:12.595000', null, null, null);
insert into "SYS_ROLE_RELATION" ("ID","PID","CID","CREATE_USER","CREATE_TIME","UPDATE_TIME","REMARK","DATA_VERSION") values ('dcc90e6a14a64109a2c0c816b6b8fae4', '3aca40d1a6594410bc599b6d3f2821f7', '79c10fea0e1a491690931c8e6ec89a51', 'c65e8cef88f94303ba888e6bce098c6b', '2020-02-13 18:16:59.701000', null, null, 0);
insert into "SYS_ROLE_RELATION" ("ID","PID","CID","CREATE_USER","CREATE_TIME","UPDATE_TIME","REMARK","DATA_VERSION") values ('e130c789579c457090ccd4925ec1bee7', '3aca40d1a6594410bc599b6d3f2821f7', '12ae6063aa254c358df9cf45c04790cd', 'c65e8cef88f94303ba888e6bce098c6b', '2020-02-13 18:16:59.697000', null, null, 0);
insert into "SYS_ROLE_RELATION" ("ID","PID","CID","CREATE_USER","CREATE_TIME","UPDATE_TIME","REMARK","DATA_VERSION") values ('3433c789579c457090ccd4925ec1bee7', '79c10fea0e1a491690931c8e6ec89a51', '33410fea0e1a491690931c8e6ec89a51', 'c65e8cef88f94303ba888e6bce098c6b', '2020-02-13 18:16:59.697000', null, null, 0);


insert into "SYS_AUTH" ("ID","NAME","APP_ID","REMARK","SORT_INDEX","PARENT_ID","CREATE_USER","CREATE_TIME","UPDATE_TIME","SORT_PATH","IS_ORG_ADMIN","IS_USER_GROUP_ADMIN","CODE","DATA_VERSION") values ('7eec28f2ddb64fc7a5542ea5d0e6e607', '单体测试权限1', 'bt-ceshidemo111', '', 20, '0', '681cead3d0764d24b261fe3d531ad775', '2020-02-14 10:51:02.068000', null, '000020', 0, 0, 'code1', 0);
insert into "SYS_AUTH" ("ID","NAME","APP_ID","REMARK","SORT_INDEX","PARENT_ID","CREATE_USER","CREATE_TIME","UPDATE_TIME","SORT_PATH","IS_ORG_ADMIN","IS_USER_GROUP_ADMIN","CODE","DATA_VERSION") values ('dea304f572034b67a2f3f2727d470f47', '单体测试权限2', 'bt-ceshidemo111', '', 30, '0', '681cead3d0764d24b261fe3d531ad775', '2020-02-14 10:51:14.719000', null, '000030', 0, 0, 'code2', 0);
insert into "SYS_AUTH" ("ID","NAME","APP_ID","REMARK","SORT_INDEX","PARENT_ID","CREATE_USER","CREATE_TIME","UPDATE_TIME","SORT_PATH","IS_ORG_ADMIN","IS_USER_GROUP_ADMIN","CODE","DATA_VERSION") values ('e66ecacdc5ca437696e7d6c4d8bee13c', '单体测试权限3', 'bt-ceshidemo111', '', 40, '0', '681cead3d0764d24b261fe3d531ad775', '2020-02-14 10:51:27.939000', null, '000040', 0, 0, 'code3', 0);
insert into "SYS_AUTH" ("ID","NAME","APP_ID","REMARK","SORT_INDEX","PARENT_ID","CREATE_USER","CREATE_TIME","UPDATE_TIME","SORT_PATH","IS_ORG_ADMIN","IS_USER_GROUP_ADMIN","CODE","DATA_VERSION") values ('111ecacdc5ca437696e7d6c4d8bee222', '单体测试权限3下级-权限1', 'bt-ceshidemo111', '', 10, 'e66ecacdc5ca437696e7d6c4d8bee13c', '681cead3d0764d24b261fe3d531ad775', '2020-02-14 10:51:27.939000', null, '000040000010', 0, 0, 'code31', 0);
insert into "SYS_AUTH" ("ID","NAME","APP_ID","REMARK","SORT_INDEX","PARENT_ID","CREATE_USER","CREATE_TIME","UPDATE_TIME","SORT_PATH","IS_ORG_ADMIN","IS_USER_GROUP_ADMIN","CODE","DATA_VERSION") values ('333ecacdc5ca437696e7d6c4d8bee333', '单体测试权限3下级-权限1下级-权限1', 'bt-ceshidemo111', '', 19, '111ecacdc5ca437696e7d6c4d8bee222', '681cead3d0764d24b261fe3d531ad775', '2020-02-14 10:51:27.939000', null, '000040000010000019', 0, 0, 'code31', 0);
insert into "SYS_AUTH" ("ID","NAME","APP_ID","REMARK","SORT_INDEX","PARENT_ID","CREATE_USER","CREATE_TIME","UPDATE_TIME","SORT_PATH","IS_ORG_ADMIN","IS_USER_GROUP_ADMIN","CODE","DATA_VERSION") values ('92defb36651649f7a78e9e58e5fe850f', '单体测试权限4', 'bt-ceshidemo111', '', 50, '0', '681cead3d0764d24b261fe3d531ad775', '2020-02-14 10:51:41.217000', null, '000050', 0, 0, 'code4', 0);
insert into "SYS_AUTH" ("ID","NAME","APP_ID","REMARK","SORT_INDEX","PARENT_ID","CREATE_USER","CREATE_TIME","UPDATE_TIME","SORT_PATH","IS_ORG_ADMIN","IS_USER_GROUP_ADMIN","CODE","DATA_VERSION") values ('1944b2e3e8664c69921a6164f81aac33', '单体测试权限5', 'bt-ceshidemo111', '', 60, '0', '681cead3d0764d24b261fe3d531ad775', '2020-02-14 10:51:53.783000', null, '000060', 0, 0, 'code5', 0);


insert into "SYS_USER_ROLE" ("ID","USER_ID","ROLE_ID","CREATE_USER","CREATE_TIME","UPDATE_TIME","REMARK","DATA_VERSION","APP_ID") values ('7c1378c875064c2695d9ca8146cb4a28', 'f0998046ae844ed4b1c1dab4e490f62e', '3aca40d1a6594410bc599b6d3f2821f7', 'dbe7db841eed43fdb91a594d67b4184f', '2020-02-14 10:55:05.317000', null, null, 0, 'bt-ceshidemo111');
insert into "SYS_USER_ROLE" ("ID","USER_ID","ROLE_ID","CREATE_USER","CREATE_TIME","UPDATE_TIME","REMARK","DATA_VERSION","APP_ID") values ('494a290691fa43a2b97a895d3ab221f4', 'f0998046ae844ed4b1c1dab4e490f62e', '4aca40d1a6594410bc599b6d3f2821f8', 'dbe7db841eed43fdb91a594d67b4184f', '2020-02-14 10:55:05.317000', null, null, 0, 'bt-ceshidemo111');

insert into "SYS_USER_ROLE_LV" ("ID","USER_ID","VERSION","CREATE_USER","CREATE_TIME","IS_LATEST","APP_ID") values ('c5e6eedf827745f59f085d453208a69b', 'f0998046ae844ed4b1c1dab4e490f62e', 0, '681cead3d0764d24b261fe3d531ad775', '2020-02-14 10:55:34.411000', 1, 'bt-ceshidemo111');

insert into "SYS_USER_ROLE_V" ("ID","ROLE_ID","LV_ID","ROLE_NAME") values ('5bfba4f53650402eb9a93222e16daa38', '3aca40d1a6594410bc599b6d3f2821f7', 'c5e6eedf827745f59f085d453208a69b', '单体测试角色1');
insert into "SYS_USER_ROLE_V" ("ID","ROLE_ID","LV_ID","ROLE_NAME") values ('0e30b4d355954a40b969d24d8e462bb6', '4aca40d1a6594410bc599b6d3f2821f8', 'c5e6eedf827745f59f085d453208a69b', '单体测试角色2');

insert into "SYS_AUTH_ROLE" ("ID","AUTH_ID","ROLE_ID","SIGN","IS_REVOKE","CREATE_USER","CREATE_TIME","UPDATE_TIME","REMARK") values ('247f367dd9224faa99fa52d029fd6484', 'b7259562c1a84c5c9bb9754ad69acb37', '3aca40d1a6594410bc599b6d3f2821f7', 'MEQCIC4Lzsd1noO9ifIH89AyAXo0BX_txS9JUWkJDcKBLacCAiAJdja9CTBVhks45Sl93_ZHzyt6jWxVIfvAlyIy9hjY9g==', 0, 'dbe7db841eed43fdb91a594d67b4184f', '2020-02-14 10:54:31.908000', null, null);
insert into "SYS_AUTH_ROLE" ("ID","AUTH_ID","ROLE_ID","SIGN","IS_REVOKE","CREATE_USER","CREATE_TIME","UPDATE_TIME","REMARK") values ('9839aa78c8074a11b5fab4c245055fb3', '7eec28f2ddb64fc7a5542ea5d0e6e607', '3aca40d1a6594410bc599b6d3f2821f7', 'MEYCIQDWls0NefpwHD9k7X4FqzjeU9ql0VCKmp5cmtJiTZJZlwIhAIojWvAharwEA59WcgfPcVLQH2D3syVTTb7QoW0IT2vo', 0, 'dbe7db841eed43fdb91a594d67b4184f', '2020-02-14 10:54:31.915000', null, null);
insert into "SYS_AUTH_ROLE" ("ID","AUTH_ID","ROLE_ID","SIGN","IS_REVOKE","CREATE_USER","CREATE_TIME","UPDATE_TIME","REMARK") values ('f776a5850f3549ce86935466b4e7b049', 'dea304f572034b67a2f3f2727d470f47', '3aca40d1a6594410bc599b6d3f2821f7', 'MEUCIQDfWc9FYxcWJtt74RD_s2xrXfUGuwZ1WDLzGCcd9zS6MQIgDxzyzA4TPzxyIM2cqsPtSDi2Yz-l8Ft8IaRXf5BTKOE=', 0, 'dbe7db841eed43fdb91a594d67b4184f', '2020-02-14 10:54:31.922000', null, null);
insert into "SYS_AUTH_ROLE" ("ID","AUTH_ID","ROLE_ID","SIGN","IS_REVOKE","CREATE_USER","CREATE_TIME","UPDATE_TIME","REMARK") values ('46565adad1f547e9a4aed84e451bd206', '92defb36651649f7a78e9e58e5fe850f', '4aca40d1a6594410bc599b6d3f2821f8', 'MEUCIQDJkAEnhUyF0quyUYUd48T7AeuQAb2wTex-mHg7SaIncQIgbpnrqUNLRcHNRV2SC1G4ng18TUGrS8TZ-i8ehbRKUJk=', 0, 'dbe7db841eed43fdb91a594d67b4184f', '2020-02-14 10:54:44.699000', null, null);
insert into "SYS_AUTH_ROLE" ("ID","AUTH_ID","ROLE_ID","SIGN","IS_REVOKE","CREATE_USER","CREATE_TIME","UPDATE_TIME","REMARK") values ('7ede3ae1c4bb4315a9d99c84470ca2ec', '1944b2e3e8664c69921a6164f81aac33', '4aca40d1a6594410bc599b6d3f2821f8', 'MEYCIQDNSfriWdLSzhOfP3Ciz1FLfC10O2_KHkU_CcTblk8UzwIhAMqZeD0bOyGaXRbeGMCJ1g7bioP0FX6p8VSpJLPQ7a6r', 0, 'dbe7db841eed43fdb91a594d67b4184f', '2020-02-14 10:54:44.705000', null, null);


insert into "SYS_AUTH_ROLE_LV" ("VERSION_BEGIN_TIME","IS_LAST_VERSION","VERSION_NO","ID","VERSION_END_TIME","VERSION_BEGIN_USER_ID","VERSION_END_USER_ID","ROLE_ID","APP_ID") values ('2020-02-14 10:55:31.194000', 1, 0, 'c31fded676e34d3b864d565bbc76ffb8', null, '681cead3d0764d24b261fe3d531ad775', null, '3aca40d1a6594410bc599b6d3f2821f7', 'bt-ceshidemo111');
insert into "SYS_AUTH_ROLE_LV" ("VERSION_BEGIN_TIME","IS_LAST_VERSION","VERSION_NO","ID","VERSION_END_TIME","VERSION_BEGIN_USER_ID","VERSION_END_USER_ID","ROLE_ID","APP_ID") values ('2020-02-14 10:55:31.285000', 1, 0, '8246df0196554b42bbf839200b5efe46', null, '681cead3d0764d24b261fe3d531ad775', null, '4aca40d1a6594410bc599b6d3f2821f8', 'bt-ceshidemo111');

insert into "SYS_AUTH_ROLE_V" ("ID","AUTH_ID","ROLE_ID","SIGN","IS_REVOKE","CREATE_USER","CREATE_TIME","UPDATE_TIME","REMARK","LV_ID","AUTH_NAME") values ('128f2edcb99d416f9dfc23b94043e143', 'b7259562c1a84c5c9bb9754ad69acb37', '3aca40d1a6594410bc599b6d3f2821f7', 'MEYCIQDWls0Nefpw239k7X4FqzjeU9ql0VCKmp5cmtJiTZJZlwIhAIojWvAharwEA59WcgfPcVLQH2D3syVTTb7QoW0IT2vo', 0, 'dbe7db841eed43fdb91a594d67b4184f', '2020-02-14 10:54:31.915000', null, null, 'c31fded676e34d3b864d565bbc76ffb8', '首页');
insert into "SYS_AUTH_ROLE_V" ("ID","AUTH_ID","ROLE_ID","SIGN","IS_REVOKE","CREATE_USER","CREATE_TIME","UPDATE_TIME","REMARK","LV_ID","AUTH_NAME") values ('a78f2edcb99d416f9dfc23b94043e143', '7eec28f2ddb64fc7a5542ea5d0e6e607', '3aca40d1a6594410bc599b6d3f2821f7', 'MEYCIQDWls0NefpwHD9k7X4FqzjeU9ql0VCKmp5cmtJiTZJZlwIhAIojWvAharwEA59WcgfPcVLQH2D3syVTTb7QoW0IT2vo', 0, 'dbe7db841eed43fdb91a594d67b4184f', '2020-02-14 10:54:31.915000', null, null, 'c31fded676e34d3b864d565bbc76ffb8', '单体测试权限1');
insert into "SYS_AUTH_ROLE_V" ("ID","AUTH_ID","ROLE_ID","SIGN","IS_REVOKE","CREATE_USER","CREATE_TIME","UPDATE_TIME","REMARK","LV_ID","AUTH_NAME") values ('b225df5a4d394256a579e9ff691c7308', 'dea304f572034b67a2f3f2727d470f47', '3aca40d1a6594410bc599b6d3f2821f7', 'MEUCIQDfWc9FYxcWJtt74RD_s2xrXfUGuwZ1WDLzGCcd9zS6MQIgDxzyzA4TPzxyIM2cqsPtSDi2Yz-l8Ft8IaRXf5BTKOE=', 0, 'dbe7db841eed43fdb91a594d67b4184f', '2020-02-14 10:54:31.922000', null, null, 'c31fded676e34d3b864d565bbc76ffb8', '单体测试权限2');
insert into "SYS_AUTH_ROLE_V" ("ID","AUTH_ID","ROLE_ID","SIGN","IS_REVOKE","CREATE_USER","CREATE_TIME","UPDATE_TIME","REMARK","LV_ID","AUTH_NAME") values ('0180310646b749708ab6d5c68115e043', '92defb36651649f7a78e9e58e5fe850f', '4aca40d1a6594410bc599b6d3f2821f8', 'MEUCIQDJkAEnhUyF0quyUYUd48T7AeuQAb2wTex-mHg7SaIncQIgbpnrqUNLRcHNRV2SC1G4ng18TUGrS8TZ-i8ehbRKUJk=', 0, 'dbe7db841eed43fdb91a594d67b4184f', '2020-02-14 10:54:44.699000', null, null, '8246df0196554b42bbf839200b5efe46', '单体测试权限4');
insert into "SYS_AUTH_ROLE_V" ("ID","AUTH_ID","ROLE_ID","SIGN","IS_REVOKE","CREATE_USER","CREATE_TIME","UPDATE_TIME","REMARK","LV_ID","AUTH_NAME") values ('45369f4f1daf4932ad38d6e43ce9c35e', '1944b2e3e8664c69921a6164f81aac33', '4aca40d1a6594410bc599b6d3f2821f8', 'MEYCIQDNSfriWdLSzhOfP3Ciz1FLfC10O2_KHkU_CcTblk8UzwIhAMqZeD0bOyGaXRbeGMCJ1g7bioP0FX6p8VSpJLPQ7a6r', 0, 'dbe7db841eed43fdb91a594d67b4184f', '2020-02-14 10:54:44.705000', null, null, '8246df0196554b42bbf839200b5efe46', '单体测试权限5');


insert into "SYS_AUTH_MIX" ("ID","AUTH_ID","USER_ID","SIGN","DATA_VERSION","APP_ID") values ('75bedc8a6faf4d599d4ace08ea2ee91d', 'dea304f572034b67a2f3f2727d470f47', 'f0998046ae844ed4b1c1dab4e490f62e', 'MEUCIFygEA01LrtbrkqO8OS60OMeXZt261NWavS5MP1l1HBLAiEAmkaBXhNn7fKlyGHrjuBx85BxaOzBs5fLbhYj0r5j_g4=', 0, 'bt-ceshidemo111');
insert into "SYS_AUTH_MIX" ("ID","AUTH_ID","USER_ID","SIGN","DATA_VERSION","APP_ID") values ('9a703f430b7d489aa96d16a26e27f53a', '7eec28f2ddb64fc7a5542ea5d0e6e607', 'f0998046ae844ed4b1c1dab4e490f62e', 'MEUCIQDUYsIhO7_QTqxhwx8GwzCkI7XqdwheSrmFNeKf6mMskQIgQgvMSAoeI7n_od0FaJbSxWccWZpv9M_Fsrr-LbyzytM=', 0, 'bt-ceshidemo111');
insert into "SYS_AUTH_MIX" ("ID","AUTH_ID","USER_ID","SIGN","DATA_VERSION","APP_ID") values ('938f433007bf4266809c74826e9a9003', '1944b2e3e8664c69921a6164f81aac33', 'f0998046ae844ed4b1c1dab4e490f62e', 'MEUCIHY6c63djeQuib3eCkImtvbD7XvCOC3c2MmR5TnMfL2UAiEAiD-auFifWGDHJyvmBWFesGDhnwQ8UoR_PMnCvUEYdqY=', 0, 'bt-ceshidemo111');
insert into "SYS_AUTH_MIX" ("ID","AUTH_ID","USER_ID","SIGN","DATA_VERSION","APP_ID") values ('79553736c720458796eb778acf457e1c', 'b7259562c1a84c5c9bb9754ad69acb37', 'f0998046ae844ed4b1c1dab4e490f62e', 'MEUCIQCB-qon40ANxux9Wlp1qzrc7rN-voeyGiI8iMYO4C6C2gIgUDDuhVRFaD4IQwRnL0gzwFkSK6jSdyfF_YmBFX01GgM=', 0, 'bt-ceshidemo111');
insert into "SYS_AUTH_MIX" ("ID","AUTH_ID","USER_ID","SIGN","DATA_VERSION","APP_ID") values ('d1a7da1e51c64d60aab98194b4854dea', '92defb36651649f7a78e9e58e5fe850f', 'f0998046ae844ed4b1c1dab4e490f62e', 'MEYCIQCo4ua5OpiFxhK_fDDQROQGfugFdJg_K6cJvOKXTHOfgQIhAOSfXVyUdTKcoG_qkfhGvj2CW16-1AmvYn6jPn90zUfs', 0, 'bt-ceshidemo111');

insert into "SYS_AUTH_USER" ("ID","AUTH_ID","USER_ID","SIGN","IS_REVOKE","CREATE_USER","CREATE_TIME","DATA_VERSION","APP_ID") values ('cdd99417209942fa85c083523899fe13', '7eec28f2ddb64fc7a5542ea5d0e6e607', 'dca07269fe1c4fecb667c442c3ace476', 'MEUCIQC8k_ENWQGP022QhsqbU1UDMOrxQ-66X2z4tch7NHlpAQIgMMoVcLOd-GgSgaceXRKP6DCOR1BxkalnBCrse0a4YuU=', 0, 'dbe7db841eed43fdb91a594d67b4184f', '2020-02-14 11:13:10.695000', null, 'bt-ceshidemo111');
insert into "SYS_AUTH_USER" ("ID","AUTH_ID","USER_ID","SIGN","IS_REVOKE","CREATE_USER","CREATE_TIME","DATA_VERSION","APP_ID") values ('38365f3a0dc247c3b7cae7e46e08efe4', 'dea304f572034b67a2f3f2727d470f47', 'dca07269fe1c4fecb667c442c3ace476', 'MEUCIEXJ_2L4OwZmGsO73lFcNEM0zkTV1CYThNt1rPciTl-1AiEAwF_BJ2W72Q_y1dulD36AcXBRQCfKxvepFv8N8jkvCoM=', 0, 'dbe7db841eed43fdb91a594d67b4184f', '2020-02-14 11:13:10.710000', null, 'bt-ceshidemo111');
insert into "SYS_AUTH_USER" ("ID","AUTH_ID","USER_ID","SIGN","IS_REVOKE","CREATE_USER","CREATE_TIME","DATA_VERSION","APP_ID") values ('hjk65f3a0dc247c3b7cae7e46yhjilr4', 'myn59562c1a84c5c9bb9754ad69acb37', 'dca07269fe1c4fecb667c442c3ace476', '', 0, 'dbe7db841eed43fdb91a594d67b4184f', '2020-02-14 11:13:10.710000', null, 'bt-ceshidemo222');


insert into "SYS_AUTH_USER_LV" ("ID","VERSION_NO","IS_LAST_VERSION","VERSION_BEGIN_TIME","VERSION_END_TIME","VERSION_BEGIN_USER_ID","VERSION_END_USER_ID","USER_ID","APP_ID") values ('54d5df6236c14bbca2b424564f74902b', 0, 1, '2020-02-14 11:13:51.158000', null, '681cead3d0764d24b261fe3d531ad775', null, 'dca07269fe1c4fecb667c442c3ace476', 'bt-ceshidemo111');
insert into "SYS_AUTH_USER_LV" ("ID","VERSION_NO","IS_LAST_VERSION","VERSION_BEGIN_TIME","VERSION_END_TIME","VERSION_BEGIN_USER_ID","VERSION_END_USER_ID","USER_ID","APP_ID") values ('wef5df6236c14bbca2b424564f74902b', 0, 1, '2020-02-14 11:13:51.158000', null, '681cead3d0764d24b261fe3d531ad775', null, 'dca07269fe1c4fecb667c442c3ace476', 'bt-ceshidemo222');

insert into "SYS_AUTH_USER_V" ("ID","AUTH_ID","USER_ID","SIGN","IS_REVOKE","CREATE_TIME","CREATE_USER","LV_ID","APP_ID","AUTH_NAME") values ('63b436df13274b9fa9edfe049bceadeb', '7eec28f2ddb64fc7a5542ea5d0e6e607', 'dca07269fe1c4fecb667c442c3ace476', 'MEUCIQC8k_ENWQGP022QhsqbU1UDMOrxQ-66X2z4tch7NHlpAQIgMMoVcLOd-GgSgaceXRKP6DCOR1BxkalnBCrse0a4YuU=', 0, '2020-02-14 11:13:10.695000', 'dbe7db841eed43fdb91a594d67b4184f', '54d5df6236c14bbca2b424564f74902b', 'bt-ceshidemo111', '单体测试权限1');
insert into "SYS_AUTH_USER_V" ("ID","AUTH_ID","USER_ID","SIGN","IS_REVOKE","CREATE_TIME","CREATE_USER","LV_ID","APP_ID","AUTH_NAME") values ('987575b4846241feac54ab38d663e981', 'dea304f572034b67a2f3f2727d470f47', 'dca07269fe1c4fecb667c442c3ace476', 'MEUCIEXJ_2L4OwZmGsO73lFcNEM0zkTV1CYThNt1rPciTl-1AiEAwF_BJ2W72Q_y1dulD36AcXBRQCfKxvepFv8N8jkvCoM=', 0, '2020-02-14 11:13:10.710000', 'dbe7db841eed43fdb91a594d67b4184f', '54d5df6236c14bbca2b424564f74902b', 'bt-ceshidemo111', '单体测试权限2');
insert into "SYS_AUTH_USER_V" ("ID","AUTH_ID","USER_ID","SIGN","IS_REVOKE","CREATE_TIME","CREATE_USER","LV_ID","APP_ID","AUTH_NAME") values ('efg436df13274b9fa9edfe049bceadeb', 'myn59562c1a84c5c9bb9754ad69acb37', 'dca07269fe1c4fecb667c442c3ace476', '', 0, '2020-02-14 11:13:10.695000', 'dbe7db841eed43fdb91a594d67b4184f', 'wef5df6236c14bbca2b424564f74902b', 'bt-ceshidemo222', '首页(应用2)）');


insert into "SYS_AUTH_MIX" ("ID","AUTH_ID","USER_ID","SIGN","DATA_VERSION","APP_ID") values ('b4e4e27fa5564b0392a53e9e7463b6e2', 'dea304f572034b67a2f3f2727d470f47', 'dca07269fe1c4fecb667c442c3ace476', 'MEQCIGJD4zXNsmv0EqrTFgFFCjQT4NbozqiFmp34ITlNN5xiAiArH9wnCaWKayOOOmBl5AUhfEgqWq-0s5hCr-poX1o2Bg==', 0, 'bt-ceshidemo111');
insert into "SYS_AUTH_MIX" ("ID","AUTH_ID","USER_ID","SIGN","DATA_VERSION","APP_ID") values ('d21553d43d8f45418dcbc8d3481b1988', '7eec28f2ddb64fc7a5542ea5d0e6e607', 'dca07269fe1c4fecb667c442c3ace476', 'MEUCIQCb6wE9xQzz3E7deBaNiXragCHoL4qu-dB6rZ-I9t_VMQIganomd0v0_tSIDScrUlK5ONKTDLZNwu_mosIGJqmwUFw=', 0, 'bt-ceshidemo111');
insert into "SYS_AUTH_MIX" ("ID","AUTH_ID","USER_ID","SIGN","DATA_VERSION","APP_ID") values ('nmk4e27fa5564b0392a53e9e7463b6e2', 'myn59562c1a84c5c9bb9754ad69acb37', 'dca07269fe1c4fecb667c442c3ace476', '', 0, 'bt-ceshidemo222');


insert into "SYS_API_RESOURCE" ("ID","NAME","APP_ID","DATA_VERSION","API_URL","API_METHOD") values ('TestController.test1', '单体测试Api1', 'bt-ceshidemo111', 0, '/sysUserGroups/users', 'POST');
insert into "SYS_API_RESOURCE" ("ID","NAME","APP_ID","DATA_VERSION","API_URL","API_METHOD") values ('TestController.test2', '单体测试Api2', 'bt-ceshidemo111', 0, '/sysUserGroups/users/{groupId}', 'GET');
insert into "SYS_API_RESOURCE" ("ID","NAME","APP_ID","DATA_VERSION","API_URL","API_METHOD") values ('TestController.test3', '单体测试Api3', 'bt-ceshidemo111', 0, '/sysUserGroups/query/groupApps/UserGroups', 'POST');

insert into "SYS_AUTH_API" ("ID","AUTH_ID","API_ID","SIGN","DATA_VERSION") values ('111a8e5d1b14f03afd27802ff4b615f', 'e66ecacdc5ca437696e7d6c4d8bee13c', 'TestController.test1', null, null);
insert into "SYS_AUTH_API" ("ID","AUTH_ID","API_ID","SIGN","DATA_VERSION") values ('211a8e5d1b14f03afd27802ff4b6151', 'e66ecacdc5ca437696e7d6c4d8bee13c', 'TestController.test2', null, null);
insert into "SYS_AUTH_API" ("ID","AUTH_ID","API_ID","SIGN","DATA_VERSION") values ('311a8e5d1b14f03afd27802ff4b6152', 'e66ecacdc5ca437696e7d6c4d8bee13c', 'TestController.test3', null, null);

insert into "SYS_USER_GROUP" ("ID","PARENT_ID","GROUP_ID","ORGANIZATION_ID","NAME","CODE","CREATE_TIME","CREATE_USER","UPDATE_TIME","INNER_CODE","APP_ID","REMARK","SORT_INDEX","SORT_PATH","DATA_VERSION") values ('323423', '0', '9e92cb17c7bf4af9b6072520d42ea103', 'b96daa08d59c467a9bd6cca17e46f53f', '测试顶级用户组1', '323423', null, null, null, null, 'bt-ceshidemo111', null, 10, '000010', 0);
insert into "SYS_USER_GROUP" ("ID","PARENT_ID","GROUP_ID","ORGANIZATION_ID","NAME","CODE","CREATE_TIME","CREATE_USER","UPDATE_TIME","INNER_CODE","APP_ID","REMARK","SORT_INDEX","SORT_PATH","DATA_VERSION") values ('3454', '323423', '9e92cb17c7bf4af9b6072520d42ea103', 'b96daa08d59c467a9bd6cca17e46f53f', '测试一级用户组1', '3454', null, null, null, null, 'bt-ceshidemo111', null, 20, '000010000020', 0);
insert into "SYS_USER_GROUP" ("ID","PARENT_ID","GROUP_ID","ORGANIZATION_ID","NAME","CODE","CREATE_TIME","CREATE_USER","UPDATE_TIME","INNER_CODE","APP_ID","REMARK","SORT_INDEX","SORT_PATH","DATA_VERSION") values ('4567', '3454', '9e92cb17c7bf4af9b6072520d42ea103', 'b96daa08d59c467a9bd6cca17e46f53f', '测试二级用户组1', '4567', null, null, null, null, 'bt-ceshidemo111', null, 40, '000010000020000040', 0);
insert into "SYS_USER_GROUP" ("ID","PARENT_ID","GROUP_ID","ORGANIZATION_ID","NAME","CODE","CREATE_TIME","CREATE_USER","UPDATE_TIME","INNER_CODE","APP_ID","REMARK","SORT_INDEX","SORT_PATH","DATA_VERSION") values ('567567', '4567', '9e92cb17c7bf4af9b6072520d42ea103', 'b96daa08d59c467a9bd6cca17e46f53f', '测试三级用户组1', '567567', null, null, null, null, 'bt-ceshidemo111', null, 60, '000010000020000040000060', 0);
insert into "SYS_USER_GROUP" ("ID","PARENT_ID","GROUP_ID","ORGANIZATION_ID","NAME","CODE","CREATE_TIME","CREATE_USER","UPDATE_TIME","INNER_CODE","APP_ID","REMARK","SORT_INDEX","SORT_PATH","DATA_VERSION") values ('456456', '323423', '9e92cb17c7bf4af9b6072520d42ea103', 'b96daa08d59c467a9bd6cca17e46f53f', '测试一级用户组2', '456456', null, null, null, null, 'bt-ceshidemo111', null, 39, '000010000039', 0);


insert into "SYS_MENU" ("ID","NAME","PARENT_ID","APP_ID","PARENT_NAME","URL","TYPE","ICON","AUTH_ID","BTN_AUTH","IS_LEAF","SORT_INDEX","ALL_ORDER","SORT_PATH","OPEN_STYLE","CLOSE_NOTICE","CREATE_USER","CREATE_TIME","UPDATE_TIME","LEAF","MENU_AUTH","REMARK","DATA_VERSION","IS_IFRAME") values ('b1d57ca7f29c49268b4a097cd4714288', '单体测试顶级菜单1', '0', 'bt-ceshidemo111', '一级菜单', '', 0, '', '', null, null, 696, null, '000696', null, null, '4f8566cd702340579a8395b79827e75c', '2020-02-24 08:44:03.406000', '2020-02-24 08:44:03.406000', null, null, '', 0, 0);
insert into "SYS_MENU" ("ID","NAME","PARENT_ID","APP_ID","PARENT_NAME","URL","TYPE","ICON","AUTH_ID","BTN_AUTH","IS_LEAF","SORT_INDEX","ALL_ORDER","SORT_PATH","OPEN_STYLE","CLOSE_NOTICE","CREATE_USER","CREATE_TIME","UPDATE_TIME","LEAF","MENU_AUTH","REMARK","DATA_VERSION","IS_IFRAME") values ('6b4ba2a597b54926bd0fa39c464dca30', '单体测试一级菜单1', 'b1d57ca7f29c49268b4a097cd4714288', 'bt-ceshidemo111', '单体测试顶级菜单1', '', 0, '', '', null, null, 10, null, '000696000010', null, null, '4f8566cd702340579a8395b79827e75c', '2020-02-24 08:44:23.489000', '2020-02-24 08:44:23.489000', null, null, '', 0, 0);
insert into "SYS_MENU" ("ID","NAME","PARENT_ID","APP_ID","PARENT_NAME","URL","TYPE","ICON","AUTH_ID","BTN_AUTH","IS_LEAF","SORT_INDEX","ALL_ORDER","SORT_PATH","OPEN_STYLE","CLOSE_NOTICE","CREATE_USER","CREATE_TIME","UPDATE_TIME","LEAF","MENU_AUTH","REMARK","DATA_VERSION","IS_IFRAME") values ('d5e18244f3a6463c81c6d8079ce9e031', '单体测试一级菜单2', 'b1d57ca7f29c49268b4a097cd4714288', 'bt-ceshidemo111', '单体测试顶级菜单1', '', 0, '', '', null, null, 20, null, '000696000020', null, null, '4f8566cd702340579a8395b79827e75c', '2020-02-24 08:44:44.621000', '2020-02-24 08:44:44.621000', null, null, '', 0, 0);
insert into "SYS_MENU" ("ID","NAME","PARENT_ID","APP_ID","PARENT_NAME","URL","TYPE","ICON","AUTH_ID","BTN_AUTH","IS_LEAF","SORT_INDEX","ALL_ORDER","SORT_PATH","OPEN_STYLE","CLOSE_NOTICE","CREATE_USER","CREATE_TIME","UPDATE_TIME","LEAF","MENU_AUTH","REMARK","DATA_VERSION","IS_IFRAME") values ('7696ce52ff82454ca307267d4291233f', '单体测试二级菜单1', '6b4ba2a597b54926bd0fa39c464dca30', 'bt-ceshidemo111', '单体测试一级菜单1', '', 0, '', '', null, null, 10, null, '000696000010000010', null, null, '4f8566cd702340579a8395b79827e75c', '2020-02-24 08:46:43.680000', '2020-02-24 08:46:43.680000', null, null, '', 0, 0);
insert into "SYS_MENU" ("ID","NAME","PARENT_ID","APP_ID","PARENT_NAME","URL","TYPE","ICON","AUTH_ID","BTN_AUTH","IS_LEAF","SORT_INDEX","ALL_ORDER","SORT_PATH","OPEN_STYLE","CLOSE_NOTICE","CREATE_USER","CREATE_TIME","UPDATE_TIME","LEAF","MENU_AUTH","REMARK","DATA_VERSION","IS_IFRAME") values ('f1b6e0c95778480f9c8d1df50eaffc14', '单体测试三级菜单1', '7696ce52ff82454ca307267d4291233f', 'bt-ceshidemo111', '单体测试二级菜单1', '/ceshi/sanji/menu1', 1, '', '', null, null, 10, null, '000696000010000010000010', null, null, '4f8566cd702340579a8395b79827e75c', '2020-02-24 08:47:15.128000', '2020-02-24 08:47:15.128000', null, null, '', 0, 0);

insert into "SYS_APP_MENU_DISPLAY" ("ID","APP_ID","USER_ID","MENU_ICON","MENU_URL","MENU_NAME","MENU_SORT_INDEX") values ('112', 'bt-ceshidemo111', '681cead3d0764d24b261fe3d531ad775', null, '/GltxEdit', '管理体系维护', 40);

insert into "SYS_MESSAGE" ("ID","TITLE","CONTENT","URL","APP_ID","TYPE","CREATE_TIME","CREATE_USER","REMARK","RECEIVE_USERS","DATA_VERSION","BUSINESS_TYPE","HANDLER_MSG_TYPE") values ('cdrcadfd4eb0452d9259e85f665fa187', 'title1', 'content', 'xxxx', 'bt-ceshidemo111', 'msgSocket', '2020-01-20 09:41:32.037000', null, null, '<长文本>', 0, '通知消息', null);
insert into "SYS_MESSAGE" ("ID","TITLE","CONTENT","URL","APP_ID","TYPE","CREATE_TIME","CREATE_USER","REMARK","RECEIVE_USERS","DATA_VERSION","BUSINESS_TYPE","HANDLER_MSG_TYPE") values ('nygfba0b29be42469f01bcbb2f869e7f', 'title2', 'content', 'xxxx', 'bt-ceshidemo111', 'msgSocket', '2020-01-20 09:41:32.932000', null, null, '<长文本>', 0, '通知消息', null);


insert into "SYS_MSG_UNREAD" ("ID","USER_ID","MSG_ID") values ('cdrfe945d8d44f69b5f7e9b03d14726d', '681cead3d0764d24b261fe3d531ad775', 'cdrcadfd4eb0452d9259e85f665fa187');
insert into "SYS_MSG_UNREAD" ("ID","USER_ID","MSG_ID") values ('cwdde945d8d44f69b5f7e9b03d14726d', '681cead3d0764d24b261fe3d531ad775', 'nygfba0b29be42469f01bcbb2f869e7f');


insert into "SYS_JOB_CALENDAR" ("ID","STATE","ORGANIZATION_ID","YEAR","MONTH","DAY") values ('1e35032a14954f88b2d17732w7de7394', 1, 'b96daa08d59c467a9bd6cca17e46f53f', '2019', '10', '12');
insert into "SYS_JOB_CALENDAR" ("ID","STATE","ORGANIZATION_ID","YEAR","MONTH","DAY") values ('2e8e67371882464d94891a16f861969f', 1, 'b96daa08d59c467a9bd6cca17e46f53f', '2020', '01', '18');
insert into "SYS_JOB_CALENDAR" ("ID","STATE","ORGANIZATION_ID","YEAR","MONTH","DAY") values ('3ed7ef0652644f13a9dsdce41093cd24', 0, 'b96daa08d59c467a9bd6cca17e46f53f', '2020', '12', '28');
insert into "SYS_JOB_CALENDAR" ("ID","STATE","ORGANIZATION_ID","YEAR","MONTH","DAY") values ('4f02f8f3d0734e62bf633d73e7b6e9df', 0, 'b96daa08d59c467a9bd6cca17e46f53f', '2019', '05', '11');
insert into "SYS_JOB_CALENDAR" ("ID","STATE","ORGANIZATION_ID","YEAR","MONTH","DAY") values ('5f85f34bca1846bd8d88b0123be897ed', 0, 'b96daa08d59c467a9bd6cca17e46f53f', '2020', '10', '09');
insert into "SYS_JOB_CALENDAR" ("ID","STATE","ORGANIZATION_ID","YEAR","MONTH","DAY") values ('6fce605dc0b54aa793f3043bed2cdc01', 0, 'b96daa08d59c467a9bd6cca17e46f53f', '2019', '02', '12');
insert into "SYS_JOB_CALENDAR" ("ID","STATE","ORGANIZATION_ID","YEAR","MONTH","DAY") values ('7fe5679825f2462b86bb2465a9876b03', 1, 'b96daa08d59c467a9bd6cca17e46f53f', '2019', '11', '02');

insert into "SYS_CONFIG" ("NAME","VALUE","REMARK","CREATE_TIME","UPDATE_TIME","SORT_INDEX","ID","CREATE_USER","APP_ID","GROUP_ID","DATA_VERSION","SCOPE","TYPE","LONG_VALUE","UPDATE_TYPE") values ('dantitestDoubleT115', '222.1', '', '2019-12-26 18:48:00.390730', '2019-12-26 18:48:00.390731', null, '42w0cb06f285450da23e128d3286cf8f', null, 'bt-ceshidemo111', '9e92cb17c7bf4af9b6072520d42ea103', 0, 3, 'Double', null, 0);
insert into "SYS_CONFIG" ("NAME","VALUE","REMARK","CREATE_TIME","UPDATE_TIME","SORT_INDEX","ID","CREATE_USER","APP_ID","GROUP_ID","DATA_VERSION","SCOPE","TYPE","LONG_VALUE","UPDATE_TYPE") values ('dantitestDoubleT1216', '232.1', '', '2019-12-26 18:52:24.863272', '2019-12-26 18:52:24.863274', 2132, 'fc01ce44d96c4ef1b9fd34a573346f42', null, 'bt-ceshidemo111', '9e92cb17c7bf4af9b6072520d42ea103', 0, 3, 'Double', null, 0);
insert into "SYS_CONFIG" ("NAME","VALUE","REMARK","CREATE_TIME","UPDATE_TIME","SORT_INDEX","ID","CREATE_USER","APP_ID","GROUP_ID","DATA_VERSION","SCOPE","TYPE","LONG_VALUE","UPDATE_TYPE") values ('dantitestDoubleT1217', '242.1', '', '2019-12-26 18:53:15.008362', '2019-12-26 18:53:15.008364', 112, 'abn1c34fa1414146b430306f15dc9aa5', null, null, '9e92cb17c7bf4af9b6072520d42ea103', 0, 2, 'Double', null, 0);
insert into "SYS_CONFIG" ("NAME","VALUE","REMARK","CREATE_TIME","UPDATE_TIME","SORT_INDEX","ID","CREATE_USER","APP_ID","GROUP_ID","DATA_VERSION","SCOPE","TYPE","LONG_VALUE","UPDATE_TYPE") values ('dantitestDoubleT1218', '252.1', '', '2019-12-26 18:53:15.009043', '2019-12-26 18:53:15.009044', 52, '1crf2f27bc734774bf966b5fd0abeb2c', null, null, null, 0, 1, 'Double', null, 0);

insert into "REPORT_TYPE" ("ID","NAME","APP_ID","SORT","DATA_VERSION","TYPE","PARENT_ID") values ('19d374a13bbb49139eceb918b7cddf48', '报表1', 'bt-ceshidemo111', 1, 0, 1, '-1');
insert into "REPORT_TYPE" ("ID","NAME","APP_ID","SORT","DATA_VERSION","TYPE","PARENT_ID") values ('285f39422c1d4789b2882da82e93f1e2', '仪表盘1', 'bt-ceshidemo111', 4, 0, 2, '-1');

insert into "REPORT_INFO" ("ID","APP_ID","TYPE_ID","NAME","AUTH","IS_PUBLIC","REFRESH_TYPE","SHOW_ITEM","MRT_STR","DATA_VERSION","IS_AUTO_FLIP","REMARKS") values ('19dbccf807844383b05cb6056090b414', 'bt-ceshidemo111', '19d374a13bbb49139eceb918b7cddf48', '单体测试报表1', '', 0, 0, '', '<长文本>', 0, 0, '');
insert into "REPORT_INFO" ("ID","APP_ID","TYPE_ID","NAME","AUTH","IS_PUBLIC","REFRESH_TYPE","SHOW_ITEM","MRT_STR","DATA_VERSION","IS_AUTO_FLIP","REMARKS") values ('2a2715a488664a9a96b7649a7c16c374', 'bt-ceshidemo111', '19d374a13bbb49139eceb918b7cddf48', '单体测试报表2', '', 0, 0, '', '<长文本>', 0, 0, '测试报表2');
insert into "REPORT_INFO" ("ID","APP_ID","TYPE_ID","NAME","AUTH","IS_PUBLIC","REFRESH_TYPE","SHOW_ITEM","MRT_STR","DATA_VERSION","IS_AUTO_FLIP","REMARKS") values ('33cf873dd7204afe952545cac6d07e77', 'bt-ceshidemo111', '285f39422c1d4789b2882da82e93f1e2', '单体测试仪表盘1', '', 0, 0, '', '<长文本>', 0, 0, 'asdsadssa');

